"No.","Date","Genre","Bibl","Hit"
"1","1966-11-11","Zeitung","Die Zeit, 11.11.1966","In den anderen Ländern des Gemeinsamen Marktes liegen 60 bis 90 Prozent der Stahlproduktion jeweils bei nur einem Unternehmen."
"2","1953-07-02","Zeitung","Die Zeit, 02.07.1953","Gerade in diesen ersten Nachkriegsjahren aber - von 1945 bis 1948 - lernte der schwedische Käufer und Verbraucher, bisweilen zu seiner Überraschung, daß die anderen Länder entweder an Qualität oder im Preis nicht das gleiche liefern konnten, was man aus Deutschland gewohnt war."
"3","1956-07-19","Zeitung","Die Zeit, 19.07.1956","Bei einem Empfang der heimischen Olympioniken gab der Ministerpräsident bekannt, daß sein Land im laufenden Geschäftsjahr fast zwei Millionen Mark zur Förderung der Vollblutzucht, Traberzucht und der ländlichen Reiterei zur Verfügung stellen wird."
"4","1967-09-29","Zeitung","Die Zeit, 29.09.1967","""Deutschland - Das Land in dem wir leben"", Porträt in Wort und Bild; Bertelsmann Verlag, Gütersloh; 544 S., 45,- DM."
"5","1954-06-03","Zeitung","Die Zeit, 03.06.1954","Auch wenn wir heute nicht mehr wie vor wenigen Jahren noch als Habenichtse ins Ausland gehen, sondern als Devisenbringer und Vertreter eines Landes, das die Gleichberechtigung mit allen anderen Völkern anstrebt."
"6","1958-01-30","Zeitung","Die Zeit, 30.01.1958","Da es als erwiesen galt, daß in den unterentwickelten Ländern Europas und Nordamerikas während der letzten 150 Jahre eine direkte Korrelation zwischen Wohlstand und wachsender Industrialisierung bestand, glaubte man in den Entwicklungsländern, daß die Industrialisierung als Allheilmittel für wirtschaftliche Entwicklungspläne dienen könnte."
"7","1961-01-27","Zeitung","Die Zeit, 27.01.1961","Schon die Tatsache allein, daß die Maßstäbe von Land zu Land wechseln, daß zum Beispiel der eigentlich als sittlich streng bekannte Bayerische Rundfunk (der in der Lysistrata-Sache, eine einsame Säule, nicht gewankt hatte) nichts gegen Enzensberger oder Klebe einzuwenden wußte, zeigt die ganze Absurdität."
"8","1969-09-26","Zeitung","Die Zeit, 26.09.1969","Aber das Land ist unverwüstlich, und Natur kann auch ins Auto hinein inspirieren."
"9","1959-07-03","Zeitung","Die Zeit, 03.07.1959","Das körperhaft Nervöse, dabei formal Ausgewogene, Abgerundete und im besten Sinne Vollständige der neu-asiatischen Kunst könnte vermuten lassen, daß in jenen Ländern überhaupt nur Meisterwerke entstünden."
"10","1956-07-05","Zeitung","Die Zeit, 05.07.1956","Hier hängt nicht ein städtischer Perfektionswettbetrieb in der Luft und darunter ist leerer Raum, ein gähnendes Nichts; sondern ""das Land"" und die Hauptstadt verhalten sich auch in bezug auf das Kunstleben zueinander wie der Baum zur Blüte."
"11","1956-09-20","Zeitung","Die Zeit, 20.09.1956","Daß es aber im souveränen Ermessen eines Landes oder einer Regierung liegen soll, einen Krieg - unter Umständen einen Atomkrieg - zu entfesseln, wenn sie ihre Ziele auf andere Weise nicht erreichen kann, davon will die heutige Weltmeinung ganz einfach nichts wissen."
"12","1958-04-24","Zeitung","Die Zeit, 24.04.1958","Pakistan ist ein großes Land von 80 Millionen Einwohnern; es ist mit der deutschen Bundesrepublik (seinem drittgrößten Handelspartner) und den Deutschen gut befreundet; ich habe in dem Lande viel Freundlichkeit und Unterstützung erfahren."
"13","1959-05-01","Zeitung","Die Zeit, 01.05.1959","Die regierende marokkanische Istiqulal-Partei hat den Ministerpräsidenten des Landes, Abdallah Ibrahim, mit der Begründung ausgeschlossen, er habe bei der Bekämpfung von Banditenüberfällen versagt."
"14","1953-10-08","Zeitung","Die Zeit, 08.10.1953","Japan war am Anfang des 19. Jahrhunderts das erste Land, das sich in sehr kurzer Zeit die europäische Technik in mustergültiger Weise aneignete."
"15","1958-09-25","Zeitung","Die Zeit, 25.09.1958","In der Sowjetunion ist die Überzeugung weit verbreitet, daß der kürzeste Weg zur Festigung des Friedens in Europa über die Zusammenarbeit und Freundschaft zwischen den Völkern unseres Landes und dem ganzen deutschen Volk führt."
"16","1958-09-25","Zeitung","Die Zeit, 25.09.1958","Wir haben einige Erfahrungen in Hinsicht auf den Austausch von Journalisten-Gruppen mit anderen Ländern."
"17","1957-09-19","Zeitung","Die Zeit, 19.09.1957","Verhandlungen mit dem Land Baden-Württemberg führten aber zu keinem Erfolg."
"18","1968-01-19","Zeitung","Die Zeit, 19.01.1968","Auf die Abwertung des Pfundes - ein notwendiger Schritt, aber ebenfalls eine massive Begünstigung des britischen Exports - antworteten bereits fünfzehn Länder mit der gleichen Maßnahme."
"19","1963-01-04","Zeitung","Die Zeit, 04.01.1963","Das alte kommunistische Prinzip: Nichts importieren, das man auch im eigenen Land fördern oder erzeugen kann, gleichgültig um welchen Preis, wird nun auf den ganzen Comecon-Raum ausgeweitet."
"20","1953-11-26","Zeitung","Die Zeit, 26.11.1953","Der Botschafter habe wiederholt unterstrichen, die sowjetischen Angebote erfolgten unter der Bedingung, daß beide Länder die Politik fortsetzten, die im Freundschafts- und Beistandspakt vom Jahre 1948 niedergelegt sei."
"21","1959-08-21","Zeitung","Die Zeit, 21.08.1959","Viele Länder werden so ermuntert, ihre Zahlungsbilanzen nicht in Ordnung zu bringen, um auf diese Weise der Liberalisierung auszuweichen."
"22","1952-04-03","Zeitung","Die Zeit, 03.04.1952","Nach Wochen des Aufenthaltes in Ägypten findet man am meisten die erste Beobachtung am Tage der Ankunft bestätigt: den Gegensatz zwischen Hauptstadt und Land."
"23","1948-09-09","Zeitung","Die Zeit, 09.09.1948","Hat es einen und liegt es im europäischen Interesse, wenn Deutschland aus seiner Substanz jeweils zehn Millionen Mark aufbringen muß, damit ein anderes europäisches Land vielleicht eine Million Mark erhalten kann, während die Differenz von neun Millionen Mark nicht nur für Deutschland, sondern auch für Europa verlorengeht?"
"24","1968-11-22","Zeitung","Die Zeit, 22.11.1968","Millionen potentieller Subversanten bedrohen unser Land - und Du siehst sie nicht!"
"25","1969-01-03","Zeitung","Die Zeit, 03.01.1969","Die zweite Möglichkeit ist die, sich ein bereits erschlossenes Grundstück in einer der überall im Lande entstehenden neuen Siedlungen zu kaufen."
"26","1964-05-15","Zeitung","Die Zeit, 15.05.1964","Seitdem hatte sich der Soldat - er ist jetzt Regierungsinspektor bei der Bundesverwaltung - darum bemüht, vom Land Baden-Württemberg Entschädigung und Schadenersatz zu erhalten."
"27","1961-01-13","Zeitung","Die Zeit, 13.01.1961","Es war vielmehr zu allen Zeiten und in allen Ländern so, daß gutes Bauland immer guten Verdienst gebracht hat."
"28","1958-01-09","Zeitung","Die Zeit, 09.01.1958","Während der letzten Wochen des alten Jahres erregte sich die öffentliche Meinung in Israel an einem Vorfall, durch den ein Kardinalproblem dieses jungen Landes aufs neue in das Rampenlicht gerückt wurde."
"29","1959-10-23","Zeitung","Die Zeit, 23.10.1959","Da aber in der Bundesrepublik die Arbeitszeit stärker herabgesetzt wurde als in den anderen Ländern, war ihr Produktivitätszuwachs je Beschäftigten mit + 22 v. H. auch niedriger als in Österreich (+ 31 v. H.) und Finnland (+ 27 v. H.)."
"30","1964-06-12","Zeitung","Die Zeit, 12.06.1964","Während Moskau sich bei der UN-Welthandelskonferenz in Genf noch nach Kräften bemüht, die unterentwickelten Länder gegen die westlichen Industriestaaten aufzustacheln, laufen seine Verbündeten bereits zu jenem GATT über, das als ""Klub der Reichen"" Hauptziel der propagandistischen Angriffe der jungen Staaten ist."
"31","1950-01-19","Zeitung","Die Zeit, 19.01.1950","Hierzu investiert man auf Kosten der abgewerteten Währungen (sie sind schon wieder nicht ""echt""), auf Kosten der Freizügigkeit von Arbeit und Kapital, auf Kosten der Länder, die in der Liberalisierung schon weiter fortgeschritten sind, auf Kosten Amerikas."
"32","1962-08-10","Zeitung","Die Zeit, 10.08.1962","Am interessantesten und aufschlußreichsten war in Helsinki das selbstbewußte Auftreten vieler Jugendlicher aus den neutralen Ländern."
"33","1948-05-27","Zeitung","Die Zeit, 27.05.1948","Führende ehemalige deutsche Fachleute haben in diesen Ländern und oft mit bestem Erfolg neue Produktionslinien erschlossen, die nunmehr die Wettbewerbsfähigkeit der neuen deutschen Ausfuhr beeinträchtigen."
"34","1969-12-12","Zeitung","Die Zeit, 12.12.1969","Ein Zuwachs der Löhne und Gehälter im öffentlichen Dienst bei Bund und Ländern um zehn Prozent bringt für das kommende Jahr eine um 6,8 Milliarden Mark vermehrte Kaufkraft - allein für die Beschäftigten des öffentlichen Dienstes; und das sind nur gut 10 Prozent aller Arbeitnehmer."
"35","1947-08-28","Zeitung","Die Zeit, 28.08.1947","Die sowjetische Kriegserklärung an Bulgarien erfolgte am. selben Tage, da die Besetzung des Landes begann."
"36","1952-09-04","Zeitung","Die Zeit, 04.09.1952","3. Es ist eine - vom wirtschaftlichen Standpunkt sehr zu begrüßende - Verminderung der Leerläufe zwischen beiden Ländern festzustellen. -"
"37","1947-07-24","Zeitung","Die Zeit, 24.07.1947","Die Angriffe werden geleitet von der offiziellen sowjetischen Nachrichtenagentur TASS und im gleichen Sinn nach offenbar einheitlichen Richtlinien fortgeführt von den kommunistischen Zeitungen aller europäischen Staaten, Das Ziel ist, Mißtrauen zu Säen bei den Regierungen und Parteien derjenigen Länder, die sich auf Grund der Marshall-Aufforderung zusammengefunden haben, um einen gemeinsamen Plan für den Wiederaufbau Europas zu entwerfen, Die Hauptthese lautet:"
"38","1961-02-10","Zeitung","Die Zeit, 10.02.1961","In den zuletzt rot gewordenen Ländern, in China und auf Kuba, tragen die Frauen Waffen und gehen in Männerkleidern."
"39","1963-12-27","Zeitung","Die Zeit, 27.12.1963","Weder der Erwerb solcher Papiere an den deutschen Börsen, soweit sie hier notiert werden, noch der Direktkauf in den betreffenden Ländern hat eine nennenswerte Rolle gespielt."
"40","1959-12-25","Zeitung","Die Zeit, 25.12.1959","Zunächst erklärte sich die Skepsis aus der Furcht, der ausschließlich handelspolitische Zusammenschluß von sieben Ländern könnte, auf ganz Europa übertragen, die schwachen (aber an sich vorhandenen) Ansätze einer politischen Integration der EWG abtöten, wenn deren Gemeinsamer Markt in einen reinen Wirtschaftsklub aufgelöst werden würde."
"41","1952-02-28","Zeitung","Die Zeit, 28.02.1952","Trotz schärfsten Protestes im holländischen Parlament und in der Öffentlichkeit hat die holländische Regierung 1950 dann alles deutsche Land einer öffentlich-rechtlichen Siedlungsgenossenschaft zum Eigentum und zum Weiterverkauf an die bisherigen ""Pächter"" übertragen."
"42","1953-10-15","Zeitung","Die Zeit, 15.10.1953","Chinesische Liebesbriefe, der Phantasie des Europäers ein lyrisches Spiel von Pfirsichblüten und Schmetterlingen, offenbaren erstarrte Gefühle wie manch anderer zum Schnörkel gewordener Brauch dieses Landes."
"43","1965-10-29","Zeitung","Die Zeit, 29.10.1965","Die Bemühungen beider Länder, die direkten Kontakte zu intensivieren, sind zu begrüßen."
"44","1965-04-02","Zeitung","Die Zeit, 02.04.1965","Aber hinter den dürren Worten des Antrages verbarg sich viel mehr: eine Breitseite gegen die beiden mächtigen, regionalen Selbstverwaltungsorgane im Lande, die Landschaftsverbände Rheinland und Westfalen-Lippe."
"45","1969-05-09","Zeitung","Die Zeit, 09.05.1969","Das gleiche gilt natürlich auch für Ihr Land und für andere Länder."
"46","1964-05-29","Zeitung","Die Zeit, 29.05.1964","In keinem anderen Lande sind zurzeit solche Erscheinungen zu beobachten, die außer Sachschäden eine Menge Rätsel hinterlassen."
"47","1959-07-24","Zeitung","Die Zeit, 24.07.1959","Die Argumente: Handelszusammenschlüsse einzelner Länder seien ein Hindernis für den Welthandel, innerhalb solcher Gruppen würden die kleinen Länder von den großen beherrscht, die ihrerseits wieder durch Amerika kontrolliert würden."
"48","1964-05-29","Zeitung","Die Zeit, 29.05.1964","Die Beziehungen zwischen Ihrem Land und meinem Land waren noch nie seit Kriegsende so gut wie jetzt."""
"49","1965-10-15","Zeitung","Die Zeit, 15.10.1965","Noch ist die Ausgangslage für eine solche Unternehmung bei uns so gut wie in kaum einem anderen Land der Welt: Wir haben ein wirtschaftlich ziemlich gesundes, in vieler Hinsicht gut organisiertes und ausgerüstetes, von öffentlichen Institutionen, Funk und Presse wohlwollend unterstütztes engmaschiges Netz von Buchhandlungen im ganzen Land."
"50","1954-05-06","Zeitung","Die Zeit, 06.05.1954","Nach der im Rahmen des Grundgesetzes den Ländern zugesicherten eigenen Finanzhoheit besitzen sie das Recht zur Ausgabe eigener Anleihen."
"51","1959-07-10","Zeitung","Die Zeit, 10.07.1959","Die Alliierten sind dagegen der Meinung, Berlin sei kein Land der Bundesrepublik."
"52","1955-08-18","Zeitung","Die Zeit, 18.08.1955","Bei der Finanzierung werden nach und nach die verschiedensten Kreditarten aufgeschichtet: etwa ein Viertel geben die Länder selber, ein Drittel kommt vom Bund, 30 v. H. aus dem Lastenausgleich, und der Rest sind Mittel des Kapitalmarkts und der Sozialversicherung."
"53","1948-11-18","Zeitung","Die Zeit, 18.11.1948","Aber der illegale Handel über die Grenzen hinweg ist immer zum Nachteil des Landes; das heißt: die eigenen Steuerzahler verlieren, was die Schmuggler verdienen""."
"54","1964-05-29","Zeitung","Die Zeit, 29.05.1964","Jedes Land hat, ungeachtet der Höhe seiner Einlage, ein Vetorecht bei den Beschlüssen; die Bank kann nur kurzfristige Kredite geben, soweit sich Zahlungsüberschüsse bei ihr ansammeln; vom Westhandel der Länder bleibt sie überhaupt ausgeschlossen."
"55","1965-04-09","Zeitung","Die Zeit, 09.04.1965","Man glaube nicht den Verlegern, es fehle in den deutschsprachigen Ländern an guten und sogar hervorragenden Übersetzern."
"56","1963-05-24","Zeitung","Die Zeit, 24.05.1963","Es marschierte in viele Länder ein und eroberte sie."
"57","1968-08-30","Zeitung","Die Zeit, 30.08.1968","Zum Beispiel kündigte sie die Freundschaftsverträge mit Frankreich und England, nachdem diese Länder im Jahre 1954 die Pariser Bündnisverträge unterzeichnet hatten."
"58","1966-04-15","Zeitung","Die Zeit, 15.04.1966","Land muß sein, Land in jeder Form!"
"59","1966-08-12","Zeitung","Die Zeit, 12.08.1966","Der Finanzminister war so leichtfertig, wieder 39 Prozent Bundesanteil an der Einkommensteuer einzusetzen, obwohl längst zu erkennen war, daß die Länder auf einem höheren Anteil bestehen."
"60","1952-05-01","Zeitung","Die Zeit, 01.05.1952","Die Auffassungen über Grundlagen, Ziele und Methoden der Industrialisierung wirtschaftlich rückständiger Länder haben sich in den letzten drei Jahren entscheidend gewandelt."
"61","1967-03-31","Zeitung","Die Zeit, 31.03.1967","Als wir eine halbe Stunde später, kurz hinter dem Städtchen Schmallenberg, in das Fredeburger Land hineinfuhren - markiert war die Grenze nur durch Hagedorns Ausruf - und die Kirchtürme von Fredeburg vor uns sahen, da schien mit einem Male alles Unbehagen von Hagedorn abzufallen:"
"62","1969-03-14","Zeitung","Die Zeit, 14.03.1969","Erstaunlich oder auch nicht - ein Vierteljahrhundert ist darüber ins Land gegangen, ohne daß diese hochpolitische Affäre, die in den Jahren 1943 bis 1945 die Gestapo, den Reichssicherheitsdienst, den Volksgerichtshof beschäftigte, historisch-kritisch untersucht worden wäre."
"63","1946-07-25","Zeitung","Die Zeit, 25.07.1946","Der Mangel an Leuten ist nämlicl ein entscheidender Grund, warum Frankreichs Wirtschaft an dem Aufschwang des 19. Jahrhundeits nicht denselben Anteil hatte wie die der anderen kapitalistischen Länder, Dies macht jsich auch letzt hemmend bemerkbar; denn bei einer Bevölkerungsdichte von nur 74 j£ qkm gegen 119 im gesamten industriellen Europa ist das Land zu dünn besiedelt, als daß es"" intensiv erschlossen werden konste."
"64","1952-08-07","Zeitung","Die Zeit, 07.08.1952","Die Inflation hat in einem jungen Lande gewisse Vorteile: 20000 neue Fabriken wurden in den fünf Nachkriegsjahren, für die Perón verantwortlich zeichnet, erstellt, die Industrie hat schnellen Aufschwung genommen."
"65","1962-03-30","Zeitung","Die Zeit, 30.03.1962","Ab Ostern 1962 muß die Oberstufenarbeit in allen Ländern der Bundesrepublik im Sinne dieser Empfehlungen vor sich gehen."
"66","1963-03-22","Zeitung","Die Zeit, 22.03.1963","Wie auch der nächste Regierungschef in Ottawa heißen mag - er wird die Frage entscheiden müssen, ob es für sein Land, den Westen und den Weltfrieden nützlicher ist, Außenpolitik und Verteidigungspolitik mit Washington zu koordinieren oder gegen die USA die kanadische Position als ""kleine diplomatische Weltmacht"" zu verteidigen."
"67","1955-01-27","Zeitung","Die Zeit, 27.01.1955","Fast 200000 Besucher aus vielen Ländern strömten in den zehn Ausstellungstagen zum Kölner Messegelände, das sie tief beeindruckt, befriedigt und beglückt von der wichtigen Aufgabe, die die Photographie in unserem heutigen Leben spielt, verließen."
"68","1969-10-17","Zeitung","Die Zeit, 17.10.1969","Bei allem Pessimismus sieht man also auch in der Wall Street wieder Land."
"69","1950-05-11","Zeitung","Die Zeit, 11.05.1950","In einer Zeit, in der alles darauf ankommt, das Gemeinsame höher zu bewerten als das Trennende, bieten wir das traurige Schauspiel eines zerstrittenen Landes."
"70","1958-01-09","Zeitung","Die Zeit, 09.01.1958","Am Abstimmungsergebnis konnte kein Zweifel mehr bestehen, wobei für die Abgeordneten neben der Frage der ""Eignung"" auch der Umstand wesentlich war, daß das Land den Ausbau von Lohausen zur Hälfte mitfinanzieren müßte, wogegen bei Wahn, an dem das Land nur zu 15 v. H. beteiligt ist, der Bund die Hauptlast trüge."
"71","1961-12-15","Zeitung","Die Zeit, 15.12.1961","Auf Grund dieses Pessimismus glauben sie auch nicht an eine bedeutende wirtschaftliche Aufwärtsentwicklung des Landes."
"72","1964-09-11","Zeitung","Die Zeit, 11.09.1964","Ihr zufolge können für das Handeln des Staates, der die Verantwortung für die Existenz des Landes und damit auch für die in ihm geltenden Gesetze trägt, nicht die gleichen Regeln gelten wie für die Einwohner."
"73","1957-03-21","Zeitung","Die Zeit, 21.03.1957","Das Wohl meiner Mitglieder interessiert mich mehr als das Wohl meines Landes."""
"74","1956-07-12","Zeitung","Die Zeit, 12.07.1956","Die Kaufkraft des Arbeiters hat sich danach also nur im gleichen Umfang erhöht, in dem die Produktivität gewachsen ist, ein weiterer Beleg dafür, daß Lohnsteigerungen, die über die Produktivität hinausgehen, sich notwendigerweise nur inflatorisch, d. h. in einem Rückgang der Kaufkraft der Währung des Landes auswirken können."
"75","1969-10-03","Zeitung","Die Zeit, 03.10.1969","Sie gehörten neun verschiedenen Ländern an."
"76","1967-12-08","Zeitung","Die Zeit, 08.12.1967","Zwar wird die sozialistische und panarabische Solidarität lautstark gefeiert; die Zeitung mit der höchsten Auflage im Lande, ""El-Moudjahid"", zitiert als ausländische Pressestimmen neben ""Le Monde"" vorzugsweise ägyptische Blätter sowie die ""Prawda"" und ""Neues Deutschland""; jedes Scharmützel in Südvietnam wird zum Sieg der ""Patrioten"" über die amerikanischen Imperialisten ausgedeutet, und jede Schießerei am Suezkanal erscheint als Übergriff der Zionisten."
"77","1951-04-05","Zeitung","Die Zeit, 05.04.1951","Die Entwicklung zu dieser Rolle Hannovers als Mittler und Mittelpunkt der wirtschaftlichen, geistigen, kulturellen und auch politischen Interessen eines so vielfältigen Gebietes, dessen Grenzen von den Bergen des deutschen Mittelgebirges bis zu den Küsten der Nordsee reichen, wurde in erster Linie durch seine Verkehrslage beeinflußt: die Stadt liegt im Schnittpunkt bedeutender internationaler Verkehrslinien, die den Westen Europas mit dem Osten und die skandinavischen Länder mit den Ländern Südeuropas verbinden."
"78","1967-07-14","Zeitung","Die Zeit, 14.07.1967","Der Jugend beider Länder sei sein Buch gewidmet, jener deutschen Jugend, die Hitler nicht zu verantworten habe, und der israelischen Jugend, die Hitler nicht zu erleiden hatte."
"79","1964-11-20","Zeitung","Die Zeit, 20.11.1964","Es bleibt abzuwarten, ob andere Länder, die sich gerne als Musterkinder des Welthandels feiern und die EWG des offenen oder heimlichen Protektionismus zeihen, ebenso liberale Vorschläge machen werden."
"80","1957-09-12","Zeitung","Die Zeit, 12.09.1957","Den ersten Ergebnissen der Handwerkszählung, die jetzt das Bundesministerium für Wirtschaft bekanntgab, liegen allerdings nur die Zahlen von sieben Ländern zugrunde."
"81","1962-04-06","Zeitung","Die Zeit, 06.04.1962","Der Goslarer Oberstadtdirektor Schneider sagte, es gehe nicht an, daß Bund und Länder den Harz als ""Verdünnungszone"" links liegen lassen."
"82","1968-11-22","Zeitung","Die Zeit, 22.11.1968","Juden als Volk habe es immer nur im Lande Israels gegeben, im Exil jedoch nur jüdische Religionsgemeinschaft."
"83","1966-07-29","Zeitung","Die Zeit, 29.07.1966","""Ziel der Sendung war der Versuch, Mitglieder von Kommunistischen Parteien aus zwei kapitalistischen Ländern Europas gegen die SED auszuspielen und so den Zwecken der Bonner CDU und jener sozialdemokratischen Führer dienstbar zu machen, die CDU-Politik treiben."
"84","1969-10-03","Zeitung","Die Zeit, 03.10.1969","Wenn Japan große Kapitalreserven verfügbar hat und in diesen Ländern investiert, kann es eine immer größere Rolle für das Wirtschaftswachstum und den allgemeinen Wohlstand dieser Länder spielen."
"85","1968-08-16","Zeitung","Die Zeit, 16.08.1968","Unser Land ist ja groß und will gerodet werden."
"86","1964-05-22","Zeitung","Die Zeit, 22.05.1964","Daß diese Befürchtung nicht ganz grundlos ist, zeigt der Auftrag des Ministerrats an die EWG-Kommission, die sechs Länder in der Kennedy-Runde in Genf zu vertreten und über die Vereinigung der handelspolitischen Instrumente der ""sechs"" - z.B. Schutzklauseln gegen Überangebot, Einfuhrkontingente - Vorgespräche zu führen."
"87","1947-10-02","Zeitung","Die Zeit, 02.10.1947","Damals war die Beseitigung der Zollmauern zwischen zwei Ländern darum wirklich gleichbedeutend mit Freiheit des gegenseitigen Handelsverkehrs und Gleichheit, der Einfuhrbedingungen für alle dritten Länder."
"88","1947-09-11","Zeitung","Die Zeit, 11.09.1947","Wenn wir uns vorstellen, daß es diese Länder nie gegeben hätte, würde in unserer Vorstellung nichts von dem übrigbleiben, was wir heute unter Europa verstehen."
"89","1959-10-09","Zeitung","Die Zeit, 09.10.1959","Der Bau der Pipeline, die Rotterdam-Pernis mit den Raffinerien in Wesseling, Godorf und Wesel auf einer Gesamtstrecke von 292 km verbinden wird, ist weit fortgeschritten, Vor einigen Tagen erreichten die Bagger die deutsche Grenze bei Venlo und fressen sich jetzt weiter durch das niederrheinische Land."
"90","1951-10-11","Zeitung","Die Zeit, 11.10.1951","Unter den Abnehmern befinden sich nicht nur europäische Länder, sondern der Export streut über die ganze Welt."
"91","1957-02-21","Zeitung","Die Zeit, 21.02.1957","Die 120 Millionen Mark, die nötig sind, um das Honnefer Modell der Studienförderung, auf das sich 1955 der Bundesinnenminister, die Ständige Kultusministerkonferenz, die Rektorenkonferenz und die Vertreter der Studentenschaften geeinigt haben, zu verwirklichen - diese Summe, mit der man dem Unfug des ""Studiums als Nebenbeschäftigung"" ein Ende bereiten könnte (ohne damit gleich den ""Staatsstudenten"" zu schaffen), vermögen die Länder nun wirklich nicht mehr aufzubringen."
"92","1969-10-03","Zeitung","Die Zeit, 03.10.1969","Doch wer in England, dem bald klassischen Land für Lohn- und Preisvorschriften, wird denn schon einer bloßen Empfehlung nachleben?"
"93","1957-08-22","Zeitung","Die Zeit, 22.08.1957","Die Aufhebung des Ladenschlußgesetzes ist erforderlich; an seine Stelle soll lediglich ein Rahmengesetz treten, das den Ländern und Gemeinden selbständige Regelungen je nach den lokalen Bedürfnissen ermöglicht."
"94","1957-06-06","Zeitung","Die Zeit, 06.06.1957","Bund und Land haben geholfen, und das reicht aus, um das ""Festival des Beiprogramms"" sich entwickeln zu lassen."
"95","1955-04-21","Zeitung","Die Zeit, 21.04.1955","Um über ägyptische Literatur sprechen zu können, muß man drei Aspekte des Lebens in diesem Lande in Betracht ziehen: den politischen, den wirtschaftlichen und den gesellschaftlichen - wenn aus keinem anderen Grunde, so deshalb, weil jeder Schriftsteller, je nach Empfindungs- und Darstellungsvermögen, seine eigene Interpretion eines oder mehrerer dieser Aspekte und ein Bild seiner eigenen Klasse im besonderen und der Gesellschaft im allgemeinen vermittelt."
"96","1968-03-22","Zeitung","Die Zeit, 22.03.1968","""Land Bayern."
"97","1961-11-10","Zeitung","Die Zeit, 10.11.1961","Wir sind ein durch und durch westliches Land und wollen nichts anderes sein."
"98","1966-07-29","Zeitung","Die Zeit, 29.07.1966","Jede Zählung kam zu einem anderen Ergebnis), die, vom Fußball angezogen, sagen wir getrost noch einmal: ""magisch"" angezogen, aus mehr als hundert Ländern Devisen nach England exportierten und denen Mr."
"99","1947-08-21","Zeitung","Die Zeit, 21.08.1947","Wenn die europäische Wirtschaftsstabilität wiederhergestellt werden und jedes Land entsprechend seinen Bodenschätzen und seiner industriellen Leistungsfähigkeit einen Beitrag dazu leisten soll, muß auch alles vermieden werden, was die natürliche und historisch gewordene europäische Arbeitsteilung stört und hemmt."
"100","1947-07-03","Zeitung","Die Zeit, 03.07.1947","Für das gegenwärtige Parlament, - eine verfassunggebende Versammlung, die auch sonst legislativwirkt - wird das Mandat in diesem Sommer erlöschen; bis dahin soll es die Verfassung des Landes angenommen und ein Präsidium der Republik gewählt haben."
"101","1964-12-25","Zeitung","Die Zeit, 25.12.1964","Und jetzt fahren wir üben eine der Kölner Rheinbrücken in das Bergische Land zu den nahen Ufern der Wupper."
"102","1968-03-29","Zeitung","Die Zeit, 29.03.1968","Das passiert doch sonst keinem Land."
"103","1960-07-01","Zeitung","Die Zeit, 01.07.1960","Herr Adler hat miterlebt, wie das Land zu einem Staat wurde."
"104","1960-06-10","Zeitung","Die Zeit, 10.06.1960","Der Marschall hat in letzter Zeit einige martialische Reden gehalten, in denen es an tönenden Vokabeln wie ""Ausradieren"" oder Unbesiegbarkeit der Sowjetarmee"" nicht fehlte, und letzte Woche versetzte er die Welt mit seiner Raketendrohung gegen jene Länder, von denen aus amerikanische Aufklärer zum Flug über die Sowjetunion starten sollten, in verständliche Aufregung."
"105","1967-08-11","Zeitung","Die Zeit, 11.08.1967","Denn soviel ist sicher: Gelingt es Hussein nicht, sein Land vor dem Absturz in den Abgrund zu bewahren und die Not der mehr als 200000 Flüchtlinge zu lindern, dann droht ihm der Fluch (und der heißt: Putsch)."
"106","1969-11-14","Zeitung","Die Zeit, 14.11.1969","Richtiger wäre es gewesen, die Zuständigkeiten zwischen Bund und Ländern vollständig und klar aufzuteilen und im übrigen die Länder nicht nach den Zufälligkeiten der Unternehmenssitze, sondern nach den Gesichtspunkten des objektiven Bedarfs am Steueraufkommen zu beteiligen, wie es der niedersächsische Finanzminister Kubel vorgeschlagen hatte."
"107","1947-02-20","Zeitung","Die Zeit, 20.02.1947","Man kann im heutigen Deutschland nicht ""höher nach oben"" gelangen als bis zum Ministerpräsidenten eines deutschen Landes und nicht ""tiefer nach unten"" als bis zum Hauptschuldigen oder Belasteten im Sinne der Denazifizierungsgesetze."
"108","1960-05-20","Zeitung","Die Zeit, 20.05.1960","Seine Politik der lächelnden Koexistenz hatte sich als unrentabel erwiesen, hatte auch im eigenen Lande falsche Hoffnungen geweckt; sie drohte, die Basis der noch in keinem Augenblick aufgegebenen kommunistischen Idee der Weltrevolution, die er auf ""natürlichem Wege"" zu erlangen hoffte, zu untergraben und den revolutionären Eifer der Sowjetmenschen zu hemmen."
"109","1958-01-16","Zeitung","Die Zeit, 16.01.1958","Vom 1. bis 9. März finden hier die Nordischen Skiweltmeisterschaften (Langlauf und Sprunglauf) statt, zu denen die Finnen Sportler aus vielen Ländern erwarten."
"110","1969-04-04","Zeitung","Die Zeit, 04.04.1969","In jedem Land trägt sein Unglück besondere nationale Züge."
"111","1956-07-19","Zeitung","Die Zeit, 19.07.1956","Um dies zu erkennen, braucht man sich nur an die Argumente zu erinnern, die die deutsche Exportwirtschaft vorbrachte, als die Bank deutscher Länder von dem Verrechnungsabkommen mit südamerikanischen Ländern zu multilateralen Zahlungssystemen überging."
"112","1953-01-01","Zeitung","Die Zeit, 01.01.1953","Daß sie das beste sei, sollte man der Bevölkerung eines demokratischen Landes klarzumachen versuchen."
"113","1968-10-04","Zeitung","Die Zeit, 04.10.1968","Pflicht und Möglichkeit zum Besuch der Berufsschule gründen auf dem Schulrecht der Länder."
"114","1966-12-09","Zeitung","Die Zeit, 09.12.1966","Verbannte aus dem Land der Kindheit sind sie alle, die Mädchen und Männer, vielleicht noch voller Erwartung, voller Neugier auf die neue Umgebung, doch schon geimpft von Vergeblichkeit und rettungslosem Alleinsein."
"115","1948-05-20","Zeitung","Die Zeit, 20.05.1948","Es hätte doch keinen Sinn, so hieß es etwa, daß sich im Zeichen der Devisenknappheit, die Länder gegenseitig ihre Luxusprodukte abkauften, während."
"116","1950-01-12","Zeitung","Die Zeit, 12.01.1950","In Anbetracht der Mißerfolge des palästinensischen Krieges, der wachsenden sozialen und finanziellen Probleme des Landes und dem keineswegs unbestrittenen Prestige des Königs, ist eine starke Persönlichkeit, die in der Lage ist, die notwendigen Reformen unter Mitwirkung des Volkes durchzuführen, sehr erwünscht."
"117","1967-07-28","Zeitung","Die Zeit, 28.07.1967","So beklagenswert die Rassensituation in Amerika auch sein mag, das Land ist gegenwärtig in so vielen anderen Veränderungen begriffen, ist so vibrierend, so unglaublich dynamisch, so sehr damit beschäftigt, seine eigene Identität zu finden, daß einen jeder Tag ganz und gar erschöpft."
"118","1968-12-20","Zeitung","Die Zeit, 20.12.1968","Aber ein Land gibt es, wo sein Nachruhm nicht im geringsten zu wirken scheint: Luxemburg."
"119","1953-12-17","Zeitung","Die Zeit, 17.12.1953","Gehorsam stand ich da und sah abwartend aus dem Fenster über das Häusermeer in die flache Ebene, auf der die Viehherden und die Öltürme den Reichtum des Landes anzeigten."
"120","1947-07-03","Zeitung","Die Zeit, 03.07.1947","Die Versuchung, mit Hilfe der amerikanischen Dollars Deutschlands Bodenschätze und Deutschlands Arbeitskraft kolonial auszubeuten, um den Wiederaufbau der eigenen und der angeschlossenen Länder vorzunehmen, ist sehr verführerisch."
"121","1948-03-18","Zeitung","Die Zeit, 18.03.1948","Wenn die englische Verwaltung am 15. Mai ihre Tätigkeit einstellt und das Land verläßt, entsteht also ein vollkommene Vaktnint."
"122","1956-08-30","Zeitung","Die Zeit, 30.08.1956","Deine Strahlen umfassen die Länder bis zum Ende alles dessen, was du geschaffen hast."
"123","1948-04-15","Zeitung","Die Zeit, 15.04.1948","Das in Havanna angenommene Grundgesetz des Welthandels tritt 60 Tage nach der Ratifizierung durch die Mehrheit der beteiligten Länder in Kraft oder nur für die Länder, die ratifiziert haben, falls. nach Ablauf Von einem Jahr die Ratifizierung durch die Mehrheit der Länder nicht erfolgt ist."
"124","1950-09-07","Zeitung","Die Zeit, 07.09.1950","Dazu rechnete er vor allem die gut organisierte und gut ausgebildete militante Minderheit, die die Sowjets in jedem demokratischen Land organisiert haben und die unter dem Schutz der demokratischen Regierungsformen die demokratischen Staaten zu Fall bringen wolle."
"125","1951-07-19","Zeitung","Die Zeit, 19.07.1951","Als das Gold von Witwatersrand 1866 entdeckt wurde, war es für lange Jahrzehnte eine angenehme Beigabe zu den sonstigen Einkünften des Landes, und die wirtschaftlichen Beziehungen zwischen Goldproduktion und Lebensstandard waren so leicht zu verstehen, wie die Methoden der Digger und Prospektoren, mit denen damals nach Gold geschürft wurde."
"126","1960-10-28","Zeitung","Die Zeit, 28.10.1960","'Amerika ist das einzige Land, das von Barbarei zur Dekadenz überging - ohne das Zwischenstadium der Zivilisation."""
"127","1969-04-25","Zeitung","Die Zeit, 25.04.1969","Da das Parteienrecht Bundesrecht ist und das bisherige Parteiengesetz den Ländern ""entsprechende"" Finanzierungsregeln vorschrieb, wären die Länder auch an die neue 0,5-Prozent-Klausel gebunden."
"128","1961-02-10","Zeitung","Die Zeit, 10.02.1961","Der Staat hingegen sollte seihe Hilfe in allererster Linie auf die ""Paten-Nationen"" konzentrieren, um sie zu Schaufenstern echter, vertrauensvoller Zusammenarbeit zwischen einem hochindustrialisierten Lande wie der Bundesrepublik und einer jungen Nation zu machen."
"129","1966-01-28","Zeitung","Die Zeit, 28.01.1966","Nach arabischer Darstellung haben sich die USA dabei zum erstenmal bereit erklärt, die Vietcong-Partisanen als selbständigen Verhandlungspartner anzuerkennen und sich mit Vertretern aller Länder an einen Tisch zu setzen, die auf Wunsch der Aufständischen hinzugezogen werden sollten."
"130","1962-06-22","Zeitung","Die Zeit, 22.06.1962","Amerika ist ein Land, in dem Kinder nicht als Dressurhunde, Schwachköpfe oder exotische Pflanzen behandelt werden, das heißt: nicht abwechselnd gedrillt, belehrt oder verpimpelt."
"131","1957-03-07","Zeitung","Die Zeit, 07.03.1957","Aber darüber hinaus gibt es in unseren Landen nun einmal einen Hang zur Äußerlichkeit, der vor zehn Jahren - wie sollte das auch sein: unter Trümmern?"
"132","1956-05-31","Zeitung","Die Zeit, 31.05.1956","Ursprünglich sollte bereits am 20. April ein entsprechender Vertrag zwischen den Vertretern des Bundes, des Landes Baden-Württemberg und der von 15 größeren deutschen Industriefirmen zu diesem Zweck gegründeten ""Physikalischen Gesellschaft mbH."" (Göttingen) unterzeichnet werden."
"133","1965-05-21","Zeitung","Die Zeit, 21.05.1965","Sterling arbeitete vor dem Krieg mit Bayer zusammen und versuchte jetzt, die früher gemeinsam mit Bayer bearbeiteten Länder für sich allein zu gewinnen."
"134","1964-09-04","Zeitung","Die Zeit, 04.09.1964","Das Zeitalter der unterentwickelten Länder, wie sie damals noch genannt wurden, war noch nicht angebrochen, wenn es sich auch am weltpolitischen Horizont in seinen ersten Konturen schemenhaft abzeichnete."
"135","1967-06-16","Zeitung","Die Zeit, 16.06.1967","""Sie können die damit verbundenen Risiken und Kosten auch kaum allein tragen, und die Hilfe des Staates wird leider hier nicht so großzügig gewährt wie in anderen Ländern."
"136","1954-01-14","Zeitung","Die Zeit, 14.01.1954","Diese graphische Darstellung, die wir dem letzten Monatsbericht der Bank deutscher Länder entnommen haben, zeigt einigermaßen frappierende Entwicklungen."
"137","1947-01-09","Zeitung","Die Zeit, 09.01.1947","Dieser Unterschied ist die Folge des-Schnittes durch; das Land, der die Landwirtschaft Württembergs aus dem Gleichgewicht gebracht hat."
"138","1967-09-15","Zeitung","Die Zeit, 15.09.1967","Dank ihrer gemeinsamen Bemühungen, zum Teil in der Öffentlichkeit, zum Teil im Verborgenen, können Geschäftsleute außerhalb ihres eigenen Landes mit einiger Sicherheit exportieren und investieren in der Gewißheit, daß die ausländische Währung auch im nächsten Jahr noch das gleiche wie in diesem wert sein wird."
"139","1951-09-20","Zeitung","Die Zeit, 20.09.1951","Was die Regierung und die großen Blätter schon seit Jahr und Tag den breiten Massen begreiflich zu machen versuchen, nämlich daß Holland vom relativ reichsten Land Europas zu einem armen Land geworden ist, scheint plötzlich zum allgemeinen Bewußtsein durchgedrungen zu sein."
"140","1966-10-28","Zeitung","Die Zeit, 28.10.1966","Und wenn seine Zeitgenossen zweifelnd den Kopf schüttelten, da ein gewisser Marco Polo von ""schwarzen Steinen"" schrieb, mit denen die Chinesen Feuer machten - Mandevilles reportagenhafte Erzählung von jenem Land, in dem die Menschen Hundeköpfe haben und sich ziemlich hündisch benehmen, wurde geglaubt."
"141","1954-03-18","Zeitung","Die Zeit, 18.03.1954","Der erste Weltkrieg dauerte für Griechenland elf Jahre (einschließlich der Balkankriege und des kleinasiatischen Abenteuers), der zweite neun Jahre (durch den Kommunistenaufstand 1949), und es litt durch ihn mehr als irgendein anderes europäisches Land (mit Ausnahme Polens)."
"142","1966-02-25","Zeitung","Die Zeit, 25.02.1966","Der Generalsekretär der Britischen Kommunistischen Partei, John Gollan, sagte, daß ""der Prozeß und die schweren Strafen allgemeine Anteilnahme unter den Freunden der Sowjetunion in England und in anderen Ländern hervorgerufen"" hätten."
"143","1962-09-07","Zeitung","Die Zeit, 07.09.1962","Jahrelang fuhr Jugslawien mit seinem System besser als die anderen kommunistischen Länder."
"144","1964-03-27","Zeitung","Die Zeit, 27.03.1964","Angesichts dieser Opposition hat Präsident Johnson von vornherein darauf verzichtet, eine Kampfstellung zu beziehen; in seiner Sonderbotschaft forderte er mit 3,4 Milliarden Dollar zur wirtschaftlichen und militärischen Unterstützung anderer Länder für das Haushaltsjahr 1964/65 den bisher niedrigsten Betrag seit den Zeiten des Marshallplanes an."
"145","1969-06-06","Zeitung","Die Zeit, 06.06.1969","Der Konjunkturrat, gebildet aus Vertretern der Bundesregierung, der Länder und der Bundesbank, hat formell beschlossen, daß Bund und Länder erwartete Steuermehreinnahmen von 3,6 Milliarden Mark bei der Bundesbank stilllegen sollen."
"146","1956-02-23","Zeitung","Die Zeit, 23.02.1956","Regieren in den Ländern ist die Bemühung, in einer Badewanne zu schwimmen."
"147","1946-06-13","Zeitung","Die Zeit, 13.06.1946","In München traf ich mich mit unserem Freund F., der 1938 nach Amerika emigrierte und jetzt als amerikanischer Staatsbürger wieder nach Deutschland kam, immer noch dieses Land liebend, das ihn als Juden verfemt und ins Konzentrationslager geworfen hatte."
"148","1954-12-09","Zeitung","Die Zeit, 09.12.1954","Dank einer rücksichtslosen Ausbeutung der Bevölkerung schießen dort Fabriken und Kraftwerke aus dem Boden, während es in den freien Ländern an Fachleuten und Kapital mangelt, die aber in Europa und den USA reichlich zur Verfügung stehen."
"149","1968-01-19","Zeitung","Die Zeit, 19.01.1968","Nur reiche, stabile Länder sind sich gegenseitig gute Kunden."
"150","1953-01-15","Zeitung","Die Zeit, 15.01.1953","Der eine Zweig waren die Lungenfische, die noch in drei Formen existieren, der zweite die Coelacanthier, der dritte die Rhipidistler: dieser war der Urvater der heute auf dem Lande lebenden Lebewesen."
"151","1968-10-18","Zeitung","Die Zeit, 18.10.1968","Aber mit dem Rest, zwei ernsten Herren aus Budapest, zwei verantwortungsvollen Damen aus Sofia, konnte man sich immerhin über eine Resolution verständigen - ""die Wiederherstellung des früheren Zustands"" in dem besetzten Land verlangend und sogar die Freiheit für alle Schriftsteller dort, ""ohne Einmischung Dritter"" zu schreiben, was sie wollten - eine verdienstliche Resolution, die niemandem nützen wird, doch wann hat je eine Resolution genützt?"
"152","1950-07-27","Zeitung","Die Zeit, 27.07.1950","Ungewöhnlich und ein warnendes Symptom ist es aber, wenn in einem Lande alle solche Versuchsorgane ausgehen und kein neues gebildet wird."
"153","1966-05-13","Zeitung","Die Zeit, 13.05.1966","Selbst wenn man spätere Entwicklungen in unabhängigen afrikanischen Staaten wie Nigeria oder Ghana so zynisch betrachtet, wie es viele Europäer mit fragwürdigem Recht tun, so wäre Großbritannien darum noch lange nicht berechtigt, die Freiheit eines Landes zu segnen, in dem 220000 Weiße unbeschränkt über vier Millionen Schwarze regieren."
"154","1967-03-17","Zeitung","Die Zeit, 17.03.1967","Sie ist aber auch der wesentlichste Grund für die Kapitalflucht aus lateinamerikanischen Ländern."
"155","1957-01-24","Zeitung","Die Zeit, 24.01.1957","- Der Dekan einer Fakultät einer der größten und modernsten Universitäten des Landes war völlig europäisch gekleidet, er betreibt seine Wissenschaft in einer Weise, die jedem europäischen Gelehrten Ehre machen würde; das hindert ihn aber nicht, auf seiner Stirn in Asche und roter Farbe das Zeichen Shiwas zu tragen."
"156","1963-05-17","Zeitung","Die Zeit, 17.05.1963","Nun ist es aber keineswegs sicher, daß sich die Länder im Vermittlungsausschuß den Finanzierungswünschen des Bundes beugen werden."
"157","1960-10-28","Zeitung","Die Zeit, 28.10.1960","Da wollte er nicht just in diesem Augenblick einen Vorgang unausgeräumt lassen, der die Beziehungen zwischen den beiden Ländern rapide und vielleicht in gefährlicher Weise hätte verschlechtern können, obgleich er kaum vergessen haben dürfte, wie hemmungslos Smirnows Chef im Kreml bei vielen Gelegenheiten unseren Staat und dessen Regierungschef beschimpft hat."
"158","1965-11-05","Zeitung","Die Zeit, 05.11.1965","Das hervorragende kulturelle Ereignis waren zweifellos die ""Fünften Israelischen Festwochen für Musik und Theater"", die drei Wochen lang in den drei großen Städten des Landes - Jerusalem, Tel Aviv und Haifa - und in dem kürzlich ausgegrabenen römischen Amphitheater von Caesarea stattfanden."
"159","1966-09-16","Zeitung","Die Zeit, 16.09.1966","Es war einmal ein hoher Paß in den Alpen, der zwei Länder miteinander hätte verbinden können."
"160","1957-01-10","Zeitung","Die Zeit, 10.01.1957","Wenige Tage vorher hatte Chruschtschow in einem Interview mit dem tschechoslowakischen Parteiorgan Rude Pravo die Ansicht vertreten, daß ""jede einseitige Auffassung und jedes Herausstellen nationaler Eigenheiten oder besonderer Wege zum Sozialismus in diesem oder jenem Lande sowohl dem sozialistischen Aufbau in dem betreffenden Staate als auch der gesamten Familie der sozialistischen Völker schaden""."
"161","1958-09-04","Zeitung","Die Zeit, 04.09.1958","Stanford Business School in Kalifornien - von dem späteren Präsidenten Hoover im Jahre 1925 gegründet - hat ihre überragende Stellung im Westen des Landes besonders in den letzten Jahren stark ausgebaut."
"162","1964-06-26","Zeitung","Die Zeit, 26.06.1964","In vielen Ländern, beispielsweise auch in Frankreich und in Großbritannien, gibt es beunruhigende Anzeichen dafür, daß die repräsentative Regierung sich nicht mehr der vorbehaltlosen Unterstützung der Bürger erfreut."
"163","1967-10-20","Zeitung","Die Zeit, 20.10.1967","Die meisten Länder behalfen sich dadurch, daß sie dem Finanzressort einige wirtschaftspolitische Aufgaben übertrugen, mehr oder weniger als Anhängsel zur Fiskalpolitik."
"164","1968-02-23","Zeitung","Die Zeit, 23.02.1968","Das Land muß zahlen."
"165","1948-12-30","Zeitung","Die Zeit, 30.12.1948","[...] Die Lebensmittel, die über ERP hereinkommen, sind teurer, als die aus eigener Erzeugung gelieferten Waren, und müssen - vorläufig - auch zu den höheren Preisen, die sich aus der Umrechnung Dollar zu Schilling. (10 : 1) ergeben, im Inlande verkauft werden, was also staatliche Zuschüsse erfordern Schwieriger noch ist, bei dem Mangel an Kapital im Lande, die Finanzierung des Ankaufs aller Investitionsgüter die ja nun einmal nicht - wie bei Roh- und Hilfsstoffen, Halbfabrikaten und Fertigerzeugnissen - im Wege des Wechselkredits erfolgen kann, ohne daß sich dabei Bedenken wegen einer inflationistischen Kreditausweitung ergeben würden. [...]"
"166","1964-11-20","Zeitung","Die Zeit, 20.11.1964","So geschehen in dem Lande Erewhon - oder, um ihm seinen deutschen Namen zu geben, Owdnegrin."
"167","1966-02-11","Zeitung","Die Zeit, 11.02.1966","Großbritannien will in diesem Fall der afrikanischen Mehrheit des Landes das volle Wahlrecht keineswegs sofort zugestehen, sondern erst nach Jahren Afrikaner sollen jedoch schon in die Übergangsregierung aufgenommen werden."
"168","1960-09-16","Zeitung","Die Zeit, 16.09.1960","Amerika hat während der letzten Jahre jährlich landwirtschaftliche Produkte im Wert von mehr als einer Milliarde Dollar an andere Länder verteilt."
"169","1959-04-17","Zeitung","Die Zeit, 17.04.1959","T. S. Eliot - der erste große Alexandriner in unserer modernen Literatur - fügte seinem Epos vom ""Waste Land"" einen ganzen kritischen Apparat mit Kommentaren und Lesarten an: weil (wie er später sehr zum Kummer seiner hochgebildeten Interpreten erklärte) sein Verleger fand, das Gedicht-Manuskript müsse verlängert werden, damit es die Druckbogen fülle."
"170","1968-12-20","Zeitung","Die Zeit, 20.12.1968","Luxemburg - das ist Paradies und Ziel des Heimwehs; Luxemburg - das ist ein Land, dem die Geschichte Wunden schlug, die schlecht vernarbt sind, und jeder Luxemburger trägt sie herum."
"171","1965-12-10","Zeitung","Die Zeit, 10.12.1965","Geht alles leidlich gut, so kehrt dann in Stadt und Land jeder zu seinen Anschauungen zurück, und diese sind der Macht, die durch eine einzige Persönlichkeit ausgeübt wird, nun einmal auf die Dauer gar nicht günstig, mag der starke Herr noch so verdienstvoll sein."
"172","1964-08-28","Zeitung","Die Zeit, 28.08.1964","Auch gab die Besetzung des Landes durch die Rote Armee der nicht eben starken Kommunistischen Partei eine entscheidende Rückendeckung."
"173","1955-07-28","Zeitung","Die Zeit, 28.07.1955","Fünfzehn Jahre lang dröhnten die Schritte marschierender Kolonnen durch das Land, fraß der Moloch Krieg, der Götze, dem der korsische Abenteurer alles opferte, Reichtum und Jugend des Landes auf."
"174","1955-01-20","Zeitung","Die Zeit, 20.01.1955","Heute erscheinen führende medizinische Blätter außer in diesen Ländern in der Sowjetunion, Spanien, Portugal, Australien, und vor allen Dingen in sämtlichen Ländern Südamerikas ..."
"175","1966-02-18","Zeitung","Die Zeit, 18.02.1966","Im Bundeswirtschaftsministerium liegt ein fertiges Memorandum, das den Rahmen für eine Lockerung der Handelsbeziehungen zu den Ländern des Ostblocks absteckt; aber Bonn zögert, damit an die Öffentlichkeit zu treten."
"176","1967-09-15","Zeitung","Die Zeit, 15.09.1967","Selbstverständlich hat der Markt noch beträchtliche Absatzreserven, aber meist in Ländern, denen das Bezahlen schwerfällt."
"177","1968-12-13","Zeitung","Die Zeit, 13.12.1968","Da teilen die Mündungsarme des Rheins das Land in Nord und Süd nicht nur, sondern auch die Menschen: Protestanten nördlich, Katholiken südlich: jene konservativ, diese aber revolutionär im Augenblick, ein Umstand übrigens, der viele Holländer tief beunruhigt."
"178","1958-05-22","Zeitung","Die Zeit, 22.05.1958","Einige Bomben dieser Art, an sorgfältig ausgewählten Stellen im Land eingesetzt, können jedoch feindliche Panzer- oder Truppenansammlungen zersprengen, und würden dabei im Land selbst nicht mehr Schaden anrichten als ein länger hingezogener Stellungskrieg."
"179","1966-11-25","Zeitung","Die Zeit, 25.11.1966","Landkreise in der engeren und weiteren Umgebung der Großstädte profitieren schon heute von den Umsätzen großer Einkaufszentren und zahlungskräftiger Industrie- und Handelsunternehmen, die auf dem flachen Land Zuflucht suchen."
"180","1959-04-17","Zeitung","Die Zeit, 17.04.1959","Was hier an Namen zu erwähnen ist, sind Stationen der Kunstgeschichte, die von der Gotik - wenn man den Ursprüngen nachgeht, von der Romantik - bis zum Klassizismus führen, Im Barock, das im Lande die schönsten architektonischen Blüten trieb und auch manche strenge Basilika zu einem Tummelfeld von Putten werden ließ, hat der Ausdrucksreichtum bedeutender Bau- und Ausstattungskünstler süddeutsche Frömmigkeit mit zeitentsprechender Freude am Überfluß verbunden."
"181","1967-04-14","Zeitung","Die Zeit, 14.04.1967","Er bescheinigte seinen Gastgebern, ihr Land, das auf dem Wege sei, seine ""speziellen Probleme"" ""gut zu lösen"", werde ""wesentlich zum Frieden der Welt beitragen""."
"182","1964-09-18","Zeitung","Die Zeit, 18.09.1964","""Zwischen heute meist leer oder halbleer stehenden Luxushotels mit schwindelerregenden Preisen und uralten Hotelkästen ist in diesem Land große Fehlanzeige."""
"183","1955-06-16","Zeitung","Die Zeit, 16.06.1955","Jeder zweite Amerikaner hat heute sein eigenes Heim, meilenweit um New York sieht man beim Flug die Einfamilienhäuser, ganze Wohnstädte, die sich tief ins Land hinein erstrecken."
"184","1969-05-30","Zeitung","Die Zeit, 30.05.1969","Der Finanzverteilungsschlüssel, nach denen die Länder bedacht werden und die Länder dann wieder die Kreise und Gemeinden bedenken, ist so kompliziert, daß der Bundestagsabgeordnete keinen Überblick über die Bundesmittel besitzt, die in seinen Wahlkreis fließen."
"185","1969-12-19","Zeitung","Die Zeit, 19.12.1969","Das andere stabilitätsbewußte Land, die USA, rangiert an letzter Stelle dieser Skala."
"186","1957-05-09","Zeitung","Die Zeit, 09.05.1957","""Noch einige Jahre, und das Land der Schneefelder, wie es Voltaire geringschätzig nannte, wird eines der größten und blühendsten Reiche der Welt geworden sein."
"187","1964-09-11","Zeitung","Die Zeit, 11.09.1964","Der Verfasser hat nicht nur jahrelang in Indonesien gelebt und das Land bereist, sondern er hat auch seine Geschichte genau studiert."
"188","1963-02-22","Zeitung","Die Zeit, 22.02.1963","Namens einer Konferenz der CDU-Fraktionsführer in Bund und Ländern, die sich mit ""politisch bedeutsamen Teilen des Fernsehprogramms"" befaßt hatte, schrieb Hamburgs CDU-Fraktionschef Dr. Witten am 4. September in einem Brief an den NDR für dessen Verbreitung er sorgte, Kritik dürfe auf keinen Fall ""dazu mißbraucht werden, die Autorität staatlicher Institutionen systematisch auszuhöhlen"" und die ""Grundlagen unseres demokratischen Staates"" zu erschüttern."
"189","1967-12-15","Zeitung","Die Zeit, 15.12.1967","""Brasilien ist das Land der Zukunft und wird immer das Land der Zukunft bleiben."""
"190","1949-07-14","Zeitung","Die Zeit, 14.07.1949","Da zeigt sich, daß nach dem Kriege viele Leute aus den Großstädten als Flüchtlinge oder Ausgebombte aufs flache Land gerieten."
"191","1956-07-12","Zeitung","Die Zeit, 12.07.1956","In dieser Beziehung sind Nehru und seinem Lande zweifellos mehr Wirkungsmöglichkeiten gegeben als den Nationen, die durch den Krieg und seine Folgen (wie beispielsweise das gespaltene Deutschland) unmittelbar in die Auseinandersetzung der beiden Blöcke einbezogen sind."
"192","1961-06-23","Zeitung","Die Zeit, 23.06.1961","Die europäischen Länder hätten zwischen ihren Interessen und Beziehungen zu arabischen Staaten und einer Integration mit Israel zu wählen."
"193","1953-05-07","Zeitung","Die Zeit, 07.05.1953","Die überseeischen Länder schickten jedoch nicht nur ethnographische Kuriosa nach Bremen; sie schickten auch die Dinge, aus deren Summe das Elixier gebraut wird, von dem die Seele der Hafen- und Handelsstadt lebt -: die Rohstoffe."
"194","1959-11-06","Zeitung","Die Zeit, 06.11.1959","Wir müssen zuerst den Ländern mit Zahlungsbilanzschwierigkeiten helfen."""
"195","1966-07-29","Zeitung","Die Zeit, 29.07.1966","Die Verhaftung von Waldemar Wohlfahrt und die Aufhebung des Haftbefehls haben mir drastisch gezeigt, in welch einem gefährlichen Lande ich lebe."
"196","1947-08-07","Zeitung","Die Zeit, 07.08.1947","Neben den Ländern und Provinzen wurden Städte und Kreise, Konsumgenossenschaften und andere Organisationen von den Enteignungen begünstigt; so erwarben im Lande Sachsen die Städte und Kreise 278, Konsumgenossenschaften und andere Organisationen 101 Betriebe."
"197","1954-03-18","Zeitung","Die Zeit, 18.03.1954","Die fatale Drehscheibenlage zwischen Europa, Asien und Afrika machte dieses Land die Jahrtausende hindurch zum begehrten Objekt für alle imperialen Mächte, die ihre Hände nach dem Mittelmeer ausstreckten."
"198","1953-09-24","Zeitung","Die Zeit, 24.09.1953","Gerade in Frankreich steht es fest, daß vor allem der Staat als der größte Industrielle des Landes es in der Hand hat, mit Preisnachlässen allen voranzugehen, indem er die Preise seiner Dienstleistungen reduziert."
"199","1968-10-25","Zeitung","Die Zeit, 25.10.1968","Erst später wurde bekannt, daß es im Kabinett darüber Diskussionen gab, ob alle Minister oder nur eine Teil-Mannschaft im Westen des Landes eine Ersatzregierung bilden sollten."
"200","1950-11-23","Zeitung","Die Zeit, 23.11.1950","4000 Delegierte, darunter zahlreiche Vertreter aus westlichen Ländern, nehmen an ihm teil."
"201","1953-04-30","Zeitung","Die Zeit, 30.04.1953","Das ganze Land würde in finsterste Barbarei zurückfallen."
"202","1966-04-15","Zeitung","Die Zeit, 15.04.1966","Großbritannien ist eins der wenigen Länder, die keine Verfassung haben, und die britische Rechtsprechung beruht nicht auf kodifiziertem Recht, sondern auf Präzedenzfällen, das heißt auf den früheren Entscheidungen englischer Richter und Jurys, insbesondere auf den Kommentaren, mit denen die Richter ihre Urteilssprüche begründeten."
"203","1952-05-22","Zeitung","Die Zeit, 22.05.1952","Öl - Die Scheiks sind stark im Lande"
"204","1948-03-18","Zeitung","Die Zeit, 18.03.1948","Die Filmindustrie'sollte, wie das in kleineren europäischen Ländern noch immer geschieht, bei künstlerisch wertvollen Filmen aufdie Synchronisierung vernichten und dafür auf dem Textstreifen am unteren Rand des Films-die notwendigsten Stichworte bringen."
"205","1954-03-25","Zeitung","Die Zeit, 25.03.1954","was bliebe dann der Bank deutscher Länder, wenn sie aus irgendeinem Grund zu einer restriktiven Kreditpolitik übergehen müßte, anderes übrig, als ihre Dollarbonds im Wege der Offenmarktpolitik auch an Private zu verkaufen, um auf diese Weise Geld stillzulegen?"
"206","1965-02-05","Zeitung","Die Zeit, 05.02.1965","Vor allem über Anlagen, die durch Atomenergie betrieben werden, wollen die beiden Länder Informationen austauschen."
"207","1957-06-20","Zeitung","Die Zeit, 20.06.1957","Die Epidemie hat fast alle fernöstlichen Länder erfaßt."
"208","1953-11-05","Zeitung","Die Zeit, 05.11.1953","Die nordamerikanische Wirtschaft litt seit längerem unter dem durch die Politik bewirkten Exportausschluß eines Landes, das zu Zeiten des Aufbaus seiner nationalen Industrien während des ersten Fünfjahrplanes die mannigfachsten Ausfuhrmöglichkeiten bot."
"209","1952-07-24","Zeitung","Die Zeit, 24.07.1952","Hier treffen sich maßgebliche Vertreter von 51 lutherischen Kirchen aus 24 Ländern, um ihre Arbeit zu besprechen."
"210","1966-08-12","Zeitung","Die Zeit, 12.08.1966","Es ist nicht wahr, daß er sich nur dem eigenen Land verpflichtet wußte."
"211","1947-10-16","Zeitung","Die Zeit, 16.10.1947","Als China 1945 siegreich aus dem achtjährigen Krieg mit Japan hervorging, war ihm die Möglichkeit geboten, als eine der fünf Großmächte die führende Rolle in Ostasien zu übernehmen; Die Epoche der japanischem Vorherrschaft war vorüber, Japan als besiegtes und besetztes Land von der politischen Bühne für längere Zeit - so mußte man annehmen - ausgeschlossen."
"212","1965-09-24","Zeitung","Die Zeit, 24.09.1965","Ein Land, in dem es vergleichsweise mehr Ordnung, mehr Stetigkeit und mehr Freiheit gibt als in den meisten anderen Ländern dieses Kontinents."
"213","1953-08-20","Zeitung","Die Zeit, 20.08.1953","Am 9. September 1803 wurden, dank der damals geschaffenen Neuordnung der Länder, eine Reihe säkularisierter Stifts- und Klosterbibliotheken mit der Jesuiten- und späteren Universitätsbibliothek von Bamberg vereinigt."
"214","1967-07-28","Zeitung","Die Zeit, 28.07.1967","Er bezeichnete das Bündnis mit den sozialistischen Ländern als ein ""zentrales Element"" seiner Politik."
"215","1951-12-27","Zeitung","Die Zeit, 27.12.1951","Außerhalb stehende Länder haben bereits auf die Gefahren hingewiesen, die in dieser Entwicklung liegen können."
"216","1963-10-11","Zeitung","Die Zeit, 11.10.1963","Juan Bosch gelang es indes nicht, die konservativen Kräfte im Lande - die kleine soziale Oberschicht, die Kirche und die amerikanischen Investoren, die einst mit dem Diktator Trujillo paktierten - für sein Reformprogramm zu gewinnen."
"217","1965-07-02","Zeitung","Die Zeit, 02.07.1965","Die Verschmelzung in der EWG ist bereits soweit fortgeschritten, daß für jedes Land heute Stillstand praktisch Rückschritt bedeuten würde."
"218","1964-04-17","Zeitung","Die Zeit, 17.04.1964","Ich bin viele Tage als Gast der Regierung mit wohlwollend dargebotenem Komfort bequem durch das Land gereist, von Eilat am Roten Meer bis Nordgaliläa, von der Mittelmeerküste bis zum Toten Meer."
"219","1966-07-29","Zeitung","Die Zeit, 29.07.1966","Steuererhöhungen können wir uns als höchstbesteuertes Land nicht erlauben, steuerliche Überforderungen bewirken Rückgang der Wirtschaftstätigkeit und Verminderung der Steuereinnahmen."
"220","1969-08-08","Zeitung","Die Zeit, 08.08.1969","Der einzige in den Oststaaten amtierende chinesische Botschafter residiert in Bukarest und auch die einzige diplomatische Vertretung, die Israel in irgendeinem kommunistischen Land unterhält; es gibt hier ferner, wie man weiß, zwei deutsche Botschafter, und schließlich ist Rumänien neben Bulgarien das einzige Satellitenland, in dem keine sowjetischen Truppen stationiert sind."
"221","1955-09-22","Zeitung","Die Zeit, 22.09.1955","Es gibt selten ein Land, das wie Italien auch in kleinen Städten so modern versorgte und reichhaltige Bücherläden aufweisen kann, in denen die Neuerscheinungen des Weltmarktes von Hemmingway bis Sartre zu finden wären - kaum ein Land, das über so viele private oder öffentliche Initiativen zur Prämiierung einheimischer Schriftsteller verfügt und ."
"222","1960-10-07","Zeitung","Die Zeit, 07.10.1960","Bauer Werscheidt zeigt ihn stolz und gern und - wie er sagt - zum 500. Male: ""Leute aus aller Herren Länder waren hier..."""
"223","1956-06-14","Zeitung","Die Zeit, 14.06.1956","Sie erhielten dafür Ausgleichsforderungen gegenüber den Ländern."
"224","1958-05-01","Zeitung","Die Zeit, 01.05.1958","Die privaten Hypothekenbanken haben sich in ihrer Mehrzahl noch einmal gegen die vorschnelle Einführung eines 6 1/2prozentigen Typs ausgesprochen - und angesichts des hohen Anleihebedarfs, den Bund, Länder und kommunale Stellen angemeldet haben, würde es auch kaum anhängig sein, den Anleihezins von 7 auf 6 1/2 v. H. jetzt schon zurückzunehmen."
"225","1952-11-20","Zeitung","Die Zeit, 20.11.1952","Nach sieben Jahren halten die Befreiungsarmeen immer noch das Land besetzt."
"226","1967-12-22","Zeitung","Die Zeit, 22.12.1967","Trotz seines gewaltigen Grundbesitzes in Griechenland ist König Konstantin nicht der reichste Mann seines Landes."
"227","1956-06-14","Zeitung","Die Zeit, 14.06.1956","Die Einstellung der Länder zum Gesamtproblem der Steuerentlastung gibt eine gewisse Hoffnung, daß sich ein Mittragen des Notopferausfalls durch die Länder erreichen läßt."
"228","1953-04-30","Zeitung","Die Zeit, 30.04.1953","Von jeher lebte der Stamm auf sorgfältig abgegrenzten Parzellen, die im persönlichen Besitz einzelner waren, und nicht wie ihre nomadisierenden Hirtennachbarn, die Masais, in gemeinschaftlicher und unbegrenzter Benutzung des Landes."
"229","1962-03-09","Zeitung","Die Zeit, 09.03.1962","Gemäß dem agrarischen Charakter des Landes und seiner begrenzten Standortmöglichkeiten konnten sich aber hier nur Bekleidungsindustrien entwickeln, darunter ein aus Berlin geflohener Betrieb in Kap-, peln an der Schlei, der inzwischen eine solche Produktion entfaltete, daß er in seiner Spezialfertigung in der Bundesrepublik an der Spitze steht."
"230","1948-07-22","Zeitung","Die Zeit, 22.07.1948","Mehr als Deutschland erweistsich die Tschechoslowakei als ein Land zwischen Ost und West."
"231","1955-03-10","Zeitung","Die Zeit, 10.03.1955","Außer an seinem Geburtstag und dem seiner längst gehörlosen Mutter erlaubte Paronne makellose Musikdarbietungen nur in seinem Heimatdorf, einem Flecken von 140 Einwohnern: wer immer im Lande gute Musik hören wollte, mußte in dies abgelegene Nest reisen, das vermöge dieses Vorzugs zu nie geahnter wirtschaftlicher Blüte kam."
"232","1950-11-30","Zeitung","Die Zeit, 30.11.1950","Am schärfsten prägen sich diese Vorgänge in den Ländern aus, in denen weder eine dem Privateigentum angemessene Marktordnung geschaffen, noch eine volle Sozialisierung durchgeführt worden ist."
"233","1969-02-21","Zeitung","Die Zeit, 21.02.1969","Nur das Studium der Quellen aus allen Ländern, die betroffen waren, machte es möglich, den Beginn des sowjetisch-chinesischen Konflikts zu erkennen."
"234","1961-05-12","Zeitung","Die Zeit, 12.05.1961","Der Prinzregent spürte die furchtbare Verantwortung vor seinem Lande."
"235","1965-11-26","Zeitung","Die Zeit, 26.11.1965","Vorsteher einer winzigen Amtskanzlei, Chef eines Nebenstrecke der Mafia, Bahnhofsvorstand einer Nebenstrecke oder Bürgermeister eines Gebirgsorts, würden einen Menschen in den meisten anderen Ländern ohne Schwierigkeiten zum Außenminister, Günstling der Königin, zum Chef des Stabes oder zum Präsidenten der Republik machen."""
"236","1948-01-15","Zeitung","Die Zeit, 15.01.1948","Das Ballett hat in Deutschland niemals die gleiche Rolle gespielt wie in den angelsächsischen. oder romanischen Ländern."
"237","1967-05-26","Zeitung","Die Zeit, 26.05.1967","Inmitten der Euphorie des fast nur im Westen geführten christlich-marxistischen Gesprächs an die realen Verhältnisse in den marxistisch regierten Ländern zu erinnern, mag der nicht zu unterschätzende Nutzen dieser sich nüchtern auf Information beschränkenden Schrift sein. G.-K. K."
"238","1956-04-05","Zeitung","Die Zeit, 05.04.1956","Vor einem Jahr unterhielten sich die Führer des deutschen Turnens und Sports in Koblenz mit den Kultusministern der Länder und vereinbarten, eine große Kundgebung am Jahresende zu veranstalten, auf der ein umfassender Reorganisationsplan des Schulsports und -turnens der Öffentlichkeit vorgelegt werden sollte."
"239","1949-12-29","Zeitung","Die Zeit, 29.12.1949","Land A erhielt, obwohl vielleicht in Land C Gummi um ein Drittel billiger war."
"240","1954-09-30","Zeitung","Die Zeit, 30.09.1954","Und welch; deutsche Regierung hätte dem französischen Parlament die Entscheidung abnehmen dürfen, diese großen Pläne gegen die Wünsche von fünf europäischen Ländern abzulehnen?"
"241","1967-03-17","Zeitung","Die Zeit, 17.03.1967","Es wurden vor allem Erhöhungen der Einkommensteuer beschlossen, die in einigen Ländern bereits relativ noch lag, ohne daß es dadurch gelungen wäre, die Steuereinnahmen wesentlich zu steigern."
"242","1950-06-29","Zeitung","Die Zeit, 29.06.1950","Mehr und mehr zeigt ein Rundgang durch die zahlreichen Pavillons, wie sehr heute die abendländische Welt bereits zur Einheit geworden ist, wie wenig die im neunzehnten Jahrhundert so wichtig gewordenen nationalen Besonderheiten heute noch etwas Trennendes darstellen und wie deutlich sich in allen Ländern dieselben Fragen präsentieren - im Künstlerischen sowohl, wie im Menschlichen."
"243","1965-01-01","Zeitung","Die Zeit, 01.01.1965","Dieser Verantwortung können die sechs Länder nur genügen, wenn sie auf der Grundlage einer gemeinsamen Konzeption eine einheitliche Wirtschafts- und Konjunkturpolitik betreiben."
"244","1959-09-18","Zeitung","Die Zeit, 18.09.1959","Und eine Anzahl anderer Länder sehen ihn unverhohlen lieber gehen als kommen."
"245","1952-10-16","Zeitung","Die Zeit, 16.10.1952","3. Die Bundesstelle müßte alle in Frage kommenden amtlichen Stellen, wie Bundeswirtschaftsministerium, Bank deutscher Länder und Bundesfinanzministerium, über das Ergebnis ihrer Zusammenstellungen auf dem laufenden halten, ebenso wie das Bundeswirtschaftsministerium die Bank deutscher Länder über die Lizenzausgabe der ausländischen Handelsvertragspartner zu unterrichten hätte."
"246","1956-08-09","Zeitung","Die Zeit, 09.08.1956","In ihrem neuesten Monatsbericht bezeichnet die Bank deutscher Länder das Aktivgeschäft der Banken als ""bemerkenswert zurückhaltend"", wie auch die Expansion der kurzfristigen Bankkredite, die bis Mai verhältnismäßig stark gewesen sei, neuerdings nachgelassen habe."
"247","1952-07-10","Zeitung","Die Zeit, 10.07.1952","""Jedenfalls"", so sagte ein Kenner, ""hat Malente die meisten Ausländer-Übernachtungen unseres Landes."""
"248","1968-03-15","Zeitung","Die Zeit, 15.03.1968","Während Länder mit Farbfernsehen - von den USA bis zum Libanon - England viel Geld für diesen Film bezahlten, wurden die Beatles in ihrem eigenen Land ein Opfer der Unbarmherzigkeit der Programmgestalter."
"249","1966-09-09","Zeitung","Die Zeit, 09.09.1966","Zweitens: die sowjetische Führung stehe unter einem gewissen innenpolitischen Druck, weil es den Sowjetbürgern nicht verborgen geblieben sei, daß der Lebensstandard heute in allen verbündeten Ländern Osteuropas höher ist als in der Sowjetunion - und am höchsten in der DDR."
"250","1953-04-16","Zeitung","Die Zeit, 16.04.1953","Das sagenhafte Kalifornien etwa ist ein Land von dem l,5 fachen Umfang der Bundesrepublik."
"251","1969-03-07","Zeitung","Die Zeit, 07.03.1969","Es sei erstaunlich, daß sich bei elf Vertretern des Bundestages, der sich eindeutig für das Reformwerk entschieden habe, und den Vertretern von vier armen Ländern, die sich ebenfalls für das Reformwerk stark gemacht hätten, im Vermittlungsausschuß keine Mehrheit für die Reform gefunden habe."
"252","1965-10-15","Zeitung","Die Zeit, 15.10.1965","Präsident Ayub Khan würde sich im Lande scharfer Kritik stellen müssen - dem Vorwurf, leichtfertig den Krieg entfesselt und einen demütigenden Waffenstillstand akzeptiert zu haben."
"253","1954-07-15","Zeitung","Die Zeit, 15.07.1954","Vielleicht werden der Irak und die betreffenden anderen Länder mit der Zeit ihre Einstellung zum unbedingt unabhängigen Beratungsunternehmen modifizieren."
"254","1960-04-15","Zeitung","Die Zeit, 15.04.1960","Merkwürdig, da kommt man in ein Land, das die Devise Partnerschaft in seiner Verfassung verankert hat, ist ganz gespannt darauf, wie diese so einleuchtende Patentlösung wohl funktioniere, und muß dann feststellen, daß das Ganze einfach ein Betrug ist..."
"255","1966-04-01","Zeitung","Die Zeit, 01.04.1966","In keinem anderen Land der Welt wurde die französische Literatur so begierig, ja leidenschaftlich aufgenommen wie in Deutschland nach 1945."
"256","1949-03-24","Zeitung","Die Zeit, 24.03.1949","Wie in allem, so ist er auch hier in seinem Urteil eher vorsichtig als voreilige Aber man kann, wenn man sehenden Blicks Land und Leute zu beobachten versteht, auch in sechs; Tagen allerlei Interessantes feststellen."
"257","1969-07-25","Zeitung","Die Zeit, 25.07.1969","Die Vorlage wendet sich gegen das bestehende Verbot, an ein kommunistisches Land Güter zu liefern, die sein wirtschaftliches und militärisches Potential stärken könnten."
"258","1955-10-20","Zeitung","Die Zeit, 20.10.1955","Die Haussa in Nord- . nigerien wünschen schon heute nichts sehnlicher, als daß die Engländer im Lande blieben und sie nicht den übermächtigen Yoruba im Südwesten überließen."
"259","1960-01-08","Zeitung","Die Zeit, 08.01.1960","Vielleicht sollten die Chefs der deutschen Länder darüber nachdenken, ob nicht die Stunde für ein Unterrichts Ministerium des Bundes gekommen ist."
"260","1969-11-28","Zeitung","Die Zeit, 28.11.1969","Dazu reichen die Kräfte unseres Landes nicht aus."
"261","1967-05-12","Zeitung","Die Zeit, 12.05.1967","Der Aufbau von Schlüsselindustrien und eine verbesserte Infrastruktur sollen das Land auf seinem Sprung nach vorn befördern."
"262","1950-02-02","Zeitung","Die Zeit, 02.02.1950","Und je schwieriger die wirtschaftliche Lage ist, in die ein Land durch Krieg und Kriegsfolgen geraten ist, um so wichtiger wird es, daß die Wirtschaftspolitik nicht nur von der Güterseite, sondern zugleich von der Geld- und Kapitalseite her begriffen und gestaltet wird Beide gehören sachlich zusammen."
"263","1964-01-03","Zeitung","Die Zeit, 03.01.1964","Und im warmen Schwimmbassin der schönen Marion tummeln sich heute - Primaner aus sechzehn Ländern."
"264","1955-03-17","Zeitung","Die Zeit, 17.03.1955","Die von Japan im Kriege besetzten Länder verlangen Reparationen, und bevor darüber Vereinbarungen getroffen sind, sperren sie ihre Grenzen weitgehend gegen japanische Waren."
"265","1961-12-29","Zeitung","Die Zeit, 29.12.1961","Zusammenfassend läßt sich sagen, daß nicht nur in den westeuropäischen Ländern, sondern auch in den Staaten des Ostblocks das Bestreben zur Versorgung von Industrie, Handwerk und Haushalten mit möglichst billiger Energie zu einer enormen Intensivierung der Erdgasförderung geführt hat."
"266","1950-08-17","Zeitung","Die Zeit, 17.08.1950","Man ist ganz allgemein in den westlichen Ländern verblüfft über die mangelnde Bereitschaft der deutschen Bundesrepublik, sich aufrüsten zu lassen."
"267","1963-02-08","Zeitung","Die Zeit, 08.02.1963","Das zwanzigste Jahrhundert wird dadurch charakterisiert, daß nun, wie niemals sonst, die Schicksale aller Länder, der großen wie der kleinen, miteinander verflochten sind."
"268","1959-09-11","Zeitung","Die Zeit, 11.09.1959","Die Minister, die heute in all diesen Ländern regieren, haben - wahrscheinlich in der Mehrzahl - viele Jahre lang als Nationalisten oder Sozialrevolutionäre, jedenfalls aber als Aufrührer gegen das System der Kolonialherrschaft hinter Gittern verbracht."
"269","1950-08-24","Zeitung","Die Zeit, 24.08.1950","Das gilt als ziemlich peinlich in diesem Lande, wo der Erfolg höchstes Gebot ist."
"270","1954-10-21","Zeitung","Die Zeit, 21.10.1954","Wie ganz anders sorgt da die Regierung der sozialistischen Sowjetunion für die Völker im Norden ihres Landes..."""
"271","1950-09-14","Zeitung","Die Zeit, 14.09.1950","Wichtiger aber ist das dritte Organ des Schuman-Flanes, auf dessen Errichtung vor allem die Benduxländer gedrängt haben: der Ministerausschuß, in den jedes Land einen Minister entsendet."
"272","1947-10-02","Zeitung","Die Zeit, 02.10.1947","Das bedeutet für den einzelnen siedlungslustigen Arbeiter und Angestellten, daß er nahe der Stadt und bei entsprechender Verlagerung der Klein- und Mittelindustrie in verkehrsgünstige Gegenden des Landes nahe seiner Fabrik erst einmal sein Berufseinkommen wie jeder andere und zum andern seinen Nebenerwerbshof - als vergrößerten Schrebergarten, mit einer Kuh - hat, der ebensoviel einbringt wie das Berufseinkommen, so daß er zum krisenfesten und altersversorgten Doppelverdiener wird."
"273","1966-10-07","Zeitung","Die Zeit, 07.10.1966","In der Stadt Bayonne im Bundesstaat New Jersey, die mit zum Hafengebiet von Groß-New York gehört, gründete er die Allied Crude Vegetable Oil Refining Corporation (kurz ""Allied"" genannt), die es sich zur Aufgabe setzte, das große Sojabohnenangebot im Lande aufzukaufen, zu verarbeiten und dann als Speiseöl im Ausland abzusetzen."
"274","1965-07-23","Zeitung","Die Zeit, 23.07.1965","Zwölf Jahre lang hatte er sein Land mit harter Hand und wenig demokratischen Methoden regiert; 1960 mußte er zurücktreten."
"275","1968-10-18","Zeitung","Die Zeit, 18.10.1968","Eine prononcierte Linksregierung hat das Land noch nie besessen."
"276","1955-07-21","Zeitung","Die Zeit, 21.07.1955","Über diesem Lande liegt eine tiefe Melancholie, die fast beklemmend wirkt."
"277","1951-10-04","Zeitung","Die Zeit, 04.10.1951","Es ist ein Land, für das gebetet wird mitten in der Arbeit, in dem das Gebet unwiderstehlich hinüberschweift zur Arbeit; im Grunde biblisches Land, umschattet und belichtet, heimgesucht wie die Seele des Menschen und wieder überschüttet von den Gewalten des Himmels."
"278","1954-08-19","Zeitung","Die Zeit, 19.08.1954","Das Land Niedersachsen erhält als Entschädigung für Arbeiten, die seine Steuerverwaltung für den Bund, für die öffentlichen Religionsgesellschaften und einige andere Stellen leistet, recht hohe Vergütungen."
"279","1958-07-24","Zeitung","Die Zeit, 24.07.1958","Bei der starken Abhängigkeit der einzelnen Länder von einzelnen Rohstoffen hält es schwer, die wechselnden Einflüsse zu isolieren."
"280","1961-03-10","Zeitung","Die Zeit, 10.03.1961","Man hat mit Recht viel von der wirtschaftlichen Wiederbelebung in den Ländern gesprochen, die der Krieg ruiniert hatte, von Deutschland und von Japan."
"281","1957-12-26","Zeitung","Die Zeit, 26.12.1957","Der Kalte Krieg der Großmächte trägt das seine dazu bei, mit seiner Paktpolitik diese Entwicklung zu fördern, indem er die Gegensätze zwischen den asiatischen Mitgliedstaaten von Verteidigungsallianzen und den neutralen Ländern weiter verschärft."
"282","1949-07-07","Zeitung","Die Zeit, 07.07.1949","Spanien ist das einzige Land der Welt, das niemals von fremden Eroberern völlig unterworfen wurde."
"283","1962-11-09","Zeitung","Die Zeit, 09.11.1962","Wer auch immer diese Untersuchung durchführt - es muß dabei klargestellt werden, ob in diesem Lande eine Verhaftung nur von einer dazu gesetzlich legitimierten Amtsperson oder auch von Unbefugten veranlaßt oder durchgeführt werden kann."
"284","1968-11-08","Zeitung","Die Zeit, 08.11.1968","""Und Indien"", fragte er erwartungsvoll, ""welches Kunstwerk hat Sie in Indien am meisten beeindruckt Ich stand am Beginn meiner Reise durch das Land und mußte gestehen, daß ich, abgesehen davon, daß meine Auswahl sehr persönlich ist, bei drei Zwischenlandungen in Delhi in früheren Jahren es niemals geschafft hatte, auszusteigen und dazubleiben, nicht nur aus Zeitmangel, es war vielmehr eine Kapitulation vor der verwirrenden Fülle der Erlebnisse und Probleme, die in diesem Land auf den Reisenden einstürmen."
"285","1965-02-12","Zeitung","Die Zeit, 12.02.1965","Setzen wir diese Waffentransporte fort, dann erleichtern wir Nasser das Spiel, das er mit den anderen arabischen Ländern gegen uns in Gang bringen möchte."
"286","1956-11-15","Zeitung","Die Zeit, 15.11.1956","Auf das Ersuchen der ungarischen Regierung hin vereinigten sich die sowjetischen Truppen mit ihren ungarischen Waffenbrüdern und vergossen auch dieses Mal wieder ihr Blut, um das Land und die Menschen vor der Reaktion zu bewahren."
"287","1959-08-21","Zeitung","Die Zeit, 21.08.1959","Wie stark jedoch dieses Zonenrandgebiet schon aufgeholt hat, das zeigt auch die enorme Entwicklung dieser Regionalbank, deren Grundkapital von 10 Mill. DM sich im Eigentum des Landes Niedersachsen befindet."
"288","1958-10-16","Zeitung","Die Zeit, 16.10.1958","Angehörige mächtiger Länder kommen, da man internationale politische Komplikationen zu verleiden trachtet, so gut wie nicht in Frage."
"289","1958-06-12","Zeitung","Die Zeit, 12.06.1958","Ähnlich wie in der Südafrikanischen Union standen die Weißen Süd-Rhodesiens auf dem durchaus begreiflichen Standpunkt, daß die gesamte Entwicklung ihrer neuen Heimat, daß all die Einrichtungen und Errungenschaften, die das Land im Sinne Europas wertvoll machten, ausschließlich das Werk der Weißen wären."
"290","1948-06-03","Zeitung","Die Zeit, 03.06.1948","Wenn man ein einheitliches Europa will, dann muß der Lebensstandard seiner Bewohner einigermaßen gleich sein, zumindest dürfte er in keinem der zugehörigen Länder so weit absinken, daß man von einem menschenwürdigen Dasein nicht mehr sprechen kann."
"291","1959-12-04","Zeitung","Die Zeit, 04.12.1959","Schließlich, während Ludin nach seiner Auslieferung an die Tschechoslowakei hingerichtet wurde, diente Scheringer als Staatssekretär dem bayerischen Lande - ein paar Tage nur, denn länger wurden Kommunisten dort nicht in der Regierung geduldet."
"292","1968-09-20","Zeitung","Die Zeit, 20.09.1968","Schiller, der von seinem Parlamentarischen Staatssekretär Arndt begleitet wurde, regte in Zagreb neue Wirtschaftsgespräche zwischen beiden Ländern an."
"293","1958-08-21","Zeitung","Die Zeit, 21.08.1958","In jedem Land der Bundesrepublik bestehen unterschiedliche Landesgesetze über Kirchensteuern, wie auch die Steuersätze verschieden sind."
"294","1959-12-11","Zeitung","Die Zeit, 11.12.1959","Seinen Morgen Land verkaufte er an den Flüchtling Most."
"295","1959-10-09","Zeitung","Die Zeit, 09.10.1959","... daß der niedersächsische Landwirtschaftsminister Kubel die landwirtschaftlichen Regiebetriebe des Landes veranlagt hat, den Verkaufspreis für Speisekartoffeln um eine Mark unter dem jeweiligen Erzeugermarktpreis zu halten."
"296","1958-07-24","Zeitung","Die Zeit, 24.07.1958","Aber während der finanzielle Segen aus den Ölquellen im Irak der wirtschaftlichen Entwicklung des Landes dient, zerrinnen die Millionen in Ibn Sauds Taschen wie in einem Sieb."
"297","1969-12-19","Zeitung","Die Zeit, 19.12.1969","Ein Bürgerkrieg zwischen den beiden größten, miteinander rivalisierenden Stämmen drohte das Land ins Chaos zu stürzen."
"298","1959-09-04","Zeitung","Die Zeit, 04.09.1959","Das könnte natürlich anders werden, wenn General de Gaulle wider Erwarten doch noch die Rolle ausfüllen würde, die er sich selbst seinerzeit in seiner Verfassung vorgezeichnet hat: nämlich die Politik des Landes zu bestimmen."
"299","1965-06-25","Zeitung","Die Zeit, 25.06.1965","Ungefähr 55 Prozent der Bevölkerung des ganzen Landes steht unter Regierungskontrolle, aber nur etwa ein Drittel der Fläche gilt als einigermaßen sicher."
"300","1948-09-02","Zeitung","Die Zeit, 02.09.1948","Bei Glühbirnen teilt Frankfurt entsprechend den Produktionsmeldungen der Erzeuger den Ländern Kontingente zu."
"301","1968-01-26","Zeitung","Die Zeit, 26.01.1968","""Heute spricht man, wenn man von damals redet, vom sozialistischen Frühlingssturm' auf dem Lande"", meint sie und lächelt dabei vielsagend."
"302","1961-12-29","Zeitung","Die Zeit, 29.12.1961","Nachdem ich den Federhalter zur Seite gelegt hatte, schritt ich ein paarmal in einem berceau, einem gewölbten Akaziengange, von dem aus ich das weite Land, den See und die Berge überblicken konnte, auf und nieder."
"303","1965-06-25","Zeitung","Die Zeit, 25.06.1965","Eine starke Gemeinschaft bleibt in der Sprache gegeben, wenn sie auch in den beiden Teilen unseres Landes verschiedenen Einflüssen unterliegt:"
"304","1968-05-24","Zeitung","Die Zeit, 24.05.1968","Die ""Open-End""-Idee, aus den USA importiert, ist damit allerdings zusehends aufgegeben worden - aber dies ist offenbar kein Land für zwangslose Improvisationen."
"305","1958-11-06","Zeitung","Die Zeit, 06.11.1958","Unser Bonner Korrespondent Robert Strobel begleitet Bundeswirtschaftsminister Erhard auf seiner Reise durch acht asiatische Länder."
"306","1969-05-09","Zeitung","Die Zeit, 09.05.1969","Sie drohen mit Schlepperdemonstrationen und Streik, wenn ihnen noch einmal etwa 700 Hektar Land, und zwar anerkanntermaßen guter Ackerboden, weggenommen werden soll."
"307","1959-10-16","Zeitung","Die Zeit, 16.10.1959","Im ganzen Land wurde eine nächtliche Ausgangssperre verhängt."
"308","1968-12-13","Zeitung","Die Zeit, 13.12.1968","Das Aufregendste an jedem Israel-Besuch aber ist natürlich doch: zu sehen, wie Zeitungsmeldungen konkrete Gestalt annehmen; wie aus Namen Landschaften und Orte werden; wie resümierende Berichte sich auffächern in individuelle Meinungen und Lebensweisen; wie ein aus über einem halben Hundert Ländern zusammengeströmtes Volk sich bemüht, eine nationale Identität zu gewinnen und sich gegen die Todfeindschaft der umliegenden Länder zu behaupten."
"309","1965-12-03","Zeitung","Die Zeit, 03.12.1965","Wenn das Land A ein Raketenabwehrsystem besitzt, dann kann es straflos einen Raketenangriff auf das Land B unternehmen."
"310","1953-04-30","Zeitung","Die Zeit, 30.04.1953","Als am 21. Juni 1948 die Bank deutscher Länder ihre DMark-Rechnung eröffnete, standen auf der Aktivaseite praktisch nur 5,4 Mrd."
"311","1962-11-09","Zeitung","Die Zeit, 09.11.1962","Und die deutsche Bundesbank schrieb in ihrem letzten Jahresbericht, ""prospektive volkswirtschaftliche Gesamtrechnungen sollten nach dem Beispiel anderer Länder (Frankreichs, Hollands) der Öffentlichkeit klar vor Augen führen, welche reale Expansion des Sozialprodukts erreichbar erscheint""."
"312","1959-06-19","Zeitung","Die Zeit, 19.06.1959","Es will etwas besagen, daß man in dem Lande, das wir als Hort der Wirtschaftsfreiheit zu betrachten gewohnt sind, aus den Zusammenbrüchen von 1929 diese Lehre gezogen hat, und daß die Tätigkeit dieser Kommission vornehmlich (aber nicht ausschließlich) zum Schutz der kleinen Aktionäre längst unentbehrlich im amerikanischen Aktienrecht geworden ist!"
"313","1957-05-30","Zeitung","Die Zeit, 30.05.1957","Oder: ""Als Kriegsteilnehmer hatte er nur eine Hand verloren; erst in dem Lande, das er verteidigt hatte, nahm man ihn das Leben."""
"314","1967-09-08","Zeitung","Die Zeit, 08.09.1967","The country, nähere the action is - das Land, in dem was los ist."
"315","1951-11-29","Zeitung","Die Zeit, 29.11.1951","Und noch müssen selbst Länder, die uns gern die Niederlassung einräumen würden, vorsichtig sein, um nicht andere Partner vor den Kopf zu stoßen."
"316","1965-09-17","Zeitung","Die Zeit, 17.09.1965","Gießen will die Chance des Neubeginns konsequent nutzen, das Land Hessen fördert mit der neuen Fakultät ganz bewußt die Reform des rechts- und wirtschaftswissenschaftlichen Studiums."
"317","1964-10-23","Zeitung","Die Zeit, 23.10.1964","Er weiß zu gut, daß sich ein Land wie die Vereinigten Staaten, das traditionell unter dem Primat der Innenpolitik stand, nur schwer in die neue weltpolitische Lage finden konnte."
"318","1968-08-30","Zeitung","Die Zeit, 30.08.1968","Die progressive Intelligenz in den sozialistischen Ländern denkt nicht anders, nur kommt sie vorläufig nicht zu Wort."
"319","1961-06-16","Zeitung","Die Zeit, 16.06.1961","Schon deshalb wird die ""Neue Technik"" - dies der Fachausdruck in Amerika, in dem hierin am weitesten fortgeschrittenen Lande - auch für uns Europäer unausweichlich sein."
"320","1968-03-08","Zeitung","Die Zeit, 08.03.1968","Die 1945 'unter polnische Verwaltung' gestellten Gebiete sind inzwischen von Polen bewohnt und in das Land und die Staatsordnung Polens integriert."
"321","1965-01-22","Zeitung","Die Zeit, 22.01.1965","Minister und deren Stellvertreter, Professoren (Demonstrationschirurgen) und Gesundheitsfunktionare reisen als ,fliegende Botschafter"" unermiidlich von Land zu Land, laden Geschenke ab und nebenbei noch ein Biindel Zonenpropaganda."
"322","1967-03-10","Zeitung","Die Zeit, 10.03.1967","Bartolome de Las Casas: ""Kurzgefaßter Bericht von der Verwüstung der Westindischen Länder"", herausgegeben von Hans Magnus Enzensberger, aus dem Spanischen von D. W. Andrea; Sammlung insel 23, Insel Verlag, Frankfurt; 165 S., 7,- DM."
"323","1950-07-13","Zeitung","Die Zeit, 13.07.1950","Und wenn man von den Weserhöhen den Dampfern und Schleppern nachblickt, fällt es einem wie von selbst ein, daß diese Erde viele Dichterheimaten birgt: neben Wilhelm Raabe haben Konrad Beste, Hoffmann von Fallersleben, Bernhard Flemes, Friedrich Wilhelm Weber, Annette von Droste-Hülshoff, Hans Grimm, Hermann Löns, Heinrich Sohnrey und Joachim Heinrich Campe dieses Land geliebt, von jenem Lügenbaron von Bodenwerder einmal ganz abgesehen."
"324","1952-12-18","Zeitung","Die Zeit, 18.12.1952","Wie sieht es bei den Ländern aus?"
"325","1966-12-30","Zeitung","Die Zeit, 30.12.1966","Daß sie sich ausgerechnet diese Gelegenheit ausgesucht haben sollte, um kurz vor der Hochzeit sich und ihren Bräutigam durch Spionagetätigkeit in Gefahr zu bringen, noch dazu für ein Land, das sie ja verlassen wollte, ist unwahrscheinlich."
"326","1963-11-01","Zeitung","Die Zeit, 01.11.1963","Die Theorie von den zwei verschiedenen Ländern, von denen das eine unschuldig an dem ist, was das andere getan hat, wurde in allen nur denkbaren Lesarten und Schattierungen verbreitet, und wenn man von Verantwortung sprach, so war es immer die der anderen und belastete nie das eigene Gewissen."
"327","1954-07-01","Zeitung","Die Zeit, 01.07.1954","Ende Mai veröffentlichte der Pariser Verlag Ode in seiner Reihe ""Le Monde en Couleurs"" (die Reisebücher über viele europäische Länder, Afrika und Amerika enthält) ein Reisebuch über Deutschland mit dem Untertitel ""Vom Rheingold zum Ruhrstahl""."
"328","1961-08-18","Zeitung","Die Zeit, 18.08.1961","Er hatte abgelehnt: die ""abweisende Haltung Englands gegenüber den Deutschen"", ""Frankreichs Drang zur Rheingrenze"", ""Italiens Haltung gegenüber seinen Bundespartnern am Ersten und Zweiten Weltkrieg"" und ""die Diebstähle der östlichen Länder an deutschem Gebiet"", ferner ""den Beschluß Churchills, Bomben auf deutsches Hinterland zu werfen""."
"329","1961-08-18","Zeitung","Die Zeit, 18.08.1961","Reiche südamerikanische Länder werden mit typischen Entwicklungsgebieten vermischt."
"330","1952-01-03","Zeitung","Die Zeit, 03.01.1952","Es sind also rund 26000 Flüchtlinge aus den genannten Ländern außerhalb der staatlich gelenkten Umsiedlung nach Nordrhein-Westfalen gekommen."
"331","1966-05-13","Zeitung","Die Zeit, 13.05.1966","Welchen Platz nimmt Ihr Land in dieser Skala ein?"""
"332","1965-02-05","Zeitung","Die Zeit, 05.02.1965","Die Bundesrepublik sei das einzige Land, schrieb die britische Wirtschaftszeitschrift ""Economist"", das ohne Wissenschaft prosperierte."
"333","1955-06-16","Zeitung","Die Zeit, 16.06.1955","Eine Funkreportage aus dem ""Zerrissenen Land am Eisernen Vorhang"". - 17.25 aus München:"
"334","1969-03-14","Zeitung","Die Zeit, 14.03.1969","Henze war sechsmal, Varese und Penderecki waren viermal, Boulez und Lutoslawski dreimal, Berio und Ligeti zweimal, John Cage einmal und Karlheinz Stockhausen niemals zu hören. Henze (1956), Penderecki (1966) und Stockhausen (1968) sind Träger des Großen Kunstpreises des Landes Nordrhein-Westfalen."
"335","1968-12-13","Zeitung","Die Zeit, 13.12.1968","In Italien steht diese Industrie in der Furcht des Fiat-Herrn, wenn er sie nicht ohnehin besitzt; und bei der Verzweigtheit dieses Geschäfts bedeutet das, daß Gianni Agnelli, der Herrscher von Turin, fast allmächtig ist in diesem Lande - bis auf den Bereich Alfa Romeo."
"336","1965-07-30","Zeitung","Die Zeit, 30.07.1965","Jede Exportzunahme bringt Devisen, die man dringend zum Einkauf der Investitionsgüter benötigt, mit denen das Land industrialisiert werden soll."
"337","1961-09-22","Zeitung","Die Zeit, 22.09.1961","Wegen der strukturellen und geographischen Unterschiede kommt dieser Betrachtung natürlich nur theoretische Bedeutung zu, doch zeigen schon die europäischen Beispiele, daß Westdeutschland keineswegs das Land der ""schweren Brummer"" ist, als das es gelegentlich bezeichnet wird."
"338","1963-09-06","Zeitung","Die Zeit, 06.09.1963","Er hat seinem Lande in vielen Funktionen gedient - als Präsident der Verfassunggebenden Nationalversammlung, als Mitglied der italienischen Delegation auf der Pariser Friedenskonferenz, als stellvertretender Ministerpräsident und immer wieder auch als Minister; im vergangenen Jahr allerdings, als er bei der Präsidentenwahl gegen Antonio Segni unterlag, blieb ihm die höchste Würde des Staates versagt."
"339","1964-02-07","Zeitung","Die Zeit, 07.02.1964","Er sollte die allsonntäglich überfüllten Kirchen, die Hunderttausende vor der Gnadenkirche in Tschenstochau oder bei den Fronleichnamsprozessionen gesehen haben; er sollte die selbstbewußte Kraft des polnischen Katholizismus erlebt haben (wie ich es einige Jahre lang konnte), um zu verstehen, wie absurd ein solcher Versuch wäre und wie ohnmächtig die Kommunisten, eine Minorität von 4,4 Prozent Atheisten, in diesem Lande sind und bleiben - zumal auf dem Dorf, wo der Pfarrer regiert."
"340","1963-04-19","Zeitung","Die Zeit, 19.04.1963","Manche dieser Länder denken noch überwiegend politisch und können oder wollen auch gar nicht einsehen, daß Wirtschaftswunder nicht eine Frage nationalstaatlicher Unabhängigkeit, sondern in erster Linie eine Funktion des Wirtschaftssystems sind."
"341","1965-11-19","Zeitung","Die Zeit, 19.11.1965","Schon das neunte Schuljahr ist eher widerwillig aufgenommen worden; und doch entspräche es durchaus dem Gedanken einer möglichst breiten Ausbildung für möglichst viele, dem neunten noch ein zehntes Schuljahr anzufügen, wie dies in Großbritannien, Frankreich, den USA und anderen Ländern zum Teil schon seit längerem geschehen ist."
"342","1968-01-26","Zeitung","Die Zeit, 26.01.1968","Er war großzügig in seinem Lob für Titos Führerschaft und seiner Anerkennung für den Beitrag der Partisanen zur Sache der Alliierten, großzügig auch in der Einschätzung der Hilfe, die die Partisanen noch brauchen würden bis zur Befreiung ihres Landes und für seinen Aufbau, wenn der Krieg einmal vorbei war... Obwohl er nichts sagte oder tat, was als unangemessene Einmischung in die internen Angelegenheiten eines anderen Landes hätte ausgelegt werden können, brachte er es doch fertig, in seine Ausführungen bestimmte Ratschläge zur Mäßigung einfließen zu lassen."""
"343","1966-02-18","Zeitung","Die Zeit, 18.02.1966","Solange sie liquide bleiben, Zins- und Tilgungsraten noch selbst zahlen oder vom Land zahlen lassen können, scheinen manche schier jeden Zins zu bewilligen."
"344","1954-11-18","Zeitung","Die Zeit, 18.11.1954","Mallarmé besuchte sie auf dem Lande fast jeden Abend, er legte im Flur seine Holzschuhe ab, war stolz auf seine prächtigen Socken und brachte vorsichtshalber seinen eigenen Rotwein mit."
"345","1968-05-03","Zeitung","Die Zeit, 03.05.1968","In Hunderten von Betrieben im ganzen Land hat die Belegschaft ihre Direktoren einfach abgesetzt und neue gewählt - kein Ministerium, keine Parteileitung wurde gefragt."
"346","1959-11-20","Zeitung","Die Zeit, 20.11.1959","- ""Deutschland ist das einzige größere europäische Land, das nie (!) ein Kolonialreich besessen hat."""
"347","1965-01-08","Zeitung","Die Zeit, 08.01.1965","Tatsächlich ist auch noch nicht abzusehen, ob sich die Steuereinnahmen der Länder wieder so günstig wie 1964 entwickeln, als von den vorgesehenen 2,9 Milliarden Mark Kreditmitteln nur etwa ein Drittel tatsächlich in Anspruch genommen wurde."
"348","1958-06-19","Zeitung","Die Zeit, 19.06.1958","Der Bundeskanzler möge, so schlug er vor, mit den Ministerpräsidenten der Länder verhandeln, um einer ""Ökonomie des Wählens"" Rechnung zu tragen, damit die parlamentarische Demokratie nicht überfordert werde."
"349","1961-12-01","Zeitung","Die Zeit, 01.12.1961","Ich war nun gewiß nicht so gelehrt und so berühmt wie diese Männer, aber die Amerikaner vermuteten wohl nicht mit Unrecht, daß ich mich, als alter Abgeordneter des Landes, in den politisch-sozialen Problemen, auch in den Personalfragen, auskannte."
"350","1968-02-09","Zeitung","Die Zeit, 09.02.1968","Das Land Niedersachsen legt eine 6 1/2prozentige Anleihe (150 Millionen Mark) auf."
"351","1965-01-15","Zeitung","Die Zeit, 15.01.1965","Die Lehren der dreißiger Jahre, als jedes Land seine Probleme auf Kosten der anderen Staaten zu lösen versuchte und doch nur immer tiefer in die Weltwirtschaftskrise hineinschlitterte, sollten noch im Gedächtnis sein."
"352","1968-10-18","Zeitung","Die Zeit, 18.10.1968","Herr Otterson fordert ""gesunde Verhältnisse auf dem Lande"" und rät allen Kleinstbauern, die Kinder in einen vernünftigen Beruf zu schicken:"
"353","1961-09-22","Zeitung","Die Zeit, 22.09.1961","Zunächst einmal sperren sich die Länder."
"354","1957-12-05","Zeitung","Die Zeit, 05.12.1957","In der Röhrig-Länder-Reihe des Carl Röhrig-Verlags, Darmstadt, Holzhofallee 33a, erschien als Band 2 ""England - Land, Leute, Leben""."
"355","1964-04-24","Zeitung","Die Zeit, 24.04.1964","""Wenn Sie, Herr Minister, in der Praxis des deutschen Osthandels Unterschiede im Umgang mit den Sowjets und jenen Ländern, die einmal Rußlands Satelliten waren, machen, und wenn man darin so etwas wie Anpassung an den Polyzentrismus des Ostblocks sehen darf, so sind Sie gewiß kein Gegner jener Ostpolitik, die sich unter anderem in der Einrichtung von Handelsmissionen in einigen Ostblockländern manifestiert?"""
"356","1952-03-27","Zeitung","Die Zeit, 27.03.1952","Zu dem dauernden Reichtum des Landes kommt im gegenwärtigen Zeitraum, daß die Rohstoffpreise auf dem Weltmarkt den Devisenfond der indonesischen Regierung erfreulich angefüllt haben, auf zur Zeit etwa 150 Millionen USA-Dollar, und daß die Notenbank über einen Goldvorrat von rund 200000 Kilogramm verfügt, was einem Golddollarbetrag von fast einer viertel Milliarde entspricht."
"357","1968-02-02","Zeitung","Die Zeit, 02.02.1968","Jugoslawien freilich war seit 1948 ein kommunistischer Staat sui generis - ein blockfreies Land, das im Gegensatz zu Polen, der Tschechoslowakei und den anderen durchaus die freie Entscheidungsmöglichkeit hatte, die DDR diplomatisch anzuerkennen oder nicht."
"358","1965-02-19","Zeitung","Die Zeit, 19.02.1965","Dieser Patriotismus, der nur den Bestand der Nation als letzten Bezugspunkt der Kritik anerkennt, läßt Kisielewski beispielsweise die enge Bindung Polens an Rußland angesichts der geographischen Lage nach dem Zweiten Weltkrieg gutheißen, wie er auch im Sozialismus den einzig gangbaren Weg für den Wiederaufbau seines Landes sieht, sollen der wirtschaftliche und politische Zusammenbruch vermieden werden."
"359","1969-09-26","Zeitung","Die Zeit, 26.09.1969","Ja, selbst solche Länder, die sonst Vor Empörung über den ""Faschismus"" nicht müde werden zu schäumen, sagen dann, wie jetzt ein DDR-Sportfunktionär in Athen:"
"360","1963-10-25","Zeitung","Die Zeit, 25.10.1963","Daher wurde nach Genf eine Kakaokonferenz einberufen, auf der Delegierte und Beobachter aus 40 Ländern, unter anderem der Bundesrepublik, an einem Kakaoabkommen basteln werden."
"361","1968-09-13","Zeitung","Die Zeit, 13.09.1968","Der Aufruf des Präsidiums des ZK der KPÄCE vom 21. August machte dem ganzen Land das strategische Konzept klar und deutlich:"
"362","1948-04-22","Zeitung","Die Zeit, 22.04.1948","Noch nie. zuvor in der modernen Geschichte haben die großen - Demokratien so sichtbar und aktiv in die Innenpolitik eines europäischen Landes eingegriffen, wie sie es diesmal ganz offen und ohne Scheu getan haben."
"363","1948-08-19","Zeitung","Die Zeit, 19.08.1948","Man könnte nun weiter sagen, daß trotz dieser hohen Überschüsse einzelner Länder der Trend auf eine zunehmende Anspannung der Weizenversorgung hinauslaufe, da der Bevölkerungszuwachs der Welt insgesamt stärker sei als die mögliche Weltproduktionssteigerung."
"364","1951-07-05","Zeitung","Die Zeit, 05.07.1951","Sie hofft, im Rahmen der Investitionshilfe einen gewissen Betrag erhalten zu können, weist aber darauf hin, daß diese privaten Gelder stärker als bisher durch Etatmittel von Bund, Ländern und Kommunen ausgeweitet werden müssen."
"365","1964-06-12","Zeitung","Die Zeit, 12.06.1964","Churchill verbot ihm, mit seinen Verbündeten in Frankreich an Land zu gehen."
"366","1964-04-24","Zeitung","Die Zeit, 24.04.1964","Der alte Streit, wo der Frühling in deutschen Landen nun eigentlich zuerst beginnt, ist noch nicht endgültig entschieden."
"367","1962-09-28","Zeitung","Die Zeit, 28.09.1962","""Aber in diesem Fall"", fährt Crossman fort, ""würde Macmillan einen Vertrag mit den Sechs im Parlament durchdrücken, obwohl das Land ihm kein Mandat zu einem solchen Vertrag gegeben hat."
"368","1955-11-24","Zeitung","Die Zeit, 24.11.1955","Die Skala der Abnahmeländer ist groß; die Graetz-Werke, deren Exportanteil gegenwärtig bei 46 v. H. der Produktion liegt (die Exportquote bei der Starklicht-Sturmlaterne ""Petromax"" stellt sich sogar auf fast 100 v. H ), setzen ihre Erzeugnisse in mehr als 100 Ländern ab."
"369","1956-11-08","Zeitung","Die Zeit, 08.11.1956","Während dieser ganzen Zeit hat unser Land weiß Gott unermüdlich auf eine Einigung hingearbeitet."
"370","1963-08-30","Zeitung","Die Zeit, 30.08.1963","Nicht diejenigen, die ihre Waffen gegen das neutrale Indien erhoben und unser Land mit Schmutz bewarfen."""
"371","1946-12-19","Zeitung","Die Zeit, 19.12.1946","Das Land hat keine Arbeitslosen, es hat satt zu, essen, es gibt Kaffee, Kakao, Bier und Schnaps."
"372","1966-09-23","Zeitung","Die Zeit, 23.09.1966","Die rechtlichen Bestimmungen über die Behandlung von blinden Passagieren sind in allen Ländern der Welt hart - für den Einschleicher wie für den Kapitän."
"373","1964-12-04","Zeitung","Die Zeit, 04.12.1964","Schon jetzt verfüge dieses Land über die erforderliche Kapazität dazu."
"374","1954-04-08","Zeitung","Die Zeit, 08.04.1954","Wie dieses System in irgendeinem Lande mit einem Zweiparteiensystem funktionieren sollte, ist zwar nicht einzusehen -, es müßten dort zwangsläufig bei jeder Wahl gleich viele Mandate auf beide Parteien entfallen."
"375","1949-09-15","Zeitung","Die Zeit, 15.09.1949","""Der Bundesrat vertritt die Interessen aller Länder"", sagte der Präsident."
"376","1965-05-07","Zeitung","Die Zeit, 07.05.1965","Anders als in den osteuropäischen Ländern wirkt das Nationalgefühl sich in Ostdeutschland gegen die gegenwärtige Regierung aus."
"377","1969-06-20","Zeitung","Die Zeit, 20.06.1969","Dieses Land voller Kunstschätze, das durch ""seinen eigenen Weg zum Sozialismus"" bisher als eines der unzugänglichsten Asiens galt, will seine Grenzen den Touristen öffnen."
"378","1966-01-14","Zeitung","Die Zeit, 14.01.1966","Seither geistern Tunnel- und Brückenbau-Projekte durch die Geschichte beider Länder."
"379","1952-12-11","Zeitung","Die Zeit, 11.12.1952","Auch die Länder haben sich bisher außerstande erklärt, den Anteil an der Verlustdeckung zu tragen."
"380","1961-04-07","Zeitung","Die Zeit, 07.04.1961","Nun immerhin: in einem Lande mit 650 Millionen Menschen ergibt das eine Armee der Unzufriedenen von recht bedrohlicher Stärke."
"381","1954-03-04","Zeitung","Die Zeit, 04.03.1954","Wir fühlen uns zwar auch heute schon dem Westen zugehörig, aber in Zukunft sind wir es, und was in den anderen westlichen Ländern geschieht, betrifft uns mehr alt bisher."
"382","1952-10-02","Zeitung","Die Zeit, 02.10.1952","An der günstigen Entwicklung des westdeutschen Außenhandels im vergangenen Jahr hat das ehemalige Land Württemberg-Baden, dessen Industrie von jeher in hohem Maße exportorientiert ist, einen wesentlichen Anteil."
"383","1963-09-27","Zeitung","Die Zeit, 27.09.1963","Diese Ansichten; finden in der amerikanischen Öffentlichkeit verständlicherweise starken Widerhall, und die amerikanische Regierung kann, wenn sie von den anderen Industriestaaten eine höhere Beteiligung an der Hilfe für Entwicklungsländer fordert, auf den politischen Druck verweisen, dem sie in dieser Angelegenheit im eigenen Lande ausgesetzt ist."
"384","1962-10-26","Zeitung","Die Zeit, 26.10.1962","Eine vom Land neugegründete Gesellschaft will die süddeutschen Betriebe einschließlich der Omnibus- und Lastkraftwagenbetriebe mit allen Aktiven und Passiven und dem Personal übernehmen."
"385","1969-10-10","Zeitung","Die Zeit, 10.10.1969","Man zwänge die Behörden anderer Länder (oder auch des eigenen Landes), die Geschäfte aller Personen, die DM gegen ausländische Währungen kaufen wollen, strikt zu kontrollieren."
"386","1960-10-14","Zeitung","Die Zeit, 14.10.1960","Ein Land wie Indien beispielsweise, das sich wahrscheinlich während des ganzen kommenden Jahrzehnts einem größeren Zahlungsbilanzdefizit gegenübersehen dürfte, kann sich unmöglich zu einer baldigen Rückzahlung der sehr umfangreichen Devisenkredite verpflichten, um die es sich gegenwärtig zur Finanzierung des dritten Fünfjahresplans bemüht."
"387","1967-10-27","Zeitung","Die Zeit, 27.10.1967","Deshalb mehren sich Stimmen, wie die des ungarischen Wirtschaftsexperten Professor Joszef Bognar, der in diesem Jahr schon zum zweitenmal in der Botschaft seines Landes in Wien die internationale Presse versammelte, um - sozusagen halboffiziell - freimütige, sehr undogmatische Ansichten über den Ost-West-Handel vorzutragen."
"388","1958-04-24","Zeitung","Die Zeit, 24.04.1958","Unter Berücksichtigung der 500000 Flüchtlinge (ein Drittel der gesamten Einwohner sind Flüchtlinge) bedeutet dies, daß in diesem regen- und industriearmen Lande auf jedem Quadratkilometer nutzbaren Landes 175 Personen ernährt werden müssen."
"389","1969-02-07","Zeitung","Die Zeit, 07.02.1969","den Fortfall des Finanzausgleiches zwischen, reichen und armen Ländern."
"390","1952-04-24","Zeitung","Die Zeit, 24.04.1952","Zu diesem geschichtlichen Ort, der einst Sitz der Tiroler Grafen war und dem Lande seinen Namen gab, heute italienischer Staatsbesitz ist, ziehen an schönen Sonntagen Scharen von Wanderern."
"391","1963-03-22","Zeitung","Die Zeit, 22.03.1963","Tatsächlich ist es auch gar nicht so, als ob sich die französische Regierung wegen der Höhe der amerikanischen Gesamtinvestitionen in ihrem Lande Sorgen machte."
"392","1960-05-27","Zeitung","Die Zeit, 27.05.1960","Daher ist es für mich schwer feststellbar, ob Salazar die Ursache oder das Produkt der außergewöhnlichen Treue dieses Landes zu seinem urprünglichen Charakter ist."
"393","1957-08-01","Zeitung","Die Zeit, 01.08.1957","Wenn heute schon in einem Lande zwei Anstalten arbeiten (in Baden-Württemberg), im Norden der Bundesrepublik in drei Ländern aber nur eine Anstalt (NDR) - weshalb soll es da nicht Wege für eine vernünftige Generalregelung geben wie sie der kluge Alex Möller anregt?"
"394","1964-10-16","Zeitung","Die Zeit, 16.10.1964","Der Bundesrat stimmte dem Vorschlag zwar zu, lehnte aber den Antrag ab, daß die Länder das Geld zur Verfügung stellen sollen."
"395","1966-09-23","Zeitung","Die Zeit, 23.09.1966","Ähnlich wie einzelne Wirtschaftszweige haben sich verschiedene Länder durch eine Gemeinschaftsschau aus der Affäre gezogen."
"396","1952-11-27","Zeitung","Die Zeit, 27.11.1952","In vorbildlichen Fabrikationsstätten ruhen in ausgedehnten unterirdischen Lagerräumen bis zu 500000 Liter Sinalco-Seele, die in alle Teile Deutschlands und in viele Länder der Erde geht, um den Grundstoff zu bilden für die ""Sinalco""-Markengetränke."
"397","1958-02-13","Zeitung","Die Zeit, 13.02.1958","Schon im Jahre 1840 schloß ein Beauftragter der Krone von England mit zahlreichen Häuptlingen der Maoris den Vertrag von Waitangi, nach welchem die Eingeborenen in ihrem Landbesitz bestätigt wurden und sich gleichzeitig unter den Schutz der Königin begaben, der fortab allein das Recht zustand, freies Land zu beschlagnahmen oder den Maoris schon von ihnen beanspruchtes Land abzukaufen."
"398","1952-07-10","Zeitung","Die Zeit, 10.07.1952","Als einzigem Land der Welt wurde der Bundesrepublik im vorigen Jahr schließlich auferlegt, den Handels- und Zahlungsverkehr mit China völlig abzubrechen, jegliche eigene Schiffahrt nicht nur nach China, sondern auch nach Hongkong zu verbieten und den China-Export von speziellen Genehmigungen abhängig zu machen, nachdem man vorher schon die Vorbehaltsliste für deutsche China-Exporte willkürlich erweitert hatte (im übrigen erstreckt sich das alliierte Einspruchsrecht gegen die Ausfuhr deutscher Güter auch auf Exporte in die ""westliche Welt"" und zeitigt erhebliche Erschwerungen)."
"399","1958-06-05","Zeitung","Die Zeit, 05.06.1958","Da nur 5 v. H. des gesamten Umsatzes in die außerdeutschen Länder des Gemeinsamen Marktes und weitere 8 v. H. in die übrigen Länder der künftigen Freihandelszone gingen, machte der Export in überseeische Länder 39 v. II. des Gesamtgeschäftes aus."
"400","1957-07-04","Zeitung","Die Zeit, 04.07.1957","Vordergründig betrachtet beruhen die Spannungen im EZU-System darauf, daß die Bundesrepublik durch hohe Exportüberschüsse (und einiges andere) laufend große Beträge an Gold und Devisen von den anderen Ländern abzieht, deren Aufbringung für diese zu einem Problem wird."
"401","1967-01-06","Zeitung","Die Zeit, 06.01.1967","Den Vogel schossen die Bayern ab - 2,8 Millionen besuchten die 88 Museen des Landes."
"402","1959-06-05","Zeitung","Die Zeit, 05.06.1959","Es gibt in den ""anderen sieben Ländern"" keinen unerschlossenen Markt, der bisher durch Zölle geschützt wurde und so wichtig ist wie beispielsweise der französische oder italienische."
"403","1963-02-22","Zeitung","Die Zeit, 22.02.1963","Williams, dem im State Department die Abteilung Afrika untersteht, besuchte vom 2. bis 7. Februar in Begleitung von drei anderen höheren amerikanischen Beamten Algier und verschiedene Teile des Landes."
"404","1963-12-13","Zeitung","Die Zeit, 13.12.1963","Dort wollte eine für lateinamerikanische Verhältnisse ungewöhnlich sozial eingestellte Regierung den Versuch unternehmen, der zum größten Teil bitterarmen und von vielen Krankheiten geplagten Bevölkerung ihres Landes wichtige Arzneimittel zu erschwinglichen Preisen zugänglich zu machen."
"405","1954-04-29","Zeitung","Die Zeit, 29.04.1954","Trotz allem erklärt Huxley jedoch ausdrücklich, daß ein Mensch, der durch Genuß des Mescalin die ""Türe in der Wand"" durchschritten hat, bei seiner Rückkehr aus dem ""anderen Land"" ein weiserer und besserer Mensch sei."
"406","1968-08-09","Zeitung","Die Zeit, 09.08.1968","(Der Leser wird verstehen, daß ich hiermit die Aufwendungen für Forschung und Entwicklung symbolisieren will, die das führende Land zu tragen hat.)"
"407","1968-01-05","Zeitung","Die Zeit, 05.01.1968","Der italienische Staat aber lebte nicht nur weiter, er zeigte sogar eine Entwicklungsdynamik, mit der er heute alle anderen Länder Europas in den Schatten stellt."
"408","1965-05-07","Zeitung","Die Zeit, 07.05.1965","Nun kommt es gewiß auch sonst vor, daß ein Land trotz aktiver Handelsbilanz in Schwierigkeiten gerät, weil seine Zahlungsbilanz passiv ist."
"409","1966-10-28","Zeitung","Die Zeit, 28.10.1966","Zusätzlich hierzu erhalten sie ehe weitere Rente von der Versorgungsanstalt des Bundes und der Länder."
"410","1956-03-08","Zeitung","Die Zeit, 08.03.1956","Dort unterstellte er sich die Garnison, drei Offiziere und dreißig Mann, und sah sich damit Herr über ein Gebiet von etwa einer Million Quadratkilometern, einem Achtel des ganzen Landes."
"411","1962-02-02","Zeitung","Die Zeit, 02.02.1962","Norwegen ist eines der wenigen Länder, die es zu einem demokratisch funktionierenden Sozialismus gebracht haben."
"412","1969-12-26","Zeitung","Die Zeit, 26.12.1969","Dieses Land muß endlich seine Einstellung zur Kunst ändern."
"413","1968-10-18","Zeitung","Die Zeit, 18.10.1968","Kleines Land - kleine Preise"
"414","1959-08-14","Zeitung","Die Zeit, 14.08.1959","Das Land ist reif für eine sowjetische Machtübernahme."
"415","1966-10-28","Zeitung","Die Zeit, 28.10.1966","Tatsächlich ist der Gedanke faszinierend: der Fußball, Nationalsport in über 100 Ländern, ist in den USA, dem führenden Sportland, kaum bekannter als Basketball oder Rollhockey in Deutschland."
"416","1964-05-08","Zeitung","Die Zeit, 08.05.1964","Die Wirtschaftsministerien der Länder, in manchen Fällen auch das Bundeswirtschaftsministerium, haben das Recht, die Abrechnungen zu prüfen."
"417","1967-04-28","Zeitung","Die Zeit, 28.04.1967","Wie kann ein Land mit freier Wirtschaft gleichzeitig Preisstabilität und Vollbeschäftigung erreichen."
"418","1957-11-14","Zeitung","Die Zeit, 14.11.1957","Schon deshalb nicht, weil der deutsche Wähler immer wieder gezeigt hat, wie sorgfältig er zwischen Bund und Land unterscheidet."
"419","1948-10-28","Zeitung","Die Zeit, 28.10.1948","Darüber hinaus entzieht Schleswig-Holstein dem Ausgleichsfond alle Grundwerte, die über 0 v. H. der Einheitswerte hinausgehen, und zieht es zugunsten des Landes ein."
"420","1964-09-04","Zeitung","Die Zeit, 04.09.1964","Er ist ein ""Korps"" von etwa 20 besonders qualifizierten Experten aus verschiedenen Ländern."
"421","1949-02-24","Zeitung","Die Zeit, 24.02.1949","Wenn es also jetzt darum geht, wirtschaftlich bisher nicht oder nicht genügend entwickelte Länder aufzuschließen und damit den Marshall-Plan zum endgültigen Erfolg zu führen, das heißt die notleidenden westeuropäischen Industrieländer wieder auf eigene Füße zu bellen und ihnen die Möglichkeit der Selbsterhaltung aus eigener Kraft zu verschaffen, so werden nur solche unentwickelten Länder in Betracht zu ziehen sein, deren Naturproduktion Nahrungsmittel und Rohstoffe im Austausch, gegen europäische Industrieartikel liefern kann."
"422","1968-04-05","Zeitung","Die Zeit, 05.04.1968","Es gibt heute im Salzburger Land 120000 Gästebetten in Hotels, Pensionen, Gasthöfen und Privathäusern."
"423","1969-09-26","Zeitung","Die Zeit, 26.09.1969","Obwohl, wie angedeutet, die Vereinigten Staaten zum Beispiel im Durchschnitt der vergangenen sieben Jahre zu den stabilsten Ländern gehörten, hat sich unser Export nach dort verdreifacht, weit mehr als gegenüber wohl allen anderen vergleichbaren Ländern."
"424","1954-01-07","Zeitung","Die Zeit, 07.01.1954","Was in modernen Ländern für einen wirtschaftlichen Aufbau richtig ist, ist es bei weitem noch nicht in Ländern, die ihre eigentliche Entwicklung erst vor einer relativ kurzen Zeit antraten."
"425","1965-10-22","Zeitung","Die Zeit, 22.10.1965","Andere feste Größen als das große Interesse aller sechs Länder an der weiteren Existenz der EWG gibt es in der Krise noch nicht."
"426","1952-11-20","Zeitung","Die Zeit, 20.11.1952","So grimmig die Kritik an den Verhältnissen im eigenen Lande ist, Caldwell bricht doch nicht den Stab."
"427","1963-09-27","Zeitung","Die Zeit, 27.09.1963","Dabei geht es um zusätzlichen Verwaltungsaufwand von rund 21 Mill. DM, die die sechs Länder anteilig aufbringen müßten."
"428","1967-05-26","Zeitung","Die Zeit, 26.05.1967","Wie lange können ein Staat und seine Wirtschaft bestehen, wenn dieser Staat keine handlungsfähige Regierung hat, wenn zwanzigtausend Einwohner Progromen zum Opfer fielen, mehr als anderthalb Millionen Flüchtlinge Wohnung und Arbeit suchen, wenn die Bataillone der Armee Gewehr bei Fuß gegeneinander stehen, wenn der Eisenbahn- und der Luftverkehr im Lande unterbrochen sind, Provinzbehörden der Zentrale nicht mehr gehorchen und die Zentrale die unbotmäßigen Provinzen daraufhin mit einer Handelsblockade belegt?"
"429","1946-09-05","Zeitung","Die Zeit, 05.09.1946","Gerade umgekehrt müssen wir als den Normalfall anzusehen lernen, daß an der Grenze zweier Völker ein Überschneidungsraum existiert, der zum Beispiel kulturell zur einen, wirtschaftlich aber zur andern Seite gehören kann und in dem daher beide angrenzenden Länder ihre gegeneinander abgewogenen Rechte und Pflichten haben."
"430","1952-11-06","Zeitung","Die Zeit, 06.11.1952","Hierzu kommen jetzt fast zwei Millionen Vertriebene, für die nicht weniger, wenn nicht sogar mehr getan wurde, als in anderen deutschen Ländern."
"431","1963-05-17","Zeitung","Die Zeit, 17.05.1963","Guter Rat ist in diesem Lande nicht teuer."
"432","1948-07-08","Zeitung","Die Zeit, 08.07.1948","So wurde Rußland ein staatskapitalistisches Land, in dem die regierende Bürokratie die grundverschiedenen Klassen der Gesellschaft, Bauern und Arbeiter, zusammenhält."
"433","1949-04-14","Zeitung","Die Zeit, 14.04.1949","Es war ein anderes Land."
"434","1955-04-14","Zeitung","Die Zeit, 14.04.1955","Der Ausländer, der die Schweiz bereist, hat spätestens nach Verlassen von Europas schönstem Flugplatz - das soll Kloten sein - den Eindruck, mit einem vorwiegend idyllischen Lande Bekanntschaft zu machen."
"435","1952-06-05","Zeitung","Die Zeit, 05.06.1952","Der Vorverkauf der Eintrittskarten in den verschiedenen Ländern ist aber trotzdem bislang recht enttäuschend gewesen, und man macht sich nun in Helsinki allerhand Sorgen."
"436","1961-04-28","Zeitung","Die Zeit, 28.04.1961","Brasilia aus dem Erdboden stampfte, tat er es mit Mitteln, die er aus der Banknotenpresse hervorzauberte... die Industrialisierung des Landes wurde auf ähnliche Weise vorangetrieben ... die Kaffee-Erzeuger wurden subventioniert, damit sie die Welt reichlich mit Kaffee versorgen könnten - auch wenn der Weltmarkt schon mehr wie gesättigt war... es war ein einziges großes Fest - und jetzt muß die Rechnung bezahlt werden..."""
"437","1958-07-24","Zeitung","Die Zeit, 24.07.1958","Da das solide gearbeitete, sich durch klare Sachlichkeit auszeichnende Buch von W. Evers (Suomi-Finnland - Land und Volk im hohen Noiden, Franckh'sche Verlagshandlung, Stuttgart 1950, 167 Seiten, 9,80 DM) im Handel noch zugänglich ist (bei einer Neuauflage wäre allerdings eine etwas breitere Darstellung der kulturellen Verhältnisse zu wünschen!), ist Werner Niggs Finnlandbuch recht überflüssig."
"438","1947-01-02","Zeitung","Die Zeit, 02.01.1947","Mangel und Armut lassen wie in Frankreich auch in anderen Ländern die breite Masse der Bevölkerung nicht froh werden."
"439","1967-09-15","Zeitung","Die Zeit, 15.09.1967","Nicht als agent provocateur, nicht als Advokat des Teufels, sondern als an administrativen Dingen interessierter Zeitgenosse aus einem Land, das den Faschismus hinter sich hat, versuchte ich festzustellen, auf welche Weise ein solches sinnwidriges Gebot, welches Musik aus Gründen der Parteizugehörigkeit ihres Autors verbietet, praktisch durchgesetzt wurde und wie die Bewohner des Landes darauf reagierten."
"440","1965-11-12","Zeitung","Die Zeit, 12.11.1965","Wie weit sich die Tschechoslowakei davon in der Tat entfernt hat, demonstrierte er indirekt: als er (nach einer Verneigung zu Robbe-Grillet hin, dem er für die Bemühung um eine ""neue Authentizität"" des Romans dankte) berichtete, ihm würde in seinem Land vor allem der Vorwurf gemacht, zu traditionalistisch zu schreiben und nicht, wie es sich heute allein gehöre, nämlich wie, zum Beispiel, Robbe-Grillet."
"441","1968-12-27","Zeitung","Die Zeit, 27.12.1968","An der Jahreswende 1968/69, da zwischen Juden und Arabern ein neuer unheiliger Krieg um das Heilige Land auszubrechen droht, machen die Taten eines neuen Saladin die Runde, tapfer auch er, doch kein Freund der Juden."
"442","1966-05-13","Zeitung","Die Zeit, 13.05.1966","Auf der Strecke geblieben war aber auch der brüderliche Korpsgeist der KMK, der - zugunsten eines Anscheins gemeinsamer Verbundenheit - offene Auseinandersetzungen über die konträren Standpunkte der Länder zu vermeiden gewußt hatte."
"443","1951-08-02","Zeitung","Die Zeit, 02.08.1951","Zahn war im Lande des Negus eine populäre Persönlichkeit."
"444","1962-05-18","Zeitung","Die Zeit, 18.05.1962","Es war ein Festtag des europäischen Hochadels, der anderthalb Hundert seiner Vertreter in die Hauptstadt von Hellas entsandt hatte - in ein Land, das selber keine Adelsaristokratie hat."
"445","1967-04-28","Zeitung","Die Zeit, 28.04.1967","""Der Bamberger Reiter und seine Stadt"", ""Ruhrfestspiele 1967"", ""Hamburg - Welthafen eines geteilten Landes"", ""Köln und das Bergische Land"", ""Dortmund: Schwarzes Gold und Rote Erde"" und ""Berlin: Kultur- und Theaterstadt""."
"446","1963-04-12","Zeitung","Die Zeit, 12.04.1963","Im Reitsport des eigenen Landes vertreten die Spitzenveranstalter nationaler und internationaler Turniere ihren Anspruch auf möglichst lückenlose Teilnahme der deutschen Spitzenklasse, wobei nicht selten Terminüberschneidungen mit ausländischen Turnieren zu Komplikationen führen."
"447","1954-07-08","Zeitung","Die Zeit, 08.07.1954","Aus verschiedenen Teilen des Landes werden."
"448","1965-10-22","Zeitung","Die Zeit, 22.10.1965","Sukarno hatte es immer vorzüglich verstanden, die rivalisierenden Gruppen im Land, die Armee, die Moslems und die Kommunisten gegeneinander auszuspielen."
"449","1969-10-03","Zeitung","Die Zeit, 03.10.1969","Doch die arabischen Länder kamen jahrelang auch ohne diplomatische Beziehungen zur DDR aus."
"450","1966-04-08","Zeitung","Die Zeit, 08.04.1966","Dort ist ein großer Rennfahrer besser bekannt und sicherlich volkstümlicher als der Ministerpräsident des Landes."
"451","1963-01-25","Zeitung","Die Zeit, 25.01.1963","Es steht fest, daß ein großer Teil der ärmeren Länder keine nennenswerte Entwicklungsrate - und damit keinen erträglichen Lebensstandard für ihre Bevölkerung - erzielen kann, wenn nicht ein wesentlicher Teil der Hilfsmittel, die sie erhalten, zu ähnlichen Bedingungen gewährt wird, wie sie ihnen von der IDA eingeräumt werden."
"452","1963-04-19","Zeitung","Die Zeit, 19.04.1963","Weder die Sowjets noch die mit der Konfrontierungs-Politik gegen die EWG sympathisierenden asiatischen Länder waren bereit, auf eine Diskussion der statistischen Relationen einzugehen."
"453","1964-11-27","Zeitung","Die Zeit, 27.11.1964","Herren Ländern und dem eigenen herrenlosen Lande zutrugen."
"454","1947-05-29","Zeitung","Die Zeit, 29.05.1947","Nun, es soll demnächst eine Zusammenkunft der Ministerpräsidenten der deutschen Länder in München stattfinden."
"455","1946-07-04","Zeitung","Die Zeit, 04.07.1946","Das Land ist erst seit wenig mehr als hundert Jahren frei; Mazedonien und Thessalien waren noch 1912 unter türkischer Herrschaft."
"456","1964-12-04","Zeitung","Die Zeit, 04.12.1964","Beispielsweise trommelten die braunen Ideologen in Deutschland und den besetzten Ländern Westeuropas alle guten Jazzmusiker zusammen, um 1944 eine Band auf die Beine zu bringen, die zweifellos den besten Jazz spielte, der im Deutschland vor 1945 geboten worden war."
"457","1956-07-05","Zeitung","Die Zeit, 05.07.1956","Das Land Hessen ist nicht geschädigt; Schadensersatzansprüche können deshalb nicht geltend gemacht werden"" - so heißt es abschließend in dem Bericht, den der sogenannte Wiemann-Untersuchungsausschuß dem Hessischen Landtag erstattete."
"458","1960-04-15","Zeitung","Die Zeit, 15.04.1960","Großbritannien ist in höherem Maße als alle anderen Länder am wirtschaftlichen Schicksal Südafrikas interessiert."
"459","1962-11-09","Zeitung","Die Zeit, 09.11.1962","Jenen Wirtschaftsgeist aber, der als Motor alle die eben genannten ""Äußerlichkeiten"" sinnvoll zusammensetzt und funktionieren läßt, kann man nicht so einfach in ein Land hineintragen, das - wie etwa Indien - durch einen ganz anderen, jedem ""banalen Erwerbstrieb"" völlig wiedersprechenden Geist gekennzeichnet ist."
"460","1955-09-22","Zeitung","Die Zeit, 22.09.1955","In den südostasiatischen Ländern werden allerorts japanische Büros errichtet, die das Mutterland über alle industriellen Planungen im südostasiatischen Raum unterrichten und die die Aufgabe haben, interessante Projekte für die japanische Industrie auszuarbeiten."
"461","1965-12-03","Zeitung","Die Zeit, 03.12.1965","Es ist überraschend, daß gerade in einem Land, das heute den fünften Entwicklungsplan (1966 bis 1970) vorbereitet, die Veränderungen der wirtschaftlichen Struktur langsamer vor sich gehen als in Ländern wie der Bundesrepublik und Italien, die beide bisher keine gesamtwirtschaftliche Planung kennen."
"462","1953-01-01","Zeitung","Die Zeit, 01.01.1953","In einem Kommuniqué wurde mitgeteilt, daß die Staatschefs der dreizehn Länder in Kürze zusammenkommen werden, um ""die notwendigen Maßnahmen für den Fall zu ergreifen, daß Frankreich auf der Fortsetzung seiner bisherigen Politik besteht""."
"463","1963-03-01","Zeitung","Die Zeit, 01.03.1963","Der ungewöhnliche Wohlstand des Landes beruht auf dem großen Reichtum an Ölquellen."
"464","1961-04-07","Zeitung","Die Zeit, 07.04.1961","Ursprünglich war dem Bauern in den Volkskommunen erlaubt worden, sein eigenes Stückchen Land zu bebauen, nachdem er seine Tagesarbeit auf den gemeinsamen Feldern abgeleistet hatte."
"465","1958-05-15","Zeitung","Die Zeit, 15.05.1958","Außerdem besteht ja kein Mangel an attraktiven Reisezielen, und es gibt noch andere Länder, die mit genauso viel Schönheit gesegnet sind wie das glückliche Italien."
"466","1959-04-03","Zeitung","Die Zeit, 03.04.1959","Hinter der Hauptstadt gabelte sich die Straße, wir verloren die Nähe des Meeres und fuhren ins Land hinein, vorbei an steinübersäten Feldern, an braunen Hängen."
"467","1953-02-19","Zeitung","Die Zeit, 19.02.1953","""Wir haben"", so sagte er in seiner ersten Abstimmungsrede, ""im Verband der deutschen Länder als drei Länder nichts zu sagen."
"468","1969-06-06","Zeitung","Die Zeit, 06.06.1969","Am vorletzten Tag der Hannover-Messe war der große Pavillon der ""Gesellschaft für Wirtschaftsförderung in Nordrhein-Westfalen mbH"" Schauplatz eines Erfahrungsaustauschs von Industrieansiedlungs-Spezialisten aus mehreren deutschen Ländern."
"469","1950-02-09","Zeitung","Die Zeit, 09.02.1950","Den acht Ländern der Vereinigten Wirtschaftsgebiete entsprechend sind Landesverbände des Groß- und Außenhandels gebildet, zu denen die in der französischen Zone vereinigten Verbände hinzutreten werden."
"470","1956-11-22","Zeitung","Die Zeit, 22.11.1956","Diplomaten befreundeter Länder fiel es auf, daß ihre englischen Kollegen das Thema wechselten, sobald vom Nahen Osten die Rede war."
"471","1964-11-27","Zeitung","Die Zeit, 27.11.1964","""In den zehn Jahren auf dem Lande bin ich fast verrückt geworden vor Alleinsein."""
"472","1955-06-02","Zeitung","Die Zeit, 02.06.1955","""Es geht durch mehrerer Herren Länder, bergauf und bergab ..."""
"473","1948-11-18","Zeitung","Die Zeit, 18.11.1948","Da Erlaubnis, Sperre und Kontrolle der Emissionen ein wichtiges Mittel der Kreditpolitik ist, müßte der ""Bank deutscher Länder"" zumindest ein Vetorecht gegeben werden. pr."
"474","1969-12-26","Zeitung","Die Zeit, 26.12.1969","Der Vertrag setzt die Unabhängigkeit und Neutralität des Landes fest."
"475","1969-10-17","Zeitung","Die Zeit, 17.10.1969","Wo sind die Zeiten hin, da die EKD noch darauf bestand, daß Kriegsdienstverweigerer ""im Dienst ihres Landes und ihrer Brüder nicht schlechter stehen als die Soldaten""?"
"476","1957-06-13","Zeitung","Die Zeit, 13.06.1957","Heute beendet er die Schilderung seiner Eindrücke von Brasilien, dem größten Lande Südamerikas, und beginnt aus Argentinien zu berichten, der nächsten Station seiner Reiseroute."
"477","1966-07-22","Zeitung","Die Zeit, 22.07.1966","Vor allem: Wie vergiftet muß die politische Atmosphäre eines Landes sein, in dem ein solches Buch zum Bestseller wird?"
"478","1969-05-09","Zeitung","Die Zeit, 09.05.1969","Die Ungarn haben erkannt, daß der Tourist auch im sozialistischen Land den gewohnten Service und Luxus verlangt."
"479","1965-10-01","Zeitung","Die Zeit, 01.10.1965","Land ziehen, aber der eingeweichte Motor lief nicht mehr."
"480","1966-07-15","Zeitung","Die Zeit, 15.07.1966","Und den Kultus- und Finanzministern der Länder wurde wieder einmal klargemacht, daß die Studienreform finanzielle Anstrengungen erfordert - mehr Personal, mehr Unterrichtsräume und mehr Arbeitsmittel, als die Universitäten jetzt besitzen."
"481","1963-08-02","Zeitung","Die Zeit, 02.08.1963","Seit Fichte und Humboldt ist die ""Idee der Universität"" nicht nur ein beliebter Gegenstand philosophischer Reflexion, sondern auch eine rechtliche Realität in den Hochschulgesetzen der deutschen Länder und den Verfassungen der Universitäten."
"482","1965-07-16","Zeitung","Die Zeit, 16.07.1965","Da die holländische Bevölkerung bis dahin voraussichtlich auf vierzehn Millionen gewachsen sein wird - Holland ist in Westeuropa das Land mit der größten Bevölkerungszunahme - wird dann jeder zweite Holländer in der Hauptstadt leben."
"483","1961-02-10","Zeitung","Die Zeit, 10.02.1961","Er weiß genau, wie die Iren unter der Teilung ihres Landes leiden, aber durch das Buch zieht sich, unmißverständlich und unaufdringlich, der Leitgedanke: Nationalistische Forderungen, auch wenn sie noch so gerechtfertigt sind, auch wenn sie der Wiedervereinigung eines gespaltenen Landes gelten, sind kein Zweck, der jedes Mittel heiligt."
"484","1948-08-12","Zeitung","Die Zeit, 12.08.1948","Sie ist gegen eine Angliederung, weil sie weiß, daß mit den 10000 Dänen, auf die ein dänischer Gelehrter die echte Minderheit schätzt, ein vielfaches an Deutschen ins Land käme."
"485","1967-06-02","Zeitung","Die Zeit, 02.06.1967","Daß der ""progressistische"" Dominikaner Lebret und seine ebenfalls als ""progressistisch"" geltenden Mitarbeiter, unter denen Maritain, Lubac und Chenu am bekanntesten sind, den wesentlichen Anteil an Form und Inhalt der Enzyklika haben, erregte zunächst in romanischen Ländern heftige Kritik und führte kürzlich in Deutschland, auf einer sozialpolitischen Tagung der Junioren im Bund Katholischer Unternehmer, zu Aussprüchen wie:"
"486","1951-09-20","Zeitung","Die Zeit, 20.09.1951","Sie liegt im Süden von Massachusetts, ein herrliches Land, Sie werden schon sehen."
"487","1963-06-28","Zeitung","Die Zeit, 28.06.1963","Dr. Eduard Zellweger, der die Jacob-Affäre im folgenden Beitrag schildert, ist ein prominenter Schweizei Jurist, der seinem Lande mehrmals auch in diplomatischer Mission gedient hat Im Jahre 1935 war er Jacobs Rechtsbeistand."
"488","1962-06-15","Zeitung","Die Zeit, 15.06.1962","Land im Umbruch"
"489","1957-11-28","Zeitung","Die Zeit, 28.11.1957","""Wir kämpfen um die Freiheit unseres Landes"", kam die lakonische Antwort."
"490","1946-08-08","Zeitung","Die Zeit, 08.08.1946","Obwohl die deutsche Frage in den Entwürfen der Pariser Konferenz nicht erwähnt wird, obwohl eine endgültige Beratung sorgfältig bis nach Festlegung der Friedensbedingungen für die früheren deutschen Bundesgenossen zurückgestellt wurde, setzt sich in der Welt die Erkenntnis durch, daß der Frieden unteilbar ist und nur dann fest und dauerhaft werden kann, wenn die Grundsätze der dauerhaft keit und Demokratie auf alle Länder und Völker, also auch auf Deutschland und das deutsche Volk, angewandt werden."
"491","1964-03-06","Zeitung","Die Zeit, 06.03.1964","Dagegen würde die Minderheit der Oppositionsländer sehr viel stärker zur Geltung kommen und der Regierung Ungelegenheiten bereiten können, falls eine Fragekompetenz der einzelnen Länder bestehen würde."
"492","1955-09-01","Zeitung","Die Zeit, 01.09.1955","Vielleicht hat man eine umfassende Exportkreditversicherung im Auge, wie sie heute wohl in den meisten europäischen Ländern besteht."
"493","1957-02-07","Zeitung","Die Zeit, 07.02.1957","Man muß sich einmal vorstellen, daß der indische Rundfunk täglich in 14 verschiedenen Sprachen für seine eigene Bevölkerung sendet und in weiteren zwölf Sprachen für andere Länder, neben Englisch und Französisch."
"494","1967-04-28","Zeitung","Die Zeit, 28.04.1967","Der vorliegende Entwurf ist schlecht, doch nicht so schlecht, daß er sich nicht durch Änderungen in ein gutes Gesetz verwandeln ließe. land stellt die Anstalt ""Einrichtungen der Filmwirtschaft"" Mittel zur Verfügung."
"495","1946-05-02","Zeitung","Die Zeit, 02.05.1946","[...] Für uns ist viel bedeutsamer, daß aus seinen Worten eine andere Schuld riesengroß vor uns aufsteht, eine Schuld, an der wirklich jeder Deutsche teilhat, der 1933 zu den Erwachsenen zählte, ganz gleich, welcher Partei und welcher Richtung er angehörte, ob er in Deutschland blieb oder ins Ausland emigrierte und sich von unserem Land lossagte, eine Schuld, die heute das einzige einigende Band für alle Deutschen in der Welt ist, ja eine Fessel, von der sich keiner lösen kann: die Schuld, daß wir unsere Freiheit nicht genug verteidigt haben, daß wir zu einer Zeit, als dies noch möglich war, nicht alles darangesetzt haben, sie zu bewahren. [...]"
"496","1965-12-31","Zeitung","Die Zeit, 31.12.1965","Eine zentrale Ausführungsverordnung zum neuen Ausländergesetz hat das Innenministerium vorbereitet und an die Länder versandt, die sich in der Praxis schon weitgehend danach richten, obwohl sie offiziell erst am 1. Januar in Kraft tritt."
"497","1955-09-29","Zeitung","Die Zeit, 29.09.1955","Er sei ornithologisch interessiert und habe auf dem Lande bei ihm, Chambers, einmal einen sehr seltenen Singvogel entdeckt."
"498","1949-10-06","Zeitung","Die Zeit, 06.10.1949","Die Gefahr besteht, daß der Kohlenpreis jetzt generell festgesetzt wird und dann für unsere gesamte Ausfuhr gilt, gleichgültig, in welche Länder sie geht."
"499","1967-10-27","Zeitung","Die Zeit, 27.10.1967","Aber in diesem Kaiserreich, wo der Prinz zwar ein Parlament erlaubt, sich aber ein Einspruchsrecht vorbehalten hat gegen jede Entscheidung des Parlaments, in diesem Land, in das sehr, sehr viel Silber fließt aus anderen Königreichen und Nicht-Königreichen des Westens, in diesem Land findet sich für das, was der Prinzessin Wille ist, immer auch ein Weg."
"500","1948-07-08","Zeitung","Die Zeit, 08.07.1948","Dies nämlich waren die Richtlinien, die auf Weisung Moskaus von den Mitgliedern des Kominform bisher mit blindem Gehorsam befolgt werden mußten: Teilnahme der Kommunistischen Partei an den Volksfronten der einzelnen Länder, Erhaltung des kleinbäuerlichen Privateigentums und nationale Souveränität jedes einzelnen Staates."
