"No.","Date","Genre","Bibl","Hit"
"1","1990-08-10","Zeitung","Die Zeit, 10.08.1990","Bis zur gesamtdeutschen Wahl könnte die DDR-Regierung geschäftsführend weiter amtieren - vielleicht sogar, befristet, darüber hinaus, falls sich die neuen Länder nicht rasch genug etablieren sollten."
"2","1996-09-13","Zeitung","Die Zeit, 13.09.1996","Die umstrittenen Wahlen würden verschoben, die Ifor demilitarisierte das Land, ein Gouverneur hätte alle Vollmachten, die nationalistischen Führer würden abgesetzt."
"3","2003-04-10","Zeitung","Die Zeit, 10.04.2003","Sinnvoll wäre stattdessen, wie es andere Länder mit Erfolg vorführen, alle Kinder länger als vier Jahre gemeinsam zu unterrichten."
"4","1999-09-02","Zeitung","Die Zeit, 02.09.1999","Links die Wilstermarsch, rechts das Land Kehdingen."
"5","1997-01-24","Zeitung","Die Zeit, 24.01.1997","Der Gedankensprung vom Heiligen Land aufs platte Land liegt auf der Hand:"
"6","1997-11-07","Zeitung","Die Zeit, 07.11.1997","In Glaskästen liegen, metallschimmernd wie Captain Kirks Logbuch, Faksimiles der Dekrete über Frieden und Land von 1917."
"7","1997-08-22","Zeitung","Die Zeit, 22.08.1997","Jede der beiden Prinzessinnen brachte nicht nur einen anderen Buddhismus ins Land, sondern sie gründeten in Lhasa unterschiedliche Tempel: Bhrikuti den Jokhang-Tempel, den heiligsten Tempel Tibets, und Wencheng den Ramoche-Tempel."
"8","2001-07-12","Zeitung","Die Zeit, 12.07.2001","Nun, im Land der Freien, McCarthys neuem Roman, wird die Geschichte von beiden erstmals zusammengeführt."
"9","2003-02-20","Zeitung","Die Zeit, 20.02.2003","Denn schon Jahrhunderte vor der Französischen Revolution formulierte der wahre Islam die Grundlagen für Demokratie und Menschenrechte In den meisten muslimischen Ländern wurde der weltlichen Macht göttliche Autorität zugesprochen."
"10","1991-05-17","Zeitung","Die Zeit, 17.05.1991","Ein Land wie Syrien wiederum ist auf sowjetische und osteuropäische Rüstungslieferungen angewiesen."
"11","1997-03-14","Zeitung","Die Zeit, 14.03.1997","Vorbild des ehemaligen Personalleiters Noppeney ist Mose, der vor einigen tausend Jahren das Volk Israel im aufrechten Gang durch Meere, Wüsten und Hungersnöte ins Gelobte Land führte."
"12","1995-07-21","Zeitung","Die Zeit, 21.07.1995","Sie versucht derzeit, in sechzehn Ländern Kriege zu entschärfen oder zu verhindern."
"13","2002-05-29","Zeitung","Die Zeit, 29.05.2002","Tatsächlich ist die Stiftung Preußischer Kulturbesitz vor fast einem halben Jahrhundert erst gegen den ausdrücklichen Widerstand einiger Länder zustande gekommen, nachdem das Bundesverfassungsgericht deren Klage gegen diese Initiative des Bundes zurückgewiesen hatte."
"14","2001-09-13","Zeitung","Die Zeit, 13.09.2001","Von den 40 dreckigsten Krankenhäusern des Landes würden die meisten privat geputzt, schimpfte kürzlich Gewerkschaftsboss John Edmonds."
"15","1998-12-22","Zeitung","Die Zeit, 22.12.1998","Wir verbinden die Hilfe nach innen und nach außen, wir haben da ein Nachholbedürfnis, weil Polen so lange ein geschlossenes Land sein mußte."""
"16","2002-12-05","Zeitung","Die Zeit, 05.12.2002","Schavan: Es gibt keinen direkten Zusammenhang zwischen den Schülerleistungen eines Landes und seinen Bildungsstrukturen."
"17","1998-12-03","Zeitung","Die Zeit, 03.12.1998","Heinrich Schliemann redivivus?In angelsächsischen Ländern fand die These des deutschen Geoarchäologen, der an der Stanford University in Kalifornien lehrt, viel Zuspruch."
"18","1992-12-18","Zeitung","Die Zeit, 18.12.1992","Der Bund gegen die Länder, die Länder gegen den Bund, alte Länder gegen neue Länder, aber alle für die Hochschulen."
"19","1999-06-17","Zeitung","Die Zeit, 17.06.1999","Nach dem Ende der UN-Sanktionen will das Land Ghaddafis im Urlaubs-Monopoly rund ums mare nostrum mitmischen."
"20","2003-06-26","Zeitung","Die Zeit, 26.06.2003","Jacques Chirac verrät Europa für seine Bauern - andere Länder ziehen mit"
"21","1999-11-04","Zeitung","Die Zeit, 04.11.1999","Die Etablierung kooperativer Strukturen der Elektrizitätswirtschaft hat in den genannten drei Ländern zu boomartigem Ausbau der KWK geführt:"
"22","1990-05-18","Zeitung","Die Zeit, 18.05.1990","Man braucht nur an den Wohlfahrtsstaat in England, Frankreich oder den Vereinigten Staaten zu denken oder an die Macht der Gewerkschaftsbewegung in vielen Ländern:"
"23","1995-12-29","Zeitung","Die Zeit, 29.12.1995","In den Club werden nur die Länder aufgenommen, die strenge Kriterien erfüllen."
"24","2001-01-18","Zeitung","Die Zeit, 18.01.2001","Die Organisation, die sich der Wiederbelebung regionaler Esskultur widmet, gibt es in 35 Ländern."
"25","2002-02-28","Zeitung","Die Zeit, 28.02.2002","Die zulässige Neuverschuldung muss zwischen Bund, Ländern, Gemeinden und Sozialversicherung aufgeteilt werden."
"26","1998-11-12","Zeitung","Die Zeit, 12.11.1998","Er sollte gemeinsam mit der neuen Ausländerbeauftragten, Marieluise Beck, versuchen, mit den Ländern, unter denen viele Eifersüchteleien herrschen, eine Konzeption zu erarbeiten."
"27","1990-04-27","Zeitung","Die Zeit, 27.04.1990","Statt dessen suchen sie ein neues, umfassendes Sicherheitssystem in der KSZE - dem Forum der 35 Staaten, zu dem fast alle europäischen Länder, dazu die Sowjetunion, die Vereinigten Staaten und Kanada zählen."
"28","1993-03-05","Zeitung","Die Zeit, 05.03.1993","Sie ist ein europäisches Land."
"29","1997-04-11","Zeitung","Die Zeit, 11.04.1997","Das Land Hessen ist schließlich mit 25 Millionen Mark an der Restauration des Doms beteiligt."
"30","1990-11-23","Zeitung","Die Zeit, 23.11.1990","In einer ""Pax Syriana"" sieht der Präsident derzeit die einzige Chance für eine Befriedung seines Landes."
"31","2003-04-30","Zeitung","Die Zeit, 30.04.2003","Einhäupl: Es muss gelingen, die Investitionen von Bund und Ländern auf wesentliche Dinge - eben nicht Sonnenschutzjalousien - zu konzentrieren und mit einer leistungsorientierten Finanzierung im Sinne von mehr Wettbewerb zu verbinden."
"32","1998-04-02","Zeitung","Die Zeit, 02.04.1998","Als die Fahrt ins Heilige Land mit einem Desaster endet und der Wendenkreuzzug bestenfalls mit einem Teilerfolg, ist Bernhards Ruf erheblich beschädigt."
"33","1990-12-21","Zeitung","Die Zeit, 21.12.1990","Leider verrieten die FAO-Experten nicht, woher die Bauern der unterentwickelten Länder das Kapital und das Know-how für diesen gewaltigen technologischen Sprung nehmen sollten."
"34","1996-12-06","Zeitung","Die Zeit, 06.12.1996","Und warum?Sehr einfach: Weil dieser Mann, ein Halbfranzose und Kosmopolit, es gewagt hatte, Koryphäen aus allen deutschen Landen, Männer wie Walter F. Otto, Romano Guardini, Eduard Spranger e tutti quanti, auf Kosten der Landeskinder an den Neckar zu locken, und zwar mit wahrhaft erschreckendem Resultat."
"35","1992-05-22","Zeitung","Die Zeit, 22.05.1992","In den sechziger Jahren gab es die ersten Neubauten auf dem ostdeutschen Lande."
"36","1990-07-06","Zeitung","Die Zeit, 06.07.1990","Seit dem vorigen Sonntag gibt es in unserem Land keine trennenden Grenzen mehr."
"37","1992-10-02","Zeitung","Die Zeit, 02.10.1992","Deshalb, und nicht weil die Bundesrepublik das bevölkerungsreichste Land Westeuropas und dessen stärkste Wirtschaftsmacht war, ist seine Entwicklung für Laqueur von ""grundlegender Bedeutung"" für den Kontinent gewesen."
"38","1996-08-02","Zeitung","Die Zeit, 02.08.1996","""Solange wir es nicht schaffen, solche alten Zöpfe abzuschneiden, wird eine Erneuerung des Landes nicht gelingen."""
"39","1995-03-31","Zeitung","Die Zeit, 31.03.1995","Die Nigerianer willigten ein, Kray Land für eine neue Stadt zur Verfügung zu stellen, die er zu bauen versprach."
"40","2002-01-10","Zeitung","Die Zeit, 10.01.2002","Hanns-Bruno Kammertöns, ZEIT-Ressortleiter Dossier, im Land Rover Freelander TD4"
"41","1997-11-07","Zeitung","Die Zeit, 07.11.1997","So als ob sich über Nacht ergeben könne, daß die Löhne in irgendeinem Land zu hoch, die Finanzpolitik wachstumsfeindlich und die Währungs- und Geldpolitik der jeweiligen Notenbank nicht vertrauenswürdig seien."
"42","1990-04-06","Zeitung","Die Zeit, 06.04.1990","Und plötzlich geraten die Mächte, die vorher so gerne Raketen und deren Technologie exportierten, in den Zielbereich der Länder, die sie so sorglos beliefert hatten."
"43","1996-08-02","Zeitung","Die Zeit, 02.08.1996","Mit den globalen Auswirkungen des Quecksilbers auf Pflanzen, Tiere und Menschen befassen sich 500 Wissenschaftler aus 34 Ländern auf einem Kongreß am kommenden Wochenende in Hamburg."
"44","2001-05-31","Zeitung","Die Zeit, 31.05.2001","In beiden Ländern bezahlen Ausländer bisher keine Steuern auf Kapitalerträge."
"45","1991-09-20","Zeitung","Die Zeit, 20.09.1991","Italiens Volkswirtschaft befinde sich zwar noch in der europäischen A-Klasse, doch sei die Finanz- und Wirtschaftspolitik des Landes nur noch Serie B."
"46","1999-11-25","Zeitung","Die Zeit, 25.11.1999","Das Unternehmen mit Sitz in London ist in 70 Ländern dieser Welt vertreten."
"47","1998-09-24","Zeitung","Die Zeit, 24.09.1998","Ich würde selbst gern glauben, daß die Kommunisten nicht in den Kreml einziehen, daß sie nicht die Regierung an sich reißen, daß wir nicht zum sozialistischen Wirtschaftssystem zurückkehren, daß die Reformen nicht gestoppt werden, daß unsere Jugend nicht aus dem Land fortlaufen wird."
"48","1994-01-14","Zeitung","Die Zeit, 14.01.1994","Aber im Moment herrscht Krieg in Chiapas, das ganze Land übt sich im Einsatz von Gewalt."
"49","1993-09-17","Zeitung","Die Zeit, 17.09.1993","Wenige Länder behandeln neuankommende Flüchtlinge, politische oder wirtschaftliche, besser als Deutschland."
"50","1992-02-07","Zeitung","Die Zeit, 07.02.1992","Und tatsächlich stieß das Geschwader in den ersten Februartagen des Jahres 1488 wieder auf Land, das südöstliche Kapland, und landete in einer Bucht, die wegen des Reichtums an Viehherden von Dias ""Angra dos Vaqueiros"" - Hirtenbucht - genannt wurde (die heutige Fish Bay)."
"51","1990-10-05","Zeitung","Die Zeit, 05.10.1990","Denn er hält es, wenn es um die arg strapazierte Chiffre ""Heimat"" geht, mit Kurt Tucholsky; ""Wir pfeifen auf die Fahnen - aber wir lieben dieses Land Das feit gegen jenen verlogenen Folklorismus, mit der die Mächtigen im Bayernland gerne ihre Fortschrittsobsessionen kaschieren."
"52","1997-10-31","Zeitung","Die Zeit, 31.10.1997","In der Nachkriegszeit entwickelte die politische Elite des Landes weder ein Konzept für eine britische Rolle in Europa, noch verstand sie, warum Frankreich in der europäischen Integration das beste Mittel fand, um das ""deutsche Problem"" zu entschärfen."
"53","2004-02-19","Zeitung","Die Zeit, 19.02.2004","Da das Land Eliten außerhalb der Wissenschaft braucht, ist Spitzenlehre ebenso wichtig wie Spitzenforschung."
"54","2001-12-06","Zeitung","Die Zeit, 06.12.2001","Andere Länder haben es bewiesen."
"55","1992-01-10","Zeitung","Die Zeit, 10.01.1992","""DS-Kultur, das Programm aus der Nalepastraße in Berlin, wird seit Mitternacht nicht mehr - wie ehedem üblich - flächendeckend in den neuen Ländern ausgestrahlt."""
"56","1992-09-18","Zeitung","Die Zeit, 18.09.1992","In der Bundesrepublik ist es nach 1949 an die Länder gefallen."
"57","1995-01-06","Zeitung","Die Zeit, 06.01.1995","Die Justiz müsse Großgrundbesitzer daran hindern, durch Strohmänner das Land wieder zusammenzuraffen und sie müsse die Menschenrechte schützen."
"58","1993-01-29","Zeitung","Die Zeit, 29.01.1993","Aber mit einer raschen Aufnahme wäre diesen Ländern wenig gedient."
"59","2003-02-13","Zeitung","Die Zeit, 13.02.2003","Ihr Tod erschütterte das Land."
"60","2001-05-03","Zeitung","Die Zeit, 03.05.2001","Den New Mini behielten die Bayern, die prestigeträchtige, aber verlustreiche Geländewagensparte Land Rover ging für knapp sechs Milliarden Mark an Ford."
"61","1993-01-29","Zeitung","Die Zeit, 29.01.1993","Doch angesichts einer ratlosen Regierung in Delhi, deren Chef nichts Besseres einfällt, als auf die politische Herausforderung mit der Berufung zusätzlicher Minister in das Kabinett zu reagieren, hat die alte Elite des Landes Panik ergriffen."
"62","2001-01-25","Zeitung","Die Zeit, 25.01.2001","Zur Lage der Kinder der Welt 2001, der Förderung und Schutz von Kleinkindern aller Länder ins Zentrum stellt"
"63","1992-01-17","Zeitung","Die Zeit, 17.01.1992","""Fragt nicht, was das Land für euch tun kann, sondern fragt, was ihr für euer Land tun könnt."""
"64","1991-02-08","Zeitung","Die Zeit, 08.02.1991","Tief im Schlaf befand sich im Grunde die ganze politische Klasse Iraks, jene bunte Machtelite von Berufspolitikern und Aristokraten, Großgrundbesitzern und Stammesfürsten, städtischen Honoratioren und ländlichen Feudalherren, die hinter der Fassade einer konstitutionellen, parlamentarischen Monarchie das Land seit seiner Gründung bald tüchtig, bald schlampig, aber stets im eigenen Interesse regiert und zusammengehalten hatten."
"65","2003-04-16","Zeitung","Die Zeit, 16.04.2003","Die drei Minuten vom Empfangstresen im Parterre bis zu seinem Büro im sechsten Stock des UN-Hochhauses in der äthiopischen Hauptstadt Addis Abeba genügen Wagdi Othman, um alles Wichtige zur aktuellen Ernährungslage des Landes zu sagen: Ausbleibender Regen führe bei den Bauern im Hochland zu Dürre und Missernten, bei den Nomaden im Flachland zu hohen Verlusten unter den Viehbeständen."
"66","1998-10-15","Zeitung","Die Zeit, 15.10.1998","Standard Oil war damals im ganzen Land verhaßt und bot eine willkommene Zielscheibe für den populistischen Präsidenten Teddy Roosevelt."
"67","1995-07-28","Zeitung","Die Zeit, 28.07.1995","Doch angesichts der verheerenden Ernteverluste in etlichen afrikanischen Ländern schätzten die Fachleute der GTZ dieses Risiko als vertretbar ein."
"68","1991-04-05","Zeitung","Die Zeit, 05.04.1991","Die aber dürfen uns nicht wundern, wenn man das kleine Polen und das große Deutschland vergleicht, nach der Vereinigung das mächtigste Land auf unserem Kontinent."
"69","2004-09-30","Zeitung","Die Zeit, 30.09.2004","Sie haben ihn Walat genannt, das heißt »Land« auf kurdisch."
"70","1992-12-04","Zeitung","Die Zeit, 04.12.1992","Jeder Europäer darf in allen Ländern der Gemeinschaft für seinen eigenen Bedarf einkaufen, was und soviel er will; die jeweilige Verbrauchssteuer bezahlt er mit dem Kaufpreis."
"71","1995-04-28","Zeitung","Die Zeit, 28.04.1995","Acht Milliarden Mark dürfen die Architekten aus aller Herren Länder hier auf Berliner Boden verbuddeln."
"72","1992-10-30","Zeitung","Die Zeit, 30.10.1992","Hier wollen wir Milieu: das Land, die Stadt, das Polizeirevier und seine Leute; Flemming, der mit dem Computer nicht zurechtkommt und froh sein kann, daß er Ballauf hat; Ballauf, der schon mal fast gefeuert worden wär, weil er zu Alleingängen neigt, und froh sein kann, daß er die Koch hat; die Koch, deren unwahrscheinlich schöne braune Augen..."
"73","1999-03-31","Zeitung","Die Zeit, 31.03.1999","Das Übereinkommen wird die Souveränität der Nation unterminieren, weil es den Großkonzernen fast dieselbe Macht verleiht wie den Ländern, in denen sie angesiedelt sind."
"74","1994-08-12","Zeitung","Die Zeit, 12.08.1994","Denn Abiola sollte das Land wieder zu dem machen, was es einmal war."
"75","2000-08-03","Zeitung","Die Zeit, 03.08.2000","Warum wohl bemüht man sich ausgerechnet in den angelsächsischen Ländern so intensiv, jedem Bürger, jedem Laien das doch bereits englisch formulierte Neueste aus Wissenschaft und Technik in seiner Sprache, also allgemeinverständlich nahe zu bringen?Aus der simplen Einsicht heraus, dass nur wer mündig, das heißt sprach- und urteilskompetent ist, die wunderbaren Chancen des Informationszeitalters nutzen kann."
"76","2000-09-14","Zeitung","Die Zeit, 14.09.2000","Lassen wir die politischen, kulturellen und moralischen Implikationen also außer Acht und halten fest, dass Monica Lewinksy und Bill Clinton diesem Land vier interessante, unterhaltsame, Grauen erregende und schlicht unglaubliche Wochen beschert haben, in denen es davon träumen konnte, es sei ein einziges, vereinigtes Land."
"77","1996-08-16","Zeitung","Die Zeit, 16.08.1996","Auf diese Weise wurden Menschen aus aller Herren Länder zu Franzosen und verhalfen Frankreich zu Glanz: Cioran und Ionesco, Senghor und Kundera, Marie Curie und Isabelle Adjani . . . Le Pen zog heftigen Volkszorn auf sich, als er während der Fußballeuropameisterschaft wetterte, die Mehrheit der Spieler des eigenen Teams trage ""unfranzösische Namen""."
"78","2003-10-09","Zeitung","Die Zeit, 09.10.2003","Es gehe nicht an, so das Argument, dass jedes Land seine eigene Vorstellung umsetze und der grenzüberschreitende Güterverkehr an Wochenenden und Feiertagen praktisch zum Erliegen komme, nur weil die Deutschen (und einige ihrer Nachbarn) ihre Ruhe haben wollen."
"79","1991-11-15","Zeitung","Die Zeit, 15.11.1991","Welches Hotel hätte nicht gern solche Kundschaft, die ja meinungsbildend ist, auch Kongresse und Tagungen an Land ziehen kann?"
"80","1999-11-04","Zeitung","Die Zeit, 04.11.1999","Aber die meisten der nahezu 30000 Täter haben diese Möglichkeit nicht und müssen sich hier im Land mit ihrer Schuld vor aller Öffentlichkeit auseinander setzen."
"81","1990-04-06","Zeitung","Die Zeit, 06.04.1990","Nicht nur im Süden des Landes treibt der koreanische Nationalismus seltsame Blüten."
"82","1991-10-18","Zeitung","Die Zeit, 18.10.1991","Jahrzehntelang haben Polens regierende Kommunisten hartnäckig die Existenz der deutschen Minderheit in ihrem Lande bestritten."
"83","1992-10-30","Zeitung","Die Zeit, 30.10.1992","Bis dann 1980 Ronald Reagan auf die Bühne trat und dem Lande -"
"84","2000-08-03","Zeitung","Die Zeit, 03.08.2000","Wenn ein Moskauer ein Kennzeichen aus Omsk sieht, dann wundert er sich vielleicht, warum jemand so viele tausend Kilometer mit dem Auto über das weite Land fährt."
"85","1994-09-30","Zeitung","Die Zeit, 30.09.1994","Er ist einer der wenigen namhaften Autoren, die im Lande geblieben sind und sich dennoch ihre Unabhängigkeit gegenüber dem Staat und den widerstreitenden Mächtegruppierungen bewahrt haben."
"86","1999-09-30","Zeitung","Die Zeit, 30.09.1999","Lambsdorff: Die Bundesregierung will im Rahmen der von ihr finanzierten Versöhnungsstiftung den betroffenen Ländern eine Gesamtsumme zur Verfügung stellen."
"87","1994-11-18","Zeitung","Die Zeit, 18.11.1994","Nun wäre es vermessen zu sagen, daß in diesem Land in den ersten zehn, elf Monaten des Jahres nicht gemeckert würde."
"88","2004-06-17","Zeitung","Die Zeit, 17.06.2004","Es müsste, wie in vielen anderen Ländern, eine nicht gewinnorientierte Pharmaforschung geben."
"89","1996-03-08","Zeitung","Die Zeit, 08.03.1996","Man wollte keine Sanktionen gegen US-Airlines riskieren und die Luftverkehrsbehörden der betroffenen Länder nicht bloßstellen."
"90","2002-01-17","Zeitung","Die Zeit, 17.01.2002","Kirchhof: Bei einem Gesamtvolumen der Steuereinnahmen durch Bund, Länder und Kommunen von mehr als 400 Milliarden Euro gibt es einen wesentlichen Spielraum für den Haushaltsgesetzgeber."
"91","1995-01-27","Zeitung","Die Zeit, 27.01.1995","Fast 95 Prozent des Geldes gingen in nur 20 Länder."
"92","1996-09-06","Zeitung","Die Zeit, 06.09.1996","Auch in vielen europäischen Ländern verwende man dieses Verfahren."
"93","2001-12-13","Zeitung","Die Zeit, 13.12.2001","Gysi: Das schaffte auch mehr Klarheit für das Land."
"94","1996-06-14","Zeitung","Die Zeit, 14.06.1996","Unterm Kommunismus haben wir zuerst für das Land gearbeitet und nur dann für uns selbst."
"95","1990-11-09","Zeitung","Die Zeit, 09.11.1990","Es gilt den Gesetzgebern der Hansestadt und des Landes Schleswig-Holstein."
"96","2000-06-29","Zeitung","Die Zeit, 29.06.2000","Wenn die Europäer in seinem Land unbedingt TV-Robinson-Shows bei über 30 Grad im Schatten und extremer Luftfeuchtigkeit drehen wollen, schön und gut."
"97","1992-11-13","Zeitung","Die Zeit, 13.11.1992","Die sunnitische Muslimbruderschaft, von Hassan el Banna 1928 in Ägypten gegründet und rasch in den meisten arabischen Ländern verbreitet, stellte sich von Anfang an gegen andere antikoloniale oder nationalistische Bewegungen, die einen unabhängigen Staat nach dem Vorbild der europäischen Demokratien schaffen wollten."
"98","1992-06-12","Zeitung","Die Zeit, 12.06.1992","Für ein vergleichbares Areal in unmittelbarer Nähe hat das Land Nordrhein-Westfalen immerhin 350 bis 400 Millionen Mark veranschlagt."
"99","2004-12-30","Zeitung","Die Zeit, 30.12.2004","Gerade multinationale Gesellschaften können ihre Steuerzahlungen dadurch minimieren, dass sie ihre Gewinne in diejenigen Länder verschieben, in denen die Lasten am niedrigsten sind."
"100","1991-09-06","Zeitung","Die Zeit, 06.09.1991","Sie suchten nach vermißten Verwandten - und nach den Gräbern ihrer im Land gebliebenen Angehörigen."
"101","1995-04-07","Zeitung","Die Zeit, 07.04.1995","Gewiß, Kuba war bereits vor der Revolution den anderen karibischen Ländern weit voraus."
"102","1990-11-09","Zeitung","Die Zeit, 09.11.1990","Jeder zweite Marokkaner lebt auf dem Land, das fruchtbar zur Küste hin ist, karg durch Überweidung und Bodenerosion im Bergland, sandig-kahl in den Wüstengebieten im Rücken des Hohen Atlas."
"103","1994-09-23","Zeitung","Die Zeit, 23.09.1994","In der Tat können andere Länder solche wall fall profits nicht verbuchen."
"104","1990-11-09","Zeitung","Die Zeit, 09.11.1990","Der Thatcherismus war, ungeachtet seiner Betonung von Markt und Freihandel, der Versuch einer Revolution in einem Lande."
"105","2004-10-14","Zeitung","Die Zeit, 14.10.2004","In einem Land mit der Verfassungspräambel »Jeder hat die Pflicht zu arbeiten und das Recht auf einen Arbeitsplatz« und der »Égalité« als oberstem Staatsprinzip gelten solche Missstände als besondere Schande."
"106","1990-07-20","Zeitung","Die Zeit, 20.07.1990","Politik Partei Regierung getragen vom Vertrauen Werktätigen Stadt und Land Lösung Wohnungsfrage soziale Frage deshalb Planerfüllung, Schwierigkeiten meistern, materielle Stimuli klug und gezielt einsetzen, ideologische Arbeit, Arbeit mit unseren Menschen, Zuversicht, allseitige Zustimmung Kraft Zukunft, verbleibende Lücken schließen."
"107","1990-04-06","Zeitung","Die Zeit, 06.04.1990","Aus den anderen Ländern der Europäischen Gemeinschaft werden Veranstalter auf dem deutschen Markt erscheinen, um von der Reisefreudigkeit der Bundesbürger zu profitieren."
"108","1992-09-18","Zeitung","Die Zeit, 18.09.1992","""Früher war Deutschland ein sehr reiches Land, jetzt ist es nur noch ein recht reiches Land"", diagnostiziert der Umweltforscher Helmut Weidner vom Berliner Wissenschaftszentrum."
"109","1994-10-14","Zeitung","Die Zeit, 14.10.1994","Dabei gehe es doch nicht um Siedlerland, sondern nur um jene Äcker, die in der sozialistischen Ära vom Staat verwaltet wurden, um volkseigenes Land also, auf dem nun die Treuhand sitze."
"110","1993-11-05","Zeitung","Die Zeit, 05.11.1993","Kein Land des Grams, der Angst, der Feindseligkeit."
"111","2002-02-21","Zeitung","Die Zeit, 21.02.2002","Eines aber ist unbestreitbar: Ihr Land stünde heute besser da, wären wirtschaftliche und sozialpolitische Reformen früher eingeleitet worden."
"112","1993-02-19","Zeitung","Die Zeit, 19.02.1993","""Das Gesetz zur Beschleunigung der Planung für Verkehrswege in den neuen Ländern sowie im Land Berlin heißt in seiner ,Kurzbezeichnung' Verkehrswegeplanungsbeschleunigungsgesetz."""
"113","1992-09-18","Zeitung","Die Zeit, 18.09.1992","Überdies gingen vier Jahrzehnte täglich geübter Demokratie und gelebter Freiheit, die wir im Westen unseres Landes kennenlernen durften, nicht spurlos an uns vorüber."
"114","2004-12-22","Zeitung","Die Zeit, 22.12.2004","Doch seitdem das Land nicht mehr will und der Staat nicht mehr kann, nehmen die Pariser ihre Geschicke allmählich in die eigene Hand."
"115","1993-12-24","Zeitung","Die Zeit, 24.12.1993","""Fragt nicht, was euer Land für euch tun kann, sondern fragt euch, was ihr für euer Land tun könnt."""
"116","1993-02-12","Zeitung","Die Zeit, 12.02.1993","Als die Sozialistische Internationale 1899 in Paris die Arbeiter aller Länder dazu aufrief, den ersten Mai künftig als Kampftag der Arbeiterbewegung zu feiern, da stand ihr die ""Haymarket-Tragödie"" in Chicago als Fanal vor Augen."
"117","2003-10-23","Zeitung","Die Zeit, 23.10.2003","Das verhindert zwar nicht, dass der Trend der letzten Jahrzehnte, alte Gewohnheiten und Häuser zu verändern, genauso oft schief gegangen ist wie in anderen Ländern Mitteleuropas."
"118","1998-02-05","Zeitung","Die Zeit, 05.02.1998","Hätten die Inspektoren Zugang zu allen verdächtigen Orten, dann flösse das Geld wieder ins Land."
"119","2003-03-13","Zeitung","Die Zeit, 13.03.2003","Bis 2006 sollen aber alle Länder, bis 2004 alle Sportverbände den Anti-Doping-Kodex übernehmen."
"120","1990-02-09","Zeitung","Die Zeit, 09.02.1990","Bahr: Sobald in der DDR wieder Länder existieren, gibt es auch die theoretische Möglichkeit, daß einzelne Länder die Vereinigung mit der Bundesrepublik beschließen."
"121","1994-07-01","Zeitung","Die Zeit, 01.07.1994","Wie kommt es, daß das ganze Land den Abschied vom amtierenden Bundespräsidenten bedauert und betrauert:"
"122","1990-04-06","Zeitung","Die Zeit, 06.04.1990","Er begann, Land aufzukaufen oder vom Forstdepartment zu pachten, hatte beste Beziehungen und dachte, ihm konnte nichts passieren."
"123","1991-11-01","Zeitung","Die Zeit, 01.11.1991","Der Dienst bestimmte, in welche Länder Mertins komplette Kriegsausrüstungen zu liefern hatte - Panzer, Flugzeuge, Schiffe, Handfeuerwaffen, Raketen und Munition."
"124","2000-06-21","Zeitung","Die Zeit, 21.06.2000","Schon vor der historischen Umarmung von Kim Jong Il mit Südkoreas Präsidenten Kim Dae Jung hatte Peking den bis dahin nie aus seinem Land ausgereisten Potentaten empfangen, hatten Australien und Italien Beziehungen zu ihm aufgenommen."
"125","2000-08-24","Zeitung","Die Zeit, 24.08.2000","So kursiert das Gerücht, dass bei Häusern made in Austria die Holzbauweise vorherrsche, weil die heimischen Baumeister den gesamten Steinvorrat des Landes für die Errichtung von so genannten Alpen verbraucht hätten."
"126","2002-01-17","Zeitung","Die Zeit, 17.01.2002","Zwar lassen auch in den alten Ländern die Parteibindungen nach."
"127","1999-10-28","Zeitung","Die Zeit, 28.10.1999","Als Höcherls fünf Millionen aufgebraucht waren, stiegen die Länder, an ihre Kulturhoheit gemahnt, mit gerade mal 750000 Mark jährlich in die Nachwuchsförderung ein."
"128","1991-11-15","Zeitung","Die Zeit, 15.11.1991","Da das Land keine Regierungspräsidien einrichtet, erhöht sich das Arbeitspensum auf der Ministerialebene noch einmal."
"129","1996-04-05","Zeitung","Die Zeit, 05.04.1996","Wie das alles kommt?Lisa geht nachts auf Reisen, schnurstracks durch die Wand, mitten ins bunte Land der Kreise."
"130","1994-12-09","Zeitung","Die Zeit, 09.12.1994","Während die Finanzblätter des Landes die Streithähne zur Einigung ermahnen, fallen diese aus ihren Rollen."
"131","1992-10-16","Zeitung","Die Zeit, 16.10.1992","Die DDR aber haben die Bürgerrechtler auf dem Gewissen - mit ihrem ""unverständlichen Haß"" haben sie das Land zerstört, als sie eine Kooperation mit dem MfS ablehnten."
"132","2004-06-09","Zeitung","Die Zeit, 09.06.2004","Er hatte auf einmal Luft und Zeit, sie ließen ihn ungestört arbeiten, und in seinen Mannschaften tummelten sich bald Nationalspieler aus vieler Herren Ländern."
"133","1996-10-18","Zeitung","Die Zeit, 18.10.1996","Möglicherweise verkauft man dort weiterhin Schaschlik, denn derart gute Fleischspieße gibt es im Land der Bratwurst nicht."
"134","2004-11-18","Zeitung","Die Zeit, 18.11.2004","Vor allem die Moschee an der Stadtautobahn in Madrid, die größte des Landes, ist ein ständiger Brennpunkt, weswegen sie inzwischen völlig abgeriegelt wird und der Eintritt nur noch gegen Vorlage des Personalausweises möglich ist."
"135","2001-12-27","Zeitung","Die Zeit, 27.12.2001","zählt zu jenen Managern im Lande, die immer wieder ins Kreuzfeuer der Kritik geraten."
"136","1996-06-07","Zeitung","Die Zeit, 07.06.1996","Für die meisten dieser Dienstleistungen sind in der Bundesrepublik nicht Bundesbehörden zuständig, sondern Länder und Gemeinden sie unterhalten Schulen, Universitäten, Sozialämter, Gerichte und Polizeireviere."
"137","2003-07-24","Zeitung","Die Zeit, 24.07.2003","""Gomorrha"" hatte Harris sein Unternehmen genannt, nach dem 1. Buch Moses: ""Da ließ der Herr Schwefel und Feuer regnen vom Himmel herab auf Sodom und Gomorrha und die ganze Gegend und alle Einwohner der Städte und was auf dem Lande gewachsen war.""Harris ließ Brandbomben hinabregnen, um die Feuerwehr durch Erschöpfung auszuschalten, und schickte Sprengbomben und Luftminen hinterher."
"138","1993-02-26","Zeitung","Die Zeit, 26.02.1993","Der Dreißigjährige Krieg ist vorüber, das Land ist verwüstet, die Bevölkerung dezimiert."
"139","2004-03-25","Zeitung","Die Zeit, 25.03.2004","Es mag zu früh sein, exakt zwölf Monate nach den Reformankündigungen des Kanzlers draußen im Lande nach den Folgen zu schauen."
"140","1990-10-26","Zeitung","Die Zeit, 26.10.1990","Sonja ist 28 Jahre alt, sie lebt auf dem Land in der Nähe von Chemnitz."
"141","2004-01-22","Zeitung","Die Zeit, 22.01.2004","Wie tief die Krise des Landes wirklich ist - oder als wie tief sie wahrgenommen wird -, das lässt sich am ehesten an einer Formulierung des SPD-Fraktionschefs ablesen."
"142","1995-05-19","Zeitung","Die Zeit, 19.05.1995","Wenn Schotten und Waliser England sagen, meinen sie ""das Land der Unterdrücker""."
"143","2003-02-13","Zeitung","Die Zeit, 13.02.2003","Mal wurde er über den grünen Klee gelobt, dann avancierte er, wegen seiner Sehnsucht nach dem Euro, zum ""gefährlichsten Mann im Lande""."
"144","1993-09-24","Zeitung","Die Zeit, 24.09.1993","Aus den kleineren Ländern der Gemeinschaft mache sowieso jeder Karriere, der halbwegs mithalten könne."
"145","2002-03-21","Zeitung","Die Zeit, 21.03.2002","Aber auch das Deutschland des 20. Jahrhunderts war einst ein kriegszerstörtes Land."
"146","2004-07-01","Zeitung","Die Zeit, 01.07.2004","Nicht wenige im Lande, Intellektuelle, Politiker, Journalisten, sagen heute: ""Das Polder-Modell ist tot.""Übertrieben?""Vielleicht ist das Polder-Modell nur k. o."", sagt Lodewijk de Waal, als wolle er zeigen, dass er noch zu scherzen vermag."
"147","2001-10-04","Zeitung","Die Zeit, 04.10.2001","Und entfernen uns immer weiter von dem vor Jahrzehnten vereinbarten Ziel, 0,7 Prozent des Sozialprodukts an arme Länder abzugeben."
"148","1997-06-27","Zeitung","Die Zeit, 27.06.1997","Ob man die Partei mit ihren vier Prozent im Bund oder zwanzig Prozent in einem ostdeutschen Land an der Macht teilhaben läßt, ist eine rein pragmatische Entscheidung, die selbstverständlich mit einem Höllengetöse von hochmoralischen Vorwürfen einhergehen wird."
"149","2002-08-01","Zeitung","Die Zeit, 01.08.2002","Am Ende der Reise durch ein Land im Umbruch spielt die Symphonie der Stille: Gassen, die schweigen, Ölbaumblätter, die im Böenhauch zittern."
"150","1992-11-06","Zeitung","Die Zeit, 06.11.1992","Neben der Arbeitsmigration sind Landflucht und sprunghafte Urbanisierung wichtige Ursachen für den gesellschaftlichen Wandel der nordafrikanischen und nahöstlichen Länder."
"151","1994-05-20","Zeitung","Die Zeit, 20.05.1994","Es ist ja keineswegs so, daß alle Länder in gleicher Weise auf die beschäftigungspolitische Herausforderung reagiert hätten, und auch von ihrer wirtschaftspolitischen Grundausrichtung waren sie in unterschiedlicher Weise darauf vorbereitet."
"152","1996-04-19","Zeitung","Die Zeit, 19.04.1996","Die Kommunisten würden das Land stärker gen Westen abschotten, China ähnlich, aber ohne dessen Tradition."
"153","1992-09-18","Zeitung","Die Zeit, 18.09.1992","Auch die Deutschen sehen in der Türkei ein ""zunehmend wichtiges Land""."
"154","1995-08-18","Zeitung","Die Zeit, 18.08.1995","Andere Länder müssen Kriege führen, eine gewaltige Alterspyramide türmt sich bei ihnen auf, oder zumindest geht es mit der Kultur steil bergab."
"155","1996-03-22","Zeitung","Die Zeit, 22.03.1996","Sie läßt Vertreter von Mali und Burkina Faso in Brüssel auftreten, die überzeugend darstellen, daß ihre Länder auf den Export der Shea-Nuß angewiesen sind, daß Shea-Butter das weltweit hochwertigste Pflanzenfett ist und daß die harmonisierte Euro-Schokolade sie in den Ruin treibt."
"156","1992-10-16","Zeitung","Die Zeit, 16.10.1992","Nun hat Deutschland, das ausländischen Architekten so aufgeschlossen wie kein anderes Land der Erde ist und so offensichtlich einen Gefallen daran hat, auch ein Werk des Ungarn Makovecz."
"157","2000-11-23","Zeitung","Die Zeit, 23.11.2000","Fujimori hatte während seiner Amtszeit den Drogenanbau im eigenen Land drastisch reduzieren können."
"158","1999-06-10","Zeitung","Die Zeit, 10.06.1999","Gleich ist meine Nase kürzer, das Land befindet sich im gewohnten Frieden, jeder lebt sein Leben in seinem Haus und mit seiner Familie, es gibt alles, nichts wird entbehrt."
"159","1998-09-24","Zeitung","Die Zeit, 24.09.1998","Der Kulturkommissar könnte in Absprache mit den Ländern bessere Rahmenbedingungen für eine europäische Filmindustrie herstellen."
"160","1995-03-03","Zeitung","Die Zeit, 03.03.1995","Von 1945 bis 1970 war in Österreich Literaturpolitik ausschließlich eine Literaturverhinderungspolitik, mit dem Ziel, daß die emigrierten Autoren nicht ins Land zurückkehren und die jungen Autoren das Land verlassen."
"161","1996-11-29","Zeitung","Die Zeit, 29.11.1996","Wer den Umbau will, darf nicht den Versuch, öffentliches Land an Investoren zu verkaufen, als unmoralisch verurteilen."
"162","2003-09-25","Zeitung","Die Zeit, 25.09.2003","""Kein Land außer Israel hat unseren Krieg gegen den Irak unterstützt, und dass die Amerikaner das nicht wissen, ist ein grobes Versäumnis unserer Medien."""
"163","2002-01-03","Zeitung","Die Zeit, 03.01.2002","Die kundigen Texte über Gegenwart und Vergangenheit im Land hinter den erloschenen Vulkanen sind der Orientalistin Tessa Hofmann zu verdanken."
"164","1997-10-31","Zeitung","Die Zeit, 31.10.1997","""Wenn wir heute in der Frage der doppelten Staatsbürgerschaft gegenüber der Türkei nachgeben würden, hätten wir in kurzer Zeit statt drei Millionen vier, fünf, sechs Millionen Türken in unserem Land."""
"165","2003-01-23","Zeitung","Die Zeit, 23.01.2003","Nun, Anfang des Jahres, heißt es, sollen jede Menge Politiker aus anderen europäischen Ländern erneut im Kanzleramt angefragt haben, ob Schröder bei seiner Haltung bleibe."
"166","2004-04-22","Zeitung","Die Zeit, 22.04.2004","Der Bürgerkrieg im Süden des Landes brach im August 1955 aus - er lodert, unterbrochen von 1972 bis 1983, seit 39 Jahren."
"167","1996-12-06","Zeitung","Die Zeit, 06.12.1996","Das Deutsche Reich sollte verschwinden, die historisch gewachsenen deutschen Länder sich wieder zu einer Art Staatenbund konstituieren, wie er vor 1866 bestanden hatte - das Ganze allerdings unter dem Dach eines ökonomisch und politisch geeinten Europa."
"168","2001-09-20","Zeitung","Die Zeit, 20.09.2001","Zudem steuert das Land trotz Haushaltsüberschuss auf neue Staatsschulden zu."
"169","1992-09-11","Zeitung","Die Zeit, 11.09.1992","Kein anderes Land, außer der Schweiz, geht so restriktiv mit der Verleihung seiner Staatsbürgerschaft um wie die Bundesrepublik Deutschland."
"170","1997-12-19","Zeitung","Die Zeit, 19.12.1997","Der Grundgedanke machte Schule, auch international: daß es wünschenswert und notwendig sei, manche Gebiete eines Landes dem Zugriff seiner Bewohner möglichst vollständig zu entziehen."
"171","1992-03-20","Zeitung","Die Zeit, 20.03.1992","In den 45 Wahlkreisen des Landes kandidieren 23 völlig neue Kandidaten."""
"172","1991-12-06","Zeitung","Die Zeit, 06.12.1991","Das Land verdorrt in flirrender Hitze, eine Wüstenei, Nomadengebiet seit Menschengedenken."
"173","1995-09-22","Zeitung","Die Zeit, 22.09.1995","Rumen Bojkov, der Ozonexperte der WMO, registriert allerdings mit Besorgnis, daß von einer Umstellung in diesen Ländern noch keine Rede sein kann."
"174","2003-05-22","Zeitung","Die Zeit, 22.05.2003","Die Demokratie des Landes begann ohne Vergangenheit."
"175","2000-01-13","Zeitung","Die Zeit, 13.01.2000","B: Wenn Sie den Leuten tatsächlich sagen: ""Also, wir werden euch dafür besteuern, dass ihr Geld herumbewegt"", und wenn wir dann auch noch sagen würden: ""Also, wir erwägen, ob wir wieder eine Devisenkontrolle einführen"", ich glaube, dann ist das nur noch ein sehr kleiner Schritt dahin, dass Länder sagen: ""Also, wir errichten jetzt Importkontrollen.""Meiner Ansicht nach ist der globale Markt unterm Strich aber gut für uns."
"176","2002-03-27","Zeitung","Die Zeit, 27.03.2002","Sie hat unser Land, sie hat diesen Kontinent mitgestaltet."
"177","1991-06-21","Zeitung","Die Zeit, 21.06.1991","Zum Beispiel aus Japan: ""Makudonarudo"", wie der Name des Unternehmens dort lautmalerisch umschrieben wird, ist im Land der aufgehenden Sonne so erfolgreich, daß es mit 776 Restaurants zum wichtigsten Außenposten im McDonald's-Imperium geworden ist."
"178","1997-09-12","Zeitung","Die Zeit, 12.09.1997","September 1997, schickte das Theater folgende hölzerne, gleichwohl ergreifende Pressemitteilung ins Land: ""Im Zuge der nun in Angriff zu nehmenden Umstrukturierung der Schaubühne am Lehniner Platz sind Andrea Breth und Jürgen Schitthelm übereingekommen, ihren gemeinsamen Vertrag dahingehend zu modifizieren, daß Andrea Breth aus der Künstlerischen Leitung ausscheidet und im Rahmen des bis zum Ende der Spielzeit 1999/2000 laufenden Vertrages ausschließlich als Regisseurin tätig sein wird."
"179","1997-09-19","Zeitung","Die Zeit, 19.09.1997","Die Hardthöhe hat am Dienstag schnell reagiert und den Taxi-Flug für die Segler kurzerhand zur Nebensache erklärt.Eigentlich, so heißt es jetzt, sei die Tupolew auf einem sogenannten Langstrecken-Navigationsflug gewesen.Hätte sie nicht Regattateilnehmer interkontinental transportiert, wäre sie in Kürze ohne Passagiere zum Übungsflug aufgebrochen.Soweit das Ministerium.Doch warum benutzte die Luftwaffe für diesen dienstlichen Vergnügungsflug eine Maschine, die vollgestopft war mit Aufklärungselektronik?War die Spähausrüstung tatsächlich ausgeschaltet?Waren jene afrikanischen Länder, die überflogen wurden, wirklich über die Spionage-Ausstattung der Tupolew informiert?"
"180","2002-10-31","Zeitung","Die Zeit, 31.10.2002","In dem von Generälen und Mafiosi zerrütteten Land fanden Heilsverkünder aus arabischen Ländern dankbare Zuhörer."
"181","1992-05-15","Zeitung","Die Zeit, 15.05.1992","Nach einem für die künftige Haupt- und Kulturstadt beschämenden Eiertanz um die Finanzierung der Ausgabe hat das Land Brandenburg erkannt, welche Lorbeeren mit der Unterstützung der Edition preiswert zu gewinnen sind, deren fünfter Band (""Penthesilea"") im September erscheint, die jetzt ""Brandenburger Kleist-Ausgabe"" heißt."
"182","1992-01-31","Zeitung","Die Zeit, 31.01.1992","Albanien ist Europas ärmstes Land."
"183","1990-12-21","Zeitung","Die Zeit, 21.12.1990","WASHINGTON.- Der Kalte Krieg ist zu Ende, jetzt sollten wir versuchen, auch eine seiner übelsten Nebenwirkungen zu beenden: die rücksichtslose Versorgung der Länder der Dritten Welt mit modernen Waffen."
"184","1994-01-14","Zeitung","Die Zeit, 14.01.1994","Die Lautstärksten sind die beitrittswilligen Länder aus Ostmitteleuropa."
"185","1998-09-10","Zeitung","Die Zeit, 10.09.1998","Der Kryptozentralismus der Kultusminister-Konferenz der Länder erlaubt jedoch in der Schulpolitik kaum eine ernsthafte Bewegung."
"186","1998-02-05","Zeitung","Die Zeit, 05.02.1998","Als geschickter Wirtschaftsorganisator, Kunstsammler und Mäzen, der nicht weniger arrogant und bestechlich als andere Experten war, modernisierte Oppenheimer nicht nur das zerrüttete Finanzwesen des Landes, sondern wußte auch vornehmen und weniger vornehmen christlichen Frauen zu gefallen."
"187","2004-10-21","Zeitung","Die Zeit, 21.10.2004","In Australien sind erstmals Inlandsflüge günstiger als Charterverbindungen nach Bali - dank der inzwischen zweitgrößten Gesellschaft des Landes, Virgin Blue."
"188","2001-10-04","Zeitung","Die Zeit, 04.10.2001","Wenn man die durchschnittliche Selbstständigenquote der westlichen Länder zusammenlegt, müsste eigentlich die Zahl der Selbstständigen in den neuen Ländern um rund 100000 Personen größer sein, die Zahl der registrierten Unternehmen im Osten müsste sogar um 140000 höher liegen."
"189","2002-08-29","Zeitung","Die Zeit, 29.08.2002","Doch scheint das Land derzeit beiden Herausforderungen gewachsen."
"190","2004-04-22","Zeitung","Die Zeit, 22.04.2004","Schon in der bisherigen Gemeinschaft von 15 Mitgliedern unterscheidet sich die Unternehmensbesteuerung von Land zu Land."
"191","2004-06-17","Zeitung","Die Zeit, 17.06.2004","Weil in Deutschland und Dänemark der Platz an Land knapp geworden ist, liegen die Standorte der Zukunft auf dem Meer."
"192","2001-10-25","Zeitung","Die Zeit, 25.10.2001","Land der tausend Buddhas, Land des Lächelns:"
"193","2004-04-29","Zeitung","Die Zeit, 29.04.2004","Und was verbraucht nun der Hybrid?Das Testauto schluckte im groben Drittelmix (Autobahn, Stadt, Land) 6,5 Liter pro hundert Kilometer."
"194","2003-01-16","Zeitung","Die Zeit, 16.01.2003","""Wenn Chávez weg ist, haben wir zum ersten Mal die Chance, nicht nur Einwohner, sondern Bürger dieses Landes zu sein."""
"195","1992-11-06","Zeitung","Die Zeit, 06.11.1992","Die Gefahr der Deindustrialisierung in den neuen Ländern ist hingegen bis heute nicht gebannt, und im Kampf um die Arbeit im Lande ziehen die Ostdeutschen meist noch den kürzeren."
"196","1991-01-11","Zeitung","Die Zeit, 11.01.1991","Sie beweisen schließlich, daß ich nicht gegen die Interessen des damals für mich zuständigen Landes gehandelt habe - und auch nicht gegen die Interessen der Bundesrepublik."
"197","1990-03-02","Zeitung","Die Zeit, 02.03.1990","Oberwiesenthal, Seiffen, Olbernhau, Zöblitz, Marienberg mit dem schönen Rathausrenaissancetor, Ehrenfriedersdorf mit der gotischen Hallenkirche, Annaberg, die alte Bergstadt - alle Wege in diesem deutschen Mittelgebirge schlängeln sich immer noch durch ein fremdes und fernes Land."
"198","1999-06-02","Zeitung","Die Zeit, 02.06.1999","Die europäischen Länder kämen nicht umhin, nach der Beendigung der Völkervertreibung Serbien durch die Chance eines EU-Beitritts eine Perspektive für einen Neubeginn zu geben."
"199","1996-10-25","Zeitung","Die Zeit, 25.10.1996","Der iranische Einmischungsplan mit dem Ziel der Zerstörung unseres Landes existierte bereits vor einem Monat."
"200","1992-07-10","Zeitung","Die Zeit, 10.07.1992","Und dann habe er den Zusammenbruch der Strukturen in den neuen Ländern nicht so katastrophal eingeschätzt."
"201","2004-12-02","Zeitung","Die Zeit, 02.12.2004","Es wird Enttäuschungen geben, wenn sich erst wieder die Apparate und Bürokraten über das Land beugen, egal unter welchem rechtmäßigen Präsidenten."
"202","1999-03-11","Zeitung","Die Zeit, 11.03.1999","Das Land ist ein Schiff, das zu groß für mich ist."
"203","2002-03-27","Zeitung","Die Zeit, 27.03.2002","In Blautönen gehalten, wirkt der Hase so kühl wie Eiskonfekt - perfekt für ein heißes Land."
"204","1994-10-07","Zeitung","Die Zeit, 07.10.1994","Aber nur Nowak hatte die (im westlichen Schulwesen schmerzlich erworbene) Einsicht und auch den Ehrgeiz, das alte bundesdeutsche Modell nicht einfach den neuen Ländern überzustülpen, sondern eigene Ansätze zu entwickeln."
"205","1999-11-11","Zeitung","Die Zeit, 11.11.1999","Wer verstehen will, wie in diesem langsam entschwindenden Land Dabeisein und Dagegensein vereinbar wurden, der muss Enzensberger lesen."
"206","1992-02-07","Zeitung","Die Zeit, 07.02.1992","Doch selbst das erfolgreichste und kleinste Land der vormals fünfzehn Sowjetrepubliken ist zu Beginn dieses Jahres von einer Regierungs- und Versorgungskrise getroffen worden, die viele der 1,6 Millionen Einwohner buchstäblich frösteln läßt."
"207","2003-09-04","Zeitung","Die Zeit, 04.09.2003","Folgerichtig verlangte der amerikanische Chefdelegierte Kelly in Peking, die Nordkoreaner müssten zunächst ihr Atomwaffenprogramm einfrieren und die Inspektoren wieder ins Land lassen, ehe man über Sicherheitsgarantien und Wirtschaftshilfe reden könne."
"208","1994-08-26","Zeitung","Die Zeit, 26.08.1994","Sie werden in großen Auflagen gedruckt, über das ganze Land verteilt, irgend jemand finanziert sie."
"209","1995-09-22","Zeitung","Die Zeit, 22.09.1995","Solchen Einwänden hält Lux entgegen, daß die Weltunion des Schäferhundverbandes in sechzig Ländern vertreten ist und weltweit eine halbe Million Mitglieder hat:"
"210","2000-06-29","Zeitung","Die Zeit, 29.06.2000","Obwohl in den neuen Ländern neue Autobahnen gebaut wurden und das Telefonnetz zu den modernsten der Welt gehört, ist der Nachholbedarf noch enorm."
"211","1999-12-02","Zeitung","Die Zeit, 02.12.1999","Ohnehin: In Sachen Korruption steht Deutschland nicht etwa als eines der saubersten Länder an der Spitze der Rangliste aller hoch entwickelten Staaten, sondern weiter unten, etwa in der Mitte der Skala."
"212","2001-07-12","Zeitung","Die Zeit, 12.07.2001","Dagegen muss eine Suchmeldung über die Polizei im jeweiligen Land oder über die Botschaft laufen."
"213","1996-11-01","Zeitung","Die Zeit, 01.11.1996","Besorgniserregend ist dagegen, daß der Strom zunehmender Auslandsinvestitionen anderer Länder weitgehend an der Bundesrepublik vorbeifließt."
"214","1994-03-25","Zeitung","Die Zeit, 25.03.1994","Daß das ""Evangelium nach Jesus Christus"" in Portugal und anderen katholischen Ländern ""heftigste Debatten über die Rolle der Kirche im Staat auslöste"", Saramago von Anhängern des Erzbischofs Lefebvre sogar Morddrohungen erhielt, mag eine Aussage über die geistliche Verfassung der katholischen Kirche und ihrer Anhänger sein, mit Sicherheit ist sie kein Zeugnis für die Qualität dieses Romans."
"215","1991-01-25","Zeitung","Die Zeit, 25.01.1991","Am 16. Juli wurde Bunche vom belgischen Botschafter unterrichtet, die Truppen seines Landes würden sich binnen sieben Tagen aus dem Kongo zurückziehen."
"216","2003-04-30","Zeitung","Die Zeit, 30.04.2003","Die neue Regelung, so sie denn kommt, wird nur wenig Kapital ins Land holen - das Steueraufkommen wird nicht steigen, sondern sinken."
"217","1990-05-04","Zeitung","Die Zeit, 04.05.1990","""Wir machen unser Land zur Nr. 1 in Deutschland"", verspricht Johannes Raus SPD im nordrhein-westfälischen Wahlkampf."
"218","2004-03-25","Zeitung","Die Zeit, 25.03.2004","Deshalb haben sie gemeinsam einen eigenständigen Landesverband aus der Taufe gehoben und verlangen nun, als autonomer Vertragspartner des Landes anerkannt zu werden."
"219","1996-12-27","Zeitung","Die Zeit, 27.12.1996","Die Zuschüsse von Bund, Ländern und Kommunen schwinden, die Kirchensteuern bröckeln, und die Bischöfe knausern."
"220","1999-05-27","Zeitung","Die Zeit, 27.05.1999","Doch wo der Arm des Präsidenten nicht hinreicht, blüht im Land bürokratische Anarchie."
"221","1996-01-26","Zeitung","Die Zeit, 26.01.1996","In den alten Ländern ist von 1975 bis 1993 das Verhältnis ""Studierende je Stelle für wissenschaftliches Personal"" an den Universitäten (ohne Medizin) von 13 auf 24 und an den Fachhochschulen von 16 auf 41 angestiegen."
"222","1990-11-09","Zeitung","Die Zeit, 09.11.1990","Überdies sollen die fünfzehn Außenstellen Beiräte bilden, in denen die Länder ebenfalls vertreten sein werden."
"223","2003-08-21","Zeitung","Die Zeit, 21.08.2003","So richtig es ist, dass alle ein Interesse haben müssen, dass der Irak wiederhergestellt wird - keiner hat sein Schicksal mit der Zukunft des Landes mehr verbunden als der US-Präsident."
"224","1994-05-20","Zeitung","Die Zeit, 20.05.1994","Unterschätzen Sie nicht, daß die bloße Existenz der sozialistischen Länder in den Augen vieler Menschen eine Hoffnung darstellte."
"225","1991-05-10","Zeitung","Die Zeit, 10.05.1991","Von serbischer Seite wird er der ""Verharmlosung"" des Faschismus geziehen - und dies in einem Land, dessen Partisanen den Deutschen unter großen Opfern Paroli boten."
"226","1992-04-10","Zeitung","Die Zeit, 10.04.1992","Der Umtauschkurs für eine Reichsmark, die im eigenen Lande selbst von galoppierender Schwindsucht erfaßt war, betrug 7200 Rubel, ein Pfund Schwarzbrot kostete 60000 Rubel."
"227","1992-09-25","Zeitung","Die Zeit, 25.09.1992","Diese Menschen vermögen sich offenbar nicht vorzustellen, daß Deutschland ohne die fünfeinhalb Millionen Ausländer, denen man die Vielfalt der Kultur und des Alltagslebens verdankt, nicht nur ein ödes, langweiliges und sicherlich auch für viele Deutsche unerträgliches Land wäre."
"228","2001-10-04","Zeitung","Die Zeit, 04.10.2001","in den USA gefährden den Übergang Indonesiens von der Diktatur zur Demokratie stärker als alle Katastrophen im Lande."
"229","1994-02-11","Zeitung","Die Zeit, 11.02.1994","Die Lehrer sollen darauf vorbereitet werden, Zuwanderer aus den osteuropäischen Ländern in Deutsch zu unterrichten und den Jugendlichen bei der Integration in Deutschland zu helfen."
"230","1997-04-25","Zeitung","Die Zeit, 25.04.1997","In einem Hintergrundgespräch mit Basil Kingsley Martin, dem Chefredakteur des New Statesman, erklärte er, ""daß die Sowjetunion, wenn andere Länder [beispielsweise die Bundesrepublik] atomar gerüstet seien und sich damit das Atompotential des Westens erhöhe, zur Steigerung der eigenen Atomrüstung gezwungen werde und noch weniger für soziale Dinge tun könne."
"231","2000-09-28","Zeitung","Die Zeit, 28.09.2000","Die jüngeren Ostautoren, als wären sie nicht dabei gewesen, machten aus der Wiedervereinigung eine Kabarettnummer und aus dem gerade verschiedenen Land ein wohldesigntes Durcheinander aus Genossen, Spitzeln und Gummipflanzen - eine Italo-DDR, wie sie bei jungen Westautoren im Augenblick ihr tristes Retortennachleben fristet."
"232","1998-06-25","Zeitung","Die Zeit, 25.06.1998","Fünf Jahre nach Verschärfung des Asylrechts leben Hunderttausende Einwanderer illegal im Land."
"233","2000-03-23","Zeitung","Die Zeit, 23.03.2000","Er war der unbestrittene Praeceptor Germaniae: eine Autorität im Lande oberhalb der Parteien und Parteiungen."
"234","1999-05-12","Zeitung","Die Zeit, 12.05.1999","Für Land und Leute hingegen brächten sie kein Interesse auf."
"235","2003-09-18","Zeitung","Die Zeit, 18.09.2003","Zur Weltausstellung 1851 in London galt die industrielle Entwicklung in England als die fortschrittlichste, doch war es das einzige Land in Europa, in dem es keine institutionalisierte technische Ausbildung gab."
"236","2001-05-17","Zeitung","Die Zeit, 17.05.2001","Schließlich sei Estland »ein kleines Land«."
"237","1990-02-23","Zeitung","Die Zeit, 23.02.1990","Den Bürgern im ganzen Lande müsse klargemacht werden, daß die Währungen in beiden Ländern sich erst annähern können, ""wenn sich die Wirtschaftsstrukturen und die Produktivität beider Länder angenähert haben""."
"238","1996-03-15","Zeitung","Die Zeit, 15.03.1996","Die Führung in Peking will ihrer Erklärung Nachdruck verleihen, daß ""Taiwan immer noch ein Teil Chinas ist und daß wir die Entschlossenheit und die Fähigkeit haben, die territoriale Integrität des Landes zu verteidigen""."
"239","1991-09-20","Zeitung","Die Zeit, 20.09.1991","Warum nun erzielt ein Land in einer bestimmten Branche internationale Erfolge?"
"240","2002-08-15","Zeitung","Die Zeit, 15.08.2002","Das rigide Staatsgefüge in ihrem Land wird als futuristische Tötungsmaschinerie präsentiert, in dem die riesigen Zahnräder effizient und unerbittlich ineinander greifen wie im Chaplin-Film Modern Times."
"241","2004-08-05","Zeitung","Die Zeit, 05.08.2004","Zudem haben auch klageführende Länder erklärt, dass sie die Juniorprofessur nicht grundsätzlich infrage stellen, sondern unterstützen - nur eben als einen Qualifikationsweg neben der Habilitation."
"242","1992-03-06","Zeitung","Die Zeit, 06.03.1992","Denn was die englische Regierung damit sagen würde, wäre, daß es in Ordnung sei, wenn eine andere Regierung in dieses Land kommt, um seine Bürger zu ermorden."
"243","1998-07-09","Zeitung","Die Zeit, 09.07.1998","Die letzte größere Demonstration im Lande liegt Jahre zurück, es ging um Brotknappheit."
"244","2004-07-22","Zeitung","Die Zeit, 22.07.2004","Das Intelligente daran ist nun, dass die Globalisierung den reichen Ländern (insbesondere einem reformgestauten, rot-grün regierten Land in der Mitte Europas) schwerer fällt als den armen."
"245","1990-12-21","Zeitung","Die Zeit, 21.12.1990","Angesichts der desolaten Lage muß es wie ein Hoffnungsschimmer wirken, daß die Gebärfreudigkeit in den Metropolen der Dritten Welt deutlich geringer ist als auf dem Lande."
"246","1999-04-15","Zeitung","Die Zeit, 15.04.1999","Er setzte in der Bundesverfassung die Gleichberechtigung Montenegros mit dem zwanzigmal größeren Serbien durch, pflegte ein gutes Verhältnis mit den 90000 Muslimen und 50000 Albanern im Land."
"247","2004-10-21","Zeitung","Die Zeit, 21.10.2004","Sie haben lieber im eigenen Land etwas zu sagen und schnell zu entscheiden, als in Berlin nur an der Verhinderung von Politik mitzuwirken."
"248","1990-03-09","Zeitung","Die Zeit, 09.03.1990","Viele der Texte übrigens sind der Münchener Veranstaltungsreihe ""Reden über das eigene Land"" zu verdanken, die es schon seit mehreren Jahren gibt und die seither jährlich in einem Sammelband dokumentiert wird."
"249","1998-10-08","Zeitung","Die Zeit, 08.10.1998","Alle bisherigen Regierungen erklärten lediglich, Israel werde nukleare Waffen niemals als erstes Land in der Region einsetzen - aber auch nicht als letztes."
"250","1990-05-18","Zeitung","Die Zeit, 18.05.1990","Und die Regionen sind bei uns die Länder."
"251","1994-03-11","Zeitung","Die Zeit, 11.03.1994","Leise nur summt die Autobahn herüber, München-Berlin oder Berlin in den Süden, ein Dauerton, streng, ein bißchen erhaben wie das Land hier."
"252","2004-06-24","Zeitung","Die Zeit, 24.06.2004","Auch deswegen verehren sie ihn in Cova da Piedade noch stärker als im übrigen Land."
"253","2001-04-11","Zeitung","Die Zeit, 11.04.2001","Die Manager der internationalen Investmentfonds zum Beispiel, durch deren Hirnwindungen nur noch ein Gedanke passt: Profit!Oder die nicht weniger renditerünstigen Herrscher der Konzerne, deren Imperien mehr Geld erwirtschaften als so manches europäische Land, die aber kein Volk der Welt abwählen kann."
"254","1991-05-17","Zeitung","Die Zeit, 17.05.1991","Denn das, was im Lande eigentlich fällig ist, nämlich eine soziale Revolution, wird von den Politikern nicht konstruktiv angegangen."
"255","1994-06-10","Zeitung","Die Zeit, 10.06.1994","Dann kippte er, stürmte den Burgberg, tauchte hinter das mächtige Schloß und entfernte sich und seinen Lärm weit ins grüne Land."
"256","1991-11-22","Zeitung","Die Zeit, 22.11.1991","Als Unrecht empfinden viele Algerier heute die Verhältnisse im eigenen Land und finden die Argumente für ihr Aufbegehren im Islam."
"257","2001-09-17","Zeitung","Die Zeit, 17.09.2001","Haben die Terroristen ein Land oder eine Kultur attackiert?"
"258","1998-10-08","Zeitung","Die Zeit, 08.10.1998","Wieder so ein Fieber über dem Land, künstlich warm und voller Ungewißheit."
"259","2004-12-16","Zeitung","Die Zeit, 16.12.2004","Sie hoffen aber, dass mit dem Druck auf ihr Land endlich auch die Demokratie kommt"
"260","1995-12-29","Zeitung","Die Zeit, 29.12.1995","Etwas zwischen ""Traviata"" (1853) und ""Fledermaus"" (1874) und Lehárs gigantisch erfolgreicher ""Witwe"" (1905) sollte es sein, alles klingt tatsächlich irgendwie an alles das an - mehr telepathisch voraus ans ""Land des Lächelns"" von 1929 gemahnt das doppelsymmetrische seriös-serene Liebespaar - das komische (in Bonn alert und gleichwohl zwiefach kantabel:"
"261","2000-12-28","Zeitung","Die Zeit, 28.12.2000","In folgenden Ländern ist laut einer EU-Expertenkommission ein BSE-Risiko unwahrscheinlich: Argentinien, Paraguay, Chile, Neuseeland, Australien und Norwegen."
"262","2001-10-31","Zeitung","Die Zeit, 31.10.2001","Was kommt als Nächstes?Komplette Genanalyse im Mikrochip gespeichert?Unter der Haut eingepflanzt nach der Geburt?In einem solchen Land möchte ich nicht leben."
"263","1990-10-12","Zeitung","Die Zeit, 12.10.1990","Ihr schlechtes Abschneiden hat die starke Grünbewegung draußen im Lande: den Tausendfüßler aus Bürgerinitiativen und Bürgerlisten - eher geschwächt."
"264","1991-07-19","Zeitung","Die Zeit, 19.07.1991","Nach außen - und sogar vor seinen Ministern - versicherte der Monarch, sein Land werde in der Palästinafrage die Position aller anderen arabischen Staaten teilen, ""wie es das immer getan hat""."
"265","1998-06-10","Zeitung","Die Zeit, 10.06.1998","Erst das Dechiffrieren von Zusammenhängen ermöglicht die eigenen Positionen, ob es sich nun um die Re-Regulierung der Weltwirtschaft, nachdem der Keynsianismus in einem Lande nicht mehr möglich ist, oder ob es sich um die Verästelungen der Kommunikationstheorie handelt."
"266","1999-06-10","Zeitung","Die Zeit, 10.06.1999","Pracht in den Städten, Sonne an den Stränden, Frieden auf dem Lande."
"267","1993-10-15","Zeitung","Die Zeit, 15.10.1993","Bewaffnete Gruppen verschärften 1989 bewußt diese Spannungen, um jede geordnete Macht im Lande zu diskreditieren."
"268","1995-11-24","Zeitung","Die Zeit, 24.11.1995","Frivolität muß der Westen in einem Land wie Taiwan verspüren, dessen Präsident eine Vorgeschichte heimischer demokratischer Traditionen beschwört, die angeblich ohne jedes europäische Vorbild auskommt."
"269","1994-11-18","Zeitung","Die Zeit, 18.11.1994","In einer Resolution, die im Augenblick in den Flüchtlingslagern zirkuliert, fordern Hunderttausende Frieden im Lande und den Beistand der Außenwelt."
"270","1994-07-29","Zeitung","Die Zeit, 29.07.1994","Seine im Mai gestartete Reihe von Gebietsführern mit dem Titel Neue Horizonte gibt auf rund 200 Seiten im DIN-A4-Format einen Überblick über Land und Leute, solide Gastronomie- und Unterkunftshinweise, eine Skizze der wichtigen Sehenswürdigkeiten und ausreichendes Kartenmaterial, das von den Aral-Autokarten 1:200 000 aus dem gleichen Hause übernommen ist."
"271","1990-04-27","Zeitung","Die Zeit, 27.04.1990","Da es den Ländern und Gemeinden finanziell so gut gehe, sollten sie auf einen Teil ihrer Mehrwertsteuererträge zugunsten des Bundes verzichten."
"272","1997-07-11","Zeitung","Die Zeit, 11.07.1997","Es muß eine klare Rückmeldung vom wirtschaftlichen Erfolg zur finanziellen Leistungskraft, aber auch mehr Möglichkeiten für ein eigenverantwortliches Handeln des Landes geben."
"273","2002-02-14","Zeitung","Die Zeit, 14.02.2002","Seine Hochzinspolitik hat die strukturelle Bereinigung in Frankreich beschleunigt und dem Land einen Wettbewerbsvorsprung verschafft, der sich bis heute in relativ hohen Wachstumsraten niederschlägt."
"274","1997-09-26","Zeitung","Die Zeit, 26.09.1997","[...] bewegen weitergehende Pläne.Schon vor vier Wochen und unter dem Eindruck des Flutdesasters hatte er immer wieder von einer neuen Schule in Wilkanów gesprochen.Will sich hier jemand nach der Manier von Kleinstadtvorstehern ein Denkmal setzen?Solche Bedenken stellten sich von Anfang an nie ein, denn Bogdan Krynickis Engagement widerlegt jeden Verdacht.Der Fünfzigjährige ist ein Manager, wie ihn sich eine Gemeinde nur wünschen kann, agil und zukunftsorientiert.Mit der Modellschule hat er sich ein Ziel gesteckt - in einem Polen, in dem noch ständische Strukturen herrschen, in dem Stadt und Land Welten trennen und in dessen Dörfern die Zeit stehengeblieben zu sein scheint. [...]"
"275","2001-01-25","Zeitung","Die Zeit, 25.01.2001","Wenn dem Vogtländer sein Land die Welt ist, ist Pausa deren Mittelpunkt."
"276","1997-10-02","Zeitung","Die Zeit, 02.10.1997","Malaysias Premierminister Mahathir Mohammed mußte zusehen, wie die ohnehin von Währungsund Exportkrise geplagte Wirtschaft seines Landes weitere Schläge erhielt.Tag für Tag erreichten ihn neue Hiobsbotschaften:"
"277","1995-03-24","Zeitung","Die Zeit, 24.03.1995","Daß Juden - Schweizer Bürger wie niedergelassene Ausländer - das Land verlassen hatten, weil sie sich von judenfeindlicher Politik, von der Anpassungsbereitschaft an den deutschen Nachbarn bedroht fühlten, kam den eidgenössischen Politikern erst in den Sinn, als die jüdischen Gemeinden, unterstützt von den Sozialdemokraten, protestierten."
"278","1999-12-09","Zeitung","Die Zeit, 09.12.1999","Durch ihr Beharren darauf, dass die Bank deutscher Länder am Sitz der Zentralverwaltung ihren Sitz nehmen müsse, erwies sich die US-Militärregierung ironischerweise als Geburtshelferin eines rezentralisierten Bankwesens."
"279","1990-11-16","Zeitung","Die Zeit, 16.11.1990","Das war ja nicht nur Theodor Heuss, einer der Väter des liberalen Grundgesetzes und der erste Präsident der Bundesrepublik, nicht nur Thomas Dehler, der leidenschaftliche Verfechter der Rechtsstaatlichkeit, nicht nur Reinhold Maier, der die Länder Baden und Württemberg zusammenführte - auf Kosten seiner eigenen politischen Macht; nicht nur Wolfgang Döring, dessen liberale Gesinnung vorbildhaft war."
"280","2002-11-07","Zeitung","Die Zeit, 07.11.2002","Nun kommt Pete Seeger, Country-Haudegen und ehemaliger Weggefährte von Woodie Guthrie, und singt mit der Menge This Land is our Land."
"281","1998-05-20","Zeitung","Die Zeit, 20.05.1998","Auffällig ist nur, daß in diesen Ländern der Zigarettenkonsum keineswegs geringer ist als in Ländern mit Werbung."
"282","1997-01-24","Zeitung","Die Zeit, 24.01.1997","Die türkische Holiday Air wurde nach gravierenden Sicherheitsmängeln aus Deutschland verbannt, eine Gesellschaft in der Dominikanischen Republik von den Behörden des Landes geschlossen, nachdem die LBA-Prüfer lediglich den Besuch der Heimatbasis angekündigt hatten."
"283","1997-12-05","Zeitung","Die Zeit, 05.12.1997","Geißler, die in England gelandet waren, wurden nach einem einzigen Auftritt in London aus dem Land gejagt."
"284","1990-08-31","Zeitung","Die Zeit, 31.08.1990","Ich hoffe, bald Ausstellungen zu sehen, wie immer man diese dann nennen mag, in denen Bilder aus allen deutschen Ländern ganz selbstverständlich versammelt sind."
"285","2002-10-24","Zeitung","Die Zeit, 24.10.2002","Das wäre unfair den Menschen gegenüber.""Schon 1975, als sie das Land als Touristin bereiste, gefiel ihr die afghanische Mentalität."
"286","1991-10-18","Zeitung","Die Zeit, 18.10.1991","Die Gewalt in einem vom Rassismus geprägten Land ist sein Thema."
"287","1995-12-29","Zeitung","Die Zeit, 29.12.1995","Es kann aber nicht so sein, daß die Länder bei der zustimmungspflichtigen Krankenhausreform mitmachen und die Koalition die problematischen Vorhaben durchsetzt, die nicht zustimmungspflichtig sind."
"288","1998-04-08","Zeitung","Die Zeit, 08.04.1998","Und er predigt, das Land brauche künftig noch mehr Innovation, Deregulierung und Lohndisziplin."
"289","1991-11-15","Zeitung","Die Zeit, 15.11.1991","In Windeseile siedelten sich Wasserski-, Surf- und Motorbootschulen an, ohne daß das Land Brandenburg Einspruch erheben konnte."
"290","1997-04-04","Zeitung","Die Zeit, 04.04.1997","ZEIT: Deutschlands öffentliche Schuldenlast beträgt derzeit 61,5 Prozent des Bruttoinlandsprodukts - bei Ihnen dagegen sind es 76 Prozent.Gehen Sie trotzdem davon aus, daß Ihr Land in der ersten Runde mit dabeisein wird?Kok: Weil unsere Verschuldung jährlich um 2,5 bis 3 Prozent abnimmt."
"291","1991-04-12","Zeitung","Die Zeit, 12.04.1991","Beim Handel mit knapp einem Dutzend arabischer Länder müssen sich die Unternehmen namentlich dazu verpflichten, keine Ware israelischen Ursprungs dorthin zu liefern."
"292","1991-08-09","Zeitung","Die Zeit, 09.08.1991","Fünf Tage berieten die Sieger mit 23 anderen Oppositionsgruppen die Zukunft des Landes."
"293","2002-12-23","Zeitung","Die Zeit, 23.12.2002","Wie für alle geistlichen Staaten, so galt auch für die Länder der Äbtissinnen: Unterm Krummstab war gut leben."
"294","1990-08-24","Zeitung","Die Zeit, 24.08.1990","- Die Übereinkunft über die deutsche Wiedervereinigung, die Präsident Gorbatschow und Kanzler Kohl im Juli getroffen haben, ist ein Triumph deutscher Diplomatie und des gesunden Menschenverstandes in beiden Ländern."
"295","2003-10-23","Zeitung","Die Zeit, 23.10.2003","Badachschan ist das zweitgrößte Anbaugebiet des Landes - und die Transportroute Richtung Westen führt ausgerechnet durch Kundus."
"296","1997-08-29","Zeitung","Die Zeit, 29.08.1997","Aber ist die Entwicklung in Rußland nicht auch darauf zurückzuführen, daß es in diesem Land keinerlei demokratische Traditionen gibt?Mein Eindruck ist, daß es kaum ein anderes Land gibt, in dem Macht so sehr zu den Garantien des Überlebens gehört."
"297","2001-08-30","Zeitung","Die Zeit, 30.08.2001","Dort hat er No Man's Land zügig finanziert bekommen."
"298","2002-06-27","Zeitung","Die Zeit, 27.06.2002","In dieser Hinsicht ist Baden-Württemberg vielleicht das modernste Land der Bundesrepublik."
"299","2004-05-19","Zeitung","Die Zeit, 19.05.2004","Das Land hat genug von Hindu- und Marktradikalismus"
"300","1990-11-23","Zeitung","Die Zeit, 23.11.1990","Für eine Verleumdung hält Walesa auch, wenn seine Gegner behaupten, er wolle das Land mit Hilfe von Dekreten regieren."
"301","1997-03-28","Zeitung","Die Zeit, 28.03.1997","1291 fiel Akko, und mit der fränkischen Herrschaft im Heiligen Land war es endgültig vorbei."
"302","2003-03-27","Zeitung","Die Zeit, 27.03.2003","Kein Land eignete sich freilich de facto schlechter für derartige Experimente als der Irak: Sunnitische Araber, die eigentlichen Träger panarabischen Gedankengutes, machten in den zwanziger Jahren gerade einmal ein Fünftel der Bevölkerung aus."
"303","1996-05-31","Zeitung","Die Zeit, 31.05.1996","Da das Land zwar EU-Mitglied, innerlich aber noch nicht ganz beigetreten ist, wird man auf die Stimme Wiens noch eine Zeitlang warten müssen."
"304","1994-03-11","Zeitung","Die Zeit, 11.03.1994","Wehrten sich die einen gegen die Geschmacklosigkeit einer filmischen Reproduktion der Shoah und sperrten Auschwitz-Birkenau als Drehort, so empfanden andere Spielbergs Projekt als Auszeichnung für das Land."
"305","2000-07-20","Zeitung","Die Zeit, 20.07.2000","""Wir sind das Land Beethovens und Goethes"" - und dann machten sie zwei Weltkriege."
"306","2000-03-02","Zeitung","Die Zeit, 02.03.2000","""Das sind alles Vorschläge, die andere europäische Länder schon erfolgreich eingeführt haben"", kontert Öko-Experte Krippendorf."
"307","1994-04-08","Zeitung","Die Zeit, 08.04.1994","Es hatte kritische literarische Stimmen im Innern des Landes in der letzten Phase des Nationalsozialismus gegeben; auch im Exil sprach man nicht mit einer Stimme."
"308","1994-07-22","Zeitung","Die Zeit, 22.07.1994","So wie kein Rauschgiftdealer die Fahnder in die Nähe einer Mohnplantagen führt, wird auch kein Land, das Atomfabriken unentdeckt betreiben will, die IAEO-Inspektoren zur Entnahme von Wasser- oder Luftproben einladen."
"309","1997-03-21","Zeitung","Die Zeit, 21.03.1997","Dabei wäre er fast von der resolut heranbimmelnden Straßenbahn überfahren worden und ist daraufhin gleich wieder abgereist: zurück in die karge Einsamkeit Lapplands, zurück ins Land der Nordlichter, ins Land der langen, dunklen Winter und der wunderbaren Sommer, ins Land der Mitternachtssonne."
"310","1997-02-28","Zeitung","Die Zeit, 28.02.1997","[...] Unüberhörbar ist das Universum der Sprache die alles bestimmende Obsession, das große Pathos dieser Dramen.Der ""König"" hockt auf dem Thron der Worte, und das ""Volk"" lebt in einer Monarchie der Buchstaben.Beide, Handke wie Strauß, sind von der schwindelerregenden Vorstellung besessen, daß die Wörter, die in ihrem heiligen Land gesprochen werden, nicht einfach nur die Welt bedeuten, sondern diese Welt auch sind.Beide kritisieren die Gegenwart deshalb mit einem ehrwürdigen sprachphilosophischen Argument.Sie sagen, daß erst eine von Traditionen und Träumen gesättigte Sprache den Raum der Verständigung und das Selbstsein der Menschen erschließt es ist allein die Sprache, die jahrtausendelang die Sinnenergien der Menschen gespeichert hat, um sie in der Gegenwart der Kommunikation zu ""wiederholen"". [...]"
"311","2001-10-04","Zeitung","Die Zeit, 04.10.2001","Sie ruft ""einen nationalen Notstand"" aus, weil sie das Land - lange bevor es von außen unter Beschuss geriet - von innen gefährdet sieht, durch ""die Armut von Abermillionen Amerikanern""."
"312","2004-04-15","Zeitung","Die Zeit, 15.04.2004","Erst seit kurzem trennen einzelne Länder wie Baden-Württemberg die Mittel gemäß ihrer Zweckbestimmung."
"313","1998-03-05","Zeitung","Die Zeit, 05.03.1998","Mein Alltag sieht im Moment so aus, daß ich einen beachtlichen Teil meiner Zeit aufwenden muß, um gemeinsam mit meinen Kollegen in Europa und hier im eigenen Land die Einführung des Euro, die Vollendung der europäischen Wirtschafts- und Währungsunion durchzusetzen."
"314","1998-03-05","Zeitung","Die Zeit, 05.03.1998","Das hellhäutige Mädchen war in der Tat mit Jeffersons Töchterchen nach Paris gekommen, als der Papa sein Land als Gesandter bei der Krone Frankreichs vertrat."
"315","2002-10-31","Zeitung","Die Zeit, 31.10.2002","Ursprünglich wollten sie künftig die Entscheidungsbefugnis über alle Fusionen, die mehr als drei Länder betreffen, erkämpfen."
"316","1990-11-23","Zeitung","Die Zeit, 23.11.1990","Das sei die einzige Möglichkeit, die Wirtschaft im Lande anzukurbeln, lautet die Begründung."
"317","1995-08-04","Zeitung","Die Zeit, 04.08.1995","An erster Stelle gehört dazu das Nußgras - eine Segge, die in 92 Ländern und 52 Agrarkulturen ihr Unwesen treibt."
"318","2000-11-16","Zeitung","Die Zeit, 16.11.2000","Eine müde weihnachtliche Vorfreude liegt über dem Land."
"319","1997-05-02","Zeitung","Die Zeit, 02.05.1997","Denn zu dem Entgelt für das Land seien noch Refinanzierungskosten hinzuzurechnen."
"320","1990-03-30","Zeitung","Die Zeit, 30.03.1990","Als Charles Darwin im Jahr 1831 nahe Bahia an der brasilianischen Atlantikküste an Land ging, schrieb er in sein Tagebuch:"
"321","1992-02-14","Zeitung","Die Zeit, 14.02.1992","Er hatte die Sowjets davon überzeugen wollen, daß die Schweiz ein hochgerüstetes Land sei, das jedem Angriff standhalten könnte."
"322","1999-04-29","Zeitung","Die Zeit, 29.04.1999","Ich wollte Kosova nicht verlassen, ich wollte noch einmal die Berge sehen, die Felder, die Flüsse, die Schönheit unseres Landes."
"323","2001-08-16","Zeitung","Die Zeit, 16.08.2001","Das nach seinem Helden benannte Buch ist im Mai in englischsprachigen Ländern erschienen und wurde bereits 250000-mal verkauft."
"324","2000-08-31","Zeitung","Die Zeit, 31.08.2000","Ohne in den Hoheitsbereich der Länder einzugreifen, will das Bildungsministerium so die Berufsbildung an 360 Schulen im gesamten Land fördern."
"325","2001-01-18","Zeitung","Die Zeit, 18.01.2001","Frankreich hatte die Hälfte des Landes annektiert, das ganze Land besetzt der König war in den alleräußersten Winkel des Landes, nach Memel, geflüchtet."
"326","1998-12-10","Zeitung","Die Zeit, 10.12.1998","Der moralische Text im Text spricht von der Verpflichtung der Deutschen, mit der Nazi-Vergangenheit ihres Landes verantwortlich umgehen zu lernen, und zwar jede neue Generation neu."
"327","1991-08-23","Zeitung","Die Zeit, 23.08.1991","Dies trifft vor allem für den Süden des Landes zu, wo die Einwohner der Provinz Kanton auf eine lange Handelstradition zurückblicken können."
"328","1997-08-22","Zeitung","Die Zeit, 22.08.1997","Das Bild der Reinigung eines verkommenen Landes ist ein zentrales Bild der Beat-Poesie."
"329","2001-10-25","Zeitung","Die Zeit, 25.10.2001","Die Ulema habe nach kontroversen Diskussionen, die von acht Uhr morgens bis halb zwei Uhr nachts gedauert hätten, eine klare Aussage gemacht: ""Osama bin Laden muss das Land verlassen."
"330","1992-09-18","Zeitung","Die Zeit, 18.09.1992","Das Augenmerk der nun einmal von Berufs wegen besorgten Strategen richtet sich dabei vor allem auf die drei dynamischsten Länder der Region: China, Japan und Korea."
"331","1994-02-04","Zeitung","Die Zeit, 04.02.1994","Sterben für Sarajevo? - das ist längst eine mehr als naheliegende Frage, vor allem für jene Länder, die im ehemaligen Jugoslawien Truppen unterhalten, darunter auch einige Staaten Ostmitteleuropas."
"332","2000-08-10","Zeitung","Die Zeit, 10.08.2000","Compassionate conservatism - mitfühlender Konservatismus - mit diesem Kernbegriff hat der republikanische Präsidentschaftskandidat George W. Bush in Philadelphia beschrieben, was dem Land fehlt und was die morgigen Republikaner von den gestrigen unterscheiden soll."
"333","1992-01-17","Zeitung","Die Zeit, 17.01.1992","Ostdeutschland ist das Land, das am meisten gelitten hat, das am meisten erpreßt wurde durch ein totalitäres Regime."
"334","2004-10-28","Zeitung","Die Zeit, 28.10.2004","Was Leuten wie Krugman oder seinem Fachkollegen Robert Brenner (Boom and Bubble, VSA Verlag) den Schlaf raubt, ist der Riss, der durch das Land geht und die »amerikanische Seele« vergiftet."
"335","1994-06-10","Zeitung","Die Zeit, 10.06.1994","Pressefreiheit muß in vielen Ländern erst noch erkämpft werden."
"336","2002-04-18","Zeitung","Die Zeit, 18.04.2002","Die Gemeinschaftsaufgaben müssen abgeschafft werden, bei denen der Bund den Ländern projektbezogen Geld gibt und überaus stark auf die Gestaltung der Landespolitik einwirkt."
"337","1991-05-10","Zeitung","Die Zeit, 10.05.1991","Land der Kreditkarten"
"338","1996-07-05","Zeitung","Die Zeit, 05.07.1996","Deutschland soll mit den Pfunden wuchern, die ihm unter der Gunst der Umstände zugewachsen sind, ein Land ""ohne Koloniallast, ohne Kernwaffenlast und mit fortgeschrittener Umwelttechnologie"" zu sein."
"339","1995-07-07","Zeitung","Die Zeit, 07.07.1995","Scharping: Die Stärke der SPD in den Ländern wird nur dann zur Stärke der Gesamtpartei, wenn die Konsolidierung der öffentlichen Haushalte nicht zur Flucht vor politischer Gestaltung wird."
"340","1996-09-06","Zeitung","Die Zeit, 06.09.1996","Kein Wunder: 95 Prozent der Post wird innerhalb des eigenen Landes in einem Zeitraum von 24 Stunden erledigt."
"341","1998-04-23","Zeitung","Die Zeit, 23.04.1998","Wenn jedoch ein zur differenzierter Betrachtung fähiger Sozialwissenschaftler wie Beck sträflich ignoriert, daß in einer demokratischen Konsensgesellschaft die ""Wahrheit ""- hier heißt sie Kompromiß - irgendwo in der Mitte liegt, was sowieso insgeheim jeder weiß, dann stellt sich beinahe folgerichtig auch die Frage nach den Qualitäten der sogenannten Eliten im Lande neu."
"342","1990-09-14","Zeitung","Die Zeit, 14.09.1990","Heute wissen wir, daß der Nationalsozialismus von den politischen, sozialen und wirtschaftlichen Bedingungen profitierte, die auch in anderen Ländern Europas das Auftauchen faschistischer und totalitärer Bewegungen erlaubten."
"343","1994-04-15","Zeitung","Die Zeit, 15.04.1994","Er geht und weht und stolpert durchs Wilson Land wie ein Gespenst der Liebe und der Einsamkeit."
"344","2003-09-11","Zeitung","Die Zeit, 11.09.2003","Aber arme Länder brauchten Hilfe, um Schulen zu bauen, Krankheiten zu bekämpfen oder die Wasserversorgung auszubauen."
"345","2001-05-10","Zeitung","Die Zeit, 10.05.2001","Guna ist 22, kommt vom Land und war in ihrem jungen Leben bereits auf erstaunlich vielen Gebieten aktiv."
"346","1994-03-25","Zeitung","Die Zeit, 25.03.1994","In den Ländern, die noch nicht Deutschland waren, dachte man über Fremdherrschaft nach und entsann sich des Teutonischen."
"347","1995-12-29","Zeitung","Die Zeit, 29.12.1995","Der gewaltige Umbau des öffentlichen Dienstes durch die Vereinigung mit dem Land Brandenburg wird die gewohnte Beamtenkultur erschüttern."
"348","2001-10-25","Zeitung","Die Zeit, 25.10.2001","Auf der Liste der größten Waffenexporteure steht das Land aufgrund des verkauften oder verschenkten NVA-Arsenals der alten DDR auf einem vorderen Platz."
"349","1993-11-12","Zeitung","Die Zeit, 12.11.1993","Ehemalige ""Fremdarbeiter"", Männer und Frauen aus fünf europäischen Ländern, aus Italien, Polen, Frankreich, der Sowjetunion und aus Holland, berichten über Hunger, Mißhandlungen, Ghettoisierung in Barackenlagern - aber auch über Zeichen von versteckter Solidarität und Hilfsbereitschaft."
"350","2004-12-02","Zeitung","Die Zeit, 02.12.2004","Dieser Satz Robert Boschs, auch einer der legendären Unternehmer im Land, ist häufig angeführt worden gegen die neue Generation egoistischer Manager und Macher."
"351","1996-10-25","Zeitung","Die Zeit, 25.10.1996","Doch nicht nur den Kernkraftwerken, auch anderen technischen Errungenschaften wird in diesem Land frühzeitig die Befähigung zum Museumsstück ausgestellt."
"352","1993-01-29","Zeitung","Die Zeit, 29.01.1993","Und trotzig fügt er hinzu: ""Dabei sind wir doch ein reiches Land."""
"353","1999-06-24","Zeitung","Die Zeit, 24.06.1999","Voller Stolz verkündeten die Regierungschefs der reichsten Industrienationen am vergangenen Wochenende den Schuldenerlass für die ärmsten Länder der Welt, die Sonne schien, und die lauschende Journalistenschar trug die frohe Botschaft in aller Herren Länder."
"354","1991-12-13","Zeitung","Die Zeit, 13.12.1991","Diebstahl und Raubüberfälle sind an der Tagesordnung, nachdem das Land über Jahrzehnte ein Hort staatlich verordneter Ruhe war."
"355","2002-10-31","Zeitung","Die Zeit, 31.10.2002","Land für Landlose, Reservate für Amazonas-Indianer, Schulen für die Kinder in den Favelas."
"356","2002-06-27","Zeitung","Die Zeit, 27.06.2002","Die hoffnungsträchtige Devise ""Land für Frieden"" ist umgedreht worden:"
"357","1994-09-23","Zeitung","Die Zeit, 23.09.1994","Zehn Beiträge, beispielsweise über Indianer, Favelas, afrobrasilianische Kulte, Karneval, Stefan Zweig und Rio sowie den Amazonas, lockern die Kenntnisse über Land und Leute auf."
"358","1997-05-23","Zeitung","Die Zeit, 23.05.1997","Im Gegensatz zu den Regierenden im vergleichsweise demokratischen Rußland kann man Lukaschenko nicht vorhalten, er habe sein Land nicht im Griff."
"359","2002-03-14","Zeitung","Die Zeit, 14.03.2002","Genial!Dem ZDF ist eine cross-mediale Dauersendung gelungen, für die sich alle Medien im Lande bereitwillig einspannen, täuschen und lumpen ließen."
"360","1993-04-02","Zeitung","Die Zeit, 02.04.1993","""Die Bundesregierung beteiligt sich an der Expo mit der Erwartung"", stand schließlich in Kohls Redetext, ""daß das Land Niedersachsen und die Wirtschaft hier die Hauptverantwortung tragen."""
"361","1990-03-02","Zeitung","Die Zeit, 02.03.1990","Das Zerbröckeln der sozialistischen Wirtschaftsgemeinschaft Comecon, mit deren Mitgliedstaaten Kuba bislang 85 Prozent seines Gesamthandels betrieb, versetzt das Land schlagartig in eine verzweifelte Lage."
"362","2003-03-27","Zeitung","Die Zeit, 27.03.2003","Doch dessen unbeirrbarer Kurs wird das Land internationalen Einfluss kosten"
"363","1990-08-10","Zeitung","Die Zeit, 10.08.1990","Die Koalitionsverhandlungen in den Ländern und die Bestückung der Kabinettslisten werden Zeit brauchen."
"364","1990-12-14","Zeitung","Die Zeit, 14.12.1990","""Seit meinem fünfzehnten Lebensjahr bin ich mit der revolutionären Arbeiterbewegung verbunden, und die Ereignisse der letzten Zeit in unserm Land und in andern sozialistischen Ländern erschüttern mich tief."
"365","2003-01-30","Zeitung","Die Zeit, 30.01.2003","Streikende und Demonstrierende genießen in Frankreich, dem Land des Bastille-Sturms, einen Sympathievorschuss, während sie hierzulande eher als verkehrsbehinderndes Pack gelten."
"366","2002-06-27","Zeitung","Die Zeit, 27.06.2002","Im 19. Jahrhundert mussten die Menschen in den industrialisierten Ländern etwa ein Drittel ihres Lebens mit Arbeit verbringen."
"367","2000-04-20","Zeitung","Die Zeit, 20.04.2000","""Sie wollten Master Retzlaff das Land wegnehmen, aber wir haben sie vertrieben."
"368","2004-10-07","Zeitung","Die Zeit, 07.10.2004","Elvis tourt in der Band eines Gossenheiligen, dem etwas prosaisch genannten »König der Bettler«, durch die namenlosen, seit Ewigkeiten vergessenen Städte des Landes, tanzt vor Bauern und Dörflern, deren Sprache er nicht versteht, wird festgenommen und übel gefoltert:"
"369","1998-03-26","Zeitung","Die Zeit, 26.03.1998","Es gibt ja auch Länder wie Ghana, Botswana, Uganda oder Elfenbeinküste, die alle westlichen Stereotype widerlegen und mit jährlichen Wachstumsraten von vier bis zwölf Prozent glänzen."
"370","1990-10-19","Zeitung","Die Zeit, 19.10.1990","Im Export steht der VW in nachstehenden Ländern an der Spitze aller deutschen Wagen: Ägypten, Argentinien, Belgien, Brasilien, Danemark, Finnland, Holland, Irland, Luxemburg, Norwegen, Österreich, Portugal, Schweden, die Schweiz, Uruguay und sogar die USA."
"371","1990-09-21","Zeitung","Die Zeit, 21.09.1990","Das wirkliche Schweden ist glücklicherweise ein freies Land, in dem es allerlei (wenn auch vielleicht nicht genug) läßliche Unordnung, bunte Vielfalt, Heterogenität, Konflikt und Wandelbarkeit gibt, also all die Dinge, ohne die menschliche Lebenschancen, und Menschen mit ihnen, nicht aufblühen können."
"372","1997-06-13","Zeitung","Die Zeit, 13.06.1997","Das kann in diesem Land niemand wollen."""
"373","2001-10-11","Zeitung","Die Zeit, 11.10.2001","Wenn Bürger eines Landes vor überhöhten Steuern fliehen, dann sind das doch keine Terroristen."
"374","2002-10-02","Zeitung","Die Zeit, 02.10.2002","Östlich der tibetischen Hochebene erstreckt sich das fruchtbarste Land ganz Chinas, eine von Bergen umschlossene Welt im tiefsten Reisgrün, besprengt mit Mandarinenbäumen und Teichen voller Lotusblumen."
"375","2003-06-12","Zeitung","Die Zeit, 12.06.2003","Highlights allein bringen das Land nicht voran."
"376","2004-06-09","Zeitung","Die Zeit, 09.06.2004","70 Prozent der Deutschen, so eine Umfrage des Spiegels, hätten kein Problem damit, Leute wie Kaplan auch in Länder abzuschieben, in denen ihnen Verfolgung, Folter oder Tod drohen."
"377","1992-05-01","Zeitung","Die Zeit, 01.05.1992","Einem Land dazwischen."
"378","2004-04-29","Zeitung","Die Zeit, 29.04.2004","Seit bald vier Jahren steckt das Land in der Krise."
"379","1997-12-12","Zeitung","Die Zeit, 12.12.1997","""Ich weiß, daß ich von diesem schmelzenden Land Abschied nehmen muß, aber ich kann es noch nicht, zuviel unfinished business gibt es noch."
"380","1995-12-01","Zeitung","Die Zeit, 01.12.1995","Dieses Buch macht für Außenstehende jenseits aller folkloristischen Umschreibungen verständlich, warum in Frankreich die Intellektuellen eine viel größere öffentliche Rolle einnehmen als in anderen Ländern: Sie wurden stets gebraucht, um ""in einer Situation, in der das Anrecht auf die Staatsmacht kontinuierlich und grundlegend bestritten wurde, Legitimität zu sichern""."
"381","1994-07-22","Zeitung","Die Zeit, 22.07.1994","Man könnte freilich auch von anderen Ländern lernen, daß in nachbarschaftlichen Schulen, die Eltern, Lehrer, Schüler als gemeinsame Angelegenheit betrachten, die Schüler besser, die Eltern aktiver, die Lehrer engagierter, Drogen, Gewalt und andere soziale Probleme geringer sind."
"382","2004-01-15","Zeitung","Die Zeit, 15.01.2004","Es war nicht gelungen, einen Großteil der Roten Armee einzukesseln und unmittelbar hinter der sowjetischen Grenze zu schlagen, um anschließend weite Teile des Landes in einem »Eisenbahnvormarsch« kampflos in Besitz zu nehmen."
"383","1993-01-22","Zeitung","Die Zeit, 22.01.1993","Staatliche Verschuldung muß sich, darüber sind sich alle nüchternen Beobachter in Wirtschaft und Wissenschaft einig, in Zukunft auf Investitionsvorhaben beschränken, die der Entwicklung des Landes dienen."
"384","1994-10-14","Zeitung","Die Zeit, 14.10.1994","Wie sehr der Diktator auch vom Geschehen im Land abgeschirmt sein mag, es kann ihm nicht entgangen sein, wie ihn sein Volk mittlerweile verachtet."
"385","1996-06-07","Zeitung","Die Zeit, 07.06.1996","Statt die Verkrustungen und heiligen Kühe der alten Bundesrepublik ostwärts zu treiben, hätte zusammen mit den Ostdeutschen in den neuen Ländern eine beispielhafte Modernisierung von Politik, Wirtschaft und Kultur stattfinden können."
"386","2003-08-28","Zeitung","Die Zeit, 28.08.2003","Also: Mir ist um die Substanz unseres Landes nicht bange."
"387","1992-04-03","Zeitung","Die Zeit, 03.04.1992","Wirtschaftsminister Möllemann begründete seine Reise in den Iran, bei der ihn eine große deutsche Wirtschaftsdelegation begleitete, damit, daß man bei ""Wirtschaftsbeziehungen zu Ländern, die in ihrer Wertorientierung nicht unseren demokratischen Leitlinien und Ordnungsstrukturen entsprechen, immer abwägen muß: Glaubt man, daß Wirtschaftsbeziehungen per saldo nicht nur den wirtschaftlichen Interessen dienen, oder eröffnet man sich damit auch die Chance des Einflusses auf einen demokratischen Wandel?"""
"388","1990-05-25","Zeitung","Die Zeit, 25.05.1990","Die klassische Entwicklungspolitik, die auf Industrialisierung und Einbindung der unterentwickelten Länder in den Welthandel setzte, resigniert vor dem Tempo der Veränderungen und den ständig wachsenden Anforderungen."
"389","1996-01-19","Zeitung","Die Zeit, 19.01.1996","Ein ungehinderter Arbitragehandel, so die Unternehmen, würde das Preisniveau innerhalb der EU auf das billiger Länder wie Griechenland oder Portugal absenken."
"390","1994-09-23","Zeitung","Die Zeit, 23.09.1994","Er ""treibt die Urlauber oft genug in die letzten Winkel des Landes, wo Rücksichtslosigkeit und Unwissenheit oft eine unheilvolle Allianz eingehen""."
"391","2001-07-19","Zeitung","Die Zeit, 19.07.2001","Ob Importstopp für amerikanisches Hormonfleisch nach Europa, ob Blockade der Industrieländer gegen manche Agrarprodukte aus der Dritten Welt oder Missachtung von Urheberrechten durch Entwicklungsländer - immer wieder entziehen sich Regionen und Länder den Prinzipien des Freihandels oder seinen vertraglichen Regeln."
"392","1991-11-15","Zeitung","Die Zeit, 15.11.1991","Zum einen übten die Banken in vielen Ländern Zurückhaltung bei der Vergabe von Krediten."
"393","2004-04-07","Zeitung","Die Zeit, 07.04.2004","Gleichzeitig erlaubt der Vergleich von Schulbüchern Einblicke in die gesellschaftliche Befindlichkeit eines Landes:"
"394","1992-10-23","Zeitung","Die Zeit, 23.10.1992","Überschaubar ist der Kreis der Teilnehmer allemal, das Land ist gewiß größer geworden, aber nicht so gewaltig, daß die Daten der Schreiber, Denker und Diskutierer nicht in einem Karteikasten Platz fänden."
"395","2000-09-28","Zeitung","Die Zeit, 28.09.2000","Begonnen haben sie mit einem Ranking aller Länder entlang eines Economic Freedom Index."
"396","1994-10-21","Zeitung","Die Zeit, 21.10.1994","Auch Fahrräder sind selten, da sie lange als rückständig galten, als Peinlichkeit für ein so wunderbar fortschrittliches Land, weshalb lieber alle zu Fuß gehen sollten."
"397","1992-09-18","Zeitung","Die Zeit, 18.09.1992","Hier gilt es, eine Balance zu finden zwischen der sozialen Absicherung und der Notwendigkeit, für die Lösung der zentralen wirtschaftlichen Probleme unseres Landes die Kräfte des Wettbewerbs zu mobilisieren."
"398","1998-10-15","Zeitung","Die Zeit, 15.10.1998","Die Finanzierung der öffentlichen Rundfunkanstalten ist in Europa von Land zu Land verschieden."
"399","2004-05-19","Zeitung","Die Zeit, 19.05.2004","Raduza hat sich eines Tages selbst erfunden, das Mädchen, das vom Großvater draußen auf dem Land in Böhmen die alten Folksongs gelernt hat über den Krieg und die Arbeit und all das, worüber damals Lieder gesungen wurden."
"400","1999-04-22","Zeitung","Die Zeit, 22.04.1999","Nicht nur, weil Titos Jugoslawien für die Polen lange ein ihnen zugängliches kleines Stück Westen war, sondern auch, weil beide Länder in diesem 20. Jahrhundert eine ausgeprägte Schicksalsgemeinschaft verband."
"401","1991-01-25","Zeitung","Die Zeit, 25.01.1991","Aber die innere Struktur mancher Länder muß sich ändern:"
"402","1990-03-16","Zeitung","Die Zeit, 16.03.1990","Der Eilmarsch ins Präsidialamt, mit dem sich Gorbatschow vor der Entstaatlichung und Entmachtung der Partei rettete (zu der er beim 28. Kongreß im Juli noch weiter auf Distanz gehen wird), führt dazu, daß ausgerechnet der Mann, der dem Land weitgehend freie Wahlen verschrieb, sich selbst von dieser Radikalkur ausnahm."
"403","1992-04-17","Zeitung","Die Zeit, 17.04.1992","Wer sich darüber wundert, daß die nationalen Wahlen verschiedener Länder während der letzten Wochen fast alle Protestwahlen waren - Protest gegen eine wortreiche, aber tatenarme Führungsschicht -, der sollte sich den Zustand auf der internationalen Ebene vor Augen führen."
"404","1993-02-26","Zeitung","Die Zeit, 26.02.1993","Viele Erklärungen greifen allerdings zu kurz - vor allem in einem Land, in dem Hierarchien noch zählen."
"405","1992-07-17","Zeitung","Die Zeit, 17.07.1992","Aber ein schönes Land mit seinen glitzernden Wassern und dem grünen, undurchdringlichen Wald, ohne Straßen, nur von ein paar sandigen Trecks erschlossen, in die Jeeps ihre Spuren gegraben haben."
"406","2002-01-10","Zeitung","Die Zeit, 10.01.2002","Für den Terrorismus im eigenen Land zeigen sie dennoch Verständnis."
"407","2003-02-20","Zeitung","Die Zeit, 20.02.2003","Beim Bund, in den Ländern und in den Hochschulen tut sich so viel, dass Anlass zu Optimismus besteht."
"408","1993-08-20","Zeitung","Die Zeit, 20.08.1993","Aus der Musik des 51jährigen John Cale klingt jener gebrochene Traum eines jungen Mannes aus Wales, der als Musikstipendiat Mitte der sechziger Jahre nach New York aufbrach und die Weite des Landes gegen den hermetischen Zirkel La Monte Youngs, die Factory Andy Warhols und die bitteren Filme der Hollywood-Rebellen eintauschte."
"409","2002-07-18","Zeitung","Die Zeit, 18.07.2002","Ihr Reisebüro, das Nouvelle Frontière heißt, organisiert ""Entdeckungsreisen"" auch nach Kuba, und zwar an die Bucht von Baracoa, wo Kolumbus an Land ging."
"410","2001-05-10","Zeitung","Die Zeit, 10.05.2001","Ausgiebig erklärt der Exnazi die Besonderheiten der islamischen Gemeinde am Ort, er weiß genau, aus welchen Ländern Sunniten gekommen sind und woher Schiiten und was es noch für Glaubensrichtungen gibt."
"411","1994-06-17","Zeitung","Die Zeit, 17.06.1994","Genau 91 Prozent der Einwohner in den Ländern der alten Bundesrepublik sind an öffentliche Abwassersysteme angeschlossen."
"412","2002-12-12","Zeitung","Die Zeit, 12.12.2002","Nicht nur Länder, die seit je Migrantinnen als Hausarbeiterinnen beschäftigen, verzeichnen eine Zunahme."
"413","2004-04-29","Zeitung","Die Zeit, 29.04.2004","Immerhin lenkt die Energiepolitik des Landes inzwischen ein Mann von ähnlich visionärer Kraft."
"414","1996-07-26","Zeitung","Die Zeit, 26.07.1996","Seine Einfälle - etwa die mit einer einzigartigen Mischung aus Ernst und Selbstironie inszenierten lebenden Bilder - machten den Keller im ganzen Land populär."
"415","2002-01-03","Zeitung","Die Zeit, 03.01.2002","Wird es Somalia sein, ein leidgeprüftes Land ohne funktionsfähige nationale Regierung"
"416","1996-03-29","Zeitung","Die Zeit, 29.03.1996","""Ein deutscher Verein oder ein Deutscher, welcher seinem Lande die Schmach antut, diese Spiele zu fördern oder zu besuchen, verdient mit Schande aus seinem Kreise und seinem Volke ausgestoßen zu werden.""Darin wird die Haltung der deutschen Turnerschaft sichtbar; die Spaltung zwischen Turnern Jahnscher Prägung und Sportlern ist bis in die letzten Jahrzehnte, etwa beim Aufkommen der Volkslaufbewegung, in deutschen Turnvereinen wahrzunehmen gewesen."
"417","2003-08-28","Zeitung","Die Zeit, 28.08.2003","Während also Delegationen der reichen Länder die Folgen eines jeden Vorschlags blitzschnell am Computer durchrechnen, durchschauen manche Vertretungen der Entwicklungsnationen erst allmählich, welche Konsequenzen für ihr Land hinter einem kleinen Paragrafen stecken können."
"418","2003-05-15","Zeitung","Die Zeit, 15.05.2003","Als erstes Land der Erde wollen sie sich völlig aus der Abhängigkeit von Öl und Kohle als Energielieferanten lösen und damit auch den Ausstoß von klimaschädlichem CO2 drastisch reduzieren."
"419","1999-07-15","Zeitung","Die Zeit, 15.07.1999","Nach der sogenannten 35/35-Regel werden Gesellschaften gelistet, die nach Börsenumsatz und Marktkapitalisierung zu den 35 größten im Land zählen."
"420","2002-09-26","Zeitung","Die Zeit, 26.09.2002","Wie kaum ein anderer Schlossbesitzer im Land hat Alexander Thynn Longleat in ein lukratives Geschäftsmodell verwandelt."
"421","2004-04-15","Zeitung","Die Zeit, 15.04.2004","Er und Teresa, ein Ehepaar Ende dreißig, sind aus der südgalicischen Großstadt Vigo hier heraufgezogen, weil sie unbedingt auf dem Land leben wollten."
"422","1997-11-14","Zeitung","Die Zeit, 14.11.1997","""Laßt ihn in Frieden"", mit dieser Schlagzeile faßte das Boulevardblatt France-Soir die Stimmung im Land zusammen."
"423","2004-05-13","Zeitung","Die Zeit, 13.05.2004","ZEIT-typisch steht das bildungsbürgerlich geprägte, materiell abgesicherte Milieu für das ganze Land."
"424","1992-09-25","Zeitung","Die Zeit, 25.09.1992","Auf der Strecke bleiben Grundrechte der Bürger wie auch Rechte der Parlamente in Gemeinden, Ländern und im Bund."
"425","1996-11-29","Zeitung","Die Zeit, 29.11.1996","Das Land habe schon zugesagt, für Mini-Deutschland fünfzehn Millionen Mark aus Fördermitteln der Europäischen Union lockerzumachen, verrät Gschwend."
"426","2002-11-07","Zeitung","Die Zeit, 07.11.2002","Scott lebt heute noch weit draußen auf dem Land in Kansas und bewirtschaftet erfolgreich eine Sojabohnenfarm ""in the prairie"", wie er sagt."
"427","2004-04-15","Zeitung","Die Zeit, 15.04.2004","Von der exkommunistischen AKEL, mit 35 Prozent der Wählervoten größte Partei des Landes, hatten viele Zyprer ein Ja erwartet."
"428","2003-12-11","Zeitung","Die Zeit, 11.12.2003","Man hatte während der ganzen Reise nicht das Gefühl, dass Schröders China wirklich ein Land auf der Weltkarte ist - eine mögliche Supermacht mit einem komplizierten Verhältnis zu den Vereinigten Staaten, ein regionaler Gigant, auf den Indien, Japan, Südostasien mit je verschiedenen Hoffnungen und Ängsten blicken."
"429","1991-09-27","Zeitung","Die Zeit, 27.09.1991","Es war nämlich für uns der Beweis dafür, daß der Sozialismus nicht nach einem Außenmuster aufgebaut wird, sondern der Wirklichkeit jedes Landes Rechnung trägt."
"430","1995-11-03","Zeitung","Die Zeit, 03.11.1995","Zum anderen waren nicht mehr genug Neubauern für das Land aufzutreiben."
"431","1998-05-20","Zeitung","Die Zeit, 20.05.1998","Angehörige der chinesischen Minderheit und westliche Ausländer haben panikartig das Land verlassen."
"432","2004-04-01","Zeitung","Die Zeit, 01.04.2004","Weil das Land tief in der Krise steckt, wird nun die Rhetorik der Wirtschaftswunderjahre ausgepackt."
"433","2000-05-04","Zeitung","Die Zeit, 04.05.2000","Viel wesentlicher ist, dass sie Bürger dieses Landes sind."
"434","2000-06-15","Zeitung","Die Zeit, 15.06.2000","Die Rückgabe der Beute würde den Ländern Luft verschaffen"
"435","1996-01-19","Zeitung","Die Zeit, 19.01.1996","Das Land hatte den Tag."
"436","1998-04-08","Zeitung","Die Zeit, 08.04.1998","Ohne die Versorgungsrücklage von gut sechzig Milliarden Mark würden die späteren Haushalte von Bund, Ländern und Gemeinden nach gegenwärtiger Schätzung kollabieren."
"437","1992-12-11","Zeitung","Die Zeit, 11.12.1992","Bislang hat Waigel darüber mit den Ländern palavert, es aber sorgfältig vermieden, ein klares Wort über Art und Umfang der Sparmaßnahmen zu machen, die ihm vorschweben."
"438","2000-10-05","Zeitung","Die Zeit, 05.10.2000","Die ""SuperIllu"" führt die Ostler ins neue Land"
"439","1999-04-15","Zeitung","Die Zeit, 15.04.1999","""Der DGB fordert die Wirtschafts- und Arbeitgeberverbände auf, neues Handeln für unser Land nicht länger durch Verweigerung zu blockieren.""Welches neue Handeln?""Kürzere Arbeitszeiten, mehr Teilzeit, weniger Überstunden"" schlagen die Gewerkschafter vor."
"440","2004-03-04","Zeitung","Die Zeit, 04.03.2004","Wie Erwin Borchers verließen in diesem Winter Tausende Viet-Minh-Soldaten ihre Erdbunker, Felshöhlen und andere Verstecke und machten sich auf in den äußersten Nordwesten des Landes."
"441","2000-08-10","Zeitung","Die Zeit, 10.08.2000","Mit offenem Mund und roten Ohren hat man den Steuerreform-Coup verfolgt, in bekennender oder klammheimlicher Freude über ein machiavellistisches Husarenstück, bei dem glücklicherweise niemand ein schlechtes Gewissen haben musste, weil schließlich alles zum Besten des Landes geschah."
"442","2001-06-13","Zeitung","Die Zeit, 13.06.2001","Man darf das Land in dieser Situation nicht allein lassen."
"443","1993-06-11","Zeitung","Die Zeit, 11.06.1993","Auch hier geht es darum, die neuen Länder nicht in die konzeptionelle Ohnmacht der alten Länder zu ziehen, sondern wirklich zu lernen (aus Schwächen und Stärken) und zu ändern, das heißt, wirklich zu erneuern."
"444","1995-11-10","Zeitung","Die Zeit, 10.11.1995","Kein Viertausenderpanorama mit dem prominenten Dreigestirn Jungfrau, Mönch und Eiger, sondern eine Waschküche, in der aus aller Herren Länder eingeflogene Journalisten fröstelnd von einem Bein aufs andere treten."
"445","2004-09-09","Zeitung","Die Zeit, 09.09.2004","Nord gegen Süd, Ost gegen West, Geber- gegen Nehmerländer im Finanzausgleich, alle Länder gegen den Bund, mal verteidigen Länder, in denen große Versicherungsgesellschaften angesiedelt sind, mal Länder mit Medienstandorten die jeweiligen Vergünstigungen."
"446","2000-03-23","Zeitung","Die Zeit, 23.03.2000","In den neuen Ländern war sie zusammengebrochen, in den alten Bundesländern strukturierte sie sich um."
"447","1996-12-20","Zeitung","Die Zeit, 20.12.1996","Ihr erstes Pulver - die Starthilfe vom Hauptquartier in Köln und den angelsächsischen Ländern, die mit großem Interesse den ""Sturm"" auf den Osten verfolgen - hatte die Heilsarmee schnell verschossen."
"448","1991-03-29","Zeitung","Die Zeit, 29.03.1991","Sollen wirklich zwanzig Prozent der Mittel, die den fünf neuen Ländern zur Wahrung ihrer kulturellen Substanz zufließen, für die beiden sächsischen Opernhäuser in Dresden und Leipzig ausgegeben werden?"
"449","1993-07-16","Zeitung","Die Zeit, 16.07.1993","Die Vertiefung der Beziehungen mit den osteuropäischen Ländern ist eine der größten Herausforderungen der Gemeinschaft."
"450","1997-03-21","Zeitung","Die Zeit, 21.03.1997","direkt auf mich regnen . . . / Aus ihrem Munde verbreitete sich ein Blumenduft nächtlicher Wiesen, und ihre Schürze war eine kleine, aus schwermütigen Blättern voller Tau gewebte Ecke Land, an deren Rändern Butterblumen blühten . . ."""
"451","2003-11-06","Zeitung","Die Zeit, 06.11.2003","Als ironischer Kommentar läuft im Hintergrund Woodie Guthries This Land Is Your Land."
"452","1995-02-10","Zeitung","Die Zeit, 10.02.1995","Die Hände in den Taschen mit den klebrigen Drops, so standen wir auf dem Appellplatz und schauten vom Ettersberg, wie damals die Häftlinge schauten, weit ins Thüringer Land."
"453","1996-06-14","Zeitung","Die Zeit, 14.06.1996","Auf dem Land mag das anders sein, die Leute sind unzufrieden."
"454","2002-03-07","Zeitung","Die Zeit, 07.03.2002","Bei einem Kurs mit Freizeitangebot sollte man schon mindestens zwei bis drei Wochen im Land bleiben."
"455","1994-09-09","Zeitung","Die Zeit, 09.09.1994","Auch die Fondsmanager müssen um ihre Existenzberechtigung kämpfen und ihren ungeliebten Rat den Ländern angedeihen lassen, die keinen großen Bruder als Finanzier besitzen (wie dies in Ostdeutschland oder in der Franc-Zone Afrikas der Fall ist) und deren selbstgeschaffenes Geld von niemandem in der Welt akzeptiert wird."
"456","1991-09-13","Zeitung","Die Zeit, 13.09.1991","Ah, das ist ein Anblick, wenn man jetzt durch das Land fährt und sieht diese neuen Gebäude in den Dörfern und kleinen Städten!"
"457","1990-06-22","Zeitung","Die Zeit, 22.06.1990","Ohnehin tun sich die Québecois mit den Geschäften leichter in den USA als im eigenen Land, wo ihnen oft Ablehnung entgegenschlägt."
"458","1991-07-05","Zeitung","Die Zeit, 05.07.1991","Ostdeutschland ist mir ein sehr fremdes Land."
"459","1997-11-21","Zeitung","Die Zeit, 21.11.1997","Ähnlich wie das Land Brandenburg die ""Verdrängung solcher Dinge inzwischen zur Kunstform"" erhoben hat, wie Weiler ärgerlich feststellt, wiegelte man auch in Frankfurt an der Oder Übergriffe auf Ausländer eher ab."
"460","1997-04-11","Zeitung","Die Zeit, 11.04.1997","Er rügt ja nicht nur die deutsche und türkische Presse oder Karikaturen über sein Land, die manchmal verletzt hätten."
"461","2002-03-14","Zeitung","Die Zeit, 14.03.2002","Es trifft zwar zu, dass die Saudis ein paar monumentale arabische Moscheen ins Land klotzten."
"462","1997-01-17","Zeitung","Die Zeit, 17.01.1997","Und weil sie die Kreativität und den besonderen Charakter des Landes wie auch die Jahrhunderte alten spirituellen und sozialen Traditionen Rußlands absolut vernachlässigte."
"463","2004-04-22","Zeitung","Die Zeit, 22.04.2004","Obwohl das Land mit einem Anteil von knapp 15 Prozent über die zweitgrößten Reserven der Erde verfügt, trägt es bisher nur 2,6 Prozent zur weltweiten Gasförderung bei."
"464","1991-03-08","Zeitung","Die Zeit, 08.03.1991","In dem Land zwischen den Flüssen Euphrat und Tigris, das die Griechen ""Mesopotamien"" nannten, Zwischenstromland, entstand vor fünfeinhalb Jahrtausenden die älteste städtische Kultur der Menschheit, noch vor der ägyptischen, der altindischen und der nordchinesischen."
"465","1996-03-29","Zeitung","Die Zeit, 29.03.1996","Äußerlich ist das ""Grenzland"" einfach das Land an der Grenze zu Nordirland, wo Shane aufwächst; die Auswirkungen des Bürgerkriegs, die ihn erreichen, sind ausgesprochen indirekter Natur."
"466","2002-03-21","Zeitung","Die Zeit, 21.03.2002","Es gibt echte Kameras, und es gibt eine Live-Übertragung zu den Menschen draußen im Land."
"467","2003-08-14","Zeitung","Die Zeit, 14.08.2003","Burkina Faso ist ein Land am Rand der großen Wüste."
"468","1999-05-06","Zeitung","Die Zeit, 06.05.1999","Das Land braucht dringend Hilfe."
"469","2004-07-22","Zeitung","Die Zeit, 22.07.2004","Aber das Land habe keine."
"470","1997-04-25","Zeitung","Die Zeit, 25.04.1997","Wer, von Italien kommend, nach Kreta, Zypern, ins Heilige Land oder nach Konstantinopel fuhr, machte in Methoni oder Koroni Station, handelte, versorgte sich mit Proviant und kaufte neue Sklaven für die Ruderbänke."
"471","1998-05-07","Zeitung","Die Zeit, 07.05.1998","Winfried Schmähl: Länder, die staatlicherseits nur mehr eine Grundsicherung bieten und alles darüber hinaus mit freiwilligen Systemen machen, vermeiden Armut schlechter als solche, die im staatlichen Bereich auch eine einkommensbezogene Sicherung haben."
"472","2002-08-22","Zeitung","Die Zeit, 22.08.2002","Das ganze Land hilft dem Osten."
"473","1990-04-27","Zeitung","Die Zeit, 27.04.1990","Die Bürger können auf diese Weise nun selbst Einfluß auf die Müllgesetzgebung des Landes nehmen."
"474","2000-08-17","Zeitung","Die Zeit, 17.08.2000","Eines der ehrgeizigsten Stadtbauprojekte europaweit, es geht um hundert Hektar Land, Millionen Quadratmeter Wohn- und Büroraum, ein Milliarden-Mark-Ding, wie es selbst im sich ständig neu erfindenden Berlin keins gibt."
"475","1996-02-02","Zeitung","Die Zeit, 02.02.1996","- 93 weitere Länder behalten die Todesstrafe bei und wenden sie auch an, doch die Zahl der Länder, die Gefangene tatsächlich hinrichten, wird von Jahr zu Jahr geringer."
"476","1992-11-06","Zeitung","Die Zeit, 06.11.1992","""Mit den Karten schaden die Extremisten dem Ansehen unseres Landes"", schimpft Präsident Kiro Gligorov."
"477","2001-02-15","Zeitung","Die Zeit, 15.02.2001","Denn obwohl Bund und Länder das Zentrum als Großforschungseinrichtung unterstützen, sind die Zeiten einer von den Bedürfnissen des Marktes völlig losgelösten Grundlagenforschung auch hier vorbei."
"478","1997-11-21","Zeitung","Die Zeit, 21.11.1997","Fünfzehn Länder sind schon beigetreten, nicht aber die Bundesrepublik."
"479","2000-09-21","Zeitung","Die Zeit, 21.09.2000","Denn nun gehen die Spiele an Land - im Olympiastadion beginnt die Leichtathletik, ohne Dieter Baumann, den Läufer unter D-Verdacht."
"480","2000-12-20","Zeitung","Die Zeit, 20.12.2000","Schon früher verglich sich Fischer mit Moses, als er für sein grünes Volk das Meer teilte, um es ins gelobte Land der Regierungsbeteiligung zu führen."
"481","1999-06-02","Zeitung","Die Zeit, 02.06.1999","Wie soll man den Serben erklären, daß die Zukunft ihres Landes beim Mitgefühl für die geschundenen Albaner beginnt?Und wer soll es ihnen erklären?Draskovic und Djindjic?"
"482","2000-12-14","Zeitung","Die Zeit, 14.12.2000","Die Opfer - im Osten oder im Westen des Landes - dürfen erfahren, was mit ihnen angestellt wurde"
"483","1999-06-17","Zeitung","Die Zeit, 17.06.1999","Alexander von Humboldt ist vor fast genau 200 Jahren in das Land der Tiger und Elefanten aufgebrochen."
"484","1992-02-07","Zeitung","Die Zeit, 07.02.1992","Es sieht so aus - und deshalb bleibt nur der Zwang von oben: ein streng überwachtes Tempolimit wie in allen zivilisierten Ländern dieser Erde üblich."
"485","1994-07-22","Zeitung","Die Zeit, 22.07.1994","Mit der Wiedervereinigung, so haben clevere Menschlein beim Finanzminister herausgefunden, entfällt diese Farbe - und so wollen sie mit der Neuregelung des Bund-Länder-Finanzausgleichs ein gut Teil der Bundeskulturförderung auf die finanzschwachen Länder abwälzen:"
"486","1994-02-04","Zeitung","Die Zeit, 04.02.1994","Denn dann hat das rückständige Land die Chance, ein neues Raubtier unter den ""Tigern Asiens"" zu werden."
"487","1991-02-08","Zeitung","Die Zeit, 08.02.1991","Nationale Animositäten spielten für uns Deutsche im Reiseverkehr schon lange keine Rolle mehr, ganz gleich ob wir Israel, Ägypten oder die Länder des Maghreb besuchten."
"488","1999-08-26","Zeitung","Die Zeit, 26.08.1999","Unter www.zeit.de/links/ finden Sie weitere Informationen über das Land Brandenburg vor der Wahl"
"489","2004-09-16","Zeitung","Die Zeit, 16.09.2004","Die Länder der Pisa-Spitzengruppe setzen zwar ebenso wie die meisten anderen Länder auf die Ganztagsschule."
"490","2001-09-13","Zeitung","Die Zeit, 13.09.2001","Bin Ladens Leistung bestand nicht allein darin, in mehr als fünfzig Ländern selbstständige Zellen zu schaffen, sondern auch darin, die Verbindungen zwischen jenen extremistischen Gruppen zu vertiefen, die bereits überall in der Welt terroristische Ziele verfolgten."
"491","2002-05-08","Zeitung","Die Zeit, 08.05.2002","Da bleibt für ferne Länder nicht mehr viel übrig."
"492","1999-05-27","Zeitung","Die Zeit, 27.05.1999","Immerhin ist das unsere engste Umgebung; nicht zu vergessen ist, daß zur GUS auch muslimische Länder gehören. Zweitens (und das ist wichtiger) ist Rußland selbst ein multinationaler Staat mit mehreren Konfessionen."
"493","2003-01-23","Zeitung","Die Zeit, 23.01.2003","""Das Land, in dem Lukas der Lokomotivführer lebte, hieß Lummerland und war nur sehr klein.""Man darf der Legende des Autors glauben."
"494","1999-07-08","Zeitung","Die Zeit, 08.07.1999","Atemberaubend der Blick von der Terrasse hinunter auf Land und Meer."
"495","1998-10-01","Zeitung","Die Zeit, 01.10.1998","Ich werde dieses Land verlassen"
"496","1998-09-03","Zeitung","Die Zeit, 03.09.1998","Fremde im eigenen Land"" seien die Machthaber im ""SED-Staat"" gewesen."
"497","1990-08-24","Zeitung","Die Zeit, 24.08.1990","Nach Alexander DubÄeks politischem Comeback wunderte er sich, das sei doch der Mann, der seinerzeit die Russen ins Land geholt habe."
"498","1990-02-16","Zeitung","Die Zeit, 16.02.1990","Die University of East Anglia ist eine der jüngsten Universitäten des Landes, gegründet Anfang der sechziger Jahre."
"499","1993-11-26","Zeitung","Die Zeit, 26.11.1993","Aus diesem Grunde knüpfen die Länder ihre Zustimmung zur Postreform an eine Reihe von Forderungen."
"500","1991-07-26","Zeitung","Die Zeit, 26.07.1991","Zwar wird die chronische Verschuldung der Armenhäuser heute immerhin als ""ein Hindernis für das Wachstum"" beschrieben, ""sollten"" mehr Länder ""hinsichtlich einer Reduktion ihrer Schulden und Schuldendienste"" in Betracht gezogen werden."
