"No.","Date","Genre","Bibl","Hit"
"1","1927-03-04","Zeitung","Vossische Zeitung (Morgen-Ausgabe), 04.03.1927","Sein Ziel ist, die Lehren des letzten Krieges, der gezeigt hat, daß die Feindseligkeit nicht mehr allein von dem Heere, sondern von den Nationen in ihrer Gesamtheit geführt werden, in die Praxis umzusetzen und durch eine entsprechende Organisation die Mobilisierung aller Kräfte des Landes vorzubereiten."
"2","1918-12-31","Wissenschaft","Weber, Max: Parlament und Regierung im neugeordneten Deutschland. In: Weber, Marianne (Hg.) Gesammelte Politische Schriften, München: Drei Masken Verl. 1921 [1918], S. 158","Und ist das ein »Nachtwächterstaat«, der es verstand, der eigenen an Zahl eng begrenzten Nation die besten Teile aller Kontinente anzugliedern?"
"3","1921-03-05","Zeitung","Vossische Zeitung (Morgen-Ausgabe), 05.03.1921","Mit wahrer Freude werden wir uns zu dieser Kundgebung des Fortschritts gesellen, deren Ziel es ist, Aufklärung zu verbreiten, die Gesetze der völkerrechtlichen Beziehungen niederzuschreiben und ein Weltgericht zu schaffen, um alle die Fragen zu regeln, über deren Vorlage vor dieser Gericht die Nationen sich verständigen werden unter gleichzeitiger Kundgebung ihrer Ziele."
"4","1925-03-05","Zeitung","Berliner Tageblatt (Morgen-Ausgabe), 05.03.1925","Und wenn über Deutschland und Europa einst die Fahne des wahren Friedens weht und gerecht verteilter Wohlstand herrscht, wird sich an Deinem Hügel neigen die deutsche Nation."
"5","1927-03-05","Zeitung","Vossische Zeitung (Morgen-Ausgabe), 05.03.1927","Alle Festungsbauten, so stark und vollendet sie auch seien, könnten aber nicht den entschlossenen Verteidigungswillen der Nation ersetzen."
"6","1920-03-06","Zeitung","Berliner Tageblatt (Morgen-Ausgabe), 06.03.1920","Zu den kommenden olympischen Spielen in Antwerpen haben bisher nicht weniger als 34 Nationen ihre Teilnahme zugesagt Es sind dies: Zentralamerika, Argentinien, Australien, Belgien, Brasilien, Kanada, Chile, Dänemark, Aegypten, Bereinigte Staaten, Ecuador, Spanien, Finnland, Frankreich, Großbritannien, Griechenland, Holland, Italien, Japan, Luxemburg."
"7","1922-03-30","Zeitung","Die Fackel [Elektronische Ressource], 2002 [1922]","Herr Auernheimer, der sich nicht genug tun kann vor Entzücken, wie er in die Solidarität der Nationen einbezogen wurde, tat allerdings sein Möglichstes, um auch die Sympathien für Deutschland anzuwärmen."
"8","1927-01-10","Wissenschaft","Hofmannsthal, Hugo von: Das Schrifttum als geistiger Raum der Nation. In: Bertram, Mathias (Hg.) Deutsche Literatur von Lessing bis Kafka, Berlin: Directmedia Publ. 2000 [1927], S. 94131","Die Grundhaltung drüben ist diese: teilhaben am nationalen Besitz, mitinbegriffen sein in die Repräsentanz der Nation, als welche sich vollendet in der vollkommenen und allen zugänglichen Sprachschönheit - Klarheit, schöne Nüchternheit, zuchtvolle Nachdenklichkeit -, welche ein Sichhaben ist, ein Selbstbesitz und Genießen dieses Selbstbesitzes, gleichweit vom »Barocken« und vom »Gotischen«."
"9","1928-12-18","Zeitung","Tucholsky, Kurt: Wahnsinn Europa. In: Kurt Tucholsky, Werke - Briefe - Materialien, Berlin: Directmedia Publ. 2000 [1928]","Auf diese Empfindlichkeit nimmt eigentlich nur der Vorsitzende Rücksicht, der »nicht duldet, daß von einer Schwesternation so gesprochen wird, von einer befreundeten Nation, von einer verbündeten Nation . . ."
"10","1926-12-31","Belletristik","Traven, B.: Das Totenschiff, Berlin: Büchergilde Gutenberg 1929 [1926], S. 101","Das waren ja Seeräuber vor ihrer ersten Beute; Piraten, die seit sechs Monaten von den Kriegsschiffen aller Nationen verfolgt werden; Buccaneers, die so tief gesunken sind, daß sie keinen andern Ausweg mehr sehen, als chinesische Gemüse-Dschunken auf dem Meer zu überfallen und auszurauben."
"11","1925-12-29","Zeitung","Tucholsky, Kurt: Das Buch vom Kaiser. In: Kurt Tucholsky, Werke - Briefe - Materialien, Berlin: Directmedia Publ. 2000 [1925]","Die Marksummen, die allmonatlich nach Doorn gehen, sind ein Diebstahl an der deutschen Nation und an ihren wehrlosesten und ärmsten Gliedern: an den armen, betrogenen, zerschossenen und verkrüppelten Soldaten."
"12","1926-12-31","Belletristik","Grimm, Hans: Volk ohne Raum, München: Langen 1932 [1926], S. 1153","""Sie müssen den Angeklagten freisprechen um der Ehre dieses Gerichtes und der Ehre Ihrer Nation willen."
"13","1926-03-08","Zeitung","Berliner Tageblatt (Abend-Ausgabe), 08.03.1926","Prof. Finke feierte den rheinischen Patrioten Joseph Görres als Deutschen, Schriftsteller und Kirchenpolitiker und verlangte, daß die ganze deutsche Nation in Koblenz dem Manne einen Gedenkstein baue, der, den Gedanken an das große, gemeinsame Vaterland im Herzen, noch kurz vor seinem Tod das friedliche Zusammenleben der Konfessionen seinen Mitbürgern empfahl:"
"14","1920-12-19","Wissenschaft","Hofmannsthal, Hugo von: [Zürcher Rede auf Beethoven]. In: Bertram, Mathias (Hg.) Deutsche Literatur von Lessing bis Kafka, Berlin: Directmedia Publ. 2000 [1920], S. 94001","[...] so Verwobenes jemals zu lösen - die Sprache geschaffen, in der das ganze Leben eines Volkes tönend geworden war: in der die Unschuld der Volkssprache, das zeitlose Leben der Dialekte miteingeschmolzen war, und der Ton der Altvordern, Rhythmus und Gehalt von Luthers deutscher Bibel, Rhythmus und Klang der Ballade und des Volksliedes, und tausendfache Herzenssprache einzelner, so vieler Ketzer und Halbketzer des achtzehnten und noch des siebzehnten Jahrhunderts, so vieler »Stillen im Lande«, so vieler einsamer Seelen Herzenslaut und Angst- und Sehnsuchtslaut ... so war das Leben der Nation in Einem Wesen geworden - und dies, dies war nicht entweiht, dies war noch Geheimnis, ungesagtes Wort, noch! - geistigste, unverwirklichte Gegenwart ... - denn als Beethoven jung war, war ja der »Faust« nicht am Tage, auch nicht in seiner fragmentarischen Gestalt, sondern es war die Ahnung da: [...]"
"15","1932-12-31","Belletristik","Mayer, Anton: Der Spielmann Gottes, Berlin: Deutsche Buch-Gemeinschaft 1932, S. 109","Der Herrscher des Heiligen Römischen Reiches Deutscher Nation sah mit einem Seufzer der Erleichterung dem sich tief verneigenden Abbate entgegen und warf den in goldner Hülse steckenden Gänsekiel in eine Onyxschale."
"16","1932-08-28","Zeitung","Archiv der Gegenwart, Bd. 2, 28.08.1932","Er gestehe Hitler nicht das Recht zu, die Minderheit in Deutschland, welche dessen Fahnen folgt, allein als die deutsche Nation anzusehen und alle übrigen Volksgenossen als Freiwild zu behandeln."
"17","1918-12-31","Wissenschaft","Weber, Max: Parlament und Regierung im neugeordneten Deutschland. In: Weber, Marianne (Hg.) Gesammelte Politische Schriften, München: Drei Masken Verl. 1921 [1918], S. 138","Es war kein Zufall, wenn die Nation das Geschehnis seines Rücktritts mit vollkommener Gleichgültigkeit aufnahm."
"18","1927-01-10","Wissenschaft","Hofmannsthal, Hugo von: Das Schrifttum als geistiger Raum der Nation. In: Bertram, Mathias (Hg.) Deutsche Literatur von Lessing bis Kafka, Berlin: Directmedia Publ. 2000 [1927], S. 94130","Von einer Zusammenfassung aller produktiven Geisteskräfte der Nation im Gebiete der Literatur kann keine Rede sein; oder wir müßten uns darauf einlassen, unter dem Begriff Literatur hier etwas völlig anderes zu verstehen als dort."
"19","1929-06-25","Zeitung","Tucholsky, Kurt: Ein besserer Herr. In: Kurt Tucholsky, Werke - Briefe - Materialien, Berlin: Directmedia Publ. 2000 [1929]","« Hier ist der Fehlschluß in nuce: Instrumente der Nation?"
"20","1921-12-31","Wissenschaft","Jung, Carl Gustav: Psychologische Typen. In: ders., Gesammelte Werke, Bd. VI, Zürich u. a.: Rascher 1967 [1921], S. 358","Solche Menschen treffen wir nicht nur etwa unter den Gebildeten, sondern überhaupt in allen Bevölkerungsschichten an, weshalb sich unsere Typen ebensowohl beim gewöhnlichen Arbeiter und Bauern wie bei den Höchstdifferenzierten einer Nation nachweisen lassen."
"21","1927-03-05","Zeitung","Vossische Zeitung (Morgen-Ausgabe), 05.03.1927","Politik und Wirtschaft beider Nationen drängten danach, nicht nur durch Vermittlung Dritter miteinander verkehren zu können."
"22","1927-01-10","Wissenschaft","Hofmannsthal, Hugo von: Das Schrifttum als geistiger Raum der Nation. In: Bertram, Mathias (Hg.) Deutsche Literatur von Lessing bis Kafka, Berlin: Directmedia Publ. 2000 [1927], S. 94126","In dieser geselligsten Nation entwickelt sich auch innerhalb der Literatur jenes vor allem gesellige Element, dessen Grundlage eine nie schlummernde wechselseitige Aufmerksamkeit und Rivalität ist."
"23","1922-03-09","Zeitung","Vossische Zeitung (Morgen-Ausgabe), 09.03.1922","Dies ist in gewissen Grenzen ein an sich gesundes Prinzip, aber schließlich doch ein Hemmnis für diese sonst kaufmännisch so begabte Nation."
"24","1922-12-21","Zeitung","Tucholsky, Kurt: Prozeß Harden. In: ders., Kurt Tucholsky, Werke - Briefe - Materialien, Berlin: Directmedia Publ. 2000 [1922], S. 2843","Er sprach davon, wie eine Nation zu seiner Lebensarbeit idiotisch lallend den Refrain »Isidor!« anstimmte."
"25","1932-07-21","Zeitung","Münchner Neueste Nachrichten, 21.07.1932","Damals allerdings erklärte die Reichsleitung der Nationalsozialistischen Partei, ""daß sie jeden Versuch, die Gliedstaaten des Deutschen Reiches im Wege des Reichskommissariats um ihre eigenen staatlichen Rechte zu bringen, als offene Kriegserklärung an die Nation betrachten würde"" (April 1932)."
"26","1927-12-26","Wissenschaft","Hofmannsthal, Hugo von: Wert und Ehre deutscher Sprache. In: Bertram, Mathias (Hg.) Deutsche Literatur von Lessing bis Kafka, Berlin: Directmedia Publ. 2000 [1927], S. 94158","[...] Wo das wahre Leben der Nationen immer wieder im Zueinanderstreben aller ihrer Glieder liegt, haben wir, schon entzwei-geteilt durch die Religion, zuerst noch, zu Ende des achtzehnten Jahrhunderts, alles Überkommene, sittlich-geistig Gebundene jäh auseinandertreten sehen mit dem Neuen, Individual- Geistigen, Verantwortungslosen; auseinandertreten dann allmählich die Geisteswissenschaften mit den Naturwissenschaften, auseinandertreten die Sprache, die alles vereinigen müßte, und jenes mathematisch übersprachliche Streben, von dem die Wissenschaften schicksalhaft ergriffen wurden, und dem nur Einzelne zu folgen vermögen; nun reißen neue Glaubensbegriffe, mit religiosem Eifer in die Massen geworfen, die Klassen der Gesellschaft auseinander - aber wie in einem Wirbelsturm überschäumende Querwellen die Wellen noch durchkreuzen, so jagt jetzt quer durch alles Denken hin, zerstäubend was sich ihm entgegenstellt, ein neuer Begriff von der alleinigen Gültigkeit der Gegenwart. [...]"
"27","1928-07-17","Zeitung","Tucholsky, Kurt: Deutschenspiegel. In: Kurt Tucholsky, Werke - Briefe - Materialien, Berlin: Directmedia Publ. 2000 [1928]","Bei wenig erdkundigen Leuten steht der Fremde stets im Geruch, zusammen mit seinen Machthabern wundervolle Verschwörungen gegen die andern Nationen auszuhecken, während in Wahrheit auch er ein geschäftetreibender, ausgebeuteter oder ausbeutender Mann ist, dessen Regierung ihre Hauptstütze in seiner Gleichgültigkeit findet."
"28","1928-02-01","Gebrauchsliteratur","Reklame-Praxis, 1928, Nr. 6, Bd. 4","Dieses Reklamebudget der amerikanischen Nation verteilt sich nach denselben Angaben auf die verschiedenen Arten der Propaganda wie folgt:"
"29","1921-05-30","Zeitung","Die Fackel, 2002 [1921]","[...] auch während des Krieges existenziell gegen den Krieg sein ließ, was die Kirche und ihre Vertreter nicht von sich behaupten können - das Papstwort von der »ehrlosen Menschenschlächterei« ist wohl, als allzu förmlich gegeben, auch allzu ungehört verhallt - mag nun die Vertreter der Kirche, die aus dem Christlichen ein Kirchliches gemacht haben, als Erscheinung beunruhigen; so greift ihre Politik in der Not zum Nationalismus, als nach dem Leim, auf den heute noch die Vielen gehen (wiewohl gerade heute einzusehen wäre, daß der politische Nationalismus der Ruin der Nationen ist) und spielt Deutschtum gegen den Juden Kraus aus. [...]"
"30","1929-03-02","Zeitung","Völkischer Beobachter (Reichsausgabe), 02.03.1929","Entscheidend ist die Vorstellung, welche die Glieder der Nation von diesen Ereignissen hegen, alles kommt darauf an, daß sie ihnen als das Ganze verbindendes Schicksal erscheinen."
"31","1927-01-10","Wissenschaft","Hofmannsthal, Hugo von: Das Schrifttum als geistiger Raum der Nation. In: Bertram, Mathias (Hg.) Deutsche Literatur von Lessing bis Kafka, Berlin: Directmedia Publ. 2000 [1927], S. 94151","Ihr Ziel ist Form, eine neue deutsche Wirklichkeit, an der die ganze Nation teilnehmen könne."
"32","1927-01-10","Wissenschaft","Hofmannsthal, Hugo von: Das Schrifttum als geistiger Raum der Nation. In: Bertram, Mathias (Hg.) Deutsche Literatur von Lessing bis Kafka, Berlin: Directmedia Publ. 2000 [1927], S. 94126","Die Blüte dieser Tendenz ist die Sprachnorm, welche die Nation zusammenhält und innerhalb ihrer dem Spiel widerstreitender Tendenzen - der aristokratischen wie der nivellierenden, der revolutionären wie der konservativen - Raum gewährt."
"33","1921-03-10","Zeitung","Vossische Zeitung (Morgen-Ausgabe), 10.03.1921","Andrerseits hat die Nation nichts von ihrer festen Entschlossenheit eingebüßt, jedem ausschließlichen Parteiinteresse entgegenzuarbeiten, das darauf abzielen sollte, Tatsachen zu schaffen, für die das Volk am Ende die Rechnung zu begleichen hätte."
"34","1920-07-10","Zeitung","Tucholsky, Kurt: Deutschland - ein Kasernenhof! In: ders., Kurt Tucholsky, Werke - Briefe - Materialien, Berlin: Directmedia Publ. 2000 [1920], S. 1969","Die Nation trug den Kasernenhof in ihrer Seele, ein Kommando, und die Köpfe flogen nach rechts, ein zweites, und sie flogen nach links - das war das einzige, was diese Köpfe taten. -"
"35","1932-01-27","gesprochen","Hitler, Adolf, Primat der deutschen Politik: Wiederherstellung eines gesunden, nationalen und schlagkräftigen deutschen Volkskörpers?, in: Vortrag Adolf Hitlers vor westdeutschen Wirtschaftlern im Industrie-Klub Düsseldorf, München: 1932","Wir sehen aber, daß seit dem Weltkriege eine wesentliche Erweiterung der Absatzmärkte nicht mehr stattfand; im Gegenteil: daß sie dadurch relativ zusammenschrumpften, daß die Zahl der exportierenden Nationen sich langsam steigerte, und daß eine Unzahl früherer Absatzmärkte selbst industrialisiert wurde, daß endlich ein neuer Großexporteur: die amerikanische Union ... mit Produktionsvorteilen rechnen kann, die wir in Europa nun einmal nicht besitzen und nicht besitzen können."
"36","1921-12-31","Wissenschaft","Jung, Carl Gustav: Psychologische Typen. In: ders., Gesammelte Werke, Bd. VI, Zürich u. a.: Rascher 1967 [1921], S. 529","In unserer Zeit, in der sich aus den Errungenschaften der Französischen Revolution, der «Liberté, Egalité, Fraternité», eine weitverbreitete soziale Geistesströmung entwickelt hat, welche nicht etwa nur die politischen Rechte auf ein allgemeines und gleiches Niveau herunterdrückt oder heraufhebt, sondern auch das Unglück durch äußere Regulierungen und Gleichmachungen beheben zu können meint, in einer solchen Zeit ist es wohl eine undankbare Aufgabe, von der völligen Ungleichartigkeit der Elemente, welche die Nation zusammensetzen, zu reden."
"37","1932-07-25","gesprochen","o.A.[von Hauenschildt], Rundfunkansprache zur Reichstagswahl am 31. Juli 1932 über: ""Der Bauer im Staat von heute"", 25.07.1932","Es ist ein Versuch, Sie gestatten mir das Wort ""menschenwirtschaftlicher Seelentherapie"", die sich historisch rückblickend bis jetzt sicher nicht hundertprozentig im Sinne der Dauergesundung einer Nation bewährt hat."
"38","1919-03-27","Zeitung","Vossische Zeitung (Morgen-Ausgabe), 27.03.1919","Zu Tausenden kommen die Proteste aus Provinzen, Städten und Dörfern, aus der höchsten Not und der letzten Verzweiflung, aus vaterländischer Angst, durch den Machtspruch der Sieger die Zugehörigkeit zur deutschen Nation zu verlieren."
"39","1928-12-31","Gebrauchsliteratur","Wilamowitz-Moellendorff, Ulrich von: Erinnerungen 1848-1914. In: Simons, Oliver (Hg.) Deutsche Autobiographien 1690-1930, Berlin: Directmedia Publ. 2004 [1928], S. 73435","Die Frauen scheinen wirklich die bessere Hälfte der Nation zu sein; vielleicht erweckt die Literatur eben darum von ihnen eine falsche Vorstellung."
"40","1929-12-31","Wissenschaft","Mannheim, Karl: Ideologie und Utopie, Frankfurt a.M: Klostermann 1985 [1929], S. 239","Nicht nur Orient und Okzident, nicht nur die verschiedenen Nationen des Abendlandes, sondern auch die ehemals mehr oder weniger in sich ruhenden sozialen Schichten dieser Nationen, endlich die verschiedenen Berufsgruppen innerhalb dieser Schichten und die geistigen Kreise dieser aufs höchste differenzierten Welt, sie alle werden heute aus der Selbstverständlichkeit ihres In-Sich-Ruhens immer mehr herausgescheucht, und sie müssen kämpfen, um sich im Ansturm der heterogenen Gruppen und der Produkte ihres Geistes zu behaupten."
"41","1929-12-31","Wissenschaft","Mannheim, Karl: Ideologie und Utopie, Frankfurt a.M: Klostermann 1985 [1929], S. 63","Das Ergebnis dieser Doppelbewegung ist, daß aus der zunächst fiktiven Einheit eines überzeitlichen, sich gleichbleibenden ""Bewußtseins überhaupt"" (das als eine solche statische Einheit niemals aufweisbar war) immer mehr ein nach historischer Zeit, nach Nationen und sozialen Schichten differenziertes Subjekt tritt."
"42","1927-12-26","Wissenschaft","Hofmannsthal, Hugo von: Wert und Ehre deutscher Sprache. In: Bertram, Mathias (Hg.) Deutsche Literatur von Lessing bis Kafka, Berlin: Directmedia Publ. 2000 [1927], S. 94153","In dieser mittleren Sprache aber faßt sich allezeit das Gesicht einer Nation zusammen; - noch einer nicht mehr gegenwärtigen Nation: die Miene der Römer erkennen wir in den Sprachen, die von der mittleren Römersprache abgeleitet sind."
"43","1932-12-31","Wissenschaft","Buber, Martin: Königtum Gottes, Berlin: Schocken 1932, S. 51","Aber Re bleibt als Vater des regierenden Königs, mit dem dieser regelmäßig kommuniziert, »der Beschützer und Lenker der Nation, gleichsam ein idealer König«."
"44","1932-11-06","Zeitung","Archiv der Gegenwart, Bd. 2, 06.11.1932, S. 549 [ff.]. Zit. n. CD-ROM-Ausgabe 2001.","100 Leichtathleten aus 22 europäischen Nationen müßten teilnehmen."
"45","1919-04-04","Zeitung","Berliner Tageblatt (Morgen-Ausgabe), 04.04.1919","Und die deutsche Nation muß es, selbst im Augenblick ihrer tiefsten Demütigung durch Ihre Alliierten, Herr Präsident, und selbst in eben der kritischen Stunde, da ihr eigenes Land und ihre Hauptstadt zerrissen und aufgewühlt werden von den Schrecken des Bürgerkrieges und den mit ihm verbundenen beklagenswerten und unentschuldbaren Gewaltakten von hüben und drüben, muß es dennoch entschieden ablehnen, die etwaige moralische Ueberlegenheit einer Nation anzuerkennen, deren Schuldkonto belastet ist mit Greueltaten, wie den oben erwähnten, von der britischen Sonderkommission berichteten."
"46","1932-01-27","gesprochen","Hitler, Adolf, Primat der deutschen Politik: Wiederherstellung eines gesunden, nationalen und schlagkräftigen deutschen Volkskörpers?, in: Vortrag Adolf Hitlers vor westdeutschen Wirtschaftlern im Industrie-Klub Düsseldorf, München: 1932","Und wenn die ganze deutsche Nation heute den gleichen Glauben an ihre Berufung hätte wie diese Hunderttausende, wenn die ganze Nation diesen Idealismus besäße:"
"47","1925-07-07","Zeitung","Tucholsky, Kurt: Suomi-Finnland. In: ders., Kurt Tucholsky, Werke - Briefe - Materialien, Berlin: Directmedia Publ. 2000 [1925], S. 3761","Der Randstaaten-Wahnsinn des Versailler Vertrags, der Volksangehörige großer Nationen nicht von ihnen befreite, sondern sie dem Knebel eines kleinern, also um so staatswütigern Gebildes überantwortete, hat an der Ostsee eine Reihe politischer Formationen entstehen lassen, die mit viel Reklame und Tamtam ihre Existenzberechtigung und mit allen Fehlern moderner Staatswesen ihre Reife im Staatenspiel dartun."
"48","1921-03-07","Zeitung","Vossische Zeitung (Abend-Ausgabe), 07.03.1921","In diesem Bericht werden die Kriegskosten der Alliierten und assoziierten Nationen auf 177 Milliarden Dollar beziffert."
"49","1928-04-04","Zeitung","Berliner Tageblatt (Morgen-Ausgabe), 04.04.1928","Der Kaiser führte die Kreuzzugsfahne neben verschiedenen anderen, aber eine Fahne des Reichs oder gar der deutschen Nation war das rotweisse Kreuzbanner niemals."
"50","1930-03-01","Zeitung","Berliner Tageblatt (Abend-Ausgabe), 01.03.1930","Eine im Fichteschen Sinne idealistische Nation."
"51","1926-12-31","Belletristik","Traven, B.: Das Totenschiff, Berlin: Büchergilde Gutenberg 1929 [1926], S. 140","Wir haben hier alle Nationen auf der Kanne."""
"52","1932-09-19","Zeitung","Archiv der Gegenwart, Bd. 2, 19.09.1932, S. 490 [ff.]. Zit. n. CD-ROM-Ausgabe 2001.","Der japanische Vizeaußenminister Ohaschi erklärte in einem Interview, daß die Politik der offenen Tür der Mandschurei nur für Angehörige solcher Nationen in Frage komme, die den neuen Staat völkerrechtlich anerkannt hätten."
"53","1927-12-31","Gebrauchsliteratur","Welt und Wissen, 1927, Nr. 2, Bd. 16","Allerdings vielleicht nicht gerade in der allernächsten Zeit des Geldmangels, der auch den anderen Nationen Zurückhaltung auferlegt."
"54","1928-12-31","Gebrauchsliteratur","Wilamowitz-Moellendorff, Ulrich von: Erinnerungen 1848-1914. In: Simons, Oliver (Hg.) Deutsche Autobiographien 1690-1930, Berlin: Directmedia Publ. 2004 [1928], S. 73843","Denn es ist so, wie mein Königlicher Herr es heut morgen ausgesprochen hat, »jede Nation muß ihre Eigenart wahren, wenn sie ihren Wert für das Ganze behaupten will«."
"55","1925-11-10","Zeitung","Tucholsky, Kurt: Zwischen zwei Kriegen. In: Kurt Tucholsky, Werke - Briefe - Materialien, Berlin: Directmedia Publ. 2000 [1925]","Sie spielen Staat, verhandeln, zum Beispiel, heute noch nicht sachlich und offen über eine wirkliche Entwaffnung und übertragen auf die Société des Nations die Konventionen der feinen Gesellschaft."
"56","1929-10-06","gesprochen","o.A., Trauerfeier im Berliner Reichstag für den am 3. Oktober 1929 verstorbenen Reichsaußenminister Gustav Stresemann, 06.10.1929","Das deutsche Volk, das am Ende des Weltkriegs von einer Mauer des Hasses eingeschlossen war und von der Gemeinschaft der übrigen Kulturvölker ausgeschlossen werden sollte, ist heute gleichberechtigt im Kreise der Nationen."
"57","1932-12-31","Belletristik","Mayer, Anton: Der Spielmann Gottes, Berlin: Deutsche Buch-Gemeinschaft 1932, S. 298","[...] Das Nationaltheater in Prag war am Abend des 6. September glänzend erleuchtet, kostbare Teppiche aus den Schlössern des Adels hingen über die Logenbrüstung, auf den Gängen und in den Logen waren Blumen gestreut, und das Publikum harrte in festlicher Kleidung auf das Erscheinen des Kaiserpaares: die K. und K. Apostolische Majestät entfaltete zum Dank allen Prunk des Heiligen Römischen Reiches Deutscher Nation, der sich denn auch zur festgesetzten Stunde mit dem Vorantritt aller Hofchargen, der feierlichen Ankündigung durch den Zeremonienmeister und dem Einzug der höchsten Herrschaften samt dem Hofstaat unter den Klängen feierlicher Posaunen, Trompeten und Pauken vollzog. [...]"
"58","1923-12-31","Gebrauchsliteratur","Schultze-Pfaelzer, Gerhard: Propaganda, Agitation, Reklame, Berlin: Stilke 1923, S. 175","Das geistige Leben der Nation gerät sofort in Erstarrung, wenn die Zügel der Zensur straff angezogen werden."
"59","1921-08-11","Zeitung","Tucholsky, Kurt: Der Herr Intendant. In: ders., Kurt Tucholsky, Werke - Briefe - Materialien, Berlin: Directmedia Publ. 2000 [1921], S. 10644","Und dieser Spaß mit all den vielen Intendanten, die es heute gibt, ist so bezeichnend für die Lächerlichkeit, in der eine Nation heute noch lebt und empfindet."
"60","1920-12-31","Wissenschaft","Delbrück, Hans: Geschichte der Kriegskunst im Rahmen der politischen Geschichte - Vierter Teil: Neuzeit, Berlin: Directmedia Publ. 2002 [1920], S. 3640","Die eidgenössische Kriegsgewalt trat mehr und weniger dauernd in den Sold Frankreichs und sank dabei allmählich von der überragenden Höhe zur Gleichartigkeit mit den Truppen anderer Nationen herab."
"61","1925-05-12","Zeitung","Tucholsky, Kurt: Auslandsberichte. In: Kurt Tucholsky, Werke - Briefe - Materialien, Berlin: Directmedia Publ. 2000 [1925]","Die faits divers sind auch schuld daran, daß die eine Nation die andre für einen Haufen tobsüchtig gewordener, ewig ehebrechender, halbirrer, sonderlinghafter, unter völlig desperaten Umständen lebender und mit Revolvern herumfuchtelnder Menschen hält."
"62","1928-12-31","Wissenschaft","Jahresberichte für deutsche Geschichte, 1928, S. 556","Den Ausklang der Arbeit bildet eine Betonung von Lübecks Selbständigkeit als Aktivposten der Nation."
"63","1928-06-26","Zeitung","Tucholsky, Kurt: Der letzte Ruf. In: Kurt Tucholsky, Werke - Briefe - Materialien, Berlin: Directmedia Publ. 2000 [1928]","Für die Massen ist die Nation der Inbegriff alles Mystischen, Imponderabilen, schlechthin Unbegreiflichen - auf diesem Gebiet ist alles erlaubt und kann alles verboten sein, hier wachsen die großen Männer, deren Größe an der Kleinheit der Umstehenden gemessen wird."
"64","1923-12-31","Wissenschaft","Schmitt, Carl: Die geistesgeschichtliche Lage des heutigen Parlamentarismus, Berlin: Duncker & Humblot 1991 [1923], S. 89","Unser Mythus ist die Nation, die große Nation, die wir zu einer konkreten Realität machen wollen."""
"65","1920-12-12","Wissenschaft","Hofmannsthal, Hugo von: Rede auf Beethoven. In: Bertram, Mathias (Hg.) Deutsche Literatur von Lessing bis Kafka, Berlin: Directmedia Publ. 2000 [1920], S. 94019","Furchtbar war und ist ihr Geschick, an ihnen aber hängt doch das Geschick der Nation, und sie sind die Erbvollstrecker der Jahrhunderte. Hin und her geworfen zwischen großem Stolz und Schwachmut, zuzeiten dünken sie sich Göttersöhne - Schöpfer, das ungeheure, fast lästerliche Wort dünkt ihnen nicht zu groß, die Fülle zu malen, die sie in sich tragen; dann aber stürzen sie wieder dahin wie Ikarus."
"66","1921-12-31","Wissenschaft","Jung, Carl Gustav: Psychologische Typen. In: ders., Gesammelte Werke, Bd. VI, Zürich u. a.: Rascher 1967 [1921], S. 149","Dementsprechend kann kein Krieg der historischen Vergangenheit an grandioser Scheußlichkeit mit dem Krieg zivilisierter Nationen rivalisieren."
"67","1925-07-22","Zeitung","Tucholsky, Kurt: Der 14. Juli. In: ders., Kurt Tucholsky, Werke - Briefe - Materialien, Berlin: Directmedia Publ. 2000 [1925], S. 3780","Zu Feiertagen darf man Nationen etwas wünschen."
"68","1929-03-02","Zeitung","Völkischer Beobachter (Reichsausgabe), 02.03.1929","Es ist recht und billig, daß diese Stämme die Führung der ganzen Nation übernommen haben und sehr töricht, ihnen vorzuhalten, daß sie fremdes Blut in sich aufnahmen."
"69","1918-03-01","Zeitung","Berliner Tageblatt (Abend-Ausgabe), 01.03.1918","Unser Land kämpfte einmal, zweimal, dreimal für das Gleichgewicht der Mächte, und es hat für das Gleichgewicht der Mächte gekämpft, weil nur durch einen solchen Kampf Europa vor der Herrschaft einer herrschsüchtigen Nation bewahrt werden konnte."
"70","1924-03-13","Zeitung","Berliner Tageblatt (Morgen-Ausgabe), 13.03.1924","Wie sollte er berechtigt sein, als Vertreter einer großen Gruppe der Nation einen Druck auf den Herrn Reichspräsidenten oder das Kabinett auszuüben?"
"71","1929-03-05","Zeitung","Berliner Tageblatt (Morgen-Ausgabe), 05.03.1929","Dann können sich hier die Nationen durch ihre verantwortlichen Vertreter ganz unmittelbar und aus allernächsten Nähe ins Weisse des Auges schauen und die Weltpresse aus allernächster Nähe das Gesehene deuten."
"72","1924-01-02","Zeitung","Kölnische Zeitung (Morgenblatt), 02.01.1924","Der Beginn des neuen Jahrs versammelt wiederum die Vertreter der fremden Staaten um Ihre Person, um Ihnen und der deutschen Nation, deren höchstes Amt Ihnen anvertraut ist, ihre Glückwünsche und Wünsche darzubieten."
"73","1932-09-01","gesprochen","o.A., Kundgebung der NSDAP im Berliner Sportpalast, 01.09.1932","Das Reich ist damals zerbrochen, weil die Nation zerbrochen ist."
"74","1921-12-31","Wissenschaft","Jung, Carl Gustav: Psychologische Typen. In: ders., Gesammelte Werke, Bd. VI, Zürich u. a.: Rascher 1967 [1921], S. 204","Die Besseren der Nation verstehen zwar etwas von dem, was er sagt, aber weil das Ausgesprochene einerseits mit den in der Masse sich begebenden Ereignissen übereinstimmt, anderseits aber ihre eigenen Bestrebungen antizipiert, so hassen sie den Schöpfer solcher Gedanken, nicht aus Bosheit, sondern aus Instinkt der Selbsterhaltung."
"75","1919-03-27","Zeitung","Vossische Zeitung (Morgen-Ausgabe), 27.03.1919","In allen Ländern, wo der Mittelstand kaputt gegangen ist, ist auch die Nation kaputt gegangen."
"76","1918-01-01","Zeitung","Der Tag, 01.01.1918","Der ganzen Nation sollte er nicht nur als Hort der Eintracht gelten, sondern zugleich als Berater."
"77","1932-12-31","Belletristik","Roth, Joseph: Radetzkymarsch, Köln: Kiepenheuer & Witsch 1978 [1932], S. 284","Ihm ging die große goldene Sonne der Habsburger unter, zerschmettert am Urgrund der Welten, zerfiel in mehrere kleine Sonnenkügelchen, die wieder als selbständige Gestirne selbständigen Nationen zu leuchten hatten."
"78","1928-12-31","Gebrauchsliteratur","Rieger, Wilhelm: Einführung in die Privatwirtschaftslehre, Erlangen: Palm & Enke 1964 [1928], S. 37","An dem Bestehen derartiger Betriebe ist eine Gemeinschaft, sei es die ganze Nation wie bei der Eisenbahn oder der Post, sei es auch nur ein Kreis, eine Gemeinde (Gas, Wasser, Elektrizität) interessiert, sie werden daher auch von ihnen betrieben, gegebenenfalls mit Opfern unterhalten, die in Gestalt von Steuern, Umlagen usw. aufgebracht werden."
"79","1920-01-01","Zeitung","Kölnische Zeitung (Morgenblatt), 01.01.1920","Nationen sind wie Individuen; sie streben nach einem Eigenleben, nach einem Eigenbesitz, nach einer Eigenkultur."
"80","1923-12-31","Gebrauchsliteratur","Schultze-Pfaelzer, Gerhard: Propaganda, Agitation, Reklame, Berlin: Stilke 1923, S. 96","Die Zeitung wurde von den Führern der Nation in vergangenen Jahrhunderten als Wertfaktor für das Kulturleben abgelehnt."
"81","1926-12-31","Belletristik","Grimm, Hans: Volk ohne Raum, München: Langen 1932 [1926], S. 968","Die Union sei stark genug, sich gegen Eingeborenenangriffe zu schützen, aber für den Angriff einer Großmacht müsse sie gerüstet sein; oder wenn Smuts selbst bei Einführung des Gesetzes sagte, andere Staaten hielten begehrliche Augen auf Südafrika gerichtet, weil es die reichsten Mineralschätze der Welt und die ausgedehntesten und billigst abzubauenden Zechen habe, das Wehrgesetz solle diesen Nationen als Warnung dienen; ist dieser Wink nicht deutlich?"
"82","1932-01-27","gesprochen","Hitler, Adolf, Primat der deutschen Politik: Wiederherstellung eines gesunden, nationalen und schlagkräftigen deutschen Volkskörpers?, in: Vortrag Adolf Hitlers vor westdeutschen Wirtschaftlern im Industrie-Klub Düsseldorf, München: 1932","Die verschiedenen Nationen haben sich nun - entsprechend ihrer inneren Veranlagung - diese Vormachtstellung verschieden gesichert; vielleicht am genialsten England, das sich immer neue Märkte erschloß und sie sofort politisch verankerte, so daß es unbedingt denkbar ist, daß Großbritannien - gleichbleibende geistige Einstellung vorausgesetzt - sich ein eigenes von der Welt mehr oder weniger unabhängiges Wirtschaftsleben aufbaut."
"83","1929-10-29","Belletristik","Tucholsky, Kurt: Hej -! In: ders., Kurt Tucholsky, Werke - Briefe - Materialien, Berlin: Directmedia Publ. 2000 [1929], S. 7006","Da ist das Haus der Nationen."
"84","1918-03-06","Zeitung","Berliner Tageblatt (Abend-Ausgabe), 06.03.1918","Mit diesen Worten wird eine Politik der Annektionen angekündigt , welche ein friedliches und freundnachbarliches Nebeneinanderleben des deutschen und des polnischen Volkes unmöglich machen würde ( Hört , hört!) Wir Vertreter der polnischen Nation im preußischen Abgeordnetenhaus teilen voll und ganz die Entrüstung unseres Volkes und legen feierlichst gegen diese bereits getätigten und in Zukunft beabsichtigten Gewaltakte an der polnischen Nation Verwahrung ein."
"85","1928-12-31","Gebrauchsliteratur","Wohlmuth, Alois: Ein Schauspielerleben, Ungeschminkte Selbstschilderungen von Alois Wohlmuth. In: Simons, Oliver (Hg.) Deutsche Autobiographien 1690-1930, Berlin: Directmedia Publ. 2004 [1928], S. 75666","Er kannte eben nur die Schauspielerinnen seiner Nation, nicht die deutschen, die nicht selten der höheren Tochter mit der Musikmappe am Arm an Sittsamkeit noch etwas vorgeben."
"86","1932-03-03","Zeitung","Vossische Zeitung (Morgen-Ausgabe), 03.03.1932","Er habe sein Vermögen vor allen Dingen durch Waffenhandel erworben, indem er an alle Nationen Waffen geliefert habe."
"87","1928-06-26","Zeitung","Tucholsky, Kurt: Der letzte Ruf. In: Kurt Tucholsky, Werke - Briefe - Materialien, Berlin: Directmedia Publ. 2000 [1928]","Begeht der Landsmann Lumpereien, so schüttelt man ihn ab und kennt ihn nicht mehr; bekommt er den Nobelpreis, so ist die ganze Nation mit ihm und in ihm geehrt."
"88","1932-03-01","Zeitung","Völkischer Beobachter (Reichsausgabe), 01.03.1932","Nur wenn der Staat ein wachsames Auge über die Volkswirtschaft hat und gegebenenfalls bereits ist, seine Autorität zum Wohle der Nation gegen Interessentenhaufen zu vertreten, wird es möglich sein, solche Wirtschaftspolitik zu treiben."
"89","1932-03-04","Zeitung","Archiv der Gegenwart, Bd. 2, 04.03.1932, S. 204 [ff.]. Zit. n. CD-ROM-Ausgabe 2001.","[...] 0, 4 : 6, 6 : 4. Damen-Einzel: Mathieu (Frankreich) gegen Valerio (Italien) 6 : 2, 6 : 3. Gemischtes Doppel: Adamoff (Frankreich)-Menzel (Tschechoslowakei) gegen Jedrzowska-Tlodzinski (Polen) 6 : 2, 7 : 5. Herren-Doppel: Merlin-Martin Legeay (Frankreich) gegen Aeschlimann-Fisher (Schweiz) 6 : 3, 7 : 5, 0 : 6, 8 : 6. Damen-Doppel: Mathieu-Rosambert (Frankreich) gegen Satterthwaite-Hewitt (England) 6 : 4, 6 : 4. Gemischtes Doppel um den Pokal der Nationen: Rosambert-Mlin (Frankreich) gegen Payot-Fisher (Schweiz) 6 : 1. 6 : 2. (L. B. 194 C.) [...]"
"90","1927-12-31","Wissenschaft","Jahresberichte für deutsche Geschichte, 1927, S. 656","Obwohl er nur deutsch schrieb, fühlte er doch im Innern völlig tschechisch, stand er auf dem Boden des historischen böhmischen Staatsrechtes, hielt er den österreichischen Zentralismus für das Verderblichste von der Welt, für den Mord der einzelnen Nationen."
"91","1918-03-13","Zeitung","Berliner Tageblatt (Morgen-Ausgabe), 13.03.1918","In dieser langen Zeit ist die fieberhafte Spannung der kriegführenden Nationen noch nie so groß gewesen wie im jetzigen Zeitpunkt."
"92","1924-12-31","Belletristik","Hagenbeck, John u. Ottmann, Victor: Südasiatische Fahrten und Abenteuer, Dresden: Deutsche Buchwerkstätten 1924 [1924], S. 162","Durchgebrannte Kassierer, weggelaufene Matrosen und Schiffsköche, geschwenkte Offiziere aller Nationen, darunter viele Deutsche und unter ihnen viele von Adel und sogar von Hochadel, suchten sich hier eine neue Existenz, und viele fanden sie auch."
"93","1927-12-31","Gebrauchsliteratur","Diederichs, Eugen: Aus meinem Leben. In: Simons, Oliver (Hg.) Deutsche Autobiographien 1690-1930, Berlin: Directmedia Publ. 2004 [1927], S. 19349","Nämlich ich machte den Versuch, eine deutsch- französische Verständigung durch eine Zusammenkunft schöpferischer Menschen beider Nationen zu veranstalten."
"94","1922-03-12","Zeitung","Vossische Zeitung (Sonntags-Ausgabe), 12.03.1922","Unser Weg geht von der Wissenschaft durch die Schule zum Leben der Nation."
"95","1932-04-17","Zeitung","Archiv der Gegenwart, Bd. 2, 17.04.1932, S. 292 [ff.]. Zit. n. CD-ROM-Ausgabe 2001.","Der Wahlaufruf seiner Partei verlangt eine Kontrolle des Staates auch über große Unternehmen, wenn sie die Hilfsmittel der Nation in Gefahr bringen."
"96","1922-03-30","Zeitung","Die Fackel [Elektronische Ressource], 2002 [1922]","Die Österreicher hatten sie, und die Solidarität der Nationen, deren berufenste Vermittler ja die Preßleute sind, habe sich dadurch erwiesen, daß bei der Festvorstellung »die Geladenen mit den Parisern um die Wette Beifall klatschten«."
"97","1926-03-03","Zeitung","Vossische Zeitung (Abend-Ausgabe), 03.03.1926","Die zweite Phase der Frauenbewegung, in der wir heute stehen, sei das Suchen nach der weiblichen Eigenform, nach den wesensgemäßen Wirkungsgebieten im Arbeitsleben und im öffentlichen Leben der Nation."
"98","1925-08-11","Zeitung","Tucholsky, Kurt: Paris, den 14. Juli. In: ders., Kurt Tucholsky, Werke - Briefe - Materialien, Berlin: Directmedia Publ. 2000 [1925], S. 3807","»Diese gemeinen Menschen, die, ohne zu arbeiten, die Früchte des Schweißes der Handarbeiter verschlingen, die der Nation nie irgendeinen Dienst erwiesen haben, hatten sich in den Kellern versteckt."
"99","1918-12-31","Wissenschaft","Weber, Max: Parlament und Regierung im neugeordneten Deutschland. In: Weber, Marianne (Hg.) Gesammelte Politische Schriften, München: Drei Masken Verl. 1921 [1918], S. 192","Und falls er klug genug war, die politische Wertlosigkeit und Schädlichkeit all dieser Vorgänge zu durchschauen, dennoch aber mit Zuständen rechnen mußte, welche ihre Duldung herbeiführten, so mußte er gehen, im Interesse der Nation sowohl wie insbesondere auch in dem des Monarchen."
"100","1918-12-31","Wissenschaft","Weber, Max: Parlament und Regierung im neugeordneten Deutschland. In: Weber, Marianne (Hg.) Gesammelte Politische Schriften, München: Drei Masken Verl. 1921 [1918], S. 166","Unter Bismarck der eigenen Sorge um die öffentlichen Angelegenheiten, speziell die auswärtige Politik, entwöhnt, ließ sich die Nation infolgedessen etwas als »monarchische Regierung« aufschwatzen, was in Wahrheit nur die Unkontrolliertheit einer reinen Beamtenherrschaft bedeutete, innerhalb deren, wenn sie unter sich gelassen wird, politische Führerqualitäten noch nie und nirgends in aller Welt geboren und in die Höhe gekommen sind."
"101","1923-12-31","Wissenschaft","Cassirer, Ernst: Philosophie der symbolischen Formen, Darmstadt: Wiss. Buchges. 1994 [1923], S. 87","""Wir müssen darauf achten, wie die Nationen, gleich den Einzelnen, ihre besonderen Ideen haben, wie diese besonderen Ideen der Genius ihrer Sprache werden, da das Symbol seinem Urbild entsprechen muß, wie daher die weisesten Nationen, da sie die meisten und besten Ideen besitzen, auch die vollkommensten und reichsten Sprachen haben."""
"102","1923-12-31","Gebrauchsliteratur","Schultze-Pfaelzer, Gerhard: Propaganda, Agitation, Reklame, Berlin: Stilke 1923, S. 144","Ausstellungen in diesem Sinne sind jene großen Schaustellungen über weite Gebiete der Kultur und Wirtschaft, die sich teils auf einzelne Gewerbezweige, teils auf gewisse Spezialitäten einer Gegend beschränken, teils das Gesamtschaffen eines Landes, teils einer Nation, oder gar der Welt in mustergültigen Typen zur Darstellung bringen wollen."
"103","1927-03-01","Zeitung","Vossische Zeitung (Morgen-Ausgabe), 01.03.1927","Der ""Völkerbund"", die Vereinigung aller Nationen im Zeichen der Narrenkappe und der Sektflasche, und der ""Friedensengel"", unter dessen stark ramponierten Fittichen Nicaraguesen und Chinesen Narrentänze aufführten."
"104","1920-12-12","Wissenschaft","Hofmannsthal, Hugo von: Rede auf Beethoven. In: Bertram, Mathias (Hg.) Deutsche Literatur von Lessing bis Kafka, Berlin: Directmedia Publ. 2000 [1920], S. 94017","Die Nation aber mißt mit anderen Maßen, und jenes Damals ist ihr ein Gestern."
"105","1927-01-10","Wissenschaft","Hofmannsthal, Hugo von: Das Schrifttum als geistiger Raum der Nation. In: Bertram, Mathias (Hg.) Deutsche Literatur von Lessing bis Kafka, Berlin: Directmedia Publ. 2000 [1927], S. 94124","Hierdurch unterscheiden sich unsere alten europäischen Nationen von jenem jungen, nach außen mächtigen amerikanischen Staatswesen, in dem wir eine Nation in diesem Sinne noch nicht zu erkennen vermögen."
"106","1920-12-31","Belletristik","Schaeffer, Albrecht: Helianth I, Bonn: Weidle 1995 [1920], S. 310","Ja, ich frage mich, ich, der ich selber noch nichts bin, doch etwas werden will, ich frage mich: Wohin geht die Nation, deren beste Blüte sich selbst derart erstickt und deren Leiter und Lenker ihre Jugendkraft in diesen Morast hineinwühlen? -"
"107","1921-03-05","Zeitung","Vossische Zeitung (Morgen-Ausgabe), 05.03.1921","Wir sind bereit, mit allen Nationen der Welt , ob groß oder klein, uns zusammenzutun , zu beraten und Rat zu pflegen, um die Möglichkeit einer Schätzung und Ausgleichung der Rüstungen zu finden und die bedrückenden Lasten der militärischen Einrichtungen zu Wasser und zu Lande zu erleichtern."
"108","1930-03-02","Zeitung","Völkischer Beobachter (Bayernausgabe), 02.03.1930","Erst nachdem das alte Weltreich römischer Nation versank, gab es eine große Umwälzung."
"109","1918-01-01","Zeitung","Der Tag, 01.01.1918","Wenn die Stimmen von jenseits des Meeres nicht müde werden, den Zusammenbruch des deutschen Heeres ihren Leuten vorzutäuschen, unser Volk als eine Nation von Verbrechern zu beschimpfen, sehen wir Hindenburgs Gestalt mit seinen Streitern unerschütterlich dastehen, die Verkörperung deutscher Redlichkeit, deutschen Siegeswillens und deutscher Siegeszuversicht."
"110","1932-07-25","gesprochen","o.A.[von Hauenschildt], Rundfunkansprache zur Reichstagswahl am 31. Juli 1932 über: ""Der Bauer im Staat von heute"", 25.07.1932","Gleichgültig, ob der rege Geist des Kaufmanns, des Technikers, des Wissenschaftlers seine Fäden über die ganze Erde spinnt, hat doch der Verlauf der Dinge seit 1914 gezeigt, dass alle diese Fäden mit einem Schlage zerreißen können und dass dann das Wohl und Weh einer Nation auf einer auch seelisch intakten Bauernschaft von höchster Potenz beruhen."
"111","1920-03-06","Zeitung","Berliner Tageblatt (Morgen-Ausgabe), 06.03.1920","Die Kriegsverbrecher hätte man ohne Unterschied der Nation vor neutrale Gerichte stellen sollen."
"112","1918-12-31","Wissenschaft","Weber, Max: Parlament und Regierung im neugeordneten Deutschland. In: Weber, Marianne (Hg.) Gesammelte Politische Schriften, München: Drei Masken Verl. 1921 [1918], S. 138","Und vor allem eine Nation ohne allen und jeden politischen Willen, gewohnt, daß der große Staatsmann an ihrer Spitze für sie die Politik schon besorgen werde."
"113","1932-03-01","Zeitung","Völkischer Beobachter (Reichsausgabe), 01.03.1932","Jene sogenannten Volksvertreter aber, die diesem Aufbruch der Nation ratlos gegenüberstehen, glauben mit einer viertägigen Reichstagsdebatte dem Sturm ein Ventil geschaffen und dem Geist von Weimar wieder einmal Genüge geleistet zu haben."
"114","1919-01-15","Gebrauchsliteratur","Ball, Hugo: Die moralische und die Wirtschaftsrebellion. In: Deutsche Literatur von Lessing bis Kafka, Berlin: Directmedia Publ. 2000 [1919], S. 9814","Man hatte in Deutschland den Begriff der Nation kräftig exaltiert, aber stets nur im egoistischen Sinne."
"115","1931-12-04","Zeitung","Archiv der Gegenwart, Bd. 1, 04.12.1931, S. 97 [ff.]. Zit. n. CD-ROM-Ausgabe 2001.","Einigungsversuche mit Frankreich seien unmöglich, solange man die Deutschen als zweitklassige Nation behandle."
"116","1920-02-28","Zeitung","Die Fackel [Elektronische Ressource], 2002 [1920]","Es bleibt also nichts übrig, als wenigstens nach den Erfahrungen dieses Krieges die Macht der Presse richtig zu bewerten, das Mittel, das Voltaire gegen die ungleich harmlosere Kirche empfahl, besser zu verwenden und Gewalt zu üben zu dem einzig sittlichen Zweck, damit sie den Staaten und Nationen künftig erspart bleibe. Écrasez l'infâme!"
"117","1927-12-31","Wissenschaft","Jahresberichte für deutsche Geschichte, 1927, S. 656","Zur Beantwortung der Frage nach dem Verhältnis Rudolfs zur tschechischen Nation vermochte er sich auf den im Wiener Staatsarchiv erliegenden Nachlaß zu stützen."
"118","1919-12-31","Zeitung","Der Jude, Bd. 4, Nr. 3, 1919","Es ist furchtbar genug, wenn Dutzende anderer Nationen in solcher Haltung heute befangen sind, und es kennzeichnet dies besser als alles andere die ganze Lüge eines politischen Systems, das angeblich das ""Selbstbestimmungsrecht der Nationen"" und die ""Freiheit der Völker"" verwirklichen will."
"119","1932-01-27","gesprochen","Hitler, Adolf, Primat der deutschen Politik: Wiederherstellung eines gesunden, nationalen und schlagkräftigen deutschen Volkskörpers?, in: Vortrag Adolf Hitlers vor westdeutschen Wirtschaftlern im Industrie-Klub Düsseldorf, München: 1932","Der Marxismus selbst als Vorstellung und Idee kennt keine deutsche Nation, kennt keinen nationalen Staat, sondern kennt nur die Internationale!"
"120","1918-03-06","Zeitung","Berliner Tageblatt (Abend-Ausgabe), 06.03.1918","""Sofort nach Ausbruch des Krieges haben wir in diesem hohen Hause die nie verjährenden und von uns und unseren Vorgängern stets vertretenen Forderungen der polnischen Nation in angemessener Form zum Ausdruck gebracht."
"121","1921-03-05","Zeitung","Berliner Tageblatt (Morgen-Ausgabe), 05.03.1921","In vier Tagen läßt sich, während alle wirtschaftlichen und finanziellen Sachverständigen Deutschlands fern von London weilen, aber ein solches Problem, das für das ganze Schicksal der deutschen Nation entscheidend ist, nicht wie eine einfache arithmetische Gleichung mit einem X aus dem Handgelenk lösen."
"122","1929-12-31","Gebrauchsliteratur","Welt und Wissen, 1929, Nr. 4, Bd. 18","Die Eltern der hoffnungsvollen Sprößlinge der smarten amerikanischen Nation waren mit mehr oder weniger Recht über diese Zumutung erbittert."
"123","1927-03-02","Zeitung","Vossische Zeitung (Morgen-Ausgabe), 02.03.1927","""Eine feine, eine anständige Nation, ja! Christof nickte wieder nur."
"124","1932-03-02","Zeitung","Vossische Zeitung (Abend-Ausgabe), 02.03.1932","Als aus der problematischen Geistigkeit zwischen den beiden französischen Revolutionen jene nuancenreiche und doch einigermaßen einheitliche Geisteshaltung erwuchs, die man mit dem Begriff ""Romantik"" zu erfassen versucht, schöpfte aus ihrer fließenden Fülle jede Nation und jeder Stamm, Norden, Süden, Osten, Westen in verschiedenen, oft scheinbar widerspruchsvollen Abwandlungen."
"125","1921-05-23","Zeitung","Tucholsky, Kurt: Awrumele Schabbesdeckel und Prinz Eitel-Friedrich von Hohenzollern. In: ders., Kurt Tucholsky, Werke - Briefe - Materialien, Berlin: Directmedia Publ. 2000 [1921], S. 2225","Wenn schon jede Nation die Rechtsprechung hat, die sie verdient, - diese haben wir denn doch nicht verdient."
"126","1930-03-03","Zeitung","Vossische Zeitung (Abend-Ausgabe), 03.03.1930","Alle in London versammelten Nationen haben einen heiligen Vertrag unterzeichnet, niemals mehr zu kriegerischen Mitteln zu greifen:"
"127","1928-12-31","Wissenschaft","Jahresberichte für deutsche Geschichte, 1928, S. 346","Sein Schlußurteil für Frankreich besagt, daß die Nation den Frieden, der (regierende) Nationalismus den Krieg gewollt habe."
"128","1919-04-10","Zeitung","Berliner Tageblatt (Abend-Ausgabe), 10.04.1919","Der Zweek der Anmeldung und der Beschlagnahme der Güter und Interessen der feindlichen Untertanen ist die Erhaltung dieser Güter und Interessen nicht zum Vorteil der Sequestrierten , sondern einzig und allein behufs Schaffung einer Art Gesamtpfand zum Nutzen der Nation , das die reelle Garantie darstellen soll für die Verpflichtungen, die unseren Feinden durch die Bedingung des Friedensvertrages Belgien gegenüber auferlegt werden."
"129","1927-01-10","Wissenschaft","Hofmannsthal, Hugo von: Das Schrifttum als geistiger Raum der Nation. In: Bertram, Mathias (Hg.) Deutsche Literatur von Lessing bis Kafka, Berlin: Directmedia Publ. 2000 [1927], S. 94133","Er meinte, es sei an dem, daß man sich als die Nation der stärksten Kultur betrachte; es sei an dem, daß man das ewige Suchen und Wollen und Ringen in ein Sein und Haben verwandle, daß man sich behaglich niederlasse auf dem Fundament einer Bildung, die man besitze, geschaffen wie sie nun einmal sei durch die Leistung unserer Klassiker, die man ja habe, als einen festen Besitz, der nicht verlorengehen könne und der zusammen mit anderen irdischen Besitztümern eben die Wirklichkeit ausmache."
"130","1932-12-31","Belletristik","Roth, Joseph: Radetzkymarsch, Köln: Kiepenheuer & Witsch 1978 [1932], S. 244","Der alte Kaiser stieg vom Wagen mit jenem elastischen Schritt, den alle Zeitungen rühmten, und ging in die Kirche wie ein einfacher Mann; zu Fuß ging er in die Kirche, der Römische Kaiser Deutscher Nation, umdröhnt von den Glocken."
"131","1918-01-01","Zeitung","Der Tag, 01.01.1918","Es stützt sich auf die neue Wahlreform und auf die militärischen und wirtschaftlichen Errungenschaften, die mannigfache alte Wünsche der ungarischen Nation erfüllen sollen."
"132","1928-04-04","Zeitung","Vossische Zeitung (Morgen-Ausgabe), 04.04.1928","Ossietzky erinnerte daran, daß Deutschland vor seinem Eintritt in den Völkerbund immer wieder betont habe, daß sein Platz an der Seite der kleinen, zumeist unterdrückten Nationen sei, es werde für diese in Genf eintreten."
"133","1918-03-20","Zeitung","Vossische Zeitung (Morgen-Ausgabe), 20.03.1918","Soweit das Ergebnis von künftigen Schlachten abhängt, so dürfen die Nationen, deren Schicksal in der Schwebe ist, auf die Heere vertrauen, die selbst unter schwierigeren Bedingungen als die gegenwärtigen, sich der großen Aufgabe, die ihrer Tapferkeit anvertraut ist, mehr als gewachsen gezeigt haben."""
"134","1932-12-31","Gebrauchsliteratur","Welt und Wissen, 1932, Nr. 2, Bd. 21","Als sommerlicher Aufenthalt sind die Inseln sehr beliebt und von beiden Nationen sehr stark besucht."
"135","1932-03-01","Zeitung","Völkischer Beobachter (Reichsausgabe), 01.03.1932","Die Verwirklichung nationalwirtschaftlichen Denkens muß von Verantwortungsgefühl gegenüber der gesamten Nation getragen sein und kann sich infolgedessen nur in den Rahmen sinnvoll einfügen, der die Ideenwelt des Dritten Reiches umschließt."
"136","1918-03-08","Zeitung","Berliner Tageblatt (Abend-Ausgabe), 08.03.1918","Er glaubte am Dienstag wohl, die Gefahr überwunden zu haben, aber Carson hat nun doch die Eigenmächtigkeit, Unsachlichkeit und die persönliche Voreingenommenheit Lloyd Georges zum Gegenstand parlamentarischer Erörterung gemacht, indem er gezeigt hat, daß ein so populärer von der Flotte und der Nation hochgeschätzter Führer, wie Jellicoe , seinen Posten verlor, ohne daß auch nur der Staatssekretär der Marine, damals eben Carson , davon etwas wußte."
"137","1932-09-01","gesprochen","o.A., Kundgebung der NSDAP im Berliner Sportpalast, 01.09.1932","Sie haben es nicht getan, und sie konnten es nicht tun, denn ihre bürgerliche Welt war ja gänzlich unfähig, irgendeine totale Lebensbasis, eine Auffassungsbasis abzugeben für den inneren Halt und für das innere Leben einer Nation."
"138","1928-11-24","Zeitung","Tucholsky, Kurt: 'Wir von der Unter-Tertia'. In: Kurt Tucholsky, Werke - Briefe - Materialien, Berlin: Directmedia Publ. 2000 [1928]","Die deutsche Nation ist eine Nation der Vereine - es gibt wahrscheinlich in keinem Lande der Welt so viel Vereine wie bei uns."
"139","1922-08-17","Zeitung","Tucholsky, Kurt: Das Felderlebnis. In: ders., Kurt Tucholsky, Werke - Briefe - Materialien, Berlin: Directmedia Publ. 2000 [1922], S. 2752","So hat die Nation die Scheußlichkeit des Krieges verwunden."
"140","1928-12-31","Wissenschaft","Jahresberichte für deutsche Geschichte, 1928, S. 207","Der Verfasser entwickelt seine Gedanken in anregender Weise, doch ist es selbstverständlich, daß der Versuch, eine Literatur, an der viele Nationen beteiligt sind, in ein solches Schema zu zwängen, immer sein Mißliches hat. -- Im zweiten Teil will der Verfasser zeigen, daß dies Mittellatein eine lebende Sprache war, und bringt aus den fränkischen Heiligenleben und den Leges barbarorum zahlreiche Beweise dafür, daß man diesen Ausdruck für die frühere Zeit mit Recht anwenden kann."
"141","1918-12-31","Wissenschaft","Spengler, Oswald: Der Untergang des Abendlandes, München: Beck 1929 [1918], S. 514","In der Leidensgeschichte der Evangelien, dem eigentlichen Epos der christlichen Nation, umgeben von der Kindheitsgeschichte und den Taten der Apostel, und in der gleichzeitig ausgebildeten Zarathustralegende erblicken wir die Heldengestalten der früharabischen Epik neben Achilleus, Siegfried und Parzeval."
"142","1932-01-27","gesprochen","Hitler, Adolf, Primat der deutschen Politik: Wiederherstellung eines gesunden, nationalen und schlagkräftigen deutschen Volkskörpers?, in: Vortrag Adolf Hitlers vor westdeutschen Wirtschaftlern im Industrie-Klub Düsseldorf, München: 1932","Wesentlich ist die politische Willensbildung der gesamten Nation, sie ist der Ausgangspunkt für politische Aktionen."
"143","1925-03-08","Zeitung","Berliner Tageblatt (Morgen-Ausgabe), 08.03.1925","So steigert sich in der klaren Darstellung Popows das Individualschicksal des Verfassers zum Totalschicksal einer ganzen Nation, in deren Mitte es keine persönliche Sicherheit, keinen Hauch von Freiheit und nur das eine Gesetz der Willkür gibt."
"144","1921-03-05","Zeitung","Berliner Tageblatt (Morgen-Ausgabe), 05.03.1921","Die Menschen, unter denen solche Einigkeit herrscht, werden in vollstem Vertrauen sich dem ständigen Bemühen nach Besserung ihrer Beziehungen widmen können, und die Nationen werden die Bildung von Ausschüssen begünstigen , die für den Frieden der Welt von so wesentlicher Bedeutung sind."
"145","1929-03-02","Zeitung","Völkischer Beobachter (Reichsausgabe), 02.03.1929","Hat die Nation die falsche Richtlinie der verflossenen Jahrhunderte erkannt, sind seine derweiligen schlechten Führer beseitigt, dann müsse es mit seiner gesunden Veranlagung den rechten Weg finden."
"146","1932-01-27","gesprochen","Hitler, Adolf, Primat der deutschen Politik: Wiederherstellung eines gesunden, nationalen und schlagkräftigen deutschen Volkskörpers?, in: Vortrag Adolf Hitlers vor westdeutschen Wirtschaftlern im Industrie-Klub Düsseldorf, München: 1932","[...] beruht auf der Erkenntnis, daß zusammenbrechende Wirtschaften immer als Vorläufer den zusammenbrechenden Staat haben, und nicht umgekehrt, daß es keine blühende Wirtschaft gibt, die nicht vor sich und hinter sich den blühenden, mächtigen Staat als Schutz hat, daß es keine karthagische Wirtschaft gab ohne karthagische Flotte und keinen karthagischen Handel ohne karthagische Armee, und daß es selbstverständlich auch in der Neuzeit - wenn es hart auf hart geht und die Interessen der Völker aufeinanderprallen - keine Wirtschaft geben kann, ohne daß hinter dieser Wirtschaft der absolut schlagkräftige, entschlossene politische Wille der Nation steht. [...]"
"147","1927-01-10","Wissenschaft","Hofmannsthal, Hugo von: Das Schrifttum als geistiger Raum der Nation. In: Bertram, Mathias (Hg.) Deutsche Literatur von Lessing bis Kafka, Berlin: Directmedia Publ. 2000 [1927], S. 94146","»Als ein Ganzes muß der Mann sich regen« - heute ist dieser Samen in den Besten der Nation aufgegangen; denn um die Ganzheit, auf die jenes Wort hindeutet, daß sich Seele und Geist, daß sich das ganze Gemüt auf eins rege, um das geht es heute, wenn es um etwas geht."
"148","1932-01-27","gesprochen","Hitler, Adolf, Primat der deutschen Politik: Wiederherstellung eines gesunden, nationalen und schlagkräftigen deutschen Volkskörpers?, in: Vortrag Adolf Hitlers vor westdeutschen Wirtschaftlern im Industrie-Klub Düsseldorf, München: 1932","Wir haben eine Anzahl von Nationen, die auf Grund eines ihnen angeborenen überragenden Wertes sich eine Lebenshaltung schufen, die in keinem Verhältnis steht zu dem Lebensraum, den sie in dichten Siedelungen bewohnen."
"149","1918-12-31","Wissenschaft","Weber, Max: Parlament und Regierung im neugeordneten Deutschland. In: Weber, Marianne (Hg.) Gesammelte Politische Schriften, München: Drei Masken Verl. 1921 [1918], S. 223","Ob die deutsche Nation zur politischen Reife gelangt ist, wird sich dann darin zeigen:"
"150","1921-09-22","Zeitung","Tucholsky, Kurt: Der Bayer mit dem Schießgewehr. In: Kurt Tucholsky, Werke - Briefe - Materialien, Berlin: Directmedia Publ. 2000 [1921]","Blickt nicht eine Nation von gläubigen Tarasconesen ihren zurückgekehrten Helden auf die triumphierenden Bäuche, und heben diese nicht an, wie Daudet schließt:"
"151","1928-12-31","Wissenschaft","Jahresberichte für deutsche Geschichte, 1928, S. 313","-- Bei der Bedeutung B. G. Niebuhrs für den preußischen Staat und die deutsche Nation stellt die Herausgabe seiner Briefe in der authentischen Form (die von seiner Freundin Dore Hensler besorgte Ausgabe ist in höchstem Grade, ja entstellend überarbeitet) ein hohes Verdienst für Anreger, Verleger und die beiden Herausgeber, Gerhard und Norvin (1133) dar."
"152","1932-12-31","Wissenschaft","Jahresberichte für deutsche Geschichte, 1930, S. 275","Die Reichsregierung habe um die Jahrhundertwende die Außenpolitik nicht mehr im Interesse der deutschen Nation geführt, sondern nur noch im Interesse einer Klasse; sie sei nicht mehr die Regierung eines Nationalstaats gewesen, sondern eines Klassenstaats, der sich hinter den ausgehöhlten Formen eines Nationalstaats zu verbergen suchte."
"153","1927-02-08","Zeitung","Tucholsky, Kurt: Die genialen Syphilitiker. In: ders., Kurt Tucholsky, Werke - Briefe - Materialien, Berlin: Directmedia Publ. 2000 [1927], S. 5030","Vor ganz kurzer Zeit ist ja, unter gänzlicher Teilnahmlosigkeit der Nation, ein Gesetz zur Bekämpfung der Geschlechtskrankheiten durchgegangen, das noch zu betrachten sein wird: die Schande des Listenwahlsystems ließ die besten Vorkämpfer gegen die Seuche dabei kaum zu Wort kommen."
"154","1931-03-04","Zeitung","Völkischer Beobachter (Reichsausgabe), 04.03.1931","Das machen ja auch die Händler, und das Geschäft ist ja heute auch wichtiger geworden als die Nation."
"155","1927-12-26","Wissenschaft","Hofmannsthal, Hugo von: Wert und Ehre deutscher Sprache. In: Bertram, Mathias (Hg.) Deutsche Literatur von Lessing bis Kafka, Berlin: Directmedia Publ. 2000 [1927], S. 94156","Dort wo sie zuhöchst schwebt, in Goethes vorzüglichsten lyrischen Stücken, in Hölderlins letzten Elegien und Hymnen, dort wird sie kaum von einer der neueren Nationen erreicht - vielleicht, daß selbst Miltons Flügelschlag dahinter zurückbleibt."
"156","1926-12-31","Belletristik","Traven, B.: Das Totenschiff, Berlin: Büchergilde Gutenberg 1929 [1926], S. 179","Das Sprachengewirr unter den Angehörigen der verschiedenen Nationen, die auf der Yorikke fuhren, machte eine gemeinsame Sprache notwendig."
"157","1920-12-12","Wissenschaft","Hofmannsthal, Hugo von: Rede auf Beethoven. In: Bertram, Mathias (Hg.) Deutsche Literatur von Lessing bis Kafka, Berlin: Directmedia Publ. 2000 [1920], S. 94023","Abermals zeigt sich das Zeichen der im Tiefsten ungeselligen, unberedsamen Nation."
"158","1918-03-18","Zeitung","Berliner Tageblatt (Montags-Ausgabe), 18.03.1918","Es muß endlich bedacht werden, daß ein Völkerbund, der die kleinen Nationen garantiert, nur dann geschlossen werden kann, wenn zwischen den Lebensinteressen der großen Nationen, die diesem Völkerbund angehören, kein trennender Gegensatz vorhanden ist."
"159","1922-03-30","Zeitung","Die Fackel [Elektronische Ressource], 2002 [1922]","Es ist ein recht miserabler Beweis von Solidarität der Nationen und die schönrednerische Lüge der Zeitung hat zwar so viel Macht über die Gehirne, sie in den Krieg, aber beiweitem nicht so viel, sie wieder heraus zu führen."
"160","1920-06-17","Zeitung","Tucholsky, Kurt: Macht und Mensch. In: Kurt Tucholsky, Werke - Briefe - Materialien, Berlin: Directmedia Publ. 2000 [1920]","Wieviel Talent, Entschließungskraft und adliger Sinn unterdrückt worden ist, was an Demut, Neid, Selbstverachtung gezüchtet ward, und was versäumt ward in hundert Jahren an der Nivellierung, der moralischen Höherlegung der Nation, damit in unermeßlichen Abständen je ein Manneswunder und Ausbund aller Herrlichkeit erscheinen konnte, übermästet von der Entsagung ganzer Geschlechter und dem lebenden Dünger der Nation entsprossen wie eine tierisch fette Zauberblume."
"161","1922-03-07","Zeitung","Vossische Zeitung (Abend-Ausgabe), 07.03.1922","Wohl aber werde die Möglichkeit gegeben sein, daß in Genua die allgemeinen Ursachen der Welterkrankung erörtert werden, und daß die Nationen gemeinschaftlich nach solchen Wegen suchen, die zu einer Gesundung des ganzen Kontinents führten."
"162","1919-04-07","Zeitung","Berliner Tageblatt (Abend-Ausgabe), 07.04.1919","Für die Arbeiterschaft ist der Krieg vorüber , und in der neuen Ordnung der Welt müssen Deutschland und Oesterreich genau so gut ihren Platz haben wie die anderen Nationen."
"163","1918-12-31","Wissenschaft","Spengler, Oswald: Der Untergang des Abendlandes, München: Beck 1929 [1918], S. 177","Der Staat ist die innere Form, das ""In-Formsein"" einer Nation, und Geschichte im großen Sinne ist dieser Staat nicht als Bewegtes, sondern als Bewegung gedacht."
"164","1921-12-31","Belletristik","Luckner, Felix von: Seeteufel, Herford: Kohler 1966 [1921], S. 227","Diese naturalisierten Deutschen, die durch die Strenge der feindlichen Kriegsmaßnahmen zwar von der Gefangenschaft nicht verschont blieben, aber dann als Vaterlandsverleugner sich Vergünstigungen verschafften, waren der trübste Punkt im Lagerleben und erinnerten nur allzusehr an manche Seiten der deutschen Geschichte, wo sich Landsleute im fremden Dienst auf Kosten des Zusammenhalts und der Kraft unserer Nation emporgebracht haben."
"165","1932-03-04","Zeitung","Berliner Tageblatt (Morgen-Ausgabe), 04.03.1932","Im Hinblick auf die Olympia-Prüfungskämpfe des Deutschen Schwimmverbandes in Berlin, die - um einen Ausdruck des amtlichen Organs des D. S.V. zu gebrauchen - ""noch keine Trümpfe für Los Angeles"" gezeigt haben, also wohl noch oft wiederholt werden müssen, interessieren die Vorbereitungsarbeiten der anderen im Schwimmsport führenden europäischen Nationen."
"166","1932-09-01","gesprochen","o.A., Kundgebung der NSDAP im Berliner Sportpalast, 01.09.1932","Die Gruppe, die hinter uns sich befindet, wird nach menschlicher Voraussicht in wenigen Jahren eben doch die ganze Nation sein."
"167","1919-12-31","Wissenschaft","Weber, Max: Politik als Beruf. In: Weber, Marianne (Hg.) Gesammelte Politische Schriften, München: Drei Masken Verl. 1921 [1919], S. 439","Verletzung ihrer Interessen verzeiht eine Nation, nicht aber Verletzung ihrer Ehre, am wenigsten eine solche durch pfäffische Rechthaberei."
"168","1919-04-04","Zeitung","Berliner Tageblatt (Morgen-Ausgabe), 04.04.1919","Sie nehmen, Herr Präsident, heute gewissermaßen das Amt eines Praeceptor mundi ein; Sie wollen die Völker eine neue Sittlichkeit lehren, und wir find überzeugt, daß daher auch die Völkermoral der einzelnen Nationen durch Ihr wachsames Auge eine gewissenhafte Prüfung erfahren wird."
"169","1920-03-06","Zeitung","Vossische Zeitung (Morgen-Ausgabe), 06.03.1920","Aerzte aller Nationen praktizieren dort ausnahmslos nach wie vor."
"170","1926-12-31","Belletristik","Traven, B.: Das Totenschiff, Berlin: Büchergilde Gutenberg 1929 [1926], S. 178","Er hat einen neuen Namen erworben, der ihm bestätigt wird, und er hat einen neuen Platz in einer Nation gefunden, als wäre er als Säugling eben hineingeboren."
"171","1932-01-27","gesprochen","Hitler, Adolf, Primat der deutschen Politik: Wiederherstellung eines gesunden, nationalen und schlagkräftigen deutschen Volkskörpers?, in: Vortrag Adolf Hitlers vor westdeutschen Wirtschaftlern im Industrie-Klub Düsseldorf, München: 1932","Aber die Nation wird dadurch um keinen Grad härter oder fester, der Prozeß des inneren Zerfalls schreitet unentwegt weiter fort."
"172","1929-12-31","Belletristik","Döblin, Alfred: Berlin Alexanderplatz, Olten: Walter 1961 [1929], S. 206","Nein, es ist nicht der König von England, wie er in großem Gefolge zur Palamentseröffnung fährt, ein Zeichen für den Unabhängigkeitssinn der englischen Nation."
"173","1932-02-22","Zeitung","Archiv der Gegenwart, Bd. 2, 22.02.1932, S. 182 [ff.]. Zit. n. CD-ROM-Ausgabe 2001.","Sein politisches Vermächtnis an die Nation war, sich niemals in den Streit der europäischen Nationen einzumischen und keine Bündnisse mit ihnen einzugehen."
"174","1920-12-19","Wissenschaft","Hofmannsthal, Hugo von: [Zürcher Rede auf Beethoven]. In: Bertram, Mathias (Hg.) Deutsche Literatur von Lessing bis Kafka, Berlin: Directmedia Publ. 2000 [1920], S. 94005","Und er, er hat diese Sprache, in ihm wohnt sie - so kann ich ihn ja nicht losreißen von den Dichtern der Nation, wenn ich in so feierlichem Augenblick auf das schaue, was über den Künsten da ist: auf das Walten des Geistes, der sich offenbart in den Zeiten."
"175","1918-12-31","Wissenschaft","Spengler, Oswald: Der Untergang des Abendlandes, München: Beck 1929 [1918], S. 402","Wenn je eine Gruppe von Nationen den Kampf ums Dasein beständig vor Augen hatte, so war es die der antiken Kultur, wo alle die Städte und Städtchen einander bis zur Vernichtung bekämpften, ohne Plan, ohne Sinn, ohne Gnade, Körper gegen Körper, aus einem vollkommen geschichtswidrigen Instinkt."
"176","1920-12-31","Wissenschaft","Delbrück, Hans: Geschichte der Kriegskunst im Rahmen der politischen Geschichte - Vierter Teil: Neuzeit, Berlin: Directmedia Publ. 2002 [1920], S. 3689","Aber das sind vereinzelte Unaufmerksamkeiten; weil tiefer greifen die Schiefheiten, die entstehen aus seiner Abneigung gegen das Söldnerwesen und durch eine merkwürdige Einteilung von bewaffneten und unbewaffneten Nationen, die er sich konstruiert hat."
"177","1924-01-02","Zeitung","Kölnische Zeitung (Morgenblatt), 02.01.1924","Mit aufrichtiger Genugtuung stellen wir fest, daß weite Kreise der fremden Nationen sich der in Deutschland herrschenden Not bewußt geworden sind und, vom Geiste wahrer Menschlichkeit beseelt, uns Hilfe und Beistand geleistet haben."
"178","1932-09-01","gesprochen","o.A., Kundgebung der NSDAP im Berliner Sportpalast, 01.09.1932","Wenn Herr Hugenberg daher sagt, das deutsche Volk lehnt die Diktatur einer Partei ab, dann gebe ich ihm recht, besonders wenn diese Partei nur ein Klub ist, das deutsche Volk aber (Beifall) wird einen Tages sich identifizieren mit der Partei, die die Nation geworden ist."
"179","1928-01-31","Zeitung","Tucholsky, Kurt: Briefe an einen Fuchsmajor. In: Kurt Tucholsky, Werke - Briefe - Materialien, Berlin: Directmedia Publ. 2000 [1928]","[...] Wenn man bedenkt, daß Zehntausende junger Leute so, sagen wir immerhin: denken wie das hier (und man sehe sich die Fotografie an, die dem Buch voranprangt) - wenn man bedenkt, daß das unsre Richter von 1940, unsre Lehrer von 1940, unsre Verwaltungsbeamten, Polizeiräte, Studienräte, Diplomaten von 1940 sind, dann darf man wohl diesen Haufen von verhetzten, irregeleiteten, mäßig gebildeten, versoffenen und farbentragenden jungen Deutschen als das bezeichnen, was er ist: als einen Schandfleck der Nation, dessen sie sich zu schämen hat bis ins dritte und vierte Glied. [...]"
"180","1925-03-06","Zeitung","Vossische Zeitung (Morgen-Ausgabe), 06.03.1925","Er schwankte stets zwischen den beiden Systemen Kooperation oder Herausforderung Englands . An einem Tage hat er in zuckersüßen Tönen der Ueberzeugung Ausdruck gegeben, daß ein Bündnis zwischen den beiden Nationen die einzige Garantie des Weltfriedens wäre, und am nächsten Tage würde er imstande sein, England und den Engländern jede Infamie zu unterschieben, und sich als ergebener Diener für Englands Feinde zu bekennen."
"181","1919-04-05","Zeitung","Berliner Tageblatt (Morgen-Ausgabe), 05.04.1919","Ein Kleinod in der Kunstkammer deutscher Nation?"
"182","1925-03-05","Zeitung","Vossische Zeitung (Morgen-Ausgabe), 05.03.1925","Die amerikanische Nation glaube daran, daß die Idee des Friedens zu verwirklichen sei."
"183","1920-12-19","Wissenschaft","Hofmannsthal, Hugo von: [Zürcher Rede auf Beethoven]. In: Bertram, Mathias (Hg.) Deutsche Literatur von Lessing bis Kafka, Berlin: Directmedia Publ. 2000 [1920], S. 94014","Aber- und abermals fehlt der Nation der Seelenmittelpunkt - so liegt sie da, wie ein Krankes, des eigenen Daseins nicht mächtig, und mit fremden verworrenen Gedanken."
"184","1932-08-01","Zeitung","Archiv der Gegenwart, Bd. 2, 01.08.1932, S. 430 [ff.]. Zit. n. CD-ROM-Ausgabe 2001.","An den olympischen Spielen sind 49 Nationen mit zirka 1.600 Vertretern beteiligt."
"185","1920-03-09","Zeitung","Vossische Zeitung (Abend-Ausgabe), 09.03.1920","Gerade jetzt ist die Kunst, ist das rein Geistige das einzige, was uns noch bleibt, was der Nation noch Selbstgefühl gibt."
"186","1920-07-26","Zeitung","Tucholsky, Kurt: An die alten Soldaten! In: ders., Kurt Tucholsky, Werke - Briefe - Materialien, Berlin: Directmedia Publ. 2000 [1920], S. 10534","56 Generale einer wehrlosen Nation, die lieber untergehen will als das Soldatenspielen lassen."
"187","1927-03-04","Zeitung","Vossische Zeitung (Morgen-Ausgabe), 04.03.1927","Die russische Politik gegenüber England sei ohne jede Parallele in der Geschichte von Nationen, die diplomatische Beziehungen zueinander unterhalten."
"188","1922-03-30","Zeitung","Kraus, Karl: Annäherung der Nationen. In: Kurt Tucholsky, Werke - Briefe - Materialien, München: Saur 2002 [1922]","In den heutigen Nachtlokalen geht es aber viel höher her als dazumal und wenn der Cercle des Etrangers nicht imstande ist, die Nationen zusammenzubringen, so wird sich der künftige deutschfranzösische Krieg durch das Erscheinen eines Auernheimerschen Artikels im ‚Eclair' kaum vermeiden lassen."
"189","1923-12-31","Gebrauchsliteratur","Schultze-Pfaelzer, Gerhard: Propaganda, Agitation, Reklame, Berlin: Stilke 1923, S. 165","Das erfordert im äußeren Kriege der Selbstbehauptungstrieb der Nation, die es nicht dulden kann, daß die geschlossene öffentliche Meinung über die militärischen Kriegsfragen zermürbt wird."
"190","1918-12-31","Wissenschaft","Weber, Max: Parlament und Regierung im neugeordneten Deutschland. In: Weber, Marianne (Hg.) Gesammelte Politische Schriften, München: Drei Masken Verl. 1921 [1918], S. 195","So lange die Möglichkeit der Wiederkehr besteht, darf die Nation nicht vergessen: das hat die konservative Beamtenherrschaft getan, welche in den entscheidenden Momenten Leute mit Beamtengeist an leitende Stellen setzte, auf welche Politiker gehörten, das heißt: Leute, welche im politischen Kampf die Tragweite des öffentlichen Wortes zu wägen gelernt und welche vor allem das Verantwortungsgefühl eines leitenden Politikers und nicht das an seinem Platz richtige, hier aber verderbliche Subordinationspflichtgefühl eines Beamten gehabt hätten."
"191","1927-03-01","Zeitung","Berliner Tageblatt (Morgen-Ausgabe), 01.03.1927","Die Festvorstellung beginnt mit der berühmten Sarrasani-Parade : Alle Künstler der 37 bei Sarrasani vertretenen Nationen und alle Tiere, mit Ausnahme der in Käfigwagen gehaltenen Raubtiere, werden im Triumphzuge die Arena durchschreiten."
"192","1921-05-30","Zeitung","Die Fackel, 2002 [1921]","Ich entferne mich, nachdem ich mich überzeugt habe, daß ihr Dasein der Nation eine schwere und unerträgliche Prüfung auferlegen würde, und dies auf die Dauer mitanzusehn vor meinem Gewissen nicht verantworten könnte, da jeder Augenblick der Anwesenheit im heißgeliebten Vaterland unerträgliche Leiden bedeutet und ich die Stimme des Blutes nicht mehr hören kann."
"193","1928-12-31","Wissenschaft","Jahresberichte für deutsche Geschichte, 1928, S. 178","Mit dieser Arbeit soll der Anfang gemacht werden zu einer geschichtlichen Betrachtung der Geschichtschreibungskunst für die ganze Nation.«"
"194","1926-11-02","Zeitung","Tucholsky, Kurt: Fort mit dem Schundgesetz! In: Kurt Tucholsky, Werke - Briefe - Materialien, Berlin: Directmedia Publ. 2000 [1926]","Dieser Staat ist in seiner jetzigen Form weder legitimiert noch befähigt, Kulturgesetze zu erlassen; die tiefe Spaltung, die durch die Nation geht, hat in ihm keinen Niederschlag gefunden; er tut noch immer, als habe ers mit einer einigen Nation zu tun."
"195","1925-03-05","Zeitung","Vossische Zeitung (Morgen-Ausgabe), 05.03.1925","Und wenn über Deutschland und Europa einst die Fahne des wahren Friedens weht und gerecht verteilter Wohlstand herrscht, wird sich an deinem Hügel neigen die deutsche Nation."
"196","1919-08-14","Zeitung","Tucholsky, Kurt: Militaria. In: ders., Kurt Tucholsky, Werke - Briefe - Materialien, Berlin: Directmedia Publ. 2000 [1919], S. 1167","Nimmt man die Zote aus der Gegend des Wirtshauses an der Lahn hinzu, so hat man das Bild einer Kasino-Unterhaltung und hat die geistigen Interessen der Edelsten der Nation."
"197","1932-12-31","Wissenschaft","Buber, Martin: Königtum Gottes, Berlin: Schocken 1932, S. 105","Die Patriarchengeschichte ist nicht »religiös«, sondern religiös-politisch; sie hat zwar nicht das Leben einer Nation, sondern das einer Sippe zum Gegenstand, aber es ist ihr um die - äußere und innere - Politik der Sippe zu tun, und sie berichtet von dieser Politik als von einer religiös bestimmten."
"198","1932-11-04","Zeitung","Archiv der Gegenwart, Bd. 2, 04.11.1932","Für alle Nationen würde es sich zunächst darum handeln, dem Kellogg-Briand-Pakt seinen vollen juristischen Sinn zu geben."
"199","1928-12-31","Gebrauchsliteratur","Wohlmuth, Alois: Ein Schauspielerleben, Ungeschminkte Selbstschilderungen von Alois Wohlmuth. In: Simons, Oliver (Hg.) Deutsche Autobiographien 1690-1930, Berlin: Directmedia Publ. 2004 [1928], S. 75620","Eine Anzahl der Besten der Nation soll erscheinen."
"200","1932-12-31","Wissenschaft","Jahresberichte für deutsche Geschichte, 1930, S. 321","Das Reich deutscher Nation hörte auf, Heiliges Römisches Reich zu sein."
"201","1928-03-20","Zeitung","Tucholsky, Kurt: Der Takt der Soldaten. In: Kurt Tucholsky, Werke - Briefe - Materialien, Berlin: Directmedia Publ. 2000 [1928]","Hinter den Deutschen marschieren im Festzuge die andern Nationen, darunter solche, für deren Bekämpfung der junge Herr von der Reichswehr seine Stoffrestchen verliehen bekommen hat."
"202","1932-03-03","Zeitung","Vossische Zeitung (Morgen-Ausgabe), 03.03.1932","Als einer der stärksten Förderer guter und freundschaftlicher Beziehungen zwischen den Nationen bewährt sich in immer höherem Maße der Sport."
"203","1919-04-09","Zeitung","Berliner Tageblatt (Abend-Ausgabe), 09.04.1919","Wilson ist entschlossen, seine eigenen Grundsätze hochzuhalten, denen alle anderen Nationen nur mit den Lippen dienen."
"204","1919-04-04","Zeitung","Berliner Tageblatt (Morgen-Ausgabe), 04.04.1919","Mithin müßten Sie, wenn Sie die territorialen Eroberungsgelüste der polnischen Nation, trotz den von Ihnen in Ihren vierzehn Punkten aufgestellten sittlichen Forderungen, unterstützen und begünstigen sollten, den Polen eine kulturelle und moralische Ueberlegenheit den Deutschen gegenüber zugestehen."
"205","1927-12-31","Gebrauchsliteratur","Welt und Wissen, 1927, Nr. 2, Bd. 16","Sie stand schon immer hoch in Deutschland, und lange Zeit haben die anderen Nationen Nutzen aus unserer gutausgebildeten Facharbeiterschaft gezogen."
"206","1921-12-31","Belletristik","Luckner, Felix von: Seeteufel, Herford: Kohler 1966 [1921], S. 164","Wir waren Piraten gegen die Nationen, mit denen das Vaterland in schwerem Kampfe lag."
"207","1925-04-05","Gebrauchsliteratur","Steiner, Rudolf: Mein Lebensgang, Eine nicht vollendete Autobiographie. In: Oliver Simons (Hg.), Deutsche Autobiographien 1690 - 1930, Berlin: Directmedia Publ. 2004 [1925], S. 65582","Welche Verschiedenheit im Leidenschaftlich-Sein offenbarte sich da bei diesen verschiedenen Nationen!"
"208","1925-12-31","Gebrauchsliteratur","Petersen, Jes: Erde und Mensch, Berlin: Columbus-Verl. [1935] [1925], S. 146","Wir finden dort keine Länder mehr, sondern die Nation ist einheitlich zusammengeschweißt und kennt keine Grenzen innerhalb ihres Staates."
"209","1927-12-26","Wissenschaft","Hofmannsthal, Hugo von: Wert und Ehre deutscher Sprache. In: Bertram, Mathias (Hg.) Deutsche Literatur von Lessing bis Kafka, Berlin: Directmedia Publ. 2000 [1927], S. 94156","Wo aber ist dann die Nation zu finden?"
"210","1919-12-31","Gebrauchsliteratur","Blos, Wilhelm: Denkwürdigkeiten eines Sozialdemokraten, Bd. 2. In: Simons, Oliver (Hg.) Deutsche Autobiographien 1690-1930, Berlin: Directmedia Publ. 2004 [1919], S. 10170","»Euch unverschämter Nation soll man die Hände zusammenschnüren, daß euch das Blut aus den Nägeln spritzt!«"
"211","1932-11-04","Zeitung","Archiv der Gegenwart, Bd. 2, 04.11.1932","Neu sei der dritte Pakt, der zwar nicht universell, was wünschenswert wäre, sondern nur unter gewissen Nationen, die sich durch ihre Lage und Nachbarschaft als kontinentale Mächte gewissen Risiken ausgesetzt sähen, gegenseitige Hilfeleistung vorsehe."
"212","1932-04-04","Zeitung","Archiv der Gegenwart, Bd. 2, 04.04.1932, S. 267 [ff.]. Zit. n. CD-ROM-Ausgabe 2001.","Nachdem dies geschehen sei, müßten neue Parteiorganisationen geschaffen werden, durch welche die Nation in die Lage versetzt werde, am politischen Leben teilzunehmen und Verantwortungen zu tragen. (L. B. Regierung 122 E, Innenpolitik 78 B.)"
"213","1920-12-31","Gebrauchsliteratur","Friedländer, Hugo: Der Beleidigungsprozeß des Berliner Stadtkommandanten, Generalleutnant z.D. Graf Kuno von Moltke gegen den Herausgeber der »Zukunft« Maximilian Harden. In: ders., Interessante Kriminal-Prozesse, Berlin: Directmedia Publ. 2001 [1920], S. 4270","Das sind gräßliche Leute; ganz anders als wir; sentimental, geistergläubig, spukscheu (Eulenburg hat an dem Herrn neben anderen Wunderqualitäten ja das zweite Gesicht der Stuarts entdeckt); ohne Sinn für die Nüchternheit des politischen Lebens, ohne den Nerv der Tapferkeit, die eine große Nation braucht; und der größte Teil ist auch noch geschlechtlich abnorm und nicht sauber."
"214","1923-12-31","Wissenschaft","Lukács, Georg: Geschichte und Klassenbewußtsein, Neuwied u. a.: Leuchterhand 1970 [1923], S. 427","Drittens darf nicht vergessen werden, daß nicht nur in den kleinbürgerlichen Schichten (deren Verhalten unter Umständen die Revolution sehr begünstigen kann), sondern auch im Proletariate selbst, besonders im Proletariate | unterdrückter Nationen, nationalistische Ideologien lebendig geblieben sind."
"215","1927-03-05","Zeitung","Vossische Zeitung (Morgen-Ausgabe), 05.03.1927","Der Name der Azoren werde in Zukunft das Symbol für die friedliche Zusammenarbeit beider Nationen sein."
"216","1922-03-30","Zeitung","Kraus, Karl: Vom Pfuirufen. In: Kurt Tucholsky, Werke - Briefe - Materialien, München: Saur 2002 [1922]","Sollte das Publikum dazu nicht gewillt oder bedauerlicherweise nicht fähig sein, dann erst und wenn es wieder so weit kommen sollte, daß ein armer Saaldiener in die Hand gebissen wird, würde ich, da ich ja mit geistigen Waffen gegen die artilleristische Überlegenheit der Nation nicht aufkommen könnte, mich weigern, diesem Publikum fernerhin vorzulesen."
"217","1922-03-09","Zeitung","Vossische Zeitung (Abend-Ausgabe), 09.03.1922","Es darf aber nicht vergessen werden, daß die für fünfzehn Jahre vorgesehene Verwaltung des Saargebiets durch den Völkerbund den Beweis zu erbringen hat, was eine auf Vereinbarung von an sich in ihren Interessen divergierenden Nationen ruhende Organisation zu leisten vermag."
"218","1929-10-06","gesprochen","o.A., Trauerfeier im Berliner Reichstag für den am 3. Oktober 1929 verstorbenen Reichsaußenminister Gustav Stresemann, 06.10.1929","In schönen, ja geradezu klassischen Worten hat er in seiner ersten Genfer Rede seine Auffassung über diese Dinge dargelegt, indem er sagte: ""Der wird der Menschheit am meisten dienen, der Wurzeln im eignen Volke, das ihm seelisch und geistig Gegebene, zur höchsten Bedeutung entwickelt und damit über die Grenzen des eigenen Volkes hinauswachsend der gesamten Menschheit etwas zu geben vermag, wie es die Großen aller Nationen getan haben, deren Name in der Menschheitsgeschichte niedergeschrieben ist."
"219","1918-12-31","Wissenschaft","Weber, Max: Parlament und Regierung im neugeordneten Deutschland. In: Weber, Marianne (Hg.) Gesammelte Politische Schriften, München: Drei Masken Verl. 1921 [1918], S. 138","Und ferner, als Folge der mißbräuchlichen Benutzung des monarchischen Gefühls als Deckschild eigener Machtinteressen im politischen Parteikampf, eine Nation, daran gewöhnt, unter der Firma der »monarchischen Regierung« fatalistisch über sich ergehen zu lassen, was man über sie beschloß, ohne Kritik an der politischen Qualifikation derjenigen, welche sich nunmehr auf Bismarcks leergelassenen Sessel niederließen und mit erstaunlicher Unbefangenheit die Zügel der Regierung in die Hand nahmen."
"220","1918-12-31","Belletristik","Klabund: Bracke. In: Deutsche Literatur von Lessing bis Kafka, Berlin: Directmedia Publ. 2000 [1918], S. 111729","»Mitnichten, Herr, sondern ich bin das Heilige Römische Reich Deutscher Nation.«"
"221","1927-01-10","Wissenschaft","Hofmannsthal, Hugo von: Das Schrifttum als geistiger Raum der Nation. In: Bertram, Mathias (Hg.) Deutsche Literatur von Lessing bis Kafka, Berlin: Directmedia Publ. 2000 [1927], S. 94128","In der Medisance wird die ganze Nation zum Autor und zum geistig Genießenden."
"222","1930-12-31","Gebrauchsliteratur","Bode, Wilhelm von: Mein Leben, 2 Bde. In: Simons, Oliver (Hg.) Deutsche Autobiographien 1690-1930, Berlin: Directmedia Publ. 2004 [1930], S. 10385","Kunstsammlungen seien heutzutage der Stolz und die Eitelkeit jeder Nation, auch wenn sie ebensowenig davon verstünde wie er selbst."
"223","1927-01-10","Wissenschaft","Hofmannsthal, Hugo von: Das Schrifttum als geistiger Raum der Nation. In: Bertram, Mathias (Hg.) Deutsche Literatur von Lessing bis Kafka, Berlin: Directmedia Publ. 2000 [1927], S. 94150","Denn von Synthese aufsteigend zu Synthese, mit wahrhaft religioser Verantwortung beladen, nichts auslassend, nirgend zur Seite schlüpfend, nichts überspringend - muß ein so angespanntes Trachten, woanders der Genius der Nation es nicht im Stiche läßt, zu diesem Höchsten gelangen: daß der Geist Leben wird und Leben Geist, mit anderen Worten: zu der politischen Erfassung des Geistigen und der geistigen des Politischen, zur Bildung einer wahren Nation."
"224","1927-01-10","Wissenschaft","Hofmannsthal, Hugo von: Das Schrifttum als geistiger Raum der Nation. In: Bertram, Mathias (Hg.) Deutsche Literatur von Lessing bis Kafka, Berlin: Directmedia Publ. 2000 [1927], S. 94124","Hierdurch unterscheiden sich unsere alten europäischen Nationen von jenem jungen, nach außen mächtigen amerikanischen Staatswesen, in dem wir eine Nation in diesem Sinne noch nicht zu erkennen vermögen."
"225","1927-12-31","Gebrauchsliteratur","Ostwald, Wilhelm: Lebenslinien. Eine Selbstbiographie, 3 Teile. In: Simons, Oliver (Hg.), Deutsche Autobiographien 1690 - 1930, Berlin: Directmedia Publ. 2004 [1927], S. 50646","Doch kann ich zu beider Ehre und zur Ehre der Amerikanischen Nation berichten, daß ich den kleinen Staatsbürger während der langen Nacht weder gehört, noch gerochen habe."
"226","1930-12-31","Wissenschaft","Freyer, Hans: Soziologie als Wirklichkeitswissenschaft, Leipzig u. a.: B.G. Teubner 1930, S. 252","Aber in Verbindung mit dem Merkmal der Kultureinheit, insbesondere der Spracheinheit und des gemeinsamen geschichtlichen Schicksals behält die These vom Volk als ""Nation"" im ursprünglichen Sinne des Worts natürlich ihr Recht."
"227","1932-03-01","Zeitung","Völkischer Beobachter (Reichsausgabe), 01.03.1932","Die gegenwärtige Volkswirtschaft Deutschlands befindet sich in so starkem Maße in Abhängigkeit vom Auslande, daß der Zustand zu ernstesten Befürchtungen Anlaß gibt, nicht nur für ihre Funktionen selbst, sondern auch in Bezug auf die politische Lage der Nation."
"228","1926-03-02","Zeitung","Vossische Zeitung (Morgen-Ausgabe), 02.03.1926","Sie betrachteten es als eine ""Provokation"", daß der österreichische Erzherzog Sarajevo und Bosnien - die sie als unbefreites serbisches Land wähnten - gerade am Vidovdau (15. Juni nach altem, 28. nach neuem Kalender), dem heiligen Tag der Nation, besuche."
"229","1927-12-31","Wissenschaft","Jahresberichte für deutsche Geschichte, 1927, S. 303","Justus Hashagen hat in einer Reihe von Aufsätzen (1343/1344) auf diese Notwendigkeit hingewiesen, die methodische Verwandtschaft des Problems der Weltkriegsentstehung mit älteren Aufgaben der Geschichtswissenschaft aufgezeigt und insbesondere auf die Gefahr aufmerksam gemacht, die eine Einschränkung auf das quantitativ überwiegend deutsche Material sowie die ungenügende Berichtigung deutscher Urteilsmaßstäbe durch selbständige Erforschung der Eigenentwicklung der anderen großen Nationen mit sich bringt."
"230","1928-12-31","Wissenschaft","Jahresberichte für deutsche Geschichte, 1928, S. 178","An Hegewisch rühmt er das Ziel: die Förderung des wahren Patriotismus, der Kenntnis von Tugenden und Fehlern der Nation."
"231","1930-03-04","Zeitung","Völkischer Beobachter (Bayernausgabe), 04.03.1930","Aus Profitgier wurde alles zum Handelsobjekt, auch die idealen Güter der Nation, nicht zuletzt das Theater."
"232","1919-03-01","Gebrauchsliteratur","Ball, Hugo: An unsere Freunde und Kameraden. In: Deutsche Literatur von Lessing bis Kafka, Berlin: Directmedia Publ. 2000 [1919], S. 9823","Durch die Nation, nicht um die Nation herum."
"233","1932-09-01","gesprochen","o.A., Kundgebung der NSDAP im Berliner Sportpalast, 01.09.1932","Allein dabei niemals vergessen, dass auch vieles nicht richtig gewesen ist, dass Schäden da waren, so schwer, dass endlich diese Schäden trotz allem Guten die Nation doch nicht vor dem Verderben und den Staat nicht vor dem Vergehen bewahren konnten."
"234","1918-12-31","Belletristik","Klabund: Bracke. In: Deutsche Literatur von Lessing bis Kafka, Berlin: Directmedia Publ. 2000 [1918], S. 111781","»Ich will Euch beweisen, daß die Schweine - nicht deutsch, wohl aber französisch reden - und also zur französischen Nation zu zählen sind.«"
"235","1930-03-04","Zeitung","Berliner Tageblatt (Morgen-Ausgabe), 04.03.1930","Heutzutage könne keine Nation ein derartiges Vorrecht mehr für sich beanspruchen."
"236","1927-12-31","Wissenschaft","Jahresberichte für deutsche Geschichte, 1927, S. 255","Hübsch sind die Charakteristiken der wichtigsten Personen am Konzil und die Schilderung der Haltung der Vertreter der einzelnen Nationen."
"237","1920-12-31","Wissenschaft","Delbrück, Hans: Geschichte der Kriegskunst im Rahmen der politischen Geschichte - Vierter Teil: Neuzeit, Berlin: Directmedia Publ. 2002 [1920], S. 4213","Zweitens, es ist hier nicht von jenem ungestümen Muth die Rede, der die Menschen beim Chock wie eine Art von Leidenschaft beseelt, und der eine natürliche Aussteuer der Franzosen ist, weil sie lebhafter sind, als andere Nationen: sondern von der kalten Verachtung der Todesgefahr, die im anhaltenden Gefechte Ordnung und Ausdauer erhält, und die wir bei den alten Spanischen Banden in der Schlacht von Rocroy, und bei dem von Leopolds Geist gebildeten Preußischen Heere bei Mollwitz in einem so ausgezeichneten Grade finden."
"238","1930-12-31","Gebrauchsliteratur","Bode, Wilhelm von: Mein Leben, 2 Bde. In: Simons, Oliver (Hg.) Deutsche Autobiographien 1690-1930, Berlin: Directmedia Publ. 2004 [1930], S. 10518","Sohn eines Deutschen, der sich in England niedergelassen hatte, war auch er unverheiratet geblieben und hatte in der Aufgabe, die er sich jung gestellt hatte, in der Schöpfung einer Porträtsammlung berühmter Männer englischer Nation, seine Lebensarbeit gefunden."
"239","1927-09-06","Belletristik","Tucholsky, Kurt: Gebet des Zeitungslesers. In: ders., Kurt Tucholsky, Werke - Briefe - Materialien, Berlin: Directmedia Publ. 2000 [1927], S. 5382","Was kostets mich für lange Stunden bis ich: »Mätresse unter Ludwig XVI.« gefunden - Auflösung: »Nichtswürdig ist die Nation."
"240","1932-03-02","Zeitung","Völkischer Beobachter (Reichsausgabe), 02.03.1932","Dr. Brüning hat in seiner Antwort an Adolf Hitler erklärt, die Nation müsse sich geschlossen hinter seine Unterhändler in Genf stellen."
"241","1932-01-27","gesprochen","Hitler, Adolf, Primat der deutschen Politik: Wiederherstellung eines gesunden, nationalen und schlagkräftigen deutschen Volkskörpers?, in: Vortrag Adolf Hitlers vor westdeutschen Wirtschaftlern im Industrie-Klub Düsseldorf, München: 1932","Damit aber kann ich heute eines feststellen: ganz gleichgültig, was die Gesetzgebung unternimmt - besonders auf dem Verordnungswege und am meisten auf dem Notverordnungswege -: wenn Deutschland dieser inneren geistigen und weltanschaulichen Zerrissenheit nicht Herr wird, dann werden alle Maßnahmen der Gesetzgebung den Verfall der deutschen Nation nicht verhindern können ..."
"242","1925-12-31","Belletristik","Kisch, Egon Erwin: Der rasende Reporter, Berlin: Aufbau-Taschenbuch-Verl. 2001 [1925], S. 245","Der magyarische Kriegsminister Berthold Szemere flüchtete aus Budapest, und seine Sorge galt weniger seinem Leben als dem Sanktissimum der Nation:"
"243","1927-10-04","Belletristik","Tucholsky, Kurt: Bei uns in Europa. In: ders., Kurt Tucholsky, Werke - Briefe - Materialien, Berlin: Directmedia Publ. 2000 [1927], S. 5457","Denn die wahre Grenze, zwischen Drohnen und Fronen, läuft quer hindurch durch alle Nationen - bei euch in Amerika."
"244","1923-12-31","Wissenschaft","Cassirer, Ernst: Philosophie der symbolischen Formen, Darmstadt: Wiss. Buchges. 1994 [1923], S. 92","Einen Beleg für diese seine Theorie der Urworte, als einfacher und einsilbiger Interjektionslaute, findet Vico z. B. in der deutschen Sprache, die er - wie später Fichte - als eine eigentliche Ursprache, als eine Lingua madre ansieht, weil die Deutschen, die niemals von fremden Eroberern beherrscht worden seien, den Charakter ihrer Nation und ihrer Sprache von alters her rein bewahrt hätten."
"245","1923-12-31","Zeitung","Tucholsky, Kurt: Arno Holz und sein Werk. In: ders., Kurt Tucholsky, Werke - Briefe - Materialien, Berlin: Directmedia Publ. 2000 [1923], S. 10705","Dem Dichter flicht der Bartels keine Kränze, und diese schnellebige Nation, immer bereit, zu vergessen, wer den flinken Modegötzen von heute die Bahn geebnet hat, weiß offenbar schon längst nicht mehr, wem einmal »Vor Sonnenaufgang« gewidmet gewesen ist."
"246","1932-07-09","Zeitung","Archiv der Gegenwart, Bd. 2, 09.07.1932, S. 398 [ff.]. Zit. n. CD-ROM-Ausgabe 2001.","Die Erörterung der politischen Fragen, welche die Deutschland durch den Versailler Vertrag vorenthaltene Gleichberechtigung betreffen, seien der Lösung weiter entgegengeführt und könnten aus der Erörterung nie mehr verschwin den, wenn auch noch nicht alle Nationen zu einer Anerkennung der deutschen Rechte bereit seien."
"247","1923-12-31","Wissenschaft","Lukács, Georg: Geschichte und Klassenbewußtsein, Neuwied u. a.: Leuchterhand 1970 [1923], S. 464","Nehmen aber auch andere Schichten an der Revolution in entscheidender Weise teil, so kann zwar ihre Bewegung - unter Umständen - die Revolution fördern, sie kann aber ebenso leicht eine | konterrevolutionäre Richtung annehmen, da in der Klassenlage dieser Schichten (Kleinbürger, Bauern, unterdrückte Nationen usw.) keineswegs eine notwendige Richtung ihres Handelns auf die proletarische Revolution hin vorgezeichnet ist, noch sein kann."
"248","1929-01-20","Wissenschaft","Hofmannsthal, Hugo von: Gotthold Ephraim Lessing. In: Bertram, Mathias (Hg.) Deutsche Literatur von Lessing bis Kafka, Berlin: Directmedia Publ. 2000 [1929], S. 94169","Seine Bedeutung für die Nation liegt in seinem Widerspruch zu ihr."
"249","1932-12-31","Wissenschaft","Jahresberichte für deutsche Geschichte, 1930, S. 265","Seine Verwirklichung fand der Reichsgedanke in jenem Raum, den man seit dem 14. Jhd. genauer als heiliges römisches Reich deutscher Nation bezeichnete, worin Stengel sehr mit Recht ein »freilich noch recht unbeholfenes und nur halb gewolltes Bekenntnis zur Idee des Nationalstaates« erblickt. Seinem Bekenntnis »zu dem einen Reiche, das war, ist und sein wird« werden gerne alle folgen, die den Lauf der deutschen Geschehnisse so wie Stengel oder in einem ähnlichen Sinne auf sich wirken lassen."
"250","1928-12-31","Wissenschaft","Jahresberichte für deutsche Geschichte, 1928, S. 316","Wie Nation und Staat noch völlig getrennte Sphären blieben, zeigt Petersen an Falcks Behandlung der Sprachenfrage."
"251","1932-01-23","Zeitung","Archiv der Gegenwart, Bd. 2, 23.01.1932, S. 138 [ff.]. Zit. n. CD-ROM-Ausgabe 2001.","Er habe nicht zum erstenmal mit dem Führer der ""verfemten"" Partei gesprochen, und es sei selbstverständlich gewesen, daß er es in dieser die ganze Nation bewegenden Frage wieder getan habe. (L. B. Regierung, Nationalsozialisten 133 A, Innenpolitik 132 T.)"
"252","1918-03-06","Zeitung","Berliner Tageblatt (Abend-Ausgabe), 06.03.1918","Unter nichtigen Vorwänden wurden die Vertreter der polnischen Nation von den Verhandlungen in Brest-Litowsk seitens der Zentralmächte ferngehalten."
"253","1932-02-22","Zeitung","Archiv der Gegenwart, Bd. 2, 22.02.1932, S. 182 [ff.]. Zit. n. CD-ROM-Ausgabe 2001.","Sein politisches Vermächtnis an die Nation war, sich niemals in den Streit der europäischen Nationen einzumischen und keine Bündnisse mit ihnen einzugehen."
"254","1918-12-31","Wissenschaft","Weber, Max: Parlament und Regierung im neugeordneten Deutschland. In: Weber, Marianne (Hg.) Gesammelte Politische Schriften, München: Drei Masken Verl. 1921 [1918], S. 257","»Man sieht, die Nation ist nicht reif dafür.«"
"255","1929-06-25","Zeitung","Tucholsky, Kurt: Ein besserer Herr. In: Kurt Tucholsky, Werke - Briefe - Materialien, Berlin: Directmedia Publ. 2000 [1929]","Gegen den Willen dieser Nation, ja ohne ihr Wissen, unter ihrer gänzlichen Gleichgültigkeit Instrumente der Nation?"
"256","1920-12-31","Belletristik","Schaeffer, Albrecht: Helianth II, Bonn: Weidle 1995 [1920], S. 82","Was immer der Einzelne tut, das wird seiner Nation zugeschrieben."
"257","1927-12-26","Wissenschaft","Hofmannsthal, Hugo von: Wert und Ehre deutscher Sprache. In: Bertram, Mathias (Hg.) Deutsche Literatur von Lessing bis Kafka, Berlin: Directmedia Publ. 2000 [1927], S. 94158","Die Rückwirkung dessen auf die Nation ist gefährlich, ja verderblich; aber es spricht ja daraus auch schon der Zustand der Nation selber, jenes fieberhaft Unruhige und zugleich Gefesselte, Dumpf-Ängstliche."
"258","1932-06-14","Zeitung","Archiv der Gegenwart, Bd. 2, 14.06.1932","Oberstes Gesetz ist die Erhaltung der Nation."
"259","1932-02-15","Zeitung","Archiv der Gegenwart, Bd. 2, 15.02.1932, S. 173 [ff.]. Zit. n. CD-ROM-Ausgabe 2001.","Die an den olympischen Winterspielen in Lake Placid beteiligten Nationen placierten sich wie folgt:"
"260","1923-12-31","Gebrauchsliteratur","Schultze-Pfaelzer, Gerhard: Propaganda, Agitation, Reklame, Berlin: Stilke 1923, S. 48","Auf psychologischem Wege sind die Quellen der Werbeakte und ihre Wirkung auf das Geistesleben einer Nation oder einer Weltepoche nicht völlig bestimmbar."
"261","1926-03-03","Zeitung","Vossische Zeitung (Morgen-Ausgabe), 03.03.1926","Die europaische Föderation muß weitgehende Rücksicht nehmen auf die sprachlichen und kulturellen Verschiedenheiten der europäischen Nationen."
"262","1921-03-08","Zeitung","Vossische Zeitung (Morgen-Ausgabe), 08.03.1921","Ihm wird es vorbehalten sein, das drohende Auseinanderfallen der universites litterarum "" in Akademie und Berufshochschule im letzten kritischen Augenblick noch aufzuhalten und so der deutschen Nation die Stätte der Bildung zu schaffen, damit in ihr Herz von neuem und für immer das Blut des geläuterten Glaubens der Humanität strömt."
"263","1927-12-31","Wissenschaft","Jahresberichte für deutsche Geschichte, 1927, S. 153","Er tritt an sie heran mit der Kontemplation, die -- gegründet auf religiöse Ideen und die Idee der Humaniät und hingewendet vornehmlich auf die politischen Mächte -- in der Kontinuität der Entwicklung von Nation zu Nation den Ablauf des geschichtlichen Lebens verfolgt."
"264","1918-03-30","Gebrauchsliteratur","Ball, Hugo: Vom Universalstaat. In: Deutsche Literatur von Lessing bis Kafka, Berlin: Directmedia Publ. 2000 [1918], S. 9799","Das »Heilige römische Reich deutscher Nation« wurde von Luther zerstört."
"265","1932-02-05","Zeitung","Archiv der Gegenwart, Bd. 2, 05.02.1932, S. 156 [ff.]. Zit. n. CD-ROM-Ausgabe 2001.","Die von Deutschland und der Türkei abgetrennten Gebiete, deren Bevölkerung zur Selbstregierung noch nicht reif ist, werden unter die Vormundschaft fortgeschrittener Nationen gestellt."
"266","1925-12-31","Gebrauchsliteratur","Petersen, Jes: Erde und Mensch, Berlin: Columbus-Verl. [1935] [1925], S. 170","Sicherlich ist Amerika heute nicht mehr ein europäisches Völkergemisch, sondern im Begriff, eine eigene homogene Nation zu werden, trotzdem behält und erhält es die Erbteile seiner europäischen Abstammung."
"267","1927-01-10","Wissenschaft","Hofmannsthal, Hugo von: Das Schrifttum als geistiger Raum der Nation. In: Bertram, Mathias (Hg.) Deutsche Literatur von Lessing bis Kafka, Berlin: Directmedia Publ. 2000 [1927], S. 94129","Der Raumbegriff, der aus diesem geistigen Ganzen emaniert, ist identisch mit dem Geisterraum, den die Nation in ihrem eigenen Bewußtsein und in dem der Welt einnimmt."
"268","1929-12-31","Gebrauchsliteratur","Gudenrath, Eduard: Geist und Gestalt in der Baukunst, Berlin: Oestergaard 1929, S. 18","Aus den Trümmern des römischen Weltreiches erstand das Heilige römische Reich fränkischer Nation."
"269","1926-03-03","Zeitung","Vossische Zeitung (Morgen-Ausgabe), 03.03.1926","Schließlich sei Sport aber auch international von größter Bedeutung. Nurmi , der Meisterläufer, war es, der Finnland in Amerika sein 10-Millionen-Dollar- Anlehen verschaffte und für die Weltgeltung Deutschlands für das Ansehen seiner Volks- und Leistungskraft in Handel und Wandel sei es von nicht geringerer Bedeutung, ob auf der 9. Olympiade in Amsterdam 1928 die Vertreter der deutschen Volkskraft sich denen der andern großen Nationen ebenbürtig erweisen oder als minderwertig werden zurücktreten müssen."
"270","1927-12-31","Gebrauchsliteratur","Welt und Wissen, 1927, Nr. 2, Bd. 16","Eine ganze Nation kann hier noch ernährt werden."
"271","1928-12-31","Wissenschaft","Jahresberichte für deutsche Geschichte, 1928, S. 661","Die Landeswohlfahrt ging ihm über alles, um ihretwillen legte er besonderen Wert auf die Tatsache seiner Abstammung aus przemyslidischem Geblüte, im Adel sah er die Verkörperung der »böhmischen Nation«; der Adel aber war zum Großteil tschechisch."
"272","1928-12-31","Wissenschaft","Jahresberichte für deutsche Geschichte, 1928, S. 327","Die Frage sei nicht, preußisch oder deutsch, sondern Staat oder Nation."
"273","1928-06-26","Zeitung","Tucholsky, Kurt: Der letzte Ruf. In: Kurt Tucholsky, Werke - Briefe - Materialien, Berlin: Directmedia Publ. 2000 [1928]","er ging in der alleinseligmachenden Nation auf, wie der Gläubige in seiner Kirche."
"274","1919-12-31","Gebrauchsliteratur","Blos, Wilhelm: Denkwürdigkeiten eines Sozialdemokraten, Bd. 2. In: Simons, Oliver (Hg.) Deutsche Autobiographien 1690-1930, Berlin: Directmedia Publ. 2004 [1919], S. 10191","Man ist versucht zu glauben, daß dies mehr das Werk eines einzelnen Mannes ist, als der Nation selbst."
"275","1932-03-03","Zeitung","Berliner Tageblatt (Morgen-Ausgabe), 03.03.1932","Die ""Royal Academy "" in London hat im Laufe der letzten Jahre Winterausstellungen nationaler Kunst veranstaltet, die, alles zusammengenommen, bedeutender waren als fast alle vorhergehenden Versuche, von der Kunstentwicklung der grossen Nationen ein geschlossenes, zusammenfassendes Bild zu gewähren."
"276","1920-12-31","Wissenschaft","Delbrück, Hans: Geschichte der Kriegskunst im Rahmen der politischen Geschichte - Vierter Teil: Neuzeit, Berlin: Directmedia Publ. 2002 [1920], S. 4195","»Nahe sind wir dem Zeitpunkt, wo die große Nation, die wir bekriegen, uns Gesetze vorschreiben und den Frieden befehlen wird."
"277","1927-12-26","Wissenschaft","Hofmannsthal, Hugo von: Wert und Ehre deutscher Sprache. In: Bertram, Mathias (Hg.) Deutsche Literatur von Lessing bis Kafka, Berlin: Directmedia Publ. 2000 [1927], S. 94156","In den Dialekten deutet der Naturlaut schattenhaft auf hohe Sprachgeburten, in den hohen Denkmälern blickt das Naturhafte hindurch - in beiden zusammen ist die Nation; aber wie unsicher und zerrissen ist dieser Zustand, wie bedarf er des Schlüssels der Vertrautheit, um einem solchen Volk ins Innere zu dringen!"
"278","1920-03-06","Zeitung","Vossische Zeitung (Abend-Ausgabe), 06.03.1920","Ganz anders aber würde die Lage sein, wenn die europäischen Nationen, Siegreiche und Besiegte, Kriegführende und Neutrale, sich unter der Führung Englands vereinigten, um ihre Wirtschaftslage wiederherzustellen."
"279","1929-03-02","Zeitung","Völkischer Beobachter (Reichsausgabe), 02.03.1929","Nicht nur den Verderb im Westen, sondern auch alles Unheil der Nation schreibt General Krauß der verhängnisvollen italienischen Politik der deutschen Könige zu."
"280","1932-01-27","gesprochen","Hitler, Adolf, Primat der deutschen Politik: Wiederherstellung eines gesunden, nationalen und schlagkräftigen deutschen Volkskörpers?, in: Vortrag Adolf Hitlers vor westdeutschen Wirtschaftlern im Industrie-Klub Düsseldorf, München: 1932","Jede Idee muß vor die Nation hintreten, muß aus ihr die ihr notwendigen Kämpfer gewinnen und muß allein den schweren Weg mit all seinen notwendigen Folgen gehen, um eines Tages die Kraft zu bekommen, das Schicksal zu wenden."
"281","1932-10-30","Zeitung","Archiv der Gegenwart, Bd. 2, 30.10.1932, S. 541 [ff.]. Zit. n. CD-ROM-Ausgabe 2001.","Der Svehla-Pokal geht endgültig in den Besitz derjenigen Nation über, welche zweimal in beliebiger Reihenfolge als Sieger aus der Konkurrenz hervorgeht."
"282","1923-12-31","Wissenschaft","Cassirer, Ernst: Philosophie der symbolischen Formen, Darmstadt: Wiss. Buchges. 1994 [1923], S. 87","""Wir müssen darauf achten, wie die Nationen, gleich den Einzelnen, ihre besonderen Ideen haben, wie diese besonderen Ideen der Genius ihrer Sprache werden, da das Symbol seinem Urbild entsprechen muß, wie daher die weisesten Nationen, da sie die meisten und besten Ideen besitzen, auch die vollkommensten und reichsten Sprachen haben."""
"283","1918-03-18","Zeitung","Berliner Tageblatt (Montags-Ausgabe), 18.03.1918","Denn nur zwischen diesen beiden Nationen bestanden vor dem Kriege Interessengegensätze, welche den Lebensnerv beider Völker berührten und für die eine Lösung auf friedlichem Wege nicht hatte gefunden werden können."
"284","1930-07-30","gesprochen","Severing, Carl, Rundfunkansprache für die SPD zur Reichstagswahl am 31. Juli 1932, 30.07.1930","Und in den großen, politischen Fragen, wo es um Sein und Nicht-Sein der Nation geht, sollte der gleiche Deutsche nur der blinden Leidenschaft, nur dunklen Instinkten, nur wagen Gefühlen folgen und nicht der Vernunft, die ihn allein sicher leitet?"
"285","1932-11-04","Zeitung","Archiv der Gegenwart, Bd. 2, 04.11.1932","Den Kern der Vorschläge bilde die internationale Kontrolle, die an Ort und Stelle bei allen angeschlossenen Nationen die Durchführung der Verpflichtungen feststellen könnte."
"286","1923-12-31","Wissenschaft","Cassirer, Ernst: Philosophie der symbolischen Formen, Darmstadt: Wiss. Buchges. 1994 [1923], S. 101","[...] Als ein wahres, unerklärliches Wunder bricht sie aus dem Munde einer Nation, und als ein nicht minder staunenswertes, wenngleich täglich unter uns wiederholtes und mit Gleichmütigkeit übersehenes, aus dem Lallen jedes Kindes hervor und ist die leuchtendste Spur und der sicherste Beweis, daß der Mensch nicht eine an sich abgesonderte Individualität besitzt, daß Ich und Du nicht bloß sich wechselseitig fordernde, sondern, wenn man bis / zu dem Punkte der Trennung zurückgehen könnte, wahrhaft identische Begriffe sind, und daß es in diesem Sinne Kreise der Individualität gibt, von dem schwachen, hilfsbedürftigen und hinfälligen Einzelnen hin bis zum uralten Stamme der Menschheit, weil sonst alles Verstehen bis in alle Ewigkeit hin unmöglich sein würde."" [...]"
"287","1932-03-02","Zeitung","Völkischer Beobachter (Reichsausgabe), 02.03.1932","Der Vorwärts "" bestätigt also mit dieser Erläuterung erst recht die Absicht des sozialdemokratischen Parteivorstandes, das Ausland zum Schutz der Herrschaft der S.P.D. gegen die deutsche Nation mobil zu machen ."
"288","1924-06-30","Zeitung","Die Fackel [Elektronische Ressource], 2002 [1924]","Gerade die Angehörigen einer Nation, die Jahrhunderte hindurch in Wien ihren Verfolger und Würger sah, können aus eigener Erfahrung den dokumentarischen Gehalt dieses Buches (ich sage »Buches«, keinesfalls »Theaterstückes«) bezeugen, welches die rücksichtsloseste Abrechnung mit den Habsburgern und Hohenzollern enthält, die je geschrieben wurde."
"289","1926-12-31","Belletristik","Traven, B.: Das Totenschiff, Berlin: Büchergilde Gutenberg 1929 [1926], S. 184","Stanislaw war dabei, als in der Nähe von Skagen zwei sich bekämpfende Nationen, die Engländer und die Deutschen, zu gleicher Zeit Sieger wurden und die Engländer mehr Schiffe verloren als die Deutschen und die Deutschen mehr als die Engländer."
"290","1921-03-27","Wissenschaft","Hofmannsthal, Hugo von: Drei kleine Betrachtungen. In: Bertram, Mathias (Hg.) Deutsche Literatur von Lessing bis Kafka, Berlin: Directmedia Publ. 2000 [1921], S. 94052","Zugleich aber kam der Moment, wo innerhalb dieser riesigen Gesamtheiten der Begriff der Nation ironisiert wurde durch den Begriff der sozialen Klasse."
"291","1932-09-04","Zeitung","Archiv der Gegenwart, Bd. 2, 04.09.1932, S. 471 [ff.]. Zit. n. CD-ROM-Ausgabe 2001.","Man werde die Ausgaben mit der Steuerkraft der Nation wieder in Einklang bringen müssen. (L. B. 397 J)"
"292","1923-12-31","Wissenschaft","Schmitt, Carl: Die geistesgeschichtliche Lage des heutigen Parlamentarismus, Berlin: Duncker & Humblot 1991 [1923], S. 43","In Wahrheit ist das Parlament als Repräsentant des ganzen Volkes deshalb von den Wählern nicht abhängig, weil diese nicht das ganze Volk, nicht die Nation sind."
"293","1918-03-04","Zeitung","Berliner Tageblatt (Montags-Ausgabe), 04.03.1918","Auch wir, in den Grenzen Deutschlands lebenden Polen, von der großpolnischen Residenz bis zum Baltenlande, von der urpolnischen schlesischen Erde bis zu den rheinisch - westfälischen Sammelherden unserer arbeitssamen Arbeiterschaft, vereinigen uns mit diesem feierlichen Proteste der gesamten polnischen Nation."
"294","1931-04-28","Zeitung","Tucholsky, Kurt: Die Essayisten. In: Kurt Tucholsky, Werke - Briefe - Materialien, Berlin: Directmedia Publ. 2000 [1931]","»Rein menschlich gesehn, lebt die Nation nicht mehr im Raum . . ."
"295","1925-12-31","Wissenschaft","Schulze, Friedrich: Der Deutsche Buchhandel und die geistigen Strömungen der letzten hundert Jahre. In: Lehmstedt, Mark (Hg.) Geschichte des deutschen Buchwesens, Berlin: Directmedia Publ. 2000 [1925], S. 5327","Die Sympathie einer großen Nation ist die kostbarste Anerkennung für die Autoren, und eine Würdigung, die uns von einem fremden Volke entgegengebracht wird, hat schon etwas von dem Charakter und Wert, den wir dem Nachruhm beimessen.«"
"296","1920-01-22","Zeitung","Tucholsky, Kurt: Militaria. In: Kurt Tucholsky, Werke - Briefe - Materialien, Berlin: Directmedia Publ. 2000 [1920]","Den Edelsten der Nation sagte die einfache Bauernbutter nicht mehr zu."
"297","1919-12-31","Wissenschaft","Hofmannsthal, Hugo von: Die Salzburger Festspiele. In: Bertram, Mathias (Hg.) Deutsche Literatur von Lessing bis Kafka, Berlin: Directmedia Publ. 2000 [1919], S. 93982","Die Nationen sollen einander in ihrem Höchsten erkennen, nicht in ihrem Trivialsten."
"298","1922-01-05","Wissenschaft","Hofmannsthal, Hugo von: Worte zum Gedächtnis Molières. In: Bertram, Mathias (Hg.) Deutsche Literatur von Lessing bis Kafka, Berlin: Directmedia Publ. 2000 [1922], S. 94076","»Ich würde nicht so weit gehen« - als ein anderer, der sehr weit in seiner Kritik geht - »aber ich würde sagen, daß eine Nation, die Molière zu ihrem Führer im Sittlichen genommen hätte und die seinen Vorschriften genau folgen würde, nicht sehr schlimm wäre - sie hätte immerhin, was man gesunde Vernunft nennt, und einen guten Geschmack -, aber sie wäre die platteste Nation von der Welt.«"
"299","1927-12-31","Gebrauchsliteratur","Ostwald, Wilhelm: Lebenslinien. Eine Selbstbiographie, 3 Teile. In: Simons, Oliver (Hg.), Deutsche Autobiographien 1690 - 1930, Berlin: Directmedia Publ. 2004 [1927], S. 50554","Man machte mich von vornherein aufmerksam, daß die Kalifornier eine ganz andere Nation seien, als die Ostamerikaner Neuenglands, viel mehr auf Kunst, Wissenschaft und Lebensfreude eingestellt, als jene."
"300","1929-01-20","Wissenschaft","Hofmannsthal, Hugo von: Gotthold Ephraim Lessing. In: Bertram, Mathias (Hg.) Deutsche Literatur von Lessing bis Kafka, Berlin: Directmedia Publ. 2000 [1929], S. 94167","Jede von ihnen hat etwas von ihrem Urheber: wie er, stehen sie mitten in einer Nation von Grüblern als höchst ungrüblerische Naturen; den Genuß des Denkens kennen sie alle (das ist, wenn man will, das Unrealistische an ihnen), aber Denken und Handeln sind ihnen eins: das ist das Undeutsche an ihnen."
"301","1927-12-31","Gebrauchsliteratur","Welt und Wissen, 1927, Nr. 2, Bd. 16","Und noch in viel höherem Maße fanden diese biederen Arbeiten einer ernsten genügsamen und geistig abgeklärten, solide-bürgerlichen Zeit das Wohlgefallen derjenigen fremden Nationen, die schon immer den Sinn für die kühle Verständigkeit der Zweck- und Materialform sich erhalten hatten, verbunden mit der Wertschätzung des Handwerks- und Materialgerechten, nämlich der nordischen Völker und der Engländer und Amerikaner."
"302","1927-12-31","Wissenschaft","Jahresberichte für deutsche Geschichte, 1927, S. 631","Zunächst durch eine Gesamtdarstellung ihres Lebens und Wirkens, die Kretschmayr (1016) mit der ihm eigenen Kunst zu schildern in lebensvollen Bildern der Nation vor Augen führt."
"303","1919-01-23","Zeitung","Tucholsky, Kurt: Militaria. In: Kurt Tucholsky, Werke - Briefe - Materialien, Berlin: Directmedia Publ. 2000 [1919]","Ich weiß nicht, ob es bei den andern Nationen ebenso schlecht bestellt gewesen ist: verlogener kann es nicht zugegangen sein."
"304","1929-03-04","Zeitung","Berliner Tageblatt (Abend-Ausgabe), 04.03.1929","In liebevoller Schilderung des Werdeganges Karl Schurz bezeichnete Oncken diesen als den gemeinsamen Besitz beider grosser Nationen; er gab der Hoffnung Ausdruck, dass der von Schurz angebahnte. durch die starke deutsche Auswanderung geförderte geistige Güteraustausch beider Länder sich immer lebhafter entwickeln werde."
"305","1931-12-13","Zeitung","Archiv der Gegenwart, Bd. 1, 13.12.1931, S. 106 [ff.]. Zit. n. CD-ROM-Ausgabe 2001.","Wenn eine Verfassung nichts taugt, wird sie geändert; dann stirbt nicht die Nation, sondern es ändert sich die Verfassung."
"306","1925-03-10","Zeitung","Berliner Tageblatt (Abend-Ausgabe), 10.03.1925","Da handelt es sich um die Besten der Nation; da hat kein Parlament nachzuschnüffeln."
"307","1919-03-01","Gebrauchsliteratur","Ball, Hugo: An unsere Freunde und Kameraden. In: Deutsche Literatur von Lessing bis Kafka, Berlin: Directmedia Publ. 2000 [1919], S. 9820","Die ganze Nation ist Soldat, die ganze Wirt- und Wissenschaft Militärdienst."
"308","1924-08-07","Zeitung","Tucholsky, Kurt: Der Geist von 1914. In: Kurt Tucholsky, Werke - Briefe - Materialien, Berlin: Directmedia Publ. 2000 [1924]","Totenstill ging eine Nation ans Sterben."
"309","1920-04-22","Zeitung","Tucholsky, Kurt: Militärbilanz. In: Kurt Tucholsky, Werke - Briefe - Materialien, Berlin: Directmedia Publ. 2000 [1920]","Das Blätterdach dieses Giftbaumes überschattete ein ganzes Volk, als die allgemeine Wehrpflicht eingeführt wurde: willig und gehorsam duckte sich die Nation unter das bunte Joch, umso williger, als man dem Teile der Bevölkerung, den die Behörden als gebildet abgestempelt hatten, das Allerschlimmste ersparte und ihm die Möglichkeit einer raschen Beförderung gab."
"310","1929-10-01","Zeitung","Tucholsky, Kurt: Konjunktur. In: ders., Kurt Tucholsky, Werke - Briefe - Materialien, Berlin: Directmedia Publ. 2000 [1929], S. 6942","Wenn die Muse dich küßt, so sieht eine Nation auf dich; die schwere sittliche Verantwortung ruht auf dir, ein Land zu bessern, an dem die Welt einst genas, rühre die Trommel und vergiß nicht,"
"311","1928-12-31","Gebrauchsliteratur","Wilamowitz-Moellendorff, Ulrich von: Erinnerungen 1848-1914. In: Simons, Oliver (Hg.) Deutsche Autobiographien 1690-1930, Berlin: Directmedia Publ. 2004 [1928], S. 73282","Noch in der Mitte der 70er Jahre ritt ich mit meinem Bruder durch ein nahes Dorf, in dem sich Bauern der beiden Nationen mischten."
"312","1932-12-31","Wissenschaft","Jahresberichte für deutsche Geschichte, 1930, S. 381","Während Friedrich Herrmann seine historische Betrachtung der Nation zuwendet, herrscht bei Heinrich Kunhardt ein starker religiöser Zug vor; Johann Friedrich Hach und Carl Georg Curtius richten ihr Streben praktisch auf den Staat und seine Verfassung."
"313","1918-03-01","Zeitung","Berliner Tageblatt (Abend-Ausgabe), 01.03.1918","Es ist gar kein Zweifel: der Imperialismus, den die Arbeiter im ganzen verdammen, ist doch für sie von Nation zu Nation so bestimmend gewesen, daß die interalliierten Sozialisten jetzt dieselben lebenbedrohenden Forderungen gegen die Völker der Mittelmächte erhoben haben wie die interalliierten Regierungen."
"314","1932-03-12","Gebrauchsliteratur","Tucholsky, Kurt: An Carl von Ossietzky, 12.03.1932. In: ders., Kurt Tucholsky, Werke - Briefe - Materialien, Berlin: Directmedia Publ. 2000 [1932], S. 11609","Außerdem ist es wohl dieser Nation vorbehalten, Wahlen zu veranstalten, um ein Übel zu wählen."
"315","1918-03-05","Zeitung","Berliner Tageblatt (Abend-Ausgabe), 05.03.1918","Wir sind stolz darauf, daß wir die Freiheit der Völker und Sicherheit der Nationen verfechten."
"316","1929-12-31","Wissenschaft","Mannheim, Karl: Ideologie und Utopie, Frankfurt a.M: Klostermann 1985 [1929], S. 121","Unser Mythus ist die Nation, die große Nation, die wir zu einer konkreten Realität machen wollen."" (Zit. bei C. Schmitt, Parlamentarismus, a. a. O. S. 89.)"
"317","1927-01-10","Wissenschaft","Hofmannsthal, Hugo von: Das Schrifttum als geistiger Raum der Nation. In: Bertram, Mathias (Hg.) Deutsche Literatur von Lessing bis Kafka, Berlin: Directmedia Publ. 2000 [1927], S. 94132","[...] Und wir haben neben ihr, außer ihr, unter ihr, über ihr eine geistige Regsamkeit, die in dem Begriff Literatur nicht einbegriffen sein will, aber alle Ansprüche, das geistige Leben der Nation zu bestimmen, in sich faßt, die sich weder an die Gegenwart als die verantwortliche Geselligkeit der Lebenden, noch an die Geschichte als die verantwortliche Geselligkeit der Nation zu binden, die überhaupt nichts zu verantworten begehrt und doch nach den tiefsten, ja nach kosmischen Bindungen und den schwersten, ja religiösen Verantwortungen für die Gesamtheit begierig, durchaus nur in der einzelnen Persönlichkeit wirksam sein will. [...]"
"318","1928-11-24","Zeitung","Tucholsky, Kurt: 'Wir von der Unter-Tertia'. In: Kurt Tucholsky, Werke - Briefe - Materialien, Berlin: Directmedia Publ. 2000 [1928]","Die deutsche Nation ist eine Nation der Vereine - es gibt wahrscheinlich in keinem Lande der Welt so viel Vereine wie bei uns."
"319","1930-03-04","Zeitung","Völkischer Beobachter (Bayernausgabe), 04.03.1930","Wir verstehen unter dem Staat die Aufgabe, den sittlichen, christlichen, deutschen staatlichen und nationalen Grundsätzen der Nation Rechnung zu tragen."
"320","1923-03-08","Zeitung","Vossische Zeitung (Morgen-Ausgabe), 08.03.1923","Dafür sind uns als Garanten moralisch und völkerrechtlich verpflichtet die Nationen, die den Vertrag von Versailles unterschrieben haben und auch die intellektuellen Urheber des Vertrages."
"321","1918-12-31","Belletristik","Klabund: Bracke. In: Deutsche Literatur von Lessing bis Kafka, Berlin: Directmedia Publ. 2000 [1918], S. 111880","Der Nation ein Denkmal!"
"322","1921-03-05","Zeitung","Berliner Tageblatt (Morgen-Ausgabe), 05.03.1921","Mit wahrer Freude werden wir uns zu dieser Kundgebung des Fortschritts gesellen, deren Ziel es ist, Aufklärung zu verbreiten, die Gesetze der völkerrechtlichen Beziehungen niederzuschreiben und ein Weltgericht zu schaffen, um alle die Fragen zu regeln, über deren Vorlage vor dieses Gericht die Nationen sich verständigen werden unter gleichzeitiger Kundgebung ihrer Ziele."
"323","1927-01-10","Wissenschaft","Hofmannsthal, Hugo von: Das Schrifttum als geistiger Raum der Nation. In: Bertram, Mathias (Hg.) Deutsche Literatur von Lessing bis Kafka, Berlin: Directmedia Publ. 2000 [1927], S. 94134","Wir müssen darüber staunen, daß es einen Moment geben konnte, in welchem jene verkappte, aber kaum bestrittene Macht sich so wenig Geltung zu verschaffen wußte, jene verkappte Macht, welche innerhalb der Nation die Spannungen und Beklemmungen hervorruft, an denen wir alle mitleiden, diesen Spannungen zeitweise durch Ausbrüche und Umstürze ein Ende macht, Scheinautoritäten stürzt, herrschende Zeitgedanken abwirft und unser schattenhaftes Dasein immer wieder ans Ewige bindet, und die ich nicht anders benennen kann als das geistige Gewissen der Nation."
"324","1926-01-01","Zeitung","Frankfurter Zeitung (1. Morgenblatt), 01.01.1926","Mehr als hundert Millionen Menschen leben hier seltsamerweise in einem Staatswesen zusammen, das von Kolonisten aller Nationen aufgerichtet ist, und jährlich treten lele tausend neue Ankömmlinge aus allen Ländern der Welt in dieses Staatswesen ein, das auch viel früher als das unsrige auf dem demokratischen, das heißt dem genossenschaftlichen Gedanken aufgebaut ist."
"325","1932-03-02","Zeitung","Völkischer Beobachter (Reichsausgabe), 02.03.1932","Es ist alte Tradition auf der britischen Insel, die augenblicklich bestehenden Regierungen befreundeter Nationen möglichst in der Presse zu stützen, eine Tendenz, in der sich der im ganzen englischen Volk verwurzelte Konservativismus deutlich ausprägt."
"326","1932-11-04","Zeitung","Archiv der Gegenwart, Bd. 2, 04.11.1932, S. 547 [ff.]. Zit. n. CD-ROM-Ausgabe 2001.","Für alle Nationen würde es sich zunächst darum handeln, dem Kellogg-Briand-Pakt seinen vollen juristischen Sinn zu geben."
"327","1929-03-02","Zeitung","Völkischer Beobachter (Reichsausgabe), 02.03.1929","Unseres Wissens ist überhaupt noch nirgends eindringlicher auf die Gefahr aufmerksam gemacht worden, die der deutschen Nation droht, wenn das Millionenheer der Kriegsteilnehmer nicht mehr am Leben oder nicht mehr in der Lage ist, die Waffen zu führen."
"328","1922-12-31","Wissenschaft","Hofmannsthal, Hugo von: Deutsches Lesebuch. In: Bertram, Mathias (Hg.) Deutsche Literatur von Lessing bis Kafka, Berlin: Directmedia Publ. 2000 [1922], S. 94085","[...] So schien uns, es wäre niemals politisch-sittlicher gedacht worden als von Georg Forster in seinen Briefen aus dem Paris von 1793, es sei ein hohes Kunstgebilde nie mit größerem Ernst und größerer Liebe auseinandergelegt worden als die »Wahlverwandtschaften« in Solgers Kritik, kein aus Wirklichkeit und Träumerei gemischtes Phantasiestück irgendeiner Nation, schien uns, könne herzlicher sein und schönere Farben aufweisen als Jean Pauls »Tag eines schwedischen Pfarrers«, nicht Engländer noch Franzosen noch Italiener, ja überhaupt niemand seit Platons Mythen, habe ein so nettes von Verstand und Anmut glänzendes Stück Philosophie hervorgebracht wie Kleists Aufsatz über die Marionetten, und keine männliche Feder habe jemals, unahnend eines fremden Blickes, so unsägliche, das Herz ergreifende Zeilen hingeschrieben als die Hölderlins. [...]"
"329","1923-12-31","Wissenschaft","Lukács, Georg: Geschichte und Klassenbewußtsein, Neuwied u. a.: Leuchterhand 1970 [1923], S. 512","So wie die Partei als Ganzes die verdinglichten Trennungen nach Nationen, Berufen usw., nach Erscheinungsformen des Lebens (Wirtschaft und Politik) durch ihr auf revolutionäre Einheit und Zusammenfassung gerichtetes Handeln aufhebt, um die wahre Einheit der proletarischen Klasse herzustellen, so zerreißt sie für ihr einzelnes Mitglied, gerade durch ihre straff zusammenfassende Organisation, durch die aus ihr folgende eiserne Disziplin, durch die Forderung des Einsatzes der Gesamtpersönlichkeit die verdinglichten Hüllen, die in der kapitalistischen Gesellschaft das Bewußtsein des Einzelnen umnebeln."
"330","1920-06-17","Zeitung","Tucholsky, Kurt: Macht und Mensch. In: Kurt Tucholsky, Werke - Briefe - Materialien, Berlin: Directmedia Publ. 2000 [1920]","Wieviel Talent, Entschließungskraft und adliger Sinn unterdrückt worden ist, was an Demut, Neid, Selbstverachtung gezüchtet ward, und was versäumt ward in hundert Jahren an der Nivellierung, der moralischen Höherlegung der Nation, damit in unermeßlichen Abständen je ein Manneswunder und Ausbund aller Herrlichkeit erscheinen konnte, übermästet von der Entsagung ganzer Geschlechter und dem lebenden Dünger der Nation entsprossen wie eine tierisch fette Zauberblume."
"331","1932-03-01","Zeitung","Völkischer Beobachter (Reichsausgabe), 01.03.1932","Wenn die verkalkten Revolutionäre der S.P.D. und die geruhsamen Spießbürger der Splitterparteien das Bedürfnis nach sportlicher Ertüchtigung empfinden, dann mögen sie den ihnen zur Verfügung stehenden Turnsaal des Reichstages häufiger benutzen, nicht aber die Wahrung lebenswichtiger Interessen der gesamten Nation mit dem rhythmischen Auf und Ab ihrer sehr gewichtigen Sitzflächen für sich in Anspruch nehmen."
"332","1929-12-31","Zeitung","Tucholsky, Kurt: Hat Mynona wirklich gelebt? In: ders., Kurt Tucholsky, Werke - Briefe - Materialien, Berlin: Directmedia Publ. 2000 [1929], S. 7126","Der Mann erzählt uns keine dicken Töne, er hält sich zurück; er spielt nicht den Ehrenvorsitzenden und nicht den Edelsten der Nation - er läßt sich nicht mehr fotografieren als nötig ist, und man könnte manchem engeren Berufsgenossen soviel Takt und Reserve wünschen, wie jener Remarque sie zeigt."
"333","1928-06-26","Zeitung","Tucholsky, Kurt: Der letzte Ruf. In: Kurt Tucholsky, Werke - Briefe - Materialien, Berlin: Directmedia Publ. 2000 [1928]","Zu ihnen gesellt sich die Nation als die vierte, und nichts ist so groß wie die Solidarität der Klassenlehrer, die ihre Schulhöfe beaufsichtigen."
"334","1929-03-05","Zeitung","Berliner Tageblatt (Morgen-Ausgabe), 05.03.1929","Nicht nur in der sessionsfreien Zeit, mit ihrer durch keinerlei Anteil der Genfer gestörten Symbiose von Beamten aus 44, Journalisten aus 20 und periodischen Delegierten aus x Nationen, sondern auch während der Tagungen."
"335","1927-12-31","Wissenschaft","Jahresberichte für deutsche Geschichte, 1927, S. 300","Die Objektivität, mit der er die Größe der Bismarckschen Diplomatie, die innere Berechtigung des deutschen Expansionsdranges seit der Jahrhundertwende anerkennt, die Umsicht, mit der Notwendigkeit dieser Entwicklung und politische Einzelfehler ihrer Durchführung geschieden werden, die Bestimmtheit, mit der der Friedenswille von Nation, Regierung und Kaiser vor dem Weltkrieg betont und die deutsche Hilfeleistung für den österreichischen Bundesgenossen als moralisch unanfechtbar bezeichnet wird, stellen das Werk an die Spitze aller bisherigen Auslandsversuche, der jüngeren Geschichte Deutschlands mit wirklichem Verstehen nahezukommen."
"336","1926-03-05","Zeitung","Vossische Zeitung (Morgen-Ausgabe), 05.03.1926","Er wünsche als Sprecher der ganzen Nation nach Genf zu gehen und habe daher mit schwerer Besorgnis die Kontroversen über die Ratssitze verfolgt."
"337","1918-12-31","Wissenschaft","Weber, Max: Parlament und Regierung im neugeordneten Deutschland. In: Weber, Marianne (Hg.) Gesammelte Politische Schriften, München: Drei Masken Verl. 1921 [1918], S. 259","Unter einem Herrenvolk verstehen wir dabei nicht jenes häßliche Parvenügesicht, welches Leute daraus machen, deren nationales Würdegefühl ihnen gestattet, von einem englischen Überläufer, wie Herrn H.St. Chamberlain, sich und die Nation darüber unterrichten zu lassen:"
"338","1925-03-05","Zeitung","Berliner Tageblatt (Morgen-Ausgabe), 05.03.1925","Er schildert die Tragik des Schicksals, und er nimmt den Mann, der der ganzen Nation gehört, zugleich mit Stolz für diejenigen in Anspruch, aus deren Reihen er hervorgegangen ist."
"339","1932-12-31","Belletristik","Roth, Joseph: Radetzkymarsch, Köln: Kiepenheuer & Witsch 1978 [1932], S. 288","Es mochte viele Völker geben, aber keineswegs Nationen."
"340","1932-12-31","Wissenschaft","Jahresberichte für deutsche Geschichte, 1930, S. 447","Leitet schon dieser Vortrag auf das Ziel hin, die geschichtliche Gestalt der Kaiserin als Besitz der ganzen Nation zu zeigen, so schildert R. Lorenz (865) die Stellung der Regierung Maria Theresias in der gesamtdeutschen Geschichte."
"341","1928-09-04","Zeitung","Tucholsky, Kurt: Grimms Märchen. In: ders., Kurt Tucholsky, Werke - Briefe - Materialien, Berlin: Directmedia Publ. 2000 [1928], S. 6174","Und daß die Deutschen den Druck und den Verlockungen da unten nicht standhalten . . . . die Deutschen sind nun einmal unter den Nationen das, was die Juden unter den Deutschen; das ist schmerzlich zu hören, aber wahr, wenn auch lustigerweise beide Vergleichsobjekte dagegen, wild fauchend, also getroffen protestieren."
"342","1920-12-31","Belletristik","Schaeffer, Albrecht: Helianth II, Bonn: Weidle 1995 [1920], S. 626",">Roter Reaktionär - riecht nach Blut - vielleicht später zu verwenden.< Der logische Denkfaden endet also bei einer Stärkung des Friedenswillens in allen Nationen, für sie das ärgste Übel, denn sie brauchen den Krieg, der - wie er auch für Rußland ausgehen mag - eine Ablenkung nach außen, eine Schwächung der Militärmacht und so weiter zur Folge hat, die ihnen den Umsturz erleichtert."
"343","1932-08-28","Zeitung","Archiv der Gegenwart, Bd. 2, 28.08.1932, S. 460 [ff.]. Zit. n. CD-ROM-Ausgabe 2001.","Er gestehe Hitler nicht das Recht zu, die Minderheit in Deutschland, welche dessen Fahnen folgt, allein als die deutsche Nation anzusehen und alle übrigen Volksgenossen als Freiwild zu behandeln."
"344","1928-12-31","Gebrauchsliteratur","Rieger, Wilhelm: Einführung in die Privatwirtschaftslehre, Erlangen: Palm & Enke 1964 [1928], S. 3","Die Nation bildet politisch und wirtschaftlich eine Schicksalsgemeinschaft; gelegentlich kommt uns dies besonders deutlich zum Bewußtsein, wenn solche Ereignisse eintreten wie Krieg und Inflation."
"345","1928-06-26","Zeitung","Tucholsky, Kurt: Der letzte Ruf. In: Kurt Tucholsky, Werke - Briefe - Materialien, Berlin: Directmedia Publ. 2000 [1928]","Hurra! und läßt, auch wenn er stirbt, gerade wenn er stirbt, seine Nation leben."
"346","1927-12-31","Wissenschaft","Jahresberichte für deutsche Geschichte, 1927, S. 678","Unter die Auslanddeutschen rechnet der Katalog »alle außerhalb der Reichsgrenzen lebenden Reichsdeutschen, ferner die Angehörigen fremder Nationen, die deutscher Geburt oder deutschen Stammes sind, soweit sie noch deutsch fühlen und deutsch sprechen«."
"347","1928-05-22","Zeitung","Tucholsky, Kurt: Was aus der großen Zeit. In: Kurt Tucholsky, Werke - Briefe - Materialien, Berlin: Directmedia Publ. 2000 [1928]","Wir erinnern uns mit Schaudern der Folgen jener Nationalmonomanie, die ein ursprünglich gesundes Zusammengehörigkeitsgefühl in den Abgrund des Wahnsinns kippen ließ: es gab keine Lüge, von der Obersten Heeresleitung ausgegeben, vom Auswärtigen Amt geduldet, von der gehorsamen und unter ihrer Knebelung wollüstig stöhnenden Presse nachgestottert, es gab keine solche Lüge, die nicht blindlings von der ganzen Nation geglaubt wurde."
"348","1918-03-18","Zeitung","Berliner Tageblatt (Montags-Ausgabe), 18.03.1918","Das russische Volk hat ein Interesse daran, mit Nachbarvölkern zu leben, die nicht innerlich auf lange Jahre ruiniert sind, sondern mit solchen, deren wirtschaftliche Lage Entwickelungsmöglichkeiten in sich trägt, die sie zu kaufkräftigen Abnehmern für die immer mehr auszunutzenden Bodenschätze der russischen Nation machen würden."
"349","1925-12-31","gesprochen","Hitler, Adolf, Kampf der Teufelsmacht ... dem Juden?, in: Die Rede Adolf Hitlers in der ersten großen Massenversammlung anläßlich der Wiederaufrichtung der Nationalsozialistischen Deutschen Arbeiterpartei, München: 1925","Soll das die Führung der deutschen Nation sein?"
"350","1918-12-31","Wissenschaft","Weber, Max: Parlament und Regierung im neugeordneten Deutschland. In: Weber, Marianne (Hg.) Gesammelte Politische Schriften, München: Drei Masken Verl. 1921 [1918], S. 251","Auf militärischem Gebiet kann keine Instanz der Erde sich eines so grenzenlosen Vertrauens einer Nation rühmen wie unsere Heerführer; und das mit Recht."
"351","1926-03-03","Zeitung","Berliner Tageblatt (Morgen-Ausgabe), 03.03.1926","Als er gesehen habe, daß Frankreich in eine Isolierung hineingedrängt wurde, habe er geglaubt, dem Lande einen Dienst zu erweisen, indem er es wieder an andere Nationen annäherte; er sei der Meinung, daß Locarno in dieser Hinsicht Frankreich einen großen Dienst geleistet habe . Wenn ein neuer Krieg ausbreche, dann wäre das Elfaß neutrales Gebiet."
"352","1926-03-05","Zeitung","Berliner Tageblatt (Abend-Ausgabe), 05.03.1926","Er wünsche in Genf als Freund und Kollege mit den anderen Vertretern zusammentreten zu können, um im Großen Rat der Nationen eine Lösung zu suchen, die nicht den Argwohn Deutschlands von neuem hervorrufe und erneuere, sondern eine Zusammenkuft in Genf zu weiteren Schritten und Fortschritten in Richtung auf Versöhnung und Beruhigung möglich mache, wonach alle jetzt streben."
"353","1927-12-31","Gebrauchsliteratur","Ostwald, Wilhelm: Lebenslinien. Eine Selbstbiographie, 3 Teile. In: Simons, Oliver (Hg.), Deutsche Autobiographien 1690 - 1930, Berlin: Directmedia Publ. 2004 [1927], S. 50490","Hat ein Franzose oder Italiener usw. jene Hindernisse überwunden und sich durchgesetzt, so wird er als ein Mittel empfunden, Ruhm und Glanz des eigenen Volkes im Wettbewerb der Nationen erfolgreich zu erhöhen und wird demgemäß nunmehr von den Landesgenossen erhoben und gepriesen, meist über die Ansprüche hinaus, die er bei unparteiischer Wertung erheben dürfte."
"354","1921-02-03","Zeitung","Tucholsky, Kurt: Offiziersbücher. In: ders., Kurt Tucholsky, Werke - Briefe - Materialien, Berlin: Directmedia Publ. 2000 [1921], S. 2176","Bestätigt war der Glaube an die eigne Überlegenheit über eine ganze Nation, der Glaube an die Standesvorrechte, an die Standesansichten, der Glaube an den Kastendünkel, an die Unfehlbarkeit des Dienstweges und an das widerliche Theater militärischer Verlogenheit, die unter dem Deckmantel des Reglements menschlichen und finanziellen Bedürfnissen mehr Spielraum lieh, als es ein geordnetes Zivilleben je tun konnte."
"355","1931-12-31","Gebrauchsliteratur","Schulze, Hermann: Frohes Schaffen und Lernen mit Schulanfängern, Langensalza u. a.: Beltz 1939 [1931], S. 2","Es kommt ferner zum klaren Ausdruck, daß die erzieherische Aufgabe der Volksschule und der andern Schularten die gleiche ist, wie dies die Gliederungen der Partei, der Arbeitsdienst und das Heer ausüben, nämlich: Erziehung zur Volksgemeinschaft und zum vollen Einsatz für Führer und Nation."
"356","1927-01-10","Wissenschaft","Hofmannsthal, Hugo von: Das Schrifttum als geistiger Raum der Nation. In: Bertram, Mathias (Hg.) Deutsche Literatur von Lessing bis Kafka, Berlin: Directmedia Publ. 2000 [1927], S. 94134","Wir müssen darüber staunen, daß es einen Moment geben konnte, in welchem jene verkappte, aber kaum bestrittene Macht sich so wenig Geltung zu verschaffen wußte, jene verkappte Macht, welche innerhalb der Nation die Spannungen und Beklemmungen hervorruft, an denen wir alle mitleiden, diesen Spannungen zeitweise durch Ausbrüche und Umstürze ein Ende macht, Scheinautoritäten stürzt, herrschende Zeitgedanken abwirft und unser schattenhaftes Dasein immer wieder ans Ewige bindet, und die ich nicht anders benennen kann als das geistige Gewissen der Nation."
"357","1929-03-05","Zeitung","Vossische Zeitung (Abend-Ausgabe), 05.03.1929","Die Zusammenballung materieller Machtmittel, die unangreifbare Lage des Landes, die politische Disziplin seiner Bürger, die Zersplitterung, Verarmung, Verkrampfung der europäischen Nationen haben die Vereinigten Staaten zur ersten Weltmacht erhoben."
"358","1927-12-31","Gebrauchsliteratur","Ostwald, Wilhelm: Lebenslinien. Eine Selbstbiographie, 3 Teile. In: Simons, Oliver (Hg.), Deutsche Autobiographien 1690 - 1930, Berlin: Directmedia Publ. 2004 [1927], S. 50020","Dieser war übrigens der einzige Schwede von solcher Beschaffenheit, den ich kennen gelernt habe; im übrigen muß ich als Summe meiner Erfahrungen die Schweden als die liebenswürdigste von den mancherlei Nationen bezeichnen, mit denen ich in Berührung gekommen bin."
"359","1926-03-03","Zeitung","Berliner Tageblatt (Abend-Ausgabe), 03.03.1926","[...]Der Sejm gibt seiner festen Ueberzeugung Ausdruck, daß alle Faktoren, die ehrlich für das Zustandekommen der Abkommen in Locarno gearbeitet haben, und die weiter ehrlich zur Erhaltung des Friedens schreiten, sofort die Erlangung eines ständigen Sitzes für Polen im Völkerbundsrat für eine unbedingte politische Notwendigkeit erachten , die sich aus der Rolle des polnischen Staates in Mittel- und Osteuropa ergibt, eine Rolle, die nicht im eigenen, sondern allgemeinen Interesse durchgeführt Der Sejm wird darin, daß man dieser Notwendigkeit Genugtuung leistet, den Beweis des Sieges der Friedensidee und der freundschaftlichen Zusammenarbeit der Nationen über die Politik des Hasses und der Kämpfe erblicken, die Europa früher oder später in eine neue Katastrophe hineinstürzen muß."" [...]"
"360","1927-03-01","Zeitung","Vossische Zeitung (Morgen-Ausgabe), 01.03.1927","Ein anderes wirksames Mittel zur Verhinderung neuer Kriege habe der Gesetzentwurf darin gesehen, daß er dem System ein Ende gemacht habe, durch das es bisher möglich gewesen sei, daß, während der größte Teil der Nation das Land verteidigte, eine kleine Schicht von Kriegsgewinnlern sich auf Kosten der Gesamtheit bereicherte ."
"361","1923-12-31","Gebrauchsliteratur","Schultze-Pfaelzer, Gerhard: Propaganda, Agitation, Reklame, Berlin: Stilke 1923, S. 205","Wenn sich Staat und Nation als Sozialgebilde überall restlos decken würden, so wären sie nur zwei Betrachtungsseiten von ein und derselben Sache."
"362","1922-05-07","Wissenschaft","Hofmannsthal, Hugo von: Rede auf Grillparzer. In: Bertram, Mathias (Hg.) Deutsche Literatur von Lessing bis Kafka, Berlin: Directmedia Publ. 2000 [1922], S. 94048","Dafür haucht, was jetzt davon da ist, das Aroma einer unverweslichen Kraft aus, unfühlbar freilich denen im ewigen Vorhof - aber wen es treibt, tiefer in Vergangen-Gegenwärtiges, das ist in das eigentliche Leben der Nation einzudringen, der ist diesen Krafthauch einzuatmen gezwungen und das Heiligtum der Nation ist von ihm erfüllt; denn es gibt ein solches, und da es nicht aus Steinen erbaut ist, so ist es unzerstörbar und jeder Kränkung entrückt."
"363","1925-03-06","Zeitung","Vossische Zeitung (Abend-Ausgabe), 06.03.1925","Die Sicherheit, die von allen Nationen garantiert sei, sei das einzige Mittel zur Befriedung Europas."
"364","1926-12-31","Belletristik","Traven, B.: Das Totenschiff, Berlin: Büchergilde Gutenberg 1929 [1926], S. 181","Ihre Nation verleugnete sie und stieß sie von sich, auf der Yorikke war ihre Nation ihre ganze Persönlichkeit."
"365","1920-12-12","Wissenschaft","Hofmannsthal, Hugo von: Rede auf Beethoven. In: Bertram, Mathias (Hg.) Deutsche Literatur von Lessing bis Kafka, Berlin: Directmedia Publ. 2000 [1920], S. 94024","Die Nation hat im Geistigen nicht einerlei Sprache, so hat sie keinerlei."
"366","1929-12-31","Wissenschaft","Mannheim, Karl: Ideologie und Utopie, Frankfurt a.M: Klostermann 1985 [1929], S. 63","Als zum Träger des nunmehr historisierten Bewußtseins (des Geistes) nicht mehr das Volk, die Nation, sondern die Klasse wurde, rezipierte eigentlich dieselbe theoretische Tradition, von der wir bisher sprachen, die in der Zwischenzeit gleichfalls aus der sozialen und politischen Bewegung stammende Einsicht, daß sowohl die Struktur des Sozialkörpers als der zu ihm gehörende geistige Zusammenhang in der Richtung der sozialen Spannungen sich differenziert."
"367","1928-03-05","Zeitung","Münchner Neueste Nachrichten, 05.03.1928","Daß aber die deutsche Nation zu der gewaltsamen Entnationalisierung ihrer Stammesangehörigen in Südtirol nicht schweigen kann , müßte ihr im Grunde gerade ein Mann und Soldat wie Mussolini, dem die Nation über alles in der Welt geht, ehrlicherweise zubilligen."
"368","1928-04-05","Zeitung","Vossische Zeitung (Morgen-Ausgabe), 05.04.1928","So setzt er durch, daß der Fahneneid auf die tschechische Nation geleistet wird, die Kommandosprache wird tschechisch, als oberste politische Autorität gilt der Nationalrat."
"369","1932-11-04","Zeitung","Archiv der Gegenwart, Bd. 2, 04.11.1932, S. 547 [ff.]. Zit. n. CD-ROM-Ausgabe 2001.","Neu sei der dritte Pakt, der zwar nicht universell, was wünschenswert wäre, sondern nur unter gewissen Nationen, die sich durch ihre Lage und Nachbarschaft als kontinentale Mächte gewissen Risiken ausgesetzt sähen, gegenseitige Hilfeleistung vorsehe."
"370","1932-01-27","gesprochen","Hitler, Adolf, Primat der deutschen Politik: Wiederherstellung eines gesunden, nationalen und schlagkräftigen deutschen Volkskörpers?, in: Vortrag Adolf Hitlers vor westdeutschen Wirtschaftlern im Industrie-Klub Düsseldorf, München: 1932","Wir sind daher nicht das Opfer der Verträge, sondern die Verträge sind die Folgen unserer Fehler, und ich muß, wenn ich überhaupt die Situation bessern will, erst den Wert der Nation wieder ändern."
"371","1928-12-31","Wissenschaft","Jahresberichte für deutsche Geschichte, 1928, S. 660","Gerade der Adel hat, da er sich auf die Seite der tschechischen Nation stellte, gegen das deutsche Patriziat ein wirksames Gegengewicht dargestellt, da er sich, wenngleich nicht restlos, der tschechisch-nationalen Bewegung anschloß. Karls IV."
"372","1919-02-20","Zeitung","Tucholsky, Kurt: Militaria. In: ders., Kurt Tucholsky, Werke - Briefe - Materialien, Berlin: Directmedia Publ. 2000 [1919], S. 1158","Es war also nicht die Blüte der Nation, die da als Erzieher und Erzogene herumliefen: diese alten Unteroffiziere, die vom Leben außerhalb der Kaserne nur etwas Unterrock kannten, die aktiven Offiziere, die die Welt - auch die außerdeutsche - in 'Re'ment' und 'Zivil' einteilten, diese Reserve-Offiziere, die auf einmal zu fühlen begannen, wie doch auch sie zur Herrlichkeit geboren seien, und die ihr eigenes deutsches Nest beschmutzten, indem sie auf frühere Kollegen und Kameraden des Geistes traten."
"373","1927-12-31","Gebrauchsliteratur","Ostwald, Wilhelm: Lebenslinien. Eine Selbstbiographie, 3 Teile. In: Simons, Oliver (Hg.), Deutsche Autobiographien 1690 - 1930, Berlin: Directmedia Publ. 2004 [1927], S. 50654","Zufällig sind beide Deutsche gewesen; ich hätte aber auch Forscher jeder anderen Nation genannt, wenn die geschichtliche Untersuchung sie zutage gefördert hätte."
"374","1919-04-04","Zeitung","Berliner Tageblatt (Morgen-Ausgabe), 04.04.1919","Aber die deutsche Nation hat, gerade, nachdem sie bei sich selbst Unrecht und Unbill erkennen lernte, nicht etwa den Sinn und das Gefühl für fremdes Unrecht und fremde Unbill eingebüßt."
"375","1928-12-31","Wissenschaft","Jahresberichte für deutsche Geschichte, 1928, S. 386","Im 15. Jahrhundert war Böhmen politisch immer mehr aus dem Deutschen Reich und der deutschen Nation hinausgewachsen; um die innere Reichsordnung kümmerte es sich kaum noch, seine Privilegien gewährten ihm an sich eine Sonderstellung; aus der Matrikel schied es im Laufe des 16. Jahrhunderts aus, und was der Böhmenkönig als solcher leistete, geschah freiwillig im Interesse der böhmischen Politik."
"376","1918-03-20","Zeitung","Vossische Zeitung (Morgen-Ausgabe), 20.03.1918","Nach einer ausführlichen Kritik der Vorgänge in Rußland wird Deutschland als ""Zerstörer der nationalen Unabhängigkeit, als unerbittlicher Feind der Menschenrechts und der Würde der zivilisierten Nationen"" bezeichnet."
"377","1932-12-31","Gebrauchsliteratur","Gleichen-Russwurm, Alexander von: Der gute Ton. In: Zillig, Werner (Hg.), Gutes Benehmen, Berlin: Directmedia Publ. 2004 [1932], S. 6847","Das Gastrecht führte die sprödesten Völker zusammen, wie auch heute gesellschaftlicher Verkehr die beste Brücke bildet von Nation zu Nation, denn der gute Ton im Umgang bietet die sicherste Grundlage für schwierige Verhandlungen, mögen sie geschäftlicher oder diplomatischer Natur sein."
"378","1929-12-31","Gebrauchsliteratur","Gudenrath, Eduard: Geist und Gestalt in der Baukunst, Berlin: Oestergaard 1929, S. 41","Jetzt nimmt Otto der Große die Kaiserkrone als ""römischer Kaiser deutscher Nation""."
"379","1925-12-31","Belletristik","Kisch, Egon Erwin: Der rasende Reporter, Berlin: Aufbau-Taschenbuch-Verl. 2001 [1925], S. 246","""In dieser Kiste befinden sich alle Akten über unseren Aufstand, die wichtigsten Urkunden der Nation."
"380","1920-12-31","Wissenschaft","Delbrück, Hans: Geschichte der Kriegskunst im Rahmen der politischen Geschichte - Vierter Teil: Neuzeit, Berlin: Directmedia Publ. 2002 [1920], S. 3943","Im Jahre 1768 soll die Armee bei 90000 Ausländern nur etwa 70000 Inländer gezählt haben 341 . Es scheint ein sehr großer Vorzug der französischen Armee, daß sie zum wesentlichsten Teil einen nationalen Charakter trug, aber militärisch macht sich dieser Vorzug im 18. Jahrhundert keineswegs geltend, da es doch nur der Abhub der Nation war, der sich in der Armee zusammenfand."
"381","1920-12-19","Wissenschaft","Hofmannsthal, Hugo von: [Zürcher Rede auf Beethoven]. In: Bertram, Mathias (Hg.) Deutsche Literatur von Lessing bis Kafka, Berlin: Directmedia Publ. 2000 [1920], S. 93999","[...] Ich schlage nur diesen Ton an, und Sie denken augenblicklich und unwillkürlich an Schiller, der so vieles gemein hat mit Jean-Jacques, an den großen kühnen Wortführer dreier aufeinanderfolgender europäischer Nationen, an ihn, der die Größe selber, das Unsagbare, die Idee, oder wie er es nannte: das Ideal - ich spreche vom jungen Schiller - unmittelbar auszusprechen sich vermaß, der nicht Künstler sein wollte, nicht Dramatiker, sondern ganz etwas anderes; dem die Schaubühne eine moralische Anstalt war, das heißt eine Tribüne, und das Pult des Historikers, die Zelle des Philosophen eine Tribüne, der der Anwalt sein wollte der Menschheit vor einem freilich überpolitischen Forum; den Prozeß der Menschen führen vor Gott, vindizieren ihr Anrecht auf die unmittelbare Verwirklichung der Ideale, das ist mit anderen Worten: der sich nichts Geringeres zu sein vermaß als einer der Propheten ... und blitzt Ihnen hier nicht wieder die Verwandtschaft mit Beethoven auf, nicht im Greifbaren, Wägbaren, aber im tiefsten Drang: das Letzte zu sagen, die Idee selber auszusprechen, nicht den Wohllaut der Worte zu suchen, sondern ihre erhabene [...]"
"382","1927-01-10","Wissenschaft","Hofmannsthal, Hugo von: Das Schrifttum als geistiger Raum der Nation. In: Bertram, Mathias (Hg.) Deutsche Literatur von Lessing bis Kafka, Berlin: Directmedia Publ. 2000 [1927], S. 94128","Eng ist der Zusammenhang zwischen der skeptischen Geisteshaltung, als einer für diese Nation charakteristischen - wenngleich nicht ihrer einzigen -, mit jener politischen Möglichkeit, fruchtbare, die Nation aufrüttelnde, nicht sie zerrüttende Revolutionen zu entfesseln."
"383","1925-03-08","Zeitung","Berliner Tageblatt (Morgen-Ausgabe), 08.03.1925","""Es ist das Laster der Trunkenheit bei dieser Nation sehr gemein, und wenn sie über Getränke, so hitzig und stark es auch immer, kommen, wissen sie kein Maß, es in sich zu genießen."
"384","1931-12-31","Gebrauchsliteratur","Reimann, Hans: Vergnügliches Handbuch der Deutschen Sprache, Düsseldorf: Econ-Verl. 1964 [1931], S. 86","Schlösser erhob seine Stimme und sagte: „Seit dem Aufbruch, den unsere Nation vollzog, durchpulst ein nie gekannter motorischer Strom die bis dahin verborgen schlummernden, latenten Kräfte des dramatischen Schaffens, und ich stehe nicht an, zu erklären, daß im heutigen Deutschland den Musen eine rühmliche Mission zufällt, insbesondere der so lange im Abstieg begriffenen Thalia."
"385","1932-11-15","Zeitung","Archiv der Gegenwart, Bd. 2, 15.11.1932","Das Personal könnte sich aus Freiwilligen aller Nationen rekrutieren."
"386","1927-10-22","Zeitung","Tucholsky, Kurt: Und wer spricht für euch? In: ders., Kurt Tucholsky, Werke - Briefe - Materialien, Berlin: Directmedia Publ. 2000 [1927], S. 5493","Es geht ein tiefer Riß durch die deutsche Nation, und niemand ist heute berechtigt, als Sprecher für das gesamte Volk aufzutreten."
"387","1919-08-14","Zeitung","Tucholsky, Kurt: Militaria. In: ders., Kurt Tucholsky, Werke - Briefe - Materialien, Berlin: Directmedia Publ. 2000 [1919], S. 1172","Nicht die großen Skandale sind es, nicht die Sonderfälle, die sich überall einmal ereignen, sondern der tägliche Wust von Unehrlichkeit, Diebstahl an Nahrungsmitteln, den niemand mehr als Diebstahl empfand, Mißbrauch der Dienstgewalt und brutaler Unterdrückung der fremden Nationen."
"388","1931-12-31","Gebrauchsliteratur","Schulze, Hermann: Frohes Schaffen und Lernen mit Schulanfängern, Langensalza u. a.: Beltz 1939 [1931], S. 2","""Die Volksschule hat mit den anderen Schularten und neben den Gliederungen der Partei, dem Arbeitsdienst und dem Heer die hohe Aufgabe, die deutsche Jugend zur Volksgemeinschaft und zum vollen Einsatz für Führer und Nation zu erziehen."""
"389","1926-03-03","Zeitung","Berliner Tageblatt (Abend-Ausgabe), 03.03.1926","Dieser erklärte, daß Deutschland dem Völkerbunde beitreten müsse, um jene Freiheit und Gleichberechtigung unter den Nationen wiederzugewinnen, die es durch den Versailler Vertrag verloren habe."
"390","1919-04-02","Zeitung","Berliner Tageblatt (Abend-Ausgabe), 02.04.1919","Wenn Deutschland durch Bolschewismus und wirtschaftlichen Ruin in die Tiefe gehen müsse, dann wolle es Frankreich wenigstens mitziehen, selbst wenn das die letzte Tat wäre, die Deutschland als Nation durchführen könne."
"391","1926-12-31","Belletristik","Traven, B.: Das Totenschiff, Berlin: Büchergilde Gutenberg 1929 [1926], S. 181","Ihre Nation verleugnete sie und stieß sie von sich, auf der Yorikke war ihre Nation ihre ganze Persönlichkeit."
"392","1930-03-01","Zeitung","Berliner Tageblatt (Abend-Ausgabe), 01.03.1930","Er sprach vom ""Weltreich des deutschen Geistes"", das Kant und Goethe begründeten, und vom ""deutschen Volksstaat"" im Aufbruch zum Kriege 1914 - aber jetzt sei der Moment, in dem aus der unter der Mannschaft des Krieges gekeimten Kameradschaft die neue Nation geboren werde, die bisher noch immer am deutschen Individualismus und an der Spannung zwischen Geist und Staat scheiterte."
"393","1927-01-10","Wissenschaft","Hofmannsthal, Hugo von: Das Schrifttum als geistiger Raum der Nation. In: Bertram, Mathias (Hg.) Deutsche Literatur von Lessing bis Kafka, Berlin: Directmedia Publ. 2000 [1927], S. 94129","Die Nation, durch ein unzerreißbares Gewebe des Sprachlich-Geistigen zusammengehalten, wird Glaubensgemeinschaft, in der das Ganze des natürlichen und kultürlichen Lebens einbeschlossen ist; ein Nationstaat dieser Art erscheint als das innere Universum und von Epoche zu Epoche immer aufs neue als »das gedrungene Gegenstück zur deutschen Zerfahrenheit«."
"394","1928-12-31","Gebrauchsliteratur","Wilamowitz-Moellendorff, Ulrich von: Erinnerungen 1848-1914. In: Simons, Oliver (Hg.) Deutsche Autobiographien 1690-1930, Berlin: Directmedia Publ. 2004 [1928], S. 73602","Und sie haben die geistige Einigung der Nation trotz der durch die Demagogen verschuldeten Niederlage erreicht."
"395","1932-09-01","gesprochen","o.A., Kundgebung der NSDAP im Berliner Sportpalast, 01.09.1932","Wir haben unserem Volke klargemacht, in Millionen [??] (32:41 unverständlich) , dass am Ende die Kraft des Staates ewig nur in der Kraft der Nation und die Kraft der Nation immer nur in der (32:50 unverständlich) zu suchen ist, nicht in dem gesprochenen ""Seid einig!"" sondern in dem lebenswarm empfundenen gemeinsamen Kampf, im gemeinsamen Ringen, im gemeinsamen Leid und im gemeinsamen Opfern aller, in dieser Zusammengehörigkeit, die nicht von oben deklariert wird, sondern die gelebt und empfunden, die praktisch bewiesen werden muss."
"396","1918-03-30","Gebrauchsliteratur","Ball, Hugo: Vom Universalstaat. In: Deutsche Literatur von Lessing bis Kafka, Berlin: Directmedia Publ. 2000 [1918], S. 9797","Als Otto I. sich 962 vom Papste die Kaiserkrone erzwang, entstand das »Heilige römische Reich deutscher Nation«."
"397","1930-12-31","Wissenschaft","Freud, Sigmund: Das Unbehagen in der Kultur, Wien: Internat. Psychoanalyt. Verl. 1930, S. 97","Wir fügen hinzu, sie sei ein Prozeß im Dienste des Eros, der vereinzelte menschliche Individuen, später Familien, dann Stämme, Völker, Nationen zu einer großen Einheit, der Menschheit, zusammenfassen wolle."
"398","1926-03-04","Zeitung","Vossische Zeitung (Abend-Ausgabe), 04.03.1926","Auch die Frage der Fürstenabfindung muß in einem Geiste gelöst werden, der alle anderen Rücksichten zurücktreten läßt hinter der Notwendigkeit, die schaffenden und aufbauenden Kräfte der Nation zusammenzufassen , um in langsamer Arbeit die Folgen des Krieges, der Niederlage und des Nachkriegs zu überwinden."
"399","1925-03-05","Zeitung","Vossische Zeitung (Morgen-Ausgabe), 05.03.1925","Dann aber odrnet sich das Chaos, und der unendliche Durchmarsch der unbekannten Tausende beginnt, die den Sohn des Volkes, den ersten Bürger der Nation, den jäh entrissenen ersten Präsidenten des Deutschen Reiches zum letzten Male grüßen wollen."
"400","1932-12-31","Wissenschaft","Jahresberichte für deutsche Geschichte, 1930, S. 200","Das Erwachen des deutschen Bewußtseins, das zunächst in Forderungen auf stärkere Pflege deutscher Geschichte und Kultur, deutscher Sitte und Tracht, dann aber auch in der Sehnsucht nach der Bildung einer »mächtigen deutschen Nation unter einem obersten Haupt« unter Einschluß der Holländer und Schweizer zum Ausdruck kam, wurde dank auch der amtlichen Förderung durch die Regierung Stadions vor und während des Krieges von 1809 besonders deutlich."
"401","1929-12-31","Wissenschaft","Mannheim, Karl: Ideologie und Utopie, Frankfurt a.M: Klostermann 1985 [1929], S. 202","Diese Idee, dieser Geist wird aber nicht rational erdacht, als beste freischwebende Möglichkeit projektiert, sondern entweder in uns als still wirkende Kraft"" (Savigny) innerlich erfaßt oder in den kollektiven Schöpfungen der konkreten Gemeinschaft des Volkes, der Nation, des Staates als zur Entfaltung gelangte Entelechie, als innere Form, zumeist morphologisch erschaut."
"402","1932-01-01","Zeitung","Frankfurter Zeitung (2. Morgenblatt), 01.01.1932","Hier handelt es sich um die Nation, um Europa, um die Welt."
"403","1920-12-31","Gebrauchsliteratur","Friedländer, Hugo: Der Beleidigungsprozeß des Berliner Stadtkommandanten, Generalleutnant z.D. Graf Kuno von Moltke gegen den Herausgeber der »Zukunft« Maximilian Harden. In: ders., Interessante Kriminal-Prozesse, Berlin: Directmedia Publ. 2001 [1920], S. 4265","Wenn wir, im Bewußtsein unserer Kraft, jede unwürdige Zumutung ablehnten, wenn wir zeigten, daß im Notfall das Schwert gezogen werden kann, gezogen werden wird, sobald die Ehre und die Zukunft der Nation es fordert, dann würde unsere Weltstellung besser sein."
"404","1925-12-31","Belletristik","Kisch, Egon Erwin: Der rasende Reporter, Berlin: Aufbau-Taschenbuch-Verl. 2001 [1925], S. 94","Der kannte die Psyche der Seamen und Docker aller Nationen!"
"405","1927-12-31","Gebrauchsliteratur","Diederichs, Eugen: Aus meinem Leben. In: Simons, Oliver (Hg.) Deutsche Autobiographien 1690-1930, Berlin: Directmedia Publ. 2004 [1927], S. 19364","Nation bedeutet immer Endlichkeit, Geist aber bedeutet Unendlichkeit."
"406","1919-12-31","Wissenschaft","Hofmannsthal, Hugo von: Die Salzburger Festspiele. In: Bertram, Mathias (Hg.) Deutsche Literatur von Lessing bis Kafka, Berlin: Directmedia Publ. 2000 [1919], S. 93978","Bayreuth bleibe wie es ist, aber es dient einem großen Künstler; Salzburg will dem ganzen klassischen Besitz der Nation dienen."
"407","1921-12-31","Belletristik","Luckner, Felix von: Seeteufel, Herford: Kohler 1966 [1921], S. 13","So kam ich zum erstenmal in meinem Leben über St. Pauli und war erstaunt über das riesenhafte Tingeltangel-Getriebe dieser internationalen Vergnügungszentrale der seefahrenden Nationen."
"408","1926-12-31","Belletristik","Traven, B.: Das Totenschiff, Berlin: Büchergilde Gutenberg 1929 [1926], S. 178","So viele Leute auf der Yorikke waren, so viele Nationen waren auch vertreten."
"409","1920-12-31","Wissenschaft","Weber, Max: Die protestantische Ethik und der Geist des Kapitalismus. In: Weber, Marianne (Hg.) Gesammelte Aufsätze zur Religionssoziologie, Bd. I, Tübingen: Mohr 1920 [1920], S. 111","– Das so viel beklagte »Sich-Schicken« des Deutschen in fremde Kulturen, ihr schneller Nationalitätswechsel ist, – neben bestimmten politischen Schicksalen der Nation, – auch recht wesentlich auf Rechnung dieser, in allen unseren Lebensbeziehungen noch heute nachwirkenden Entwicklung zu setzen."
"410","1922-05-22","Zeitung","Tucholsky, Kurt: Wenn der Vater mit dem Sohne . . . ! In: Kurt Tucholsky, Werke - Briefe - Materialien, Berlin: Directmedia Publ. 2000 [1922]","er habe abgedankt, spricht er; aber nicht etwa, weil er die Revolutionsregierung anerkannt habe und weil es ihm mit der Abdankung ernst sei, sondern weil für einen Thronfolger das wahre Fundament der Rechte das Vertrauen der Nation sei, die ihn ja jederzeit wiederberufen könne, »Gibt jemand, der in großer Not zum Wohl des Ganzen den Verzicht auf ein verbrieftes Recht erklärt, etwas von dem höheren freien Recht preis, dem Ruf zu folgen, wenn er jemals aus dem Willen der Mehrheit an ihn ergehen sollte?«"
"411","1920-12-12","Wissenschaft","Hofmannsthal, Hugo von: Rede auf Beethoven. In: Bertram, Mathias (Hg.) Deutsche Literatur von Lessing bis Kafka, Berlin: Directmedia Publ. 2000 [1920], S. 94018","Nicht länger in diesen neueren Zeiten bleiben die Nationen eine Einheit in sich, wie wir uns die Alten denken oder die großen Völker des Orients: wie ein einziger metallener Stab das ganze Volk, einen vollen Ton gebend unterm Hammerschlag des Schicksals; am wenigsten sie, die zerklüftete von Anbeginn, die deutsche."
"412","1927-03-04","Zeitung","Vossische Zeitung (Morgen-Ausgabe), 04.03.1927","""Die Enthüllung der Wahrheit über die Vorgeschichte des Weltkrieges ist eine Tat im Sinne der Völkerversöhnung . Immer stärker regen sich in allen Ländern diejenigen Kräfte, die daran arbeiten, die Gegensätze zwischen den Nationen zu überwinden und ein Zusammenarbeiten herbeizuführen."
"413","1929-06-25","Zeitung","Tucholsky, Kurt: Ein besserer Herr. In: Kurt Tucholsky, Werke - Briefe - Materialien, Berlin: Directmedia Publ. 2000 [1929]","Gegen den Willen dieser Nation, ja ohne ihr Wissen, unter ihrer gänzlichen Gleichgültigkeit Instrumente der Nation?"
"414","1932-03-02","Zeitung","Völkischer Beobachter (Reichsausgabe), 02.03.1932","[...] Schicksalsbestimmung nur richtig verstehen, sehr wohl bei den bevorstehenden innerpolitischen Entscheidungen die Schrittmacher bilden können, diese Erneuerung, die durch endgültige Überwindung und Beseitigung der unsere Luft verpestenden Verwesungselemente einer für uns erledigten Zeitepoche: des Liberalismus, Demokratismus, Marxismus, Materialismus, des Klassenhasses und Eigennutzes, die Bahn freimachen soll für eine neue Volkswerdung im mitteleuropäischen Raum, für eine Reuordnung der deutschen Ration auf der ewigen Grundlage der Blutsverbundenheit, des Ständefriedens und Gemeinschaftssinnes, die ihrerseits wieder - wenn richtig verstanden und durchgeführt - sehr wohl die Grundlage zu einem besseren Nebeneinanderleben der Nationen bilden kann! [...]"
"415","1928-01-08","Zeitung","Kölnische Volkszeitung und Handelsblatt, 08.01.1928","Die französische Regierung ist der Ansicht, daß die von Ew. Exzellenz angeregte Prozedur, wenn man ihr in einer der öffentlichen Meinung und dem Volksempfinden der verschiedenen Nationen entsprechenden Weise folgt, sehr wohl als geeignet erscheint , den Ansichten der französischen Regierung Genüge zu leisten."
"416","1932-01-27","gesprochen","Hitler, Adolf, Primat der deutschen Politik: Wiederherstellung eines gesunden, nationalen und schlagkräftigen deutschen Volkskörpers?, in: Vortrag Adolf Hitlers vor westdeutschen Wirtschaftlern im Industrie-Klub Düsseldorf, München: 1932","Nein, im Gegenteil: dieses Ringen wird fortgesetzt, bis eine Nation entweder endgültig im Internationalismus und in der Demokratie versinkt und damit der völligen Auflösung anheimfällt oder sich wieder eine neue logische Form des inneren Lebens schafft."
"417","1922-07-18","Zeitung","Tucholsky, Kurt: Stimmungsbild aus dem Reichstag. In: Kurt Tucholsky, Werke - Briefe - Materialien, Berlin: Directmedia Publ. 2000 [1922]","Die Edelsten der Nation erheben sich von ihren Sitzen und gehen."
"418","1927-12-06","Zeitung","Tucholsky, Kurt: Auf dem Nachttisch. In: ders., Kurt Tucholsky, Werke - Briefe - Materialien, Berlin: Directmedia Publ. 2000 [1927], S. 5601","Wir lernen, was es mit der englischen Aristokratie auf sich hat; wie das konservative Element drüben aussieht und das liberale und das sozialistische, und wie das konservative sie alle drei durchdringt . . . wir sehen Reinhold Schünzel, als Churchill verkleidet, und den Deutschenfresser Northcliffe, den die Deutschnationalen jetzt bei uns, das ist die große Mode, mit einem Radauantisemiten vergleichen, was die Rolle der Deutschen unter den Nationen gut beleuchtet; wir lernen etwas von den englischen Geschäftsleuten kennen und zum Glück gar nichts von G. B. S."
"419","1927-12-31","Wissenschaft","Jahresberichte für deutsche Geschichte, 1927, S. 247","Nicht nur die Abstimmung nach Nationen (durch die diese aus rein privaten Klubs oder Parteien zu Organen der Versammlung werden), sondern sogar die Lehre von der Superiorität des Konzils über den Papst ist nur als Notstandstheorie angenommen worden; nach Beseitigung des Schisma fehlte ihr der Halt in der öffentlichen Überzeugung."
"420","1929-03-03","Zeitung","Völkischer Beobachter (Reichsausgabe), 03.03.1929","Der Vorwurf des Landesverrats ist nichts gegenüber einer Partei, die keine Pflichten gegenüber Land und Nation hat, die Pflichten lediglich gegenüber der Klasse des Proletariats hat."""
"421","1922-03-30","Zeitung","Kraus, Karl: Annäherung der Nationen. In: Kurt Tucholsky, Werke - Briefe - Materialien, München: Saur 2002 [1922]","Annäherung der Nationen"
"422","1931-03-01","Zeitung","Völkischer Beobachter (Reichsausgabe), 01.03.1931","Unter diesem Gesichtswinkel gesehen, steht das deutsche Volk an der Spitze der europäischen Nation, denn wohl in keinem Lande der Alten Welt wird die Totenehrung stärker gepflegt als bei uns."
"423","1926-01-01","Zeitung","Frankfurter Zeitung (1. Morgenblatt), 01.01.1926","Wenn Chamberlain und Mussolini gleichwohl diese Begegnung suchten, kann somit ihr Sinn nur sein, daß sowohl in Rom wie in Londno nunmehr das Bedürfnis besteht, daß in anbetracht der gesamten Weltlage jede überflüssige Reibung zwischen den beiden Nationen vermieden werde."
"424","1920-12-19","Wissenschaft","Hofmannsthal, Hugo von: [Zürcher Rede auf Beethoven]. In: Bertram, Mathias (Hg.) Deutsche Literatur von Lessing bis Kafka, Berlin: Directmedia Publ. 2000 [1920], S. 94004","er war ein Geist, der letzte und der gewaltigste, den der Genius der Nation noch hinaufrufen konnte und hineinstoßen in diese ungeheure Epoche."
"425","1918-12-31","Gebrauchsliteratur","Peters, Carl: Lebenserinnerungen. In: Simons, Oliver (Hg.) Deutsche Autobiographien 1690-1930, Berlin: Directmedia Publ. 2004 [1918], S. 52739","Ein friedliches Zusammenleben mit dieser Art war für eine Nation, welche selbst ein Herrenvolk werden wollte, nach menschlicher Berechnung kaum möglich."
"426","1928-12-31","Wissenschaft","Benjamin, Walter: Ursprung des deutschen Trauerspiels. In: Tiedemann, Rolf u. Schweppenhäuser, Hermann (Hgg.) Gesammelte Schriften, Bd. 1,1, Frankfurt a. M.: Suhrkamp 1980 [1928], S. 307","Vor dem höchsten ästhetischen Richterstuhle bestehn sie untadelig, und wenn irgend ein verständiger Sonderer, wegen gewisser Stellen, hartnäckig gegen sie klagen sollte, so würden sie ein Bild jener Nation, jener Zeit, für welche sie gearbeitet, lächelnd vorweisen und nicht etwa dadurch bloß Nachsicht erwerben, sondern deshalb, weil sie sich so glücklich bequemen konnten, neue Lorbeern verdienen.«Also nicht um seine Bedingtheit ihm nachzusehen sondern die Art seiner Unbedingtheit erfassen zu lernen, fordert Goethe zum Studium des Spaniers auf."
"427","1926-03-05","Zeitung","Berliner Tageblatt (Morgen-Ausgabe), 05.03.1926","Aber da auch eine Politik des Geheimkabinetts nicht die Lebensbedürfnisse einer Nation mißachten kann, ist immerhin genug sachlicher Gehalt zur Würdigung auch der diesmaligen Reise des südslawischen Außenministers vorhanden."
"428","1923-12-31","Wissenschaft","Schmitt, Carl: Die geistesgeschichtliche Lage des heutigen Parlamentarismus, Berlin: Duncker & Humblot 1991 [1923], S. 14","Seit dem 19. Jahrhundert besteht sie vor allem in der Zugehörigkeit zu einer bestimmten Nation, in der nationalen Homogenität."
"429","1923-12-31","Gebrauchsliteratur","Schultze-Pfaelzer, Gerhard: Propaganda, Agitation, Reklame, Berlin: Stilke 1923, S. 200","Wenn man allerdings die außerordentliche Machtexpansion der freien öffentlichen Meinung in den letzten Jahrzehnten ins Auge faßt, so möchte man nicht gerade daran glauben, daß die Politik der zivilisierten Nationen schon wieder in reaktionäre Systeme zurückmünden will."
"430","1928-12-31","Wissenschaft","Jahresberichte für deutsche Geschichte, 1928, S. 174","Als selbstlose Mittlerin in der Völkerfamilie zeige sich für Schlegel die Stärke und die Schwäche seiner Nation."
"431","1927-01-10","Wissenschaft","Hofmannsthal, Hugo von: Das Schrifttum als geistiger Raum der Nation. In: Bertram, Mathias (Hg.) Deutsche Literatur von Lessing bis Kafka, Berlin: Directmedia Publ. 2000 [1927], S. 94125","Von den drei romanischen Nationen, welche seit dem sechzehnten Jahrhundert eine nach der anderen die kulturelle Führerschaft innehatten, ist uns die französische ihren Grenzen nach und durch Schicksalsverbundenheit die nächste."
"432","1920-03-06","Zeitung","Vossische Zeitung (Morgen-Ausgabe), 06.03.1920","34 Nationen bei der VII. Olympiade."
"433","1930-03-01","Zeitung","Berliner Tageblatt (Abend-Ausgabe), 01.03.1930","Man konnte den Eindruck haben, in dem Moment marschiere die Nation."
"434","1931-03-02","Zeitung","Berliner Tageblatt (Abend-Ausgabe), 02.03.1931","Die Vervielfältigung wirtschaftlich gesunder Einzelbeziehungen zwischen den Nationen kann nur erwünscht sein und ist dringend notwendig."
"435","1918-12-31","Wissenschaft","Weber, Max: Parlament und Regierung im neugeordneten Deutschland. In: Weber, Marianne (Hg.) Gesammelte Politische Schriften, München: Drei Masken Verl. 1921 [1918], S. 259","Aber freilich: eine Nation, die nur gute Beamte, schätzbare Bürokräfte, ehrliche Kaufleute, tüchtige Gelehrte und Techniker und - treue Diener hervorbrächte und im übrigen eine kontrollfreie Beamtenherrschaft unter pseudomonarchischen Phrasen über sich ergehen ließe, - die wäre kein Herrenvolk und täte besser, ihren Alltagsgeschäften nachzugehen, anstatt die Eitelkeit zu haben, sich um Weltschicksale zu kümmern."
"436","1927-12-31","Wissenschaft","Jahresberichte für deutsche Geschichte, 1927, S. 628","»Die Aufgabe, welche Deutschösterreich in der alten Monarchie hatte, ist entfallen, nur die Aufgabe, in der eigenen Nation als der von Gott gewollten Ordnung zu wirken, ist ihm geblieben."
"437","1922-03-08","Zeitung","Vossische Zeitung (Abend-Ausgabe), 08.03.1922","Die Regierungen des Westens würden aber einen großen Versuch unternehmen, um den Osten Europas von neuem in die Genteinschaft der Nationen zu bringen, da sie einsähen, daß, so lange der größere Teil Europas kommerziell außer Betrieb sei, keine Aussicht darauf bestehe, den Warenaustausch der ganzen Welt wiederherzustellen, der für eine Rückkehr der allgemeinen Wohlfahrt unentbehrlich sei."
"438","1919-12-31","Wissenschaft","Hofmannsthal, Hugo von: Die Salzburger Festspiele. In: Bertram, Mathias (Hg.) Deutsche Literatur von Lessing bis Kafka, Berlin: Directmedia Publ. 2000 [1919], S. 93977","Vielfach mit bestem Willen, aber meist mit unzulänglichen Kräften; darum wollen wir Festspiele schaffen, damit das Richtige und der Nation Gemäße hier in zulänglicher Weise getan werde."
"439","1925-08-25","Zeitung","Tucholsky, Kurt: Der neue Morand. In: ders., Kurt Tucholsky, Werke - Briefe - Materialien, Berlin: Directmedia Publ. 2000 [1925], S. 3847","(Anmerkung für die 'Deutsche Allgemeine Zeitung': Welch eine degenerierte Nation!) Über den dreien schwebt eine Wolke von Spannung, eisgekühltem Alkohol, Kitzel, Zigarettenluft und Nachtstunde."
"440","1922-03-30","Zeitung","Die Fackel [Elektronische Ressource], 2002 [1922]","Denn sonst hätte ihn einer gewiß darauf aufmerksam gemacht, daß die Gleichzeitigkeit der beiden Molière-Feiern nicht so sehr ein tiefes Symbol geistigen und kulturellen Zusammenhanges der beiden Nationen sein dürfte als ein Beweis dafür, daß Molière eben dreihundert Jahre alt geworden ist und zwar gleichzeitig in Paris und in Wien."
"441","1924-03-11","Zeitung","Vossische Zeitung (Abend-Ausgabe), 11.03.1924","Man war der Ansicht, daß nur ein ""überparteiliches Direktorium"" dieser Riesenaufgabe gewachsen sein konnte, und daß dieses Direktorium die Aufgabe hatte, die Ehre der Nation wieder herzustellen und, gestützt auf eine starke militärische Macht, frei von parlamentarischen Einflüssen, tief einschneidende Maßnahmen zur Rettung des Vaterlandes zu beschließen."
"442","1932-10-12","Zeitung","Archiv der Gegenwart, Bd. 2, 12.10.1932","Der Wohlfahrtsstaat, oder besser der Versorgungsstaat, habe die moralischen Kräfte der Nation zu schwächen bedroht."
"443","1920-03-06","Zeitung","Vossische Zeitung (Morgen-Ausgabe), 06.03.1920","Die Kriegsverbrecher hätte man ohne Unterschied der Nation vor neutrale Gerichte stellen sollen."
"444","1932-12-11","Zeitung","Archiv der Gegenwart, Bd. 2, 11.12.1932, S. 605 [ff.]. Zit. n. CD-ROM-Ausgabe 2001.","Das knappe Ergebnis des Kampfes zeigt die Angleichung des Könnens der ersten europäischen Klasse an das Englands, des klassischen Fußballandes und Lehrers der europäischen Nationen."
"445","1927-12-31","Zeitung","Tucholsky, Kurt: Ein Pyrenäenbuch. In: ders., Kurt Tucholsky, Werke - Briefe - Materialien, Berlin: Directmedia Publ. 2000 [1927], S. 4843","Der Krankenträger, der hier die Ordnung aufrechtzuerhalten hat, trennt ihn nach Nationen."
"446","1932-02-15","Zeitung","Archiv der Gegenwart, Bd. 2, 15.02.1932, S. 171 [ff.]. Zit. n. CD-ROM-Ausgabe 2001.","Für mich gibt es nur ein wahrhaft nationales Ziel: Zusammenschluß des Volkes in seinem Existenzkampf und volle Hingabe jedes Deutschen in dem harten Ringen um die Erhaltung der Nation."
"447","1930-03-07","Gebrauchsliteratur","Völkischer Beobachter (Bayernausgabe), 07.03.1930","Es wird alles zusammenwirken, um in fester und doch nicht kleinlicher Weise die nationalsozialistische Volksbewegung geschichtlich in das Gesamtleben der deutschen Nation einzugliedern, sie abzugrenzen gegenüber den geistig-seelischen Strömungen unserer Zeit und ihre Zusammenschau des nationalsozialistischen Gedankens als die zukunftsträchtige Neubildung der echten deutschen Volksgemeinschaft zu begründen."
"448","1918-12-31","Wissenschaft","Weber, Max: Parlament und Regierung im neugeordneten Deutschland. In: Weber, Marianne (Hg.) Gesammelte Politische Schriften, München: Drei Masken Verl. 1921 [1918], S. 138","Er hinterließ eine Nation ohne alle und jede politische Erziehung, tief unter dem Niveau, welches sie in dieser Hinsicht zwanzig Jahre vorher bereits erreicht hatte."
"449","1925-03-07","Zeitung","Vossische Zeitung (Morgen-Ausgabe), 07.03.1925","Jeder fühlt sich gerührt und veredelt, wenn er nacherlebt, wie der Held sich aus eigener Kraft vom Unzulänglichen und Gemeinen löst und geduldig Stufe um Stufe emporsteigt, bis er sich mit bescheidenem Stolz neben die Besten der Nation stellen darf."
"450","1928-04-02","Zeitung","Vossische Zeitung (Abend-Ausgabe), 02.04.1928","Nur hat der deutsche Schiffsbau nach dem Kriege bei der Herstellung unserer neuen Handelsflotte diese Erfahrungen schon in den Neubauten verwerten können, so daß die deutschen Fahrgastschiffe einen gewissen Vorsprung vor denen anderer Nationen haben."
"451","1932-09-01","gesprochen","o.A., Kundgebung der NSDAP im Berliner Sportpalast, 01.09.1932","Auch hier kann ich den Herren nur eines sagen, wir waren einst auch nicht mehr als ihr Klub, aber in 14 Jahren ist aus dem Klub praktisch die deutsche Nation geworden, die heute kampfkräftig (Beifall) , die heute kampfkräftig und zuversichtlich wieder in die Zukunft blickt."
"452","1929-12-31","Gebrauchsliteratur","Welt und Wissen, 1929, Nr. 1, Bd. 18","Die elektrische Wirtschaft bringt der Nation nicht nur jene direkten Vorteile, die jedem elektrischen Betrieb anhaftet, sondern ist auch mit weitgreifenden indirekten Folgen verbunden: einer gewaltigen Befruchtung des Arbeitsmarktes."
"453","1924-03-14","Zeitung","Berliner Tageblatt (Morgen-Ausgabe), 14.03.1924","Ich habe darauf hingewiesen, daß es sich bei der ungemein schwierigen Lage in Staat und Wirtschaft zurzeit nur darum handeln könne, das Leben der Nation zu retten."
"454","1927-01-10","Wissenschaft","Hofmannsthal, Hugo von: Das Schrifttum als geistiger Raum der Nation. In: Bertram, Mathias (Hg.) Deutsche Literatur von Lessing bis Kafka, Berlin: Directmedia Publ. 2000 [1927], S. 94129","Nichts ist im politischen Leben der Nation Wirklichkeit, das nicht in ihrer Literatur als Geist vorhanden wäre, nichts enthält diese lebensvolle, traumlose Literatur, das sich nicht im Leben der Nation verwirklichte."
"455","1922-04-06","Zeitung","Tucholsky, Kurt: Die Ämter. In: Kurt Tucholsky, Werke - Briefe - Materialien, Berlin: Directmedia Publ. 2000 [1922]","Daß der Beamte aber auch ein Teil der Nation ist, daß er nur Symptom und kein Urphänomen ist, und daß jeder Beamte den andern Beamten gegenüber wiederum Bürger ist: das hat sich noch nicht herumgesprochen."
"456","1918-03-13","Zeitung","Berliner Tageblatt (Morgen-Ausgabe), 13.03.1918","Die Neutralität Mexikos würde in einem solchen Falle der Sicherheit und Unverletzlichkeit einer großen und volkreichen Nation geopfert werden müssen . Amerika vertritt in dem Problem der Neutralisierung eines Landes die höchsten moralischen Prinzipien; aber im Fall der Not darf es nicht zu seiner eigenen Vernichtung beitragen."
"457","1932-03-01","Zeitung","Völkischer Beobachter (Reichsausgabe), 01.03.1932","Im Mittelpunkt des kommenden deutschen Staates steht der deutsche Mensch, steht das deutsche Volk, dessen Lebenswille sich unter Berücksichtigung wirtschaftlicher Tatsachen und Notwendigkeiten eine Wirtschaftsform geben muß, die für alle Schaffenden eine sichere Existenzgrundlage sein wird, und ein Mittel ist, den Bestand der Nation auch nach außen hin zu garantieren."
"458","1932-09-01","gesprochen","o.A., Kundgebung der NSDAP im Berliner Sportpalast, 01.09.1932","Im Inneren der Nation muss erst die Kraft werden, und dann wird die Welt einmal sanktionieren."
"459","1927-12-31","Gebrauchsliteratur","Ostwald, Wilhelm: Lebenslinien. Eine Selbstbiographie, 3 Teile. In: Simons, Oliver (Hg.), Deutsche Autobiographien 1690 - 1930, Berlin: Directmedia Publ. 2004 [1927], S. 50270","Der ganze Vorgang vollzog sich aber mit der selbstverständlichen putzigen Würde, welche diese Nation bei offiziellen Feiern aufzubringen pflegt und keinerlei Unruhe in dem riesengroßen Saale gab Kunde von der ungeheuren Langeweile, die ich bei diesen tausend Menschen annehmen zu müssen glaubte."
"460","1919-03-29","Zeitung","Vossische Zeitung (Morgen-Ausgabe), 29.03.1919","Der große Staatsmann, der in seiner Politik die aufbauenden Kräfte der Nation vereinigt, und in dem neuen Zeitalter der weltweiten Zusammenhänge die Brücke der gemeinsamen Interessen und Bedürfnisse zwischen den aufeinander angewiesenen Nationen zu schlagen weiß, ist bis jetzt nicht erschienen."
"461","1931-12-13","Zeitung","Archiv der Gegenwart, Bd. 1, 13.12.1931, S. 106 [ff.]. Zit. n. CD-ROM-Ausgabe 2001.","Mit der Ausrottung dieses Geistes unterschreibt man das Todesurteil der Nation Das Volk selbst entscheidet über seine Verfassung."
"462","1932-09-12","Zeitung","Archiv der Gegenwart, Bd. 2, 12.09.1932, S. 480 [ff.]. Zit. n. CD-ROM-Ausgabe 2001.","Die Abrüstungskonferenz sei hierfür nicht zuständig, da die Forderung Deutschlands nach Aufrüstung ihrem Zweck direkt zuwiderlaufe und da an dieser Konferenz Vertreter von Nationen teilnehmen, die an den Friedensverträgen nicht beteiligt waren."
"463","1926-12-31","Gebrauchsliteratur","Klemperer, Victor: [Tagebuch] 1926. In: ders., Leben sammeln, nicht fragen wozu und warum, Berlin: Aufbau-Taschenbuch-Verl. 2000 [1926], S. 90","Was macht nun den Staat u. die Nation aus?"
"464","1932-03-04","Zeitung","Völkischer Beobachter (Reichsausgabe), 04.03.1932","Hält eine seiner ungezählten Reden an die deutsche Nation , die unter seinen Hammerschlägen sich nun zum Aufbruch rüstet . Rechnet ab mit den Parteien und Männern der Vergangenheit, die uns dahin führten, wo wir heute stehen, und was durch die Wahl des alten Reichspräsidenten nun für die nächsten Jahre erhalten bleiben soll Und zeigt auf der anderen Seite das junge Deutschland unter dem Nationalsozialismus , seinen unermeßlichen Glauben und Willen, die Zukunft neu und besser zu gestalten."
"465","1928-12-18","Zeitung","Tucholsky, Kurt: Wahnsinn Europa. In: Kurt Tucholsky, Werke - Briefe - Materialien, Berlin: Directmedia Publ. 2000 [1928]","Auf diese Empfindlichkeit nimmt eigentlich nur der Vorsitzende Rücksicht, der »nicht duldet, daß von einer Schwesternation so gesprochen wird, von einer befreundeten Nation, von einer verbündeten Nation . . ."
"466","1920-03-05","Zeitung","Berliner Tageblatt (Abend-Ausgabe), 05.03.1920","Die Regierung Ihrer Majestät hat sich darüber gewundert , daß diese Auffassung Ihrer Pflichten tatsächlich einen Akt darstellen soll, der Holland , wie es in der Note vom 14. Februar heißt, außerhalb der Gemeinschaft der Nationen stellen würde . Die holländische Geschichte , an welche die Mächte in diesem Gedankengang appellieren, indem sie an die bisher geübte Gerechtigkeit und an die Kämpfe für die eigene Freiheit des Königriches erinnern, spricht stark gegen die Richtigkeit dieses Vorwurfes."
"467","1919-04-04","Zeitung","Berliner Tageblatt (Morgen-Ausgabe), 04.04.1919","Daß Danzig nach Bevölkerung und Sprache deutsch ist, und ebenso wie Oberschlesien laut einem geschichtlichen Charakter auch dank einem bis zum Aeußersten gehenden Selbstbestimmungsrecht der Nationen nicht mit Fug Polen zugesprochen werden könnte, mag der chauvinistischen Hetzpresse Frankreichs, nicht aber Ihnen , Herr Präsident, als dem Wissenden und Wägenden, unbekannt sein."
"468","1931-03-03","Zeitung","Vossische Zeitung (Morgen-Ausgabe), 03.03.1931","Das Auslanddeutschtum als Kulturfrage"" von Professor Schreiber, ""Das Recht der nationalen Minderheiten"" von Erler, die in dieser Zeit der nationalen Begriffsverwirrung besonders lesenswerte Studie ""Begriff und Wesen der Nation"" von Dr. Fels, das zweibändige Werk von Kleinschmidt ""Auslanddeutschtum und Kirche"" u.a. verdienen Aufmerksamkeit."
"469","1924-07-26","Zeitung","Tucholsky, Kurt: Das falsche Plakat von Paris. In: ders., Kurt Tucholsky, Werke - Briefe - Materialien, Berlin: Directmedia Publ. 2000 [1924], S. 3106","Jede Nation hat sich immer und überall auf der Welt von den andern ein vereinfachendes Plakatbild gemacht, das meist so vergröbert ist, daß es überhaupt nicht mehr stimmt (und es gibt nur einen Fall, Herr General, wo die Karikatur milder ist als das Urbild)."
"470","1920-12-31","Wissenschaft","Delbrück, Hans: Geschichte der Kriegskunst im Rahmen der politischen Geschichte - Vierter Teil: Neuzeit, Berlin: Directmedia Publ. 2002 [1920], S. 4196","Man kann nicht anders, als diese Nation bewundern; ich habe gestern einen Hujarenoffizier gefangen, dessen Betragen so edel war, daß man verzweifeln möchte, es bei uns so zu finden 478 «."
"471","1927-03-05","Zeitung","Vossische Zeitung (Morgen-Ausgabe), 05.03.1927","Die Kriegsmaterialbeschaffung sei durch die Bestimmung geregelt, daß alle Kräfte der Nation angespannt werden müßten, und daß keine Kriegsgewinne erzielt werden dürften."
"472","1919-12-31","Wissenschaft","Hofmannsthal, Hugo von: Die Salzburger Festspiele. In: Bertram, Mathias (Hg.) Deutsche Literatur von Lessing bis Kafka, Berlin: Directmedia Publ. 2000 [1919], S. 93982","Tragen Zehntausende von Kilometern Eisenbahn nicht mehr dazu bei, daß die Nationen einander kennen, als alle Theater und Bibliotheken der Welt?"
"473","1919-03-29","Zeitung","Vossische Zeitung (Morgen-Ausgabe), 29.03.1919","Wenn Ihre Politik in den vergangenen fünf Monaten irgend etwas getan hätte, um das elende Leben gewisser Nationen zu erleichtern, so wäre es nicht so weit gekommen."
"474","1927-12-31","Wissenschaft","Jahresberichte für deutsche Geschichte, 1927, S. 153","Diese Kulturwelt wird von den Nationen als Individualitäten getragen:"
"475","1932-03-04","Zeitung","Völkischer Beobachter (Reichsausgabe), 04.03.1932","In größeren Scharen drehten diese dem System den Rücken und gingen zu der Bewegung, die allein den Weiterbestand der Nation garantierte, sie gingen zu Adolf Hitler !"
"476","1929-11-19","Zeitung","Tucholsky, Kurt: Henri Barbusse und die Platte 'Lord help me -!'. In: ders., Kurt Tucholsky, Werke - Briefe - Materialien, Berlin: Directmedia Publ. 2000 [1929], S. 7064","Ich habe es nicht gern, wenn man über ein ganzes Volk herfällt - die Grenzen unter den Menschen laufen ja nicht so, wie dieses geistesverwirrte Europa sie auf der Landkarte gezogen hat . . . sie laufen anders: quer durch die Nationen."
"477","1926-03-01","Zeitung","Vossische Zeitung (Abend-Ausgabe), 01.03.1926","Dann sollte ein Völkerbund aus den neutralen und den kriegführenden Nationen gebildet werden, der ein Damm gegen künftige Konflikte sein sollte."
"478","1932-04-04","Zeitung","Archiv der Gegenwart, Bd. 2, 04.04.1932","Nachdem dies geschehen sei, müßten neue Parteiorganisationen geschaffen werden, durch welche die Nation in die Lage versetzt werde, am politischen Leben teilzunehmen und Verantwortungen zu tragen. (L. B. Regierung 122 E, Innenpolitik 78 B.)"
"479","1926-03-03","Zeitung","Berliner Tageblatt (Abend-Ausgabe), 03.03.1926","Die gesamte öffentliche Meinung Deutschlands ist daher mit dem Kanzler einig nicht nur, daß es Deutschlands Würde gebiete, wenn diese Politik sich durchsetzt, sich vom Völkerbunde wieder zurückzuziehen, sondern auch, daß unter solchen Umständen der Eintritt für Deutschland selber wie für die übrigen Nationen, vollständig zwecklos wäre."
"480","1927-01-10","Wissenschaft","Hofmannsthal, Hugo von: Das Schrifttum als geistiger Raum der Nation. In: Bertram, Mathias (Hg.) Deutsche Literatur von Lessing bis Kafka, Berlin: Directmedia Publ. 2000 [1927], S. 94142","[...] Die Gestalt des Suchenden ist an keine Altersstufe gebunden: wie wir jenem zum frühen Tode bestimmten Jüngling begegnet sind und in verwandelter Gestalt ihm wieder begegnen werden, dessen Gespräche so hoch waren, daß es den Überlebenden bedünken mochte, aus diesem früh verschlossenen Munde habe der Genius der Nation zu ihm gesprochen, so führt uns ein anderer Schicksalstag den Sechzigjährigen entgegen, der mit fast Gleichalterigen sich zusammengefunden hat, daß sie mit Jünglingseifer ihre Erfahrung aufeinanderlegen, die Erfahrung ihrer Wissenschaft, ihres Arzttums, ihres geistlichen Amtes, ihrer Jugendbildnerschaft, ihres Künstlerstrebens, und daß sie aller dieser Dinge Wesenheit erkennen, als die »verstreuten Glieder einer Idealität, die sich nicht zu sehen, nur zu suchen gibt«, und ringen, aus ihnen die eine Wissenschaft zu ziehen, die not tut. [...]"
"481","1926-12-31","Belletristik","Traven, B.: Das Totenschiff, Berlin: Büchergilde Gutenberg 1929 [1926], S. 178","Jede Nation hat ihre Toten, die leben und atmen, aber gegenüber der Nation doch tot für ewig sind."
"482","1918-03-07","Zeitung","Berliner Tageblatt (Morgen-Ausgabe), 07.03.1918","Von besonderer politischer Bedeutung ist das Recht auf nationale Anerkennung in Littauen , wo die Juden eine unter vier Nationen sind, von denen keine eine Mehrheitsnationalität darstellt."
"483","1932-07-25","gesprochen","o.A.[von Hauenschildt], Rundfunkansprache zur Reichstagswahl am 31. Juli 1932 über: ""Der Bauer im Staat von heute"", 25.07.1932","Der auf festen Füßen stehende Nährstand ist, ich wiederhole, wenn weltwirtschaftliche Zusammenhänge sich lockern, stets das Fundament einer Nation geblieben."
"484","1922-08-01","Zeitung","Tucholsky, Kurt: Vor acht Jahren. In: ders., Kurt Tucholsky, Werke - Briefe - Materialien, Berlin: Directmedia Publ. 2000 [1922], S. 2709","Die Nation war abkömmlich: kv."
"485","1920-03-06","Zeitung","Vossische Zeitung (Morgen-Ausgabe), 06.03.1920","Die wenigen Engländer, die sich uns nähern wollten, fühlten zudem bald, daß ein unüberbrückbarer Abgrund zwischen den Weltanschauungen der beiden Nationen klaffe."
"486","1932-03-02","Zeitung","Völkischer Beobachter (Reichsausgabe), 02.03.1932","Damit finden Clemenceaus Worte, Deutschland habe 20 Millionen Menschen zu viel, die Unterstützung der Sozialdemokratie und der Demokratie, um den kraftvollen Arbeiterüberschuß der Nation als Sklaven unter französischer Knute dienstbar zu machen."
"487","1919-04-04","Zeitung","Berliner Tageblatt (Morgen-Ausgabe), 04.04.1919","Die deutsche Nation hat ihr Schicksal, unterlegen zu sein und ihre siegreichen Gegner triumphieren zu sehen, mit Trauer und Schmerz auf sich genommen."
"488","1926-12-31","Gebrauchsliteratur","Klemperer, Victor: [Tagebuch] 1926. In: ders., Leben sammeln, nicht fragen wozu und warum, Berlin: Aufbau-Taschenbuch-Verl. 2000 [1926], S. 90","Denn es gibt Nationen u. Nationalcharaktere."
"489","1918-12-31","Wissenschaft","Weber, Max: Parlament und Regierung im neugeordneten Deutschland. In: Weber, Marianne (Hg.) Gesammelte Politische Schriften, München: Drei Masken Verl. 1921 [1918], S. 256","Auch jemand, dem die deutsche Nation und ihre Zukunft in der Welt turmhoch über allen Fragen der Staatsform steht, wird also den Bestand der Dynastien nicht antasten wollen, selbst wenn das in Frage stünde."
"490","1929-03-04","Zeitung","Berliner Tageblatt (Abend-Ausgabe), 04.03.1929","Er ist nach der ""Nation Beige"" in der Brüsseler Vorstadt Scharbeek im Jahre 1896 geboren."
"491","1927-12-31","Wissenschaft","Jahresberichte für deutsche Geschichte, 1927, S. 157","Das Charakterbild und die Beurteilung, die Friedrich der Große einerseits bei Ranke, andererseits bei den kleindeutschen Historikern (Droysen, Duncker, Häusser und H. v. Sybel) gefunden, hat Gertrud Kohn (1019) für eine Anzahl wichtiger Probleme miteinander verglichen (1. Friedrich der Große als Schöpfer der preußischen Großmacht; 2. als Persönlichkeit; 3. in seinem Verhältnis zur deutschen Nation; 4. in Fragen der auswärtigen Politik -- erste Teilung Polens und Siebenjähriger Krieg -- und 5. der inneren Politik -- Macht und Kultur und Absolutismus)."
"492","1918-12-31","Wissenschaft","Weber, Max: Parlament und Regierung im neugeordneten Deutschland. In: Weber, Marianne (Hg.) Gesammelte Politische Schriften, München: Drei Masken Verl. 1921 [1918], S. 138","Aber dadurch erzieht man eine Nation nicht zu eigenem politischen Denken."
"493","1923-12-31","Wissenschaft","Schmitt, Carl: Die geistesgeschichtliche Lage des heutigen Parlamentarismus, Berlin: Duncker & Humblot 1991 [1923], S. 89","Unser Mythus ist die Nation, die große Nation, die wir zu einer konkreten Realität machen wollen."""
"494","1919-12-31","Wissenschaft","Hofmannsthal, Hugo von: Die Salzburger Festspiele. In: Bertram, Mathias (Hg.) Deutsche Literatur von Lessing bis Kafka, Berlin: Directmedia Publ. 2000 [1919], S. 93978","Im höchsten Maß hoffen wir, daß die Angehörigen anderer Nationen zu uns kommen werden, um das zu suchen, was sie nicht leicht anderswo in der Welt finden könnten."
"495","1925-03-07","Zeitung","Berliner Tageblatt (Morgen-Ausgabe), 07.03.1925","Der Reichspräsident endlich kann, in gesetzgeberischen Differenzfällen, direkt an die Nation appellieren und eine Volksabstimmung herbeiführen."
"496","1922-03-07","Zeitung","Vossische Zeitung (Abend-Ausgabe), 07.03.1922","Ferner sei es in Cannes dazu gekommen, daß eine Konferenz aller Nationen für Genua in Aussicht genommen wurde."
"497","1930-03-01","Zeitung","Berliner Tageblatt (Abend-Ausgabe), 01.03.1930","Und nachdem Franz Schauwecker und Richard Euringer aus ihren Kriegsbüchern ""Aufbruch der Nation"" und ""Fliegerschule 4"" gelesen hatten, betrat der Jesuitenpater Friedrich Muckermann das Podium zu einer Rede."
"498","1932-03-03","Zeitung","Vossische Zeitung (Morgen-Ausgabe), 03.03.1932","Wir bitten daher den Reichskanzler, den Streitfall Deutschland-Litauen über das Memelgebiet weiter verfolgen zu wollen ausschließlich auf Grund des § 11 des Völkerbundpaktes (nach dem jedes Bundesmitglied das Recht hat, die Aufmerksamkeit der Bundesversammlung auf jeden Umstand zu lenken, der den Frieden oder das gute Einvernehmen zwischen den Nationen zu stören droht)."
"499","1925-12-31","Belletristik","Klabund: Der Kreidekreis. In: Deutsche Literatur von Lessing bis Kafka, Berlin: Directmedia Publ. 2000 [1925], S. 111586","Vor den großen Dichtern der Nation kann eine junge Dame mit ihren bescheidenen Reimübungen natürlich nicht bestehen."
"500","1926-03-05","Zeitung","Berliner Tageblatt (Abend-Ausgabe), 05.03.1926","Großbritannien könne sich sagen, wenn Frankreich und andere Nationen übereinkommen, so werde man Deutschland so weit einschüchtern können, daß es nachgebe und seine Zustimmung zu den obigen Ansprüchen geben werde."
