"No.","Date","Genre","Bibl","Hit"
"1","1951-06-28","Zeitung","Die Zeit, 28.06.1951","Er sagte, daß, während damals alle Friedenshoffnungen vernichtet schienen, heute die Vereinten Nationen stärker seien als vor einem Jahr."
"2","1946-08-01","Zeitung","Die Zeit, 01.08.1946","In Paris sind die Vertreter von 21 Nationen zusammengetreten, um den kommenden Frieden zu schließen."
"3","1966-05-13","Zeitung","Die Zeit, 13.05.1966","So wäre es logisch, wenn die kontinentaleuropäischen Mitglieder der Vierzehn ihre Streitkräfte nur dann der NATION unterstellen würden, wenn die gegenwärtige Ständige Gruppe durch eine Planungsgruppe der NATION ersetzt würde."
"4","1968-11-01","Zeitung","Die Zeit, 01.11.1968","Viele Jahre, bis 1953, hatte auch er, ein ""verdienter Künstler der Nation"", seinen Tribut gezollt, als Journalist, als Propagandist, als Hofsänger der Diktatoren."
"5","1968-08-02","Zeitung","Die Zeit, 02.08.1968","""Sie haben mein Werk zum zweitenmal geschaffen"", hat Strehler unter anderem den ""Galilei"", den ""Guten Menschen"" und den ""Schweyk"" inszeniert, und wenn es seine erklärte Absicht war und ist, daß der ""Genuß aktiviert und das Vergnügen zur Erkenntnis geführt wird"", dann wirkt das ebenso wie angewandter Brecht wie Grassis schon 1940 aufgestellte Maxime, das Theater solle nicht ""Vergnügen einer Klasse, sondern Vergnügen einer Nation"" sein, oder seine Aufforderung:"
"6","1959-07-17","Zeitung","Die Zeit, 17.07.1959","[...] Fünf Jahre nach Nürnberg, im September 1951, gaben die Außenminister der drei Westmächte am Schluß ihrer Konferenz in Washington ein recht gequältes Kommuniqué heraus, in dem stand: ""Die Außenminister prüften die Beziehungen ihrer Länder zu der Bundesrepublik Deutschland und einigten sich über die Instruktionen, die der Alliierten Hochkommission zu erteilen sind, um mit der deutschen Bundesregierung über annehmbare gegenseitige Abkommen zu verhandeln, die eine vollständige Umwandlung des Charakters der Beziehungen zwischen den drei Nationen und der Bundesrepublik Deutschland zur Folge haben werden ... unter Berücksichtigung einer deutschen Beteiligung an der Verteidigung des Westens."" [...]"
"7","1947-01-02","Zeitung","Die Zeit, 02.01.1947","War auch seine Erscheinung je und je etwas bürgerlich, etwas bieder, etwas. beamtenhaft und allzu weit aus den Wildnissen Werthers entlaufen, so war das Format doch immer groß, und gemeint war immer ein hohes Ziel, das edelste aller Ziele: die Ermöglichung und Begründung eines vom Geist regierten Lebens, für ihn selbst nicht nur, sondern für seine Nation und seine Zeit."
"8","1946-10-17","Zeitung","Die Zeit, 17.10.1946","""Für Dänemark ist es untragbar, abgesehen von der finanziellen Seite, die deutschen Flüchtlinge in den dänischen Volkskörper aufzunehmen"", sagte Außenminister Rasmussen kürzlich in einer Note an die Generalversammlung der Vereinten Nationen."
"9","1960-10-21","Zeitung","Die Zeit, 21.10.1960","Der afrikanische Block hat noch keinen Sprecher, er hat aber mehrere prominente Persönlichkeiten, deren Reden in den Vereinten Nationen großen Eindruck hinterließen: Olympio von Togo, Ghanas Nkrumah und Nigerias Abubakar T. Balewa."
"10","1969-09-05","Zeitung","Die Zeit, 05.09.1969","Auf dem Globus daheim im Wohnzimmer vermittelt er den Eindruck wuchtiger Kompaktheit, die politische Landkarte des Schwarzen Kontinents verzeichnet heute gleichwohl 43 unabhängige Staaten, ein Drittel aller Mitglieder der Vereinten Nationen."
"11","1966-05-20","Zeitung","Die Zeit, 20.05.1966","[...] und zwar heute ist, daß sie bereit ist, in voller Nüchternheit sie selbst zu sein: eine tüchtige Industrienation, deren Lebensgewohnheiten sich wenig von denen anderer Industrienationen unterscheiden; eine Nation mit erstaunlichen Fähigkeiten im Guten wie im Bösen, mit politischem Geschick nicht übermäßig gesegnet, mehr geachtet und gefürchtet als geliebt, geworden in einer Geschichte, die so viel Glanz ausstrahlt wie selten die Geschichte eines Volkes, in der es aber auch Ausbrüche gibt, über die unsere Nachbarn um so mehr erschrecken müssen, je weniger wir darüber erschrecken können, eine Nation, die durch den Wahnsinn ihrer Führer manches verspielthat, was ihr teuer war, nur eines sicher nicht: das Recht, sich wieder zusammenzufinden in freier Solidarität. [...]"
"12","1947-01-02","Zeitung","Die Zeit, 02.01.1947","Die Folge war eine zunehmend arbeiterfeindliche Stimmung der Öffentlichkeit, die gegen die hohen Produktionsausfälle infolge der zeitweiligen Stillegung der Schlüsselindustrien besonders empfindlich war und den maßgeblichen Gewerkschaftsführern übertriebene Forderungen und mangelndes Verständnis für die Belange der Nation vorwarf."
"13","1962-11-23","Zeitung","Die Zeit, 23.11.1962","Zu einer solch langsam wirkenden und sehr problematischen Politik läßt aber das Drängen der Entwicklungsländer und die Absicht der westlichen ""reichen"" Nationen, auch in Zukunft in der Weltpolitik eine Rolle zu spielen, keine Zeit."
"14","1964-05-22","Zeitung","Die Zeit, 22.05.1964","""Nation Europa"" empfiehlt seinen Lesern das Erstlingswerk Udo Walendys, das in einem ""Verlag für Volkstum und Zeitgeschichtsforschung"" erscheint."
"15","1969-06-06","Zeitung","Die Zeit, 06.06.1969","Das müssen sich nun auch, nach dem Scheitern der Vereinten Nationen und der Mission ihres Sondervermittlers Gunnar Jarring, die Großmächte eingestehen."
"16","1951-05-24","Zeitung","Die Zeit, 24.05.1951","Aber es sind nicht einzelne Nationen, die dort gegen die Sowjets kämpfen."
"17","1968-08-23","Zeitung","Die Zeit, 23.08.1968","Solche Vorgänge förderten eine willkürliche Scheidung der im Grunde geeinten Nation in zwei Lager, von denen sich das eine manchmal nur deshalb für fortschrittlicher hielt, weil es seinen Mangel an kühler Vernunft mit Mut verwechselte."
"18","1955-01-13","Zeitung","Die Zeit, 13.01.1955","Der Generalsekretär der Vereinten Nationen, Dag Hammarskjöld, der von der UNO-Vollversammlung beauftragt worden war, über die Freilassung der elf in Rotchina wegen angeblicher Spionage verurteilten amerikanischen Fliger zu verhandeln, befindet sich nach einem fünftägigen Aufenthalt in Peking auf der Rückreise nach New York."
"19","1951-11-22","Zeitung","Die Zeit, 22.11.1951","Auf der UNO-Vollversammlung in Paris wies der sowjetrussische Außenminister Wyschinski in seiner zweiten Rede die Appelle der kleineren Nationen, seine Ablehnung des Abrüstungsvorschlages der drei Westmächte noch einmal zu erwägen, zurück."
"20","1967-02-10","Zeitung","Die Zeit, 10.02.1967","1. Nationen ohne eigene Kernwaffen werden künftig kaum in der Lage sein, die Rolle einer ""Großmacht"" zu spielen - wobei nicht an die Rolle der beiden ""Super-Mächte"" (USA und UdSSR) zu denken ist, mit denen ohnehin auf absehbare Zeit keine dritte Nation zu konkurrieren vermag, sondern an die Rolle ""sekundärer"" Großmächte (wie Großbritannien, Frankreich und, vorerst, China)."
"21","1954-12-09","Zeitung","Die Zeit, 09.12.1954","Im Kreml, so erklärt Rastoworow, wunderte man sich, warum die Vereinten Nationen den Krieg in Korea nicht zu einem siegreichen Abschluß brachten."
"22","1949-11-10","Zeitung","Die Zeit, 10.11.1949","Carlos Romulo, der Präsident der Vollversammlung, gab bekannt, daß die Sitzungen der Vereinten Nationen vom 7. November an täglich drei Stunden in ein Fernsehprogramm aufgenommen werden."
"23","1968-06-28","Zeitung","Die Zeit, 28.06.1968","Die Geschichte bewegt sich auf größere Zusammenschlüsse, auf intensivere Verwirklichung der Nationen im Geist der Freiheit zu."
"24","1969-11-21","Zeitung","Die Zeit, 21.11.1969","Primitive Instinkte werden aufgerührt und gegen jene Amerikaner ins Feld geführt, die wagen, an der Weisheit ihrer Regierung zu zweifeln, und die den Mut aufbringen, moralische Maßstäbe in der Politik ihrer Nation nicht völlig von pseudopatriotischen Kriterien verdrängen zu lassen."
"25","1966-06-10","Zeitung","Die Zeit, 10.06.1966","Wenn nicht jederzeit klar ist, daß die großen demokratischen Parteien trotz allen Schwierigkeiten und scheinbar unübersteigbaren Hindernissen bereit; willens und fähig sind, die ganze deutsche Nation zu führen, so wird schon bei einer größeren Krise unvermeidlicherweise ein echter Vertrauensschwund eintreten."
"26","1960-02-05","Zeitung","Die Zeit, 05.02.1960","da wird er, vielleicht mit großäugigem Erstaunen, erfahren, was es etwa hieß, Langer Kerl zu sein, im ""Ehrenkleid der Nation"", beim Herrn ""Soldatenkönig""!"
"27","1968-12-06","Zeitung","Die Zeit, 06.12.1968","Alle diese Nachteile hat man jedoch vor sechs Jahren in Kauf genommen, um zu den organisatorischen Schwierigkeiten, die der Bau einer großen Rakete durch drei Nationen mit sich bringt, nicht auch noch neuartige technologische Probleme zu bekommen."
"28","1947-01-23","Zeitung","Die Zeit, 23.01.1947","Es ist nun einmal so, daß der größere Teil der Jugend an den Nationalsozialismus als eine neue, dem einzelnen und der Nation den Weg zu einem sinnerfüllten Dasein öffnende Weltanschauung geglaubt hat."
"29","1963-01-25","Zeitung","Die Zeit, 25.01.1963","Dies Bekenntnis zu unserer Verantwortung in einer einzigen, weltweiten Gesellschaft schließt auch die nüchterne Erwägung ein, daß auf lange Frist die Aussichten für unseren eigenen Frieden und Wohlstand in weitem Maße von der Pflege krisenfester, glücklicher Nationen im gesamten Bereich der Entwicklungsländer abhängen dürften."
"30","1950-10-26","Zeitung","Die Zeit, 26.10.1950","Ferner sollen alle Mitglieder der Vereinten Nationen innerhalb ihrer nationalen Streitkräfte mobile Einheiten unterhalten, die zum sofortigen Einsatz für Maßnahmen der UNO bereitstehen."
"31","1949-10-27","Zeitung","Die Zeit, 27.10.1949","Mütter aller Nationen und alle weiblichen Wesen, die mütterlichen Herzens sind, verbindet die Liebe und Sorge um das, was ihnen teurer ist als ihr eigenes Leben: das Leben ihrer Angehörigen und der Bestand des Heimes."
"32","1967-03-17","Zeitung","Die Zeit, 17.03.1967","Im Gegenteil, die Gemeinschaft ist um so stärker, je mehr sie auch individuellen Interessen dient, und die Nationen Europas dies erkennen und anerkennen."
"33","1966-11-18","Zeitung","Die Zeit, 18.11.1966","Am Ende des Berichtzeitraumes steht dann eine andere, vom ursprünglichen Modell der Kollektiven Sicherheit deutlich unterschiedene ""Gestalt"": der alle Nationen umfassende kollektive Ansatz ist verkümmert zu einer nur noch lahmen Teilnahme an den Vereinten Nationen; ein neues, engeres Sicherheitssystem von Militärpakten war entstanden, mit dessen Hilfe die Vereinigten Staaten die Handlungs-und Entscheidungsfreiheit ihrer Bündnispartner so ""umstellt"" hatten, daß sie dem amerikanischen Führungsanspruch nicht gefährlich werden oder den Ausbruch in das sowjetisch beherrschte System nicht wagen konnten."
"34","1967-10-13","Zeitung","Die Zeit, 13.10.1967","Dem Kanzler allein kann der notwendige neue Anlauf nicht gelingen, auch nicht dem Parlament, wenn nicht die ganze Nation in einer großen geistigen Anstrengung mithilft, die Ziele für morgen festzulegen."
"35","1969-12-12","Zeitung","Die Zeit, 12.12.1969","Als beispielsweise Präsident Nixon am 31. Oktober in seiner Rede vor der interamerikanischen Pressevereinigung die Grundzüge seiner Lateinamerika-Politik entwickelte und dabei von einer gereifteren Partnerschaft und der Notwendigkeit einer größeren Selbsthilfe der lateinamerikanischen Nationen sprach, glaubten viele Beobachter, das sei der Grabgesang für die von Präsident John F. Kennedy verkündete und in der Charta von Punta del Este formulierten ""Allianz für den Fortschritt""."
"36","1948-12-23","Zeitung","Die Zeit, 23.12.1948","Als politische Dachorganisationen, die die Beziehungen unter den Nationen unterhalten, spielen beide eine bedeutende Rolle."
"37","1968-05-24","Zeitung","Die Zeit, 24.05.1968","Und als dann ein ungeschicktes Kabinett statt mit Einsicht mit Polizeibrutalität antwortete, wurden die Forderungen der jungen Akademiker gleichsam zur Frage der Nation."
"38","1966-05-20","Zeitung","Die Zeit, 20.05.1966","Konnten wir nicht vieles loswerden, was uns als Nation belastete, wenn wir Europäer wurden wie die anderen auch, Kämpfer wider den Bolschewismus wie andere auch?"
"39","1969-12-12","Zeitung","Die Zeit, 12.12.1969","[...] Die Menschheit muß diese Verfügungsgewalt verantwortlich denkend und handelnd an sich nehmen, denn ein sich selbst überlassener Prozeß des wissenschaftlich-technischen Fortschritts würde zu Katastrophen noch nicht gekannten Ausmaßes führen: die drohende Hungersnot in der Dritten Welt; die Labilität des Gleichgewichts zwischen Staaten, deren militärisches Potential so immens ist, daß es weder zu einem Angriffs- noch zu einem Verteidigungskrieg brauchbar ist; der ohne einschneidende Planung unvermeidliche Energie- und Wassermangel; schließlich der gewaltige Bildungsrückstand vieler Nationen, die einer breitangelegten Grundbildung dringend bedürfen - all diese Faktoren erfordern eine extensive und intensive Planung politischen, ökonomischen und sozialen Handelns, [...]"
"40","1963-10-25","Zeitung","Die Zeit, 25.10.1963","Der Oberbefehlshaber und seine Nation wollten nicht mehr angreifen, sie waren des kriegerischen Ruhmes satt, sie hatten zu teuer für ihn bezahlt."
"41","1948-01-29","Zeitung","Die Zeit, 29.01.1948","Er forderte Frankreich auf, seinen""tausendjährigen Streit"" mit Deutschland zu vergessen und das deutsche Volk in die Gemeinschaft der Nationen zurückzufahren."
"42","1958-11-06","Zeitung","Die Zeit, 06.11.1958","Das ist fürwahr eine gewaltige Summe - es sollte aber einer Nation, die weiß, was davon abhängt, daß sie im Wettstreit des Geistes nicht auf der Seite der Verlierer liegen darf, möglich sein, diese Beträge aufzubringen."
"43","1953-07-02","Zeitung","Die Zeit, 02.07.1953","Am achten Jahrestag der Unterzeichnung der Charta der Vereinten Nationen hat ihr Generalsekretär Hammarskjöld in einer Rundfunkansprache erklärt, man müsse bei Unternehmungen, die im Interesse der kollektiven Sicherheit erfolgten, mehrere herkömmliche Ansichten revidieren."
"44","1946-08-22","Zeitung","Die Zeit, 22.08.1946","Im modernen Durcheinander der internationalen Beziehungen beschuldigt eine Nation die andere."
"45","1967-02-17","Zeitung","Die Zeit, 17.02.1967","Er zählt Erfolge auf, Leistungen - die der Nation und die der Person."
"46","1963-09-20","Zeitung","Die Zeit, 20.09.1963","Hier scheint es, als übe die geschäftige Aktivität der Frauen der Nation sogar regelrecht einen Druck auf ihre männlichen Partner aus."
"47","1960-07-22","Zeitung","Die Zeit, 22.07.1960","Ministerpräsident Tschombe hat alle Nationen um Anerkennung der Selbständigkeit Katangas gebeten, aber bisher hat noch niemand seine schriftliche Anfrage beantwortet."
"48","1965-04-02","Zeitung","Die Zeit, 02.04.1965","Von diesem Podium aus kann er wieder ""mit Geschichtsfälschungen und antideutschen Emigrantenressentiments"" aufräumen und als einer von jenen, ""die die Charakterlosigkeiten der ersten Nachkriegsjahre nicht mitgemacht haben, die treu zur tausendjährigen Tradition unseres Landes stehen, die sich der Verantwortung für unser Volk und sein Schicksal nicht entziehen"", lehren, daß ""die 'österreichische Nation' nur zwischen Unkraut zu gedeihen"" scheint."
"49","1957-01-03","Zeitung","Die Zeit, 03.01.1957","Wenn die Brentanos, lombardischer Uradel, auch von ihrer ursprünglichen Heimat am Comer See (es gibt immer noch Brentanos an seinen schönen Ufern) damals nach Madrid, nach Wien, nach Frankfurt und Berlin gelangten - ihrer stolzen Tradition nach haben sie niemals ihre Staatsangehörigkeit geändert; stets blieben sie daheim unter dem weiten Himmel des Heiligen Römischen Reiches deutscher Nation."
"50","1961-10-27","Zeitung","Die Zeit, 27.10.1961","Es gibt Rudolf Borchardts gesammelte Werke, doch ist der Verfemte damit der Nation wiedergegeben?"
"51","1969-12-12","Zeitung","Die Zeit, 12.12.1969","Die Pro-Europäer dagegen können der Nation im Augenblick weder das Datum noch die Bedingungen noch die Konsequenzen eines Beitritts nennen."
"52","1967-09-01","Zeitung","Die Zeit, 01.09.1967","""Von den guten wackren alten Fragen der Nation ist keine mehr übrig geblieben."""
"53","1968-11-01","Zeitung","Die Zeit, 01.11.1968","Das ist - verdient oder nicht - eine Tatsache, und davon ist auch die ""Weltorganisation der Mütter aller Nationen"" nicht verschont geblieben."
"54","1966-01-14","Zeitung","Die Zeit, 14.01.1966","Von Fernsehkameras abgetastet, wird ihre Freude, werden ihre privatesten Regungen vom EINAUGE Millionen Mitbürgern präsentiert, für die sie stellvertretend die Erfüllung geheimster Wünsche der Nation entgegennehmen."
"55","1950-12-07","Zeitung","Die Zeit, 07.12.1950","Man besteht in London darauf, daß der Einsatz der Atombombe eine Sache der Vereinten Nationen sei und nicht von einer alleinigen Entscheidung Trumans abhänge."
"56","1969-03-21","Zeitung","Die Zeit, 21.03.1969","Aber es wurde den Reformern der unteren Parteiebenen überlassen, öffentlich zu erklären, daß die Reform eine gründliche Prüfung der gewerkschaftlichen Funktion im Leben der Nation erfordere."
"57","1963-06-14","Zeitung","Die Zeit, 14.06.1963","Spiel und Sport sind das beste Mittel der Integration, der Verschmelzung der Menschen aus siebzig Nationen verschiedener Herkunft und Kultur."
"58","1961-11-17","Zeitung","Die Zeit, 17.11.1961","Auch Deutschland wird, wie schon bei den letzten Olympischen Winterspielen, als Heidi Biebl in Squaw Valley Olympiasiegerin wurde und Hans Peter Lanig eine Silbermedaille gewann, bestimmt unter jenen Nationen sein, die sich sehen lassen können."
"59","1966-01-28","Zeitung","Die Zeit, 28.01.1966","Dieses Mißverständnis wurde noch gefördert durch einen Film gleichen Titels, um dessentwillen ein CSU-Bürgermeister die Wagenkolonne des Bundeskanzlers stoppen ließ, ein Hundezüchterverein an die Moral der Nation appellierte und ein Kardinal seine Amtsbefugnisse überschritt."
"60","1965-01-01","Zeitung","Die Zeit, 01.01.1965","Aber er nahm es wohl auch als Lehre, und er mag sich in den kommenden Monaten, wo es in den UN-Sälen widerhallt von Anklagen der afrikanischen Nationen gegen die Kongo-Rettungsaktion der Amerikaner und Belgier, als ein unparteiischer Vollversammlungs-Präsident durchaus bewähren."
"61","1968-03-15","Zeitung","Die Zeit, 15.03.1968","""Wir Deutschen könnten, solange uns die gemeinsame staatliche Ordnung noch verweigert wird, vieles tun, um zu verhindern, daß wir immer weiter auseinandertreiben"", mahnte Bundeskanzler Kiesinger am Montag in seiner Rede über die Lage der Nation vor dem Bundestag."
"62","1964-03-13","Zeitung","Die Zeit, 13.03.1964","Nach dieser Theorie soll die alte Reichshauptstadt eine offene Schwäre am Leib der deutschen Nation bleiben; ihre Anhänger verdammen alle Versuche, durch kleine Regelungen erträgliche Verhältnisse in Berlin zu schaffen, da sonst der Wille zur Lösung der großen Fragen deutscher Politik verloren gehe."
"63","1949-09-08","Zeitung","Die Zeit, 08.09.1949","So wie ich den Stand des Atomenergieprogramms unserer Nation überblicke, bin ich des festen Glaubens, daß das Volk der Vereinigten Staaten und alle, die sich auf die Stärke unserer Nation verlassen, Grund zu Beruhigung und zum Glauben haben."
"64","1949-09-08","Zeitung","Die Zeit, 08.09.1949","Wir werden aber niemals erleben, daß die Deutschen ihr Gewicht in die Waagschale des Friedens werfen, wenn wir ihnen nicht mit jener Großmut begeben auf die wir als Sieger und als große Nation ein Vorrecht haben."
"65","1958-12-18","Zeitung","Die Zeit, 18.12.1958","UNOGIL, das Beobachterkorps der Vereinten Nationen im Libanon, bricht seine Zelte ab."
"66","1950-12-21","Zeitung","Die Zeit, 21.12.1950","Unterdessen hat die Generalversammlung der Vereinten Nationen mit 38 zu 5 Stimmen bei zwei Enthaltungen beschlossen, einen Koreaorden zu stiften, der an alle Soldaten verliehen werden soll, die im Auftrag der Vereinten Nationen auf der asiatischen Halbinsel kämpfen."
"67","1967-09-22","Zeitung","Die Zeit, 22.09.1967","""Die charmanten schöngeistigen Herren im gestickten Frack, die miteinander verbindliche Worte wechselten oder wie Blumentöpfe am Rand der Piste aufgereiht standen, gehörten zu einer kindlichen Welt, sie waren einer leicht verstaubten Spielzeugschachtel entnommen - so, als versteife sich die alte Nation hartnäckig darauf, bis zum Greisenalter und bis zur Agonie mit Soldaten und Puppen zu spielen."
"68","1956-06-21","Zeitung","Die Zeit, 21.06.1956","Neben ihnen liegen die Boote von zehn Nationen, die sich an den Regatten beteiligen."
"69","1969-05-23","Zeitung","Die Zeit, 23.05.1969","Goldstücker: Der Marxismus anerkennt den Wert einzelner Nationen und grundsätzlich das Recht einzelner Nationen auf ihr nationales Leben."
"70","1962-09-07","Zeitung","Die Zeit, 07.09.1962","Sie bedeutet das Fortbestehen, das Fortwirken einer Nation, die deutsche genannt, so daß der einzelne etwas davon hat, daß er dieser Nation und nicht einer anderen angehört in seinem Leben und daß die deutsche Nation als Ganzes in der Familie, in der Vielzahl der Nationen, die wir noch haben und wohl noch eine Weile haben werden, einen ihr eigenen schöpferischen Beitrag leistet."
"71","1964-11-20","Zeitung","Die Zeit, 20.11.1964","Trotz aller Hoffnung und trotz allem Ruhm wird unsere Nation erst dann völlig frei sein, wenn jeder ihrer Bürger frei ist."""
"72","1947-02-13","Zeitung","Die Zeit, 13.02.1947","Deutschland soll mit allen Kräften, die ihm zur Verfügung stehen, an dem Wiederaufbau Europas arbeiten, so lauten die Vorschläge und Forderungen, die in London von den kleinen Nationen bei den stellvertretenden Außenministern der Großen Vier vorgebracht worden sind, und das gleiche steht auch in den Denkschriften, die Frankreich den Regierungen Rußlands, Englands und der Vereinigten Staaten überreicht hat."
"73","1961-12-29","Zeitung","Die Zeit, 29.12.1961","Diese Fragen beschäftigten die Wissenschaftler aus vielen Nationen, als sie Ende August in Rom zusammenkamen."
"74","1954-05-13","Zeitung","Die Zeit, 13.05.1954","Er sagte, die Vereinigten Staaten sollten sich weniger um die Interessen und Empfindlichkeiten anderer Nationen kümmern, die Schwäche der UNO in Rechnung ziehen und sollten insbesondere in Korea allein vorgehen - go it alone."
"75","1969-03-28","Zeitung","Die Zeit, 28.03.1969","Die Insel der 6000 Seelen ist nämlich bereits ein Tagesordnungspunkt für den Kolonialausschuß der Vereinten Nationen."
"76","1968-07-12","Zeitung","Die Zeit, 12.07.1968","Gewiß kann man die Tendenzen einer Nation oder eines Zeitalters nicht an einem einzigen Ereignis ablesen."
"77","1953-11-12","Zeitung","Die Zeit, 12.11.1953","Wir vergessen nicht, welche Hilfe die schwedische Nation, das schwedische Rote Kreuz dem deutschen Volk in seiner ärgsten Not zuteil werden ließ."
"78","1946-08-22","Zeitung","Die Zeit, 22.08.1946","Wir betrachten die eigene Nation als das Zentrum unseres politischen Universums, als den unverrückbaren festen Punkt, um den sich die übrige Welt dreht."
"79","1962-08-31","Zeitung","Die Zeit, 31.08.1962","Bei seinem Versuch, am 18. September Präsident der UN-Vollversammlung zu werden, ist der Chef der ceylonesischen Delegation bei den Vereinten Nationen, Gunapala P. Malalasekera, schon auf halbem Wege steckengeblieben."
"80","1969-03-14","Zeitung","Die Zeit, 14.03.1969","""Gott schütze Ahidjo"" steht in großen, roten Lettern auf der Wand des Stadions in Jaunde, genau gegenüber der hölzernen Präsidentenloge, an der zu Festtagen die Formationen der Armee und der Stämme vorüberziehen, um dem ""Vater der Nation"", dem ""Vater des Vaterlandes"" ihre Reverenz zu erweisen."
"81","1955-08-18","Zeitung","Die Zeit, 18.08.1955","Politische, Wissenschaftliche und wirtschaftliche Überlegungen haben diese Unzahl von Nationen in Genf an einen Tisch gebracht."
"82","1966-11-18","Zeitung","Die Zeit, 18.11.1966","Am Ende des Berichtzeitraumes steht dann eine andere, vom ursprünglichen Modell der Kollektiven Sicherheit deutlich unterschiedene ""Gestalt"": der alle Nationen umfassende kollektive Ansatz ist verkümmert zu einer nur noch lahmen Teilnahme an den Vereinten Nationen; ein neues, engeres Sicherheitssystem von Militärpakten war entstanden, mit dessen Hilfe die Vereinigten Staaten die Handlungs-und Entscheidungsfreiheit ihrer Bündnispartner so ""umstellt"" hatten, daß sie dem amerikanischen Führungsanspruch nicht gefährlich werden oder den Ausbruch in das sowjetisch beherrschte System nicht wagen konnten."
"83","1959-05-15","Zeitung","Die Zeit, 15.05.1959","Neben den Amerikanern, die den begehrten Preis der Nationen gewannen, und den Italienern, die auf heimischem Boden besonders erfolgreich waren, brillierten vornehmlich auch die deutschen Reiter."
"84","1959-12-18","Zeitung","Die Zeit, 18.12.1959","Gelehrte vieler Nationen wurden aus verschiedenen Lagern zusammengesucht und im Block 50 des Lagers Buchenwald beschäftigt Übrigens hat der Umbau des Blocks 50, wie Dr. Ding Schuler sagte, etwa eine Million Mark gekostet."
"85","1947-01-16","Zeitung","Die Zeit, 16.01.1947","Ich glaube fest daran, daß Deutschland in kommenden Generationen wieder seinen Platz einnehmen wird im Kreise der Nationen, andere Völker achtet und selbst geachtet wird."
"86","1966-06-17","Zeitung","Die Zeit, 17.06.1966","Sind sie Kitt der jungen Nationen - oder Permente der Gärung und des Umsturzes?"
"87","1947-07-17","Zeitung","Die Zeit, 17.07.1947","Der anglofranzösische Plan, der als Grundlage dienen soll für die Zusammenarbeit aller europäischen Staaten an einem gemeinsamen Wiederaufbau, wurde von Molotow auf der ersten Pariser Konferenz abgelehnt, weil er einen Eingriff in die Souveränität der beteiligten Nationen bedeute und daher undemokratisch sei."
"88","1967-09-29","Zeitung","Die Zeit, 29.09.1967","Ist es heute wirklich so unvorstellbar, die Sicherheit Berlins weniger auf Bajonette und Panzer als etwa auf eine Garantie durch die Vereinten Nationen und darauf zu gründen, daß Teile ihrer Organe ihren Sitz nach Berlin verlegen?"
"89","1960-01-22","Zeitung","Die Zeit, 22.01.1960","Wer hätte sich noch vor wenigen Jahren träumen lassen, daß die Investitur des Präsidenten der oft belächelten ""Negerrepublik"" für die Großmächte der Welt und viele andere Nationen Anlaß sein könnte, Delegationen nach Monrovia zu entsenden."
"90","1965-12-31","Zeitung","Die Zeit, 31.12.1965","Dieser Vision entsprang auch die Konzeption der UN, der Vereinten Nationen."
"91","1949-02-17","Zeitung","Die Zeit, 17.02.1949","Der französische Delegierte Garreau hat den Treuhänderrat der Vereinten Nationen aufgefordert, keine Anträge von Deutschen mehr zu bearbeiten, die in die ehemalig deutschen, heute unter UNO-Treuhänderschaft stehenden Kolonien zurückkehren wollen."
"92","1956-01-12","Zeitung","Die Zeit, 12.01.1956","Die kontinentalen europäischen Nationen sehen schon jetzt, daß jede für sich allein nicht stark genug für die Lösung der hier liegenden zukünftigen Aufgaben ist."
"93","1967-05-26","Zeitung","Die Zeit, 26.05.1967","Vor einem Menschenalter war Deutschland die gefährlichste Nation; heute sind wir es in oftmals derselben Hinsicht."
"94","1958-09-18","Zeitung","Die Zeit, 18.09.1958","Irgendwelche Vorherrschaftsgelüste liegen den Japanern fern, doch ist es unausbleiblich, daß ihnen als relativ reiches und zunehmend unabhängiges asiatisches Volk, das eher in europäischen als in indischen Begriffen denkt, bald eine ungemein wichtige Rolle in den Vereinten Nationen zufallen wird."
"95","1958-12-18","Zeitung","Die Zeit, 18.12.1958","Die Erkenntnis hat sich durchgesetzt, daß bestimmte Probleme innerhalb der Vereinten Nationen eben nicht gelöst werden können."
"96","1960-05-06","Zeitung","Die Zeit, 06.05.1960","Abgesehen von den gegenwärtig 82 Mitgliedern der Vereinten Nationen - unter deren Auspizien die Konferenz einberufen wurde - waren noch einige Nichtmitglieder, die gewissen Sonderorganisationen der UNO angehören, eingeladen worden, nämlich die Bundesrepublik, der Vatikan, Südkorea, Monako, San Marino, die Schweiz und Südvietnam, von denen allerdings eines auf die Teilnahme verzichtete."
"97","1967-10-27","Zeitung","Die Zeit, 27.10.1967","Wer Regieanweisungen zu historischen Essays ausweitet, wer Ergebnisse seiner Privatstudien in Artikeln und Interviews ausbreitet, wer auf Pressekonferenzen mit dem Anspruch des Besserwissenden Behauptungen aufstellt, die das Geschichtsbild einer ganzen Nation ins Wanken bringen - der darf sich über Kritik nicht beklagen."
"98","1965-01-08","Zeitung","Die Zeit, 08.01.1965","Beide Häuser des amerikanischen Kongresses spendeten Präsident Johnson lebhaften Beifall, als er in seiner Botschaft zur ""Lage der Nation"" die neuen Führer der Sowjetunion zu einem Besuch in die Vereinigten Staaten einlud, damit sie sich aus erster Hand ein Bild dieses Landes machen könnten."
"99","1965-02-05","Zeitung","Die Zeit, 05.02.1965","Man weiß, daß die Kremlführer den Austritt Indonesiens aus den Vereinten Nationen mißbilligt haben und daß sie es vermeiden möchten, durch Sukarnos aggressive Politik in irgendeinen offenen Konflikt in Südostasien hineingezogen zu werden."
"100","1967-10-13","Zeitung","Die Zeit, 13.10.1967","So könne es nur israelische Staatsbürger und Staatsbürger anderer Nationen geben."
"101","1967-01-27","Zeitung","Die Zeit, 27.01.1967","Gefühl der Billigkeit gegen andere Nationen;"
"102","1964-05-29","Zeitung","Die Zeit, 29.05.1964","Das kapitalistische System hat der Nation keine Vorteile gebracht."""
"103","1956-12-06","Zeitung","Die Zeit, 06.12.1956","Sie werden schwindlig, wenn der ""heldenhafte Widerstand Berlins in der Blockade"" oder gar Berlin ""als Schaufenster der Nation"" immer wieder gepriesen wird."
"104","1968-06-28","Zeitung","Die Zeit, 28.06.1968","Der Autor gelangt zu folgenden Gegenüberstellungen: Nation und Führungskräfte in Indien kontra Partei und Massenlenkung in China; Hindi-oder-Englisch-Kontroverse in Indien kontra Egalisierung durch Mandarin als Chinas Hochsprache; indische Genossenschaften kontra chinesische Volkskommunen; Nehrus Sozialismus als innenpolitische Prophylaxe kontra Mao-Sozialismus als Radikalismus nach außen; und so weiter."
"105","1967-02-10","Zeitung","Die Zeit, 10.02.1967","Es wäre auch unklug, wenn wir uns ohne zureichenden Grund bei den Vereinten Nationen unbeliebt machen."
"106","1957-05-09","Zeitung","Die Zeit, 09.05.1957","Alle Nationen werden dann aufgefordert, ""freiwillig auf die Gewalt... zu verzichten""."
"107","1952-12-04","Zeitung","Die Zeit, 04.12.1952","Es handelt sich in dem gegenwärtigen Stadium der Vorgänge nicht mehr um die Anerkennung der Existenzberechtigung der Nationen, vielmehr geht der Kampf darum, welchem Kontinent die zukünftige Weltführung zugesprochen werden soll, Asien oder Amerika."""
"108","1949-02-17","Zeitung","Die Zeit, 17.02.1949","Es wird bei uns heute keinen nüchtern denkenden Menschen mehr geben, der irgendwelche alte koloniale Ansprüche Deutschlands befürwortet, nicht etwa, weil er glaubte, wir verstünden mit den Eingeborenen besonders-schlecht umzugehen - das haben wir genau so schlecht und recht verstanden wie viele andere europäische Nationen - sondern weil er weiß, daß die Zeiten, in denen Europa noch in der Lage war, den afrikanischen Erdteil als nichts als ein Kolonialgebiet zu betrachten, endgültig vorbei sind."
"109","1964-05-08","Zeitung","Die Zeit, 08.05.1964","Die Voraussagen, auch die gewagtesten, sind alle prompt eingetroffen, genauso prompt allerdings auch ein paar Ereignisse, die damals nicht angesagt worden waren, wie der Zweite Weltkrieg, Zerstörung, kalter Krieg, die Geburt neuer, ringender Nationen in Asien und Afrika (beinahe alle jetzt respektabel auf der Ausstellung vertreten) und, im eigenen Lande, die durch nichts aufzuhaltende Bewegung der farbigen Amerikaner, die ihren Kampf für volle Bürgerrechte mit Demonstrationen, sogar im Hoheitsgebiet der World's Fair zur Kenntnis gebracht haben."
"110","1964-06-19","Zeitung","Die Zeit, 19.06.1964","""Er hat tatkräftig eingegriffen in die Umwälzungen, die notwendig waren, um die sozialistische Nation entstehen zu lassen."
"111","1955-12-15","Zeitung","Die Zeit, 15.12.1955","Wir betrachten das Ideal der Vereinigten Nationen als ein jüdisches Ideal."""
"112","1966-07-01","Zeitung","Die Zeit, 01.07.1966","Eine Olympiade, ein sportliches Ereignis, Künstler aus immer noch mehr, aus diesmal 37 Nationen treten zum Wettkampf an, bringen, von ihren Landsleuten frenetisch applaudiert, Trophäen, Goldmedaillen, Biennale-Preise nach Hause."
"113","1963-02-08","Zeitung","Die Zeit, 08.02.1963","Da werden also Souveränitätsrechte an die über den Nationen stehenden Gemeinschaftsorgane abgetreten, nach dem Motto:"
"114","1964-07-03","Zeitung","Die Zeit, 03.07.1964","Kann Tschombe die zweihundert Stämme als Nation zusammenhalten?"
"115","1969-04-04","Zeitung","Die Zeit, 04.04.1969","Im ganzen leben in Geel Angehörige von nicht weniger als vierzehn verschiedenen Nationen so friedlich und reibungslos miteinander, wie es in Anbetracht der Umstände nur irgend möglich ist."
"116","1961-09-01","Zeitung","Die Zeit, 01.09.1961","In Frankreich wird den Schriftstellern zuweilen noch die Aufgabe zugesprochen, das Gewissen der Nation zu sein."
"117","1956-09-27","Zeitung","Die Zeit, 27.09.1956","Westliche Hilfe besteht in der Hauptsache aus technical assistance verschiedener Spezialagenturen der Vereinten Nationen und aus dem 39,5-Millionen-Dollar-Kredit der Export - Import - Bank für das Helmand-Valley-Projekt."
"118","1961-10-13","Zeitung","Die Zeit, 13.10.1961","Wilhelm II., Hitler und die Militärkaste seien ihm in dem erfolgreichen Streben gefolgt, der Nation die Gier nach Macht und Herrschaft einzuimpfen."
"119","1969-10-17","Zeitung","Die Zeit, 17.10.1969","Hinter dem falschen Auftreten verbarg sich die Angst einer jungen Nation, im Kreis der alten Mächte übervorteilt zu werden."
"120","1969-07-04","Zeitung","Die Zeit, 04.07.1969","Die edelste Nation unter allen Nationen ist die Resignation."
"121","1969-11-07","Zeitung","Die Zeit, 07.11.1969","Der OECD-Bericht stellte aber fest, daß die Anstiegsrate der Ausnutzung von neuen Produkten oder Prozessen, die andere Nationen zuerst kommerzialisiert haben, bei vielen anderen Ländern in den letzten Jahren größer war als bei den USA, und daß Japan dabei weit an der Spitze liegt."
"122","1956-09-27","Zeitung","Die Zeit, 27.09.1956","Nach Ägyptens Antrag soll dagegen beraten werden über ""Aktionen gegen Ägypten durch einige Mächte, insbesondere Frankreich und Großbritannien, die eine Gefahr für den Weltfrieden und die Sicherheit darstellen und eine ernste Verletzung der Charta der Vereinten Nationen sind""."
"123","1962-06-29","Zeitung","Die Zeit, 29.06.1962","Der Versuch Heims, ganze Nationen in sein System der Kategorien zu pressen, hat denn auch etwas Fragwürdiges:"
"124","1961-02-17","Zeitung","Die Zeit, 17.02.1961","Botschafter Knappstein, unser Mann bei den Vereinten Nationen in New York, versammelte am Abend darauf nicht weniger als fünfunddreißig UNO-Botschafter bei Sekt und Kerzenlicht um Gründgens, Quadflieg, die Weisgerber."
"125","1960-07-01","Zeitung","Die Zeit, 01.07.1960","Hier durfte Helene Weigels Truppe zum dritten Male im Rahmen des ""Theaters der Nationen"" gastieren."
"126","1957-04-25","Zeitung","Die Zeit, 25.04.1957","Wie Wandervögel werden die Tennisspieler aller Nationen in der Welt herumziehen, immer aber nach einem sorgfältig ausgeklügelten und von gut bezahlten Managern entworfenen Terminplan."
"127","1964-04-03","Zeitung","Die Zeit, 03.04.1964","Ich selbst glaube nicht an eine wasserdichte Definition, die von allen sporttreibenden Nationen angenommen, vor allen Dingen aber durchgeführt werden wird."
"128","1969-06-20","Zeitung","Die Zeit, 20.06.1969","Nichts, was sich seit dem letzten Bericht zur Lage der Nation ereignet hat, ändert etwas an der von der Bundesregierung eingeleiteten Außen- und Deutschlandpolitik."
"129","1963-04-05","Zeitung","Die Zeit, 05.04.1963","Bemerkenswerterweise sind die heutigen Sammler dieses selten gewordenen Gutes vorzüglich zwei Damen der portugiesischen Gesellschaft - Ricardo Espirito Santo und Abel de Lacerda -, was seinen Grund darin haben mag, daß die Portugiesen zu den bedeutendsten seefahrenden Nationen gehörten, denen sich der Weg nach China früh öffnete."
"130","1961-03-03","Zeitung","Die Zeit, 03.03.1961","Indiens Staatspräsident, Dr. Prasad, hat bei der Begrüßung und Verabschiedung Elizabeths diese ""besonderen Beziehungen"" gewürdigt, die Indien und England miteinander verbinden; er sprach von dem ""bedeutenden englischen Beitrag zur indischen Geschichte"", der die geistige und politische Verfassung dieses Vierhundert-Milionen-Volkes dauerhaft beeinflußt habe, und er empfahl als beispielhaft für die ganze Welt die ""mit Würde und politischer Eleganz"" durchgeführte Umwandlung des kolonialen Abhängigkeitsverhältnisses in die freiwillige Freundschaft zweier gleichberechtigter Nationen innerhalb des Commonwealth."
"131","1969-07-18","Zeitung","Die Zeit, 18.07.1969","Sport mit Nationalmannschaften, so behaupten es kundige Psychologen, sei in der Regel eine Art Ersatzkrieg und somit auch ein Sicherheitsventil für die Spannungen zwischen den Nationen."
"132","1964-11-20","Zeitung","Die Zeit, 20.11.1964","""Männer, die Macht schaffen, leisten einen unerläßlichen Beitrag zur Größe ihrer Nation."
"133","1964-01-17","Zeitung","Die Zeit, 17.01.1964","Noch heute sitzt der ganzen Nation der Amerikaner der Schrecken von Pearl Harbour tief in den Knochen."
"134","1947-09-11","Zeitung","Die Zeit, 11.09.1947","[...] Er erinnert diejenigen, die Heute von jedem Deutschen verlangen, er hätte von vornherein den Nationalsozialismus und Adolf Hitlers Abgründigkeit übersehen müssen, daran, daß Churchill, der Meister der europäischen Politik, noch 1935 in seinem Buch ""Große Zeitgenossen"" sich über Hitler keineswegs im Klaren war, wenn er dort schreibt, daß man noch nicht sagen könne, ob Hitler die Welt einen neuen, alles vernichtenden Krieg stürzen - werde, oder ob er in die Geschichte eingehen werde als der Mann, der die ""große germanische Nation"" wieder in die erste Front der europäischen Völkerfamilie eingeordnet hat. [...]"
"135","1960-07-29","Zeitung","Die Zeit, 29.07.1960","Kann eine Nation, die sich so organisiert und regiert wie die unsere, überdauern?"
"136","1964-06-05","Zeitung","Die Zeit, 05.06.1964","Das Phantom der Nation stellt jedermann ein präfabriziertes seelisches Möblement zur Verfügung, in dem er sich preiswert einrichten kann."
"137","1949-04-07","Zeitung","Die Zeit, 07.04.1949","Der australische Außenminister, Dr. Evatt, der den Vorsitz führt, meinte, er sei zuversichtlich, ""daß die Organisation der Vereinten Nationen das geeignete Organ für die Errichtung des Weltfriedens sei""."
"138","1966-06-24","Zeitung","Die Zeit, 24.06.1966","Im Ratskeller warten drei italienische Journalisten, die auf Einladung von ""Inter Nationes"" durch die Bundesrepublik reisen."
"139","1964-02-28","Zeitung","Die Zeit, 28.02.1964","Reinhard Höhn: Die Armee als Erziehungsschule der Nation - Verlag für Wissenschaft, Harzburg, 590 Seiten, 54,- DM."
"140","1969-07-25","Zeitung","Die Zeit, 25.07.1969","Selbst für ein wirksames Eingreifen der Vereinten Nationen wie in Zypern oder im Kongo stehen die Zeichen ungünstig; nicht von ungefähr hat weder die UN noch das Commonwealth sich ermannen, können, in dem blutigen Sezessionskrieg zwischen Nigeria und Biafra zu intervenieren."
"141","1966-03-25","Zeitung","Die Zeit, 25.03.1966","Zum zweiten gibt es eine Verpflichtung gegenüber der geteilten deutschen Nation und vor allem gegenüber den Hauptleidtragenden der Teilung, den 17 Millionen jenseits von Stacheldraht und Mauer, auch nicht die kleinste Chance auszulassen, wo nicht grundlegenden Wandel der politischen Verhältnisse, so doch leichtere Lebensbedingungen für die Menschen zu erwirken."
"142","1956-11-08","Zeitung","Die Zeit, 08.11.1956","Bis die Vereinten Nationen imstande sind, uns abzulösen, müssen wir und Frankreich bereit sein, weiterzumachen, bis die Arbeit getan ist."
"143","1958-04-17","Zeitung","Die Zeit, 17.04.1958","Es ist heute üblich, in dem Streit zwischen den beiden Nachfolgestaaten des englischen Kaiserreiches Indien, Pakistan (unter dem Premierminister Malik Firoz Khan Noon) und Bharat (Indien im heutigen Sinne unter dem Premierminister Jawaharlal Nehru) die Partei Pakistans zu nehmen und Bharat, das sich allen Vorschlägen und Anregungen der United Nations anscheinend mit hochmütiger Intransigenz entzieht, für den Störenfried und den Beuger des Rechts zu halten."
"144","1969-11-07","Zeitung","Die Zeit, 07.11.1969","Noch spaltet dieses Problem die Nation."
"145","1957-03-14","Zeitung","Die Zeit, 14.03.1957","'Kunst im Handwerk', ,Hauptstadt im Aufbau' und 'Malerei der Gegenwart' sind in der Halle der Nationen zu sehen, Malereien Berliner Kinder in der Kulturverwaltung."
"146","1957-01-10","Zeitung","Die Zeit, 10.01.1957","Jede der in Paris versammelten sechzehn Nationen schrieb damals, wie Senator Taft es einmal ausgedrückt hat, einfach das auf, was sie als Defizit ihrer Volkswirtschaft für die nächsten vier Jahre erwartete, und die Pariser Konferenz präsentierte dann die Summe dieser Einzelwünsche den Vereinigten Staaten."
"147","1965-12-10","Zeitung","Die Zeit, 10.12.1965","Die französische Zeitung ""Nation"" erkennt an, daß ""keine Rede von einer Rückkehr des Kapitalismus in der UdSSR sein kann, da der sozialistische Staat Eigentümer der Produktionsmittel bleibt""."
"148","1963-11-15","Zeitung","Die Zeit, 15.11.1963","Was sich schon in der erwähnten Schrift über Hegel ankündigte, hat er vor allem fortgesetzt in ""Sozialismus und Nation"", in Nation, Staat und Sozialdemokratie"" und in ""Politische Demokratie und soziale Homogenität. hat er vor allem abgehoben gegen Faschismus und Nationalismus in Schriften wie ""Rechtsstaat oder Diktatur?"" und ""Europa und der Faschismus""."
"149","1956-11-29","Zeitung","Die Zeit, 29.11.1956","Nationen sahen und seine Durchführung Ungarn in seiner Souveränität beeinträchtigen würde."
"150","1949-02-10","Zeitung","Die Zeit, 10.02.1949","Es ist zwar keineswegs so, daß wir im Mittelpunkt der Weltpolitik ständen, es gibt anderes, was augenblicklich die Staatsmänner der großen Nationen stärker bewegt."
"151","1963-11-01","Zeitung","Die Zeit, 01.11.1963","Keine Nation soll mehr als 40 Prozent beitragen."
"152","1965-03-19","Zeitung","Die Zeit, 19.03.1965","Eine einzige deutsche Regierung würde in Gesamtdeutschland ihre Souveränitätsrechte ausüben, aber nur der westliche Teil würde in der NATO verbleiben (vorausgesetzt, daß diese Organisation dann noch besteht), während in seinem östlichen Teil zeitweilig Friedenstruppen der Vereinten Nationen stationiert würden."
"153","1957-07-25","Zeitung","Die Zeit, 25.07.1957","das Bild des Mannes, der in einer Zeit, in der die Großmacht Frankreich unter dem Stoß einiger Panzerdivisionen wie ein Kartenhaus zusammengebrochen war, unbeirrt weiter an die Sendung seiner Nation glaubte."
"154","1960-09-30","Zeitung","Die Zeit, 30.09.1960","Im Hintergrund steht freilich seine Erklärung, ohne das Vertrauen aller Mitgliedstaaten könne ein Generalsekretär der Vereinten Nationen nicht arbeiten."
"155","1955-06-02","Zeitung","Die Zeit, 02.06.1955","Der Anfang ist geschafft: nach der zehn Jahre dauernden Verbannung aus dem Luftraum ist Deutschland nun wieder in den Kreis der Luftverkehr treibenden Nationen aufgenommen."
"156","1968-10-11","Zeitung","Die Zeit, 11.10.1968","Ihr Hohelied war Skagerrak, ihr Schwanensang die Midways, ihr letzter Seufzer Korea - dann wurden sie ""eingemottet"" - die Schlachtschiffe, die Lieblinge der Admiräle und der Stolz seefahrender Nationen, mußten den Flugzeugträgern weichen, wie einst die Windjammer den Dampfschiffen."
"157","1957-02-07","Zeitung","Die Zeit, 07.02.1957","Die Ausstellung, die gegenwärtig in Paris anläßlich der Verleihung des Guggenheim-Preises 1956 stattfindet, ist ein neuer Beweis, daß die verschiedenen Nationen heute in der nonfigurativen Ausdrucksweise eine universale Formensprache gefunden haben."
"158","1968-01-26","Zeitung","Die Zeit, 26.01.1968","Sie gab mehr Auskunft über seinen Zustand als über die Lage der amerikanischen Nation."
"159","1949-02-03","Zeitung","Die Zeit, 03.02.1949","Eine Nation dauert durch alles Unheil und durch alle fast vernichtenden Rückschläge fort, wenn es ihr gelungen ist, eine der Eigenart ihres Wesens und ihrer Umwelt gemäße Lebensform, vor allem aber - noch weit wichtiger - einen - geschlossenen menschlichen Typus zu entwickeln."
"160","1952-02-07","Zeitung","Die Zeit, 07.02.1952","Sie tun, was eine geschlagene Nation immer tun wird, wenn ihre Regierung nicht aus Kollaborateuren, sondern aus patriotischen und klugen Männern besteht."
"161","1967-05-19","Zeitung","Die Zeit, 19.05.1967","Soweit die jungen Nationen ihre Nahrungsmittel importieren und selbst bezahlen, müssen sie jetzt mehr für die Ernährung ausgeben als bisher."
"162","1952-07-17","Zeitung","Die Zeit, 17.07.1952","Es war nicht nur der Schmerz einer geschlagenen Nation, der da laut wurde, es entstand vielmehr eine Kulturauffassung, die Frankreichs Sache mit der der ganzen Menschheit gleichsetzte."
"163","1946-02-21","Zeitung","Die Zeit, 21.02.1946","Von den Iberoamerikanern kann man nicht sagen, daß sie nur Gefolgsleute der westlichen Hemisphäre seien, sie stellen heute bereits eine beachtliche Vertretung der kleineren Nationen dar, und dieser Eindruck dürfte sich verstärken mit der Auswirkung der letzten Präsidentenwahl in Brasilien."
"164","1962-11-02","Zeitung","Die Zeit, 02.11.1962","Bei den Vereinten Nationen müssen die Vereinigten Staaten um die Gunst afrikanischer Staaten werben."
"165","1964-10-23","Zeitung","Die Zeit, 23.10.1964","Renoir dagegen - hier liegt ein tiefer Unterschied in den Wesenszügen unserer Nationen - wird uns Deutschen immer fremder mit der süßen Harmonie seiner Malerei, die wir im 18., nicht im 19. Jahrhundert zu bewundern bereit sind, und vor allem dann, wenn Hauptwerke der Frühzeit wie etwa das ""Ehepaar Sisley"" in Köln oder die ""Lise"" in Essen fehlen."
"166","1947-12-11","Zeitung","Die Zeit, 11.12.1947","Über dieses Schauspiel, das, anderswo bereits gespielt, im Theater am Schiffbauerdamm seine Berliner Erstaufführung erlebte, müßte eigentlich ein Amerikaner berichten; denn seine Nation wird in diesem russischen Drama aktiv als Partner und Gegenspieler der Russen eingesetzt; Die Deutschen stehen zwischen den beiden Mächten, Objekte, nicht Träger und Lenker der Handlung und des Geschehens, und schon darum ist eigentlich einer Von ihnen dafür nicht recht zuständig."
"167","1967-04-28","Zeitung","Die Zeit, 28.04.1967","Hier deckt eine Nation ja doch nur mit allzu viel Lärm eine Blöße zu, die der ordentliche, der eigentlich olympische Leistungssport immer sichtbar macht."
"168","1951-03-29","Zeitung","Die Zeit, 29.03.1951","Denn auch rückläufig könnte der universale Geist dieses Landes, in dem Angehörige aller Nationen versammelt sind, für unser Denken nur entprovinzialisierend wirken."
"169","1947-01-30","Zeitung","Die Zeit, 30.01.1947","Auch verloren die Griechen als seefahrende Nation den größten Teil ihrer Handelsflotte."
"170","1957-09-05","Zeitung","Die Zeit, 05.09.1957","Die Tatsache, daß wir diesmal neben den drei Titeln auch noch vier gute Plätze belegen konnten und zudem die einzige Nation waren, die an allen sieben Endläufen beteiligt war, beweist eindrucksvoll, daß wir nunmehr wieder den Anschluß an die Weltklasse erreicht haben."
"171","1964-11-27","Zeitung","Die Zeit, 27.11.1964","Zwei Jahre später schlug der Bruder des verstorbenen Präsidenten, Justizminister Robert F. Kennedy, damals einer der 50-Meilen-Marschierer, Alarm und behauptete, der amerikanische Leistungssport bliebe hinter dem anderer Nationen zurück."
"172","1956-02-09","Zeitung","Die Zeit, 09.02.1956","Aber das Franco-Regime ist dafür auch dürr und restaurativ, ohne den Willen zu einer technisch-rationalen modernen Erneuerung der Nation, den Mussolini immerhin besaß."
"173","1951-04-12","Zeitung","Die Zeit, 12.04.1951","In der nächsten Unterhaltung, mit Herrn Pampelmuser, werden Sie dann hören, daß die Stadtväter längst nicht genug für den (""sozialen"") Wohnungsbau getan hätten, aber bei öffentlichen Gebäuden einen Aufwand trieben, der ""geradezu abstoßend"" sei, und ""leichtfertig, weil wir dadurch in den Augen des Ausländers als eine reiche und hoffärtige Nation dastehen""."
"174","1968-03-08","Zeitung","Die Zeit, 08.03.1968","Gespaltene Nation"
"175","1965-01-22","Zeitung","Die Zeit, 22.01.1965","Die Regierung verfüge über die Souveränität im Namen der Nation, und sie dürfe unter keinen Umständen auf gewisse Teile der Souveränität verzichten."
"176","1959-11-27","Zeitung","Die Zeit, 27.11.1959","Die Vereinten Nationen haben einen Bericht über die Investitionen von amerikanischem und europäischem Privatkapital in überseeischen Ländern veröffentlicht."
"177","1964-09-25","Zeitung","Die Zeit, 25.09.1964","So heißt es auf der Buchklappe, um Schlamms Thesen zu verdeutlichen - auch: ""Die Juden können sich endlich frei entscheiden, ob sie ihrer Nation oder ihrer Umwelt angehören wollen."""
"178","1964-06-19","Zeitung","Die Zeit, 19.06.1964","Schließlich gibt es noch zwölf Ozeanstationen, die vom amerikanischen Küstenschutz und auch von anderen Nationen unterhalten werden."
"179","1967-06-23","Zeitung","Die Zeit, 23.06.1967","Trüb und einsam standen die auf dem großen Paradeplatz ( Place des Nations) liebevoll aufgebauten Symbole deutscher Städte."
"180","1969-11-28","Zeitung","Die Zeit, 28.11.1969","Begründung: Deutschland sei nicht länger als ein Menschenleben lang eine Nation gewesen."
"181","1967-11-17","Zeitung","Die Zeit, 17.11.1967","Die Grußkarten-Aktion des UNICEF, des Weltkinderhilfswerks der Vereinten Nationen, hat begonnen."
"182","1947-04-10","Zeitung","Die Zeit, 10.04.1947","Senator Warren Austin, sprach am gleichen Tag von dem ""Fortschritt, den die Vereinten Nationen im ersten Jahre ihrer Arbeit auf amerikanischem Boden erzielten""."
"183","1968-10-18","Zeitung","Die Zeit, 18.10.1968","So umfassend ist figurative Kunst der Gegenwart quer durch die Richtungen und Nationen, von Frank Gallo bis Ipousteguy, von Vostell bis Lea Grundig, von Kokoschka bis Lichtenstein, noch nie inszeniert worden."
"184","1968-10-25","Zeitung","Die Zeit, 25.10.1968","Die Politiker im Kongreß aber sind schon lange nicht mehr von dem Schwung erfüllt, den Kennedy einst auf seine Mitbürger übertrug, als er die Landung auf dem Mond zum Imperativ der Nation erhob."
"185","1965-07-23","Zeitung","Die Zeit, 23.07.1965","In den Genfer Abrüstungsverhandlungen ist er der Chef der amerikanischen Delegation in der von siebzehn Nationen beschickten Konferenz."
"186","1966-09-09","Zeitung","Die Zeit, 09.09.1966","In Johannisburg gingen seit Wochen Gerüchte um, Südafrika werde aus den Vereinten Nationen austreten, falls die UN die Entscheidung des Internationalen Gerichtshofes über den Status von Südwestafrika anfechten sollte."
"187","1963-06-21","Zeitung","Die Zeit, 21.06.1963","Ob die Identität von Religion und Nation, welche der Geschichte des jüdischen Volkes bisher auszeichnete, bleiben wird, ist natürlich fraglich."
"188","1965-04-02","Zeitung","Die Zeit, 02.04.1965","Der gute Wille der Vereinten Nationen, die sich für dieses Programm eingesetzt hatten, zahlte sich nicht aus."
"189","1968-12-13","Zeitung","Die Zeit, 13.12.1968","""Wenn die Frage gestellt wird, ob die deutsche Nation eine Zukunft hat, so antworte ich: Jawohl, die deutsche Nation hat eine Zukunft - in der Herstellung der Einheit in einem sozialistischen Deutschland!"""
"190","1961-11-24","Zeitung","Die Zeit, 24.11.1961","Hält er die Vereinten Nationen für eine im großen und ganzen sinnvolle Einrichtung - nun dann sollte man ihn am besten gleich des Landes verweisen."
"191","1969-05-30","Zeitung","Die Zeit, 30.05.1969","Nach den Olympischen Spielen werden immer wieder Tabellen aufgestellt, bei denen die von einem Lande errungene Zahl von Medaillen auf die Kopfstärke seiner Einwohner bezogen wird, um so die sportliche Leistungsfähigkeit einer Nation zu ermitteln."
"192","1963-01-04","Zeitung","Die Zeit, 04.01.1963","Coubertin dachte sich ein völkerverbrüderndes Zeremoniell für die Eröffnungs- und Schlußfeier aus: Einmarsch der Nationen, jubelnde Chöre, Schwärme weißer Friedenstauben - aber das zwingende Symbol fehlte noch - dies fügte erst sein geistiger Nachfolger, der Deutsche Carl Diem hinzu - den olympischen Fackellauf - die heilige Flamme, die es zu hüten gilt."
"193","1964-11-27","Zeitung","Die Zeit, 27.11.1964","Die Bundesregierung hofft, das Interesse der Sowjetunion an einem Warenaustausch mit der Bundesrepublik zu aktivieren und damit auf längere Sicht gesehen eine Ausgangslage zu schaffen, die ein Gespräch mit der Sowjetunion über die Lebensfrage der Nation ermöglicht: die Teilung Deutschlands."
"194","1966-10-28","Zeitung","Die Zeit, 28.10.1966","Die Rolle einer verspäteten Nation unter so vielen, die auf der Höhe der Gegenwart leben, ist die beste nicht."
"195","1962-08-17","Zeitung","Die Zeit, 17.08.1962","[...] Für das Geld, das die Vereinigten Staaten ausgeben werden, um einen Mann zum Mond zu schicken, könnten wir das Gehalt der Lehrer und Professoren aller privaten und staatlichen Institute des Landes, vom Kindergarten bis zur Hochschule, zehn Jahre lang um zehn Prozent erhöhen, dazu 200 Universitäten mit je zehn Millionen Dollar substantiell helfen, 50000 Studenten sieben Jahre lang ein Stipendium geben, Zehn medizinische Fakultäten bei uns und in 53 jungen Mitgliedstaaten der Vereinten Nationen eine komplette Universität einrichten, außerdem drei weitere Rockefeller Foundations gründen, und wir hätten dann immer noch 100 Millionen Dollar übrig zur Förderung des Verständnisses für die Wissenschaft. [...]"
"196","1965-03-19","Zeitung","Die Zeit, 19.03.1965","Die Südafrikaner sind offensichtlich ein Volk von Frühaufstehern, eine sportliche Nation; sie lieben das urbane Leben nicht'sonderlich."
"197","1956-09-20","Zeitung","Die Zeit, 20.09.1956","Am charmantesten haben es diesmal die Engländer verstanden, in ihrem Pavillon am ""Platz der Nationen"" die Geschäftsabsichten raffiniert zu verkleiden: in der Eingangshalle unter hohen Bäumen lenkt Vogelgezwitscher von den ernsten Zwecken ab."
"198","1960-06-03","Zeitung","Die Zeit, 03.06.1960","Das Merkmal einer Nation ist die Sprache."
"199","1954-08-05","Zeitung","Die Zeit, 05.08.1954","Der richtige Adressat für die Bedenken der Auswanderermission ist die internationale Auswandererorganisation (""Icem""), die in vielen europäischen Ländern vertreten ist und Schiffe für die Auswanderer aller Nationen chartert."
"200","1946-08-29","Zeitung","Die Zeit, 29.08.1946","Was ihm fehlt, ist die Führung in die lebendige Aufgabe des Wiederaufbaus seines Volkes im Innern und unter den anderen Nationen."
"201","1969-10-31","Zeitung","Die Zeit, 31.10.1969","Brandt stellte die Politik seiner Regierung unter das Motto, die Sicherheit der Bundesrepublik und den Zusammenhalt der Nation zu wahren, den Frieden zu erhalten und an einer europäischen Friedensordnung mitzuarbeiten."
"202","1962-11-09","Zeitung","Die Zeit, 09.11.1962","NEW YORK - 81 Nationen appellierten im Politischen Hauptausschuß der UN-Vollversammlung an die Atommächte, ab 1. Januar 1963 keine Kernwaffenversuche mehr durchzuführen."
"203","1951-01-04","Zeitung","Die Zeit, 04.01.1951","Wem die Erfahrungen der letzten zwanzig Jahre nicht genügen, kann es heute an der Rohstoff- und Preisentwicklung und an der zunehmenden Verknappung unseres Arbeitspotentials ablesen, daß das Doppelziel ""Kanonen und Butter"" nur durch Produktionsausweitung auf einer weit breiteren Basis des wirtschaftlichen Ausgleichs erreicht werden kann, als sie irgendeine Nation Westeuropas allein bietet."
"204","1968-06-14","Zeitung","Die Zeit, 14.06.1968","Überall führen moderne Technik und moderne Kommunikationsmittel Menschen und Nationen näher zusammen, die Sorgen des einen werden mehr zur Sorge aller."
"205","1968-03-22","Zeitung","Die Zeit, 22.03.1968","Die schwersten Kämpfe tobten in Jerusalem, das nach dem Teilungsplan der Vereinten Nationen international verwaltet werden sollte."
"206","1965-03-19","Zeitung","Die Zeit, 19.03.1965","Wie der Vorsitzende des Staatlichen Komitees für Filmwesen und Leiter des Organisationskomitees für das Festival, A. W. Romanow, der ""Iswestija"" erklärte, kann wiederum jede teilnehmende Nation je einen abendfüllenden und einen Kurzfilm (Dokumentär-, wissenschaftlicher oder beliebiger anderer Kurzfilm) beisteuern."
"207","1962-07-27","Zeitung","Die Zeit, 27.07.1962","Der Kongo kostet die Vereinten Nationen pro Monat 40 Millionen Mark."
"208","1968-09-13","Zeitung","Die Zeit, 13.09.1968","Präsident Johnson erklärte am Dienstag in New Orleans, die Ereignisse in der ÄCESSR hätten gezeigt, daß die Unabhängigkeit der Nationen und die Freiheit der Menschen noch immer bedroht seien."
"209","1949-12-15","Zeitung","Die Zeit, 15.12.1949","Denn die Überzahl und damit das parlamentarische Übergewicht der farbigen oder nicht abendländischen Nationen ist ein unabänderliches Faktum und liegt wie ein Schatten über der Zukunft der alten Welt."
"210","1956-04-19","Zeitung","Die Zeit, 19.04.1956","Theoretisch gibt es - immer noch - den Weg des Krieges, aber bei allen Nationen, östlichen und westlichen, freundlichen und feindlichen, hat sich inzwischen die Einsicht durchgesetzt, daß er kein taugliches Mittel zur Erreichung vernünftiger Ziele ist."
"211","1958-01-23","Zeitung","Die Zeit, 23.01.1958","Die Nation bedarf der Fähigkeit des Sich-Sammelns, der Konzentration, der Kunst des vereinten Schweigens, des Reflektierens, des Sich-Vertiefens in das Leben, die Wahrheit, die Wissenschaft und die Werte dieses Lebens."""
"212","1954-09-16","Zeitung","Die Zeit, 16.09.1954","Tausende von modernen Bildern von einunddreißig Nationen!"
"213","1956-08-30","Zeitung","Die Zeit, 30.08.1956","Sehr lange kann kein Regime bestehen, wenn es nicht die inneren und äußeren Lebensumstände einer Nation einigermaßen befriedigt."
"214","1969-06-13","Zeitung","Die Zeit, 13.06.1969","in der Bundesrepublik werden mehr Tiefkühlkost, Fertiggerichte und andere teure Nahrungsmittel, auch mehr Genußmittel verbraucht als in anderen Ländern - wenn man von den glücklichen Nationen absieht, die wie Schweden und die Schweiz in diesem Jahrhundert nur Frieden gekannt haben;"
"215","1955-09-01","Zeitung","Die Zeit, 01.09.1955","Der Block der siebzehn afrikanisch-asiatischen Länder in den Vereinten Nationen ersuchte den Generalsekretär, eine außerordentliche Sitzung des Sicherheitsrates einzuberufen."
"216","1966-07-15","Zeitung","Die Zeit, 15.07.1966","Der Rest verteilt sich auf 29 Nationen."
"217","1951-07-05","Zeitung","Die Zeit, 05.07.1951","Trotz dieser Rechtslage werden noch immer Anklagen nach dem Kontrollratsgesetz erhoben, die von der Nichtachtung des deutschen Rechts zur Zeit der Tat ausgehen, Dabei scheint die irrtümliche Auffassung zu bestehen, daß das Besatzungsrecht zu einem solchen Verhalten zwinge, Auch das Besatzungsrecht ist aber dem Völkerrecht unterworfen und kann daher zum mindesten seit dem erwähnten Beschluß der Vereinten Nationen keine rückwirkende Anwendung von Strafgesetzen mehr vorschreiben."
"218","1965-09-24","Zeitung","Die Zeit, 24.09.1965","Keine europäische Nation - weder im Osten noch im Westen - ist an der Wiedervereinigung und damit an einem Erstarken Deutschlands interessiert."
"219","1967-07-28","Zeitung","Die Zeit, 28.07.1967","Bei dem kurzen Krieg im Nahen Osten haben die Vereinten Nationen eine recht erhebliche, wenn auch nicht immer sehr glückliche Rolle gespielt."
"220","1946-10-31","Zeitung","Die Zeit, 31.10.1946","Die Vereinigten Staaten seien sich ihrer Verantwortung bewußt und würden sich mit allen Kräften an der Regelung der Probleme beteiligen sowie Sorge dafür tragen, daß die Aufgaben der Vereinten Nationen durchgeführt würden."
"221","1960-11-18","Zeitung","Die Zeit, 18.11.1960","Zwei Jahre lang haben Jugendliche aus zwölf Nationen mitgeholfen, den Friedhof für 42000 deutsche Soldaten wieder instandzusetzen."
"222","1967-01-13","Zeitung","Die Zeit, 13.01.1967","In seiner jährlichen ""Botschaft über die Lage der Nation"" stellte US-Präsident Johnson den Amerikanern ""mehr Kosten, mehr Verluste und Leid"" in Aussicht."
"223","1946-03-14","Zeitung","Die Zeit, 14.03.1946","Die Ernährung der Nation auf dem durch den Krieg so einschneidend verengten Raum kann nur dann gebessert werden, wenn gut geformte, leistungsfähige landwirtschaftliche Betriebe von den tüchtigsten Bauern bewirtschaftet werden."
"224","1954-11-04","Zeitung","Die Zeit, 04.11.1954","Man kann nur Zieglers ""Begriff der Nation"" wieder lesen, um die Grundlage des aggressiven modernen Nationalstaates in der Fiktion der Identität der Regierenden und Regierten einzusehen."
"225","1965-08-27","Zeitung","Die Zeit, 27.08.1965","Gegen die Überzeugung, die deutsche Nation - als bewußt verstandene, entschlossen gewollte Lebensgemeinschaft der Deutschen - sei tot, stehen jene Behauptungen, die in den letzten Jahren häufiger zu hören waren und die das Gegenteil aussagen."
"226","1969-10-24","Zeitung","Die Zeit, 24.10.1969","An die überwältigend großen und schwierigen Aufgaben der äußeren Befriedigung und der inneren sozialen Harmonisierung seiner Nation ist er methodisch und ohne Überhastung herangegangen."
"227","1964-04-17","Zeitung","Die Zeit, 17.04.1964","Das neue Schiff ""Schalom"", ein Flaggschiff der Marine, die diese kleine Nation von 2 1/2 Millionen Einwohnern strebsam aufgebaut hat, besitzt zwei Küchen, weil man eine nicht koschere für erwünschte amerikanische Gäste gedacht hatte, die mit diesem Schiff sieben Tage von New York unterwegs sind."
"228","1963-10-11","Zeitung","Die Zeit, 11.10.1963","In den Straßen von Baden-Baden wehen die Flaggen von III Nationen, und vor dem Kurhaus steht - symbolisch für die kraftvolle Idee der olympischen Weltbewegung - ein mächtiger Block von Olympiafahnen."
"229","1968-08-09","Zeitung","Die Zeit, 09.08.1968","Ich weiß, ich berenne ein frommes Geheimnis, ich schände einen Tempel, ich schlachte eine Heilige Kuh der Nation: den städtisch subventionierten Heiligen Abend unseres Bürgertums."
"230","1960-12-02","Zeitung","Die Zeit, 02.12.1960","Sie dienten damit zugleich der Nation."
"231","1962-10-19","Zeitung","Die Zeit, 19.10.1962","Beide erklärten - unter dem Beifall der großen Mehrheit der Konzilsväter -, es sei notwendig, sich erst untereinander, also innerhalb einer Gruppe, und dann auch zwischen den Nationen zu beraten."
"232","1962-05-04","Zeitung","Die Zeit, 04.05.1962","Frankreich, das den Begriff ""Nation"" geprägt hat und noch 1954 die Ursache des Scheiterns der Europäischen Verteidigungsgemeinschaft war, nimmt heute der EWG und den europäischen Problemen gegenüber eine ganz andere Stellung ein."
"233","1963-01-11","Zeitung","Die Zeit, 11.01.1963","Er wird sie auch solange nicht aussprechen, wie Tausende sowjetischer Soldaten auf der Insel Castros Streitmacht ausbilden und den Vereinten Nationen die Inspektion Kubas verwehrt bleibt."
"234","1967-01-06","Zeitung","Die Zeit, 06.01.1967","Wir wollen zusammen mit den freien Nationen im Verband fahren, aber nicht im Schlepptau der anderen "" ""Das vor uns liegeade Jahr 1967 wird nicht ein Jahr strahlender Neuerungen sein können."
"235","1966-04-08","Zeitung","Die Zeit, 08.04.1966","Darüber hinaus hat er immer wieder in großen Reden und Aufsätzen drängende Fragen der eigenen Nation und ihrer Geschichte aufgegriffen."
"236","1951-05-17","Zeitung","Die Zeit, 17.05.1951","Der Kampf gegen die Inflation kann nach seiner Ansicht nur durch die persönliche Haltung des einzelnen Bürgers gewonnen werden, der entscheiden muß, ""ob die Nation im höchsten Sinne patriotisch oder engstirnig selbstsüchtig sein will."""
"237","1964-10-16","Zeitung","Die Zeit, 16.10.1964","Zur Zufriedenheit der Regierungen in Bonn und Ostberlin verhielten sich die 47 Nationen in der Deutschland-Frage neutral."
"238","1953-08-06","Zeitung","Die Zeit, 06.08.1953","Immerhin tröstet er sich mit Recht damit, daß die Liberalen - die sogenannte ""intellektuelle Elite der Nation"" - sich keineswegs anders verhalten als er."
"239","1964-09-18","Zeitung","Die Zeit, 18.09.1964","Die bevorstehenden Wahlen sind kein bloßer Popularitäts-Wettbewerb; sie sind ein Kampf von tödlichem Ernst um die Herrschaft über die mächtigste Nation der Erde."
"240","1957-09-12","Zeitung","Die Zeit, 12.09.1957","Dabei wird verkannt, daß es gerade die Funktion fester Wechselkurse ist, die Geldpolitik der einzelnen Nationen gleichzuschalten."
"241","1953-01-22","Zeitung","Die Zeit, 22.01.1953","""Sollte wirklich jemand glauben, daß der gute Zweck noch dieses einzige Mal das böse Mittel heiligen kann, dann muß ich daran erinnern, daß wir im achten Jahr des Atomzeitalters leben und daß wir nicht die einzige Nation sind, die gelernt hat, die Kraft des Atoms zu entfesseln."""
"242","1957-05-09","Zeitung","Die Zeit, 09.05.1957","Im Pariser ""Theater der Nationen"" stellte - im Rahmen des ""Deutschen Monats"" - das Bochumer Schauspielhaus dem französischen Publikum Frank Wedekinds ""Der Marquis von Keith""; vor - jene Satire aus den letzten Gründerjahren, in der Wedekind gegen die bürgerliche Moral seiner Zeit ankämpfte."
"243","1965-05-07","Zeitung","Die Zeit, 07.05.1965","So haben wir auch den Abschied, die Abkehr von den nationalstaatlichen Träumen, von Ruhm, Glanz und Macht der Nation am entschiedensten vollzogen."
"244","1968-11-01","Zeitung","Die Zeit, 01.11.1968","Ben Gurion versuchte in diesen Gesprächen immer wieder, den auch von ihm nicht bestrittenen Gegensatz zwischen den Juden Palästinas und den Arabern Palästinas dadurch zu lösen, daß er auf die Araber als Nation und die Juden als Gruppe im Weltmaßstab hinwies."
"245","1951-08-16","Zeitung","Die Zeit, 16.08.1951","Er lautete: ""Der Begriff der Nation und die deutsche Jugend."""
"246","1964-08-21","Zeitung","Die Zeit, 21.08.1964","Die Aufgaben, die uns und der kommenden Generation gestellt sind, lassen sich nicht in einem Kampf aller gegen alle, in einem catch as catch can souveräner Nationen lösen."
"247","1960-11-11","Zeitung","Die Zeit, 11.11.1960","Zu den Nationen sage ich:"
"248","1965-05-28","Zeitung","Die Zeit, 28.05.1965","Aber die Distanz zum schönen Symbol der englischen Nation verringerte sich nie."
"249","1965-02-12","Zeitung","Die Zeit, 12.02.1965","Allerdings zeichnet er dabei einen langen und mühsamen Weg, und er läßt nicht den geringsten Zweifel daran, daß das ""große deutsche Volk"" seine Wiedervereinigung als Nation erst erleben kann, wenn Europa, das ganze Europa, wiedervereinigt ist."
"250","1968-04-05","Zeitung","Die Zeit, 05.04.1968","Er wurde zum Verfechter eines unbeherrschten und maßlosen Machtmißbrauches, der die Moral der Nation aushöhlte."
"251","1954-06-10","Zeitung","Die Zeit, 10.06.1954","Diese Nationen können sich das immerhin eher leisten als wir, denn wenigsten sind sie bescheidene Machtfaktoren, und auf jeden Fall ist nicht ein Teil ihres Gebietes im voraus schon in der Hand der Sowjets."
"252","1967-04-28","Zeitung","Die Zeit, 28.04.1967","Daraufhin sicherte ihm Brandt zu, die Bundesrepublik würde ihre Zahlungen von der Zusage abhängig machen, daß die laufende Hilfe der Vereinten Nationen für die Palästina-Flüchtlinge nicht gekürzt werde."
"253","1959-09-25","Zeitung","Die Zeit, 25.09.1959","Dennoch: Solange die Syrer befürchten, Spielball fremder Nationen zu sein, dürften sie die holprige Ehe der Scheidung vorziehen."
"254","1963-09-27","Zeitung","Die Zeit, 27.09.1963","Hier bestimmen längst nicht mehr die weißen Nationen allein den Gang der Dinge."
"255","1947-03-27","Zeitung","Die Zeit, 27.03.1947","Osteuropa wird mehr geneigt sein, dem Westen Freundschaft und Verständnis entgegenzubringen, wenn dieser einen eigenen Willen an den Tag legt und auch den Mut hat, seine Interessen zu verfolgen, ohne sich durch andere behindern zu lassen - natürlich innerhalb der Charta der Vereinten Nationen."
"256","1952-08-21","Zeitung","Die Zeit, 21.08.1952","Das Sekretariat der Vereinten Nationen hat für die am 14. Oktober beginnende siebente Sitzung der Vollversammlung der UNO eine 65 Punkte umfassende Tagesordnung aufgestellt."
"257","1969-01-10","Zeitung","Die Zeit, 10.01.1969","Als ein von vielen kaum beachteter ""Notausgang"" ist in die Präambel des Verfassungsgesetzes wörtlich jene Formel eingebaut worden, die bis 1935 die Komintern-Formel war: das Recht der beiden Nationen auf Selbstbestimmung ""einschließlich der Abtrennung""."
"258","1957-06-27","Zeitung","Die Zeit, 27.06.1957","""Es gibt keinen kostbareren Schatz einer Nation, als die menschliche Natur der Volksgenossen."""
"259","1963-10-04","Zeitung","Die Zeit, 04.10.1963","Oder die unsägliche Schwester Nietzsches, die ihren kleinbürgerlichen Hang zum gesellschaftlichen Angeben mit dem großen Namen deckte, bis sie ihn schließlich der Bewegung auslieferte, durch die sie Repräsentationsdame der Nation zu werden gedachte."
"260","1964-10-16","Zeitung","Die Zeit, 16.10.1964","Die Angaben, die die Vereinten Nationen veröffentlichen, kommen infolge der vielen Schwierigkeiten bei dem Vergleich nationaler Statistiken und ihrer Umrechnung auf einen einheitlichen internationalen Nenner meist viel zu spät, um noch konjunkturpolitisch verwertet werden zu können."
"261","1961-04-14","Zeitung","Die Zeit, 14.04.1961","Mitglieder des PEN sollen ihren Einfluß für das gute Einvernehmen und die gegenseitige Achtung der Nationen einsetzen."
"262","1967-01-13","Zeitung","Die Zeit, 13.01.1967","Die Sicherung Südvietnams als selbständige, unabhängige und gegen die Aggression aus dem Norden gesicherte Nation."
"263","1968-12-27","Zeitung","Die Zeit, 27.12.1968","Beispiel: Eine wichtige Aufgabe, vor die Kennedys Entschluß, Amerika zur führenden Nation im Weltraum zu machen, die Wissenschaft stellte, war es, geeignete Nahrungsmittel für Raumfahrer zu entwickeln."
"264","1960-09-02","Zeitung","Die Zeit, 02.09.1960","Hätte er sonst verlangt, die Truppen der Vereinten Nationen sollten das Land ebenfalls räumen?"
"265","1947-11-27","Zeitung","Die Zeit, 27.11.1947","Nicht umsonst ist es die mit so viel Nachdruck verfochtene und von dem Linkssozialisten Nenul aufgegriffene These Togliattis, daß es für Italien eine Neutralität ""zwischen den beiden Blöcken mit den friedliebenden Mächten auf der einen, den kriegerischen Nationen auf - der anderen Seite"" nicht geben könne, sondern nur eine klare Wahl der ""friedlichen"" Seite."
"266","1955-08-04","Zeitung","Die Zeit, 04.08.1955","Ich denke dabei an den Prozeß jenes Arztes aus Cleveland, der kürzlich wegen Mordes an seiner Frau verurteilt wurde, und von dessen Verwandten drei - der Vater seiner Frau, sein eigener Vater und seineMutter - die Gerichtsverhandlungen nicht überlebten, von denen die Presse, die diese traurige Geschichte bis zu ihrem Ende auf den ersten Seiten der meisten Blätter der Nation brachte, jetzt erklärte, daß sie weit über ihre Bedeutung und Wichtigkeit hinaus aufgemacht wurden."
"267","1966-03-25","Zeitung","Die Zeit, 25.03.1966","Wenn auch die polnische Nation in ihrer absoluten Mehrheit katholisch ist, so betrachten wir Bischöfe uns jedoch nicht als politische Führer der Nation."
"268","1955-08-04","Zeitung","Die Zeit, 04.08.1955","Ein Traum, der in den Nationen der Alten Welt gleichzeitig in vielen, weit voneinander getrennt lebenden Menschen aufkam; in Nationen, die nicht auf Bürgertum, sondern auf Untertanenschaft gegründet und von der Masse und Gefügigkeit eben dieser Untertanen abhängig waren; in Männern und Frauen, die ihre Träume und Hoffnungen einander nicht mitteilen konnten, die aber gleichzeitig sagten:"
"269","1969-01-31","Zeitung","Die Zeit, 31.01.1969","Ehrennamen, laut Autobiographie: ""Mister Germany"", ""Deutschlands schönster Dichter"", ""Lehrer der Nation"" oder auch ""Messias einer Erlösung vom Konsumzwang""."
"270","1965-09-24","Zeitung","Die Zeit, 24.09.1965","Aber alle europäischen Nationen - sowohl im Osten wie im Westen - sind daran interessiert, die deutsche Frage zu entschärfen, was nicht möglich ist, solange die Teilung gegen den Willen der Deutschen zwangsweise aufrechterhalten wird."
"271","1963-10-18","Zeitung","Die Zeit, 18.10.1963","Wirklich war Adenauer nicht ""undeutsch"" in dem Sinn, daß er für die schimpfierte Würde der Nation ohne Gefühl gewesen wäre; dafür gibt es eindrucksvolle Zeugnisse, zumal aus den ersten Jahren nach dem Zusammenbruch."
"272","1946-11-14","Zeitung","Die Zeit, 14.11.1946","Das neue Köln schickt sich an, auf diesem Gebiet zur Hohen Schule der Nation zu werden."
"273","1948-05-06","Zeitung","Die Zeit, 06.05.1948","General Robertson hat in seiner viel beachteten Rede in Düsseldorf am 7. April leider zu dieser wirtschaftlichsozial und politisch-psychologisch gleich entscheidenden Frage kein Wort gesagt; General Bishop, der stellvertretende Gouverneur von Nordrhein-Westfalen, erklärte zwei Tage später in einer Pressebesprechung auf eine Anfrage, das deutsche Volk werde durch Demontage und Reparationen in die Lage versetzt, wieder in die Gemeinschaft der Nationen einzutreten."
"274","1961-09-22","Zeitung","Die Zeit, 22.09.1961","Es geht um das Überleben der Vereinten Nationen selber als dem Ansatz zu einer Welt, in der die Übereinstimmung der Mehrheit mehr gilt als die Macht der Rücksichtslosen."
"275","1966-08-26","Zeitung","Die Zeit, 26.08.1966","Ein schwarzer Cadillac mit dem blauen Stander der Vereinten Nationen am Kotflügel biegt in den Hof ein."
"276","1969-09-05","Zeitung","Die Zeit, 05.09.1969","Die Vollversammlung der Vereinten Nationen, die demnächst zu ihrer 24. Sitzungsperiode zusammentritt, mag zum wiederholten Male Araber und Israelis zur Erfüllung ihrer Resolution von 1967 auffordern; es wird damit sein Bewenden haben."
"277","1967-11-03","Zeitung","Die Zeit, 03.11.1967","Er kannte die Probleme des Turmbaus zu Babel aus langjähriger Erfahrung, aber er wußte auch, daß sie überwindbar sind, wenn internationale Bildungspolitik als ein Sachproblem gesehen wird und nicht als eine Auseinandersetzung zwischen den Nationen mit anderen Mitteln."
"278","1958-09-25","Zeitung","Die Zeit, 25.09.1958","In ihrer Streiterei um das Richtige und Gute in der Politik vergreifen sich die demokratischen Parteien nun schon an den Symbolen der Nation."
"279","1969-03-21","Zeitung","Die Zeit, 21.03.1969","Die Japaner haben die Deutschen überholt und sind in der freien Welt die Nation mit den zweitgrößten Bruttosozialprodukt geworden."
"280","1961-09-29","Zeitung","Die Zeit, 29.09.1961","Dann aber übte er an den Vereinten Nationen scharfe Kritik."
"281","1967-02-10","Zeitung","Die Zeit, 10.02.1967","Deshalb folgt sie dem Sanktionsbeschluß des UN-Sicherheitsrates, obwohl sie selbst nicht der Organisation der Vereinten Nationen angehört."
"282","1949-11-03","Zeitung","Die Zeit, 03.11.1949","Die himmelschreiende, eines reichen Landes so unwürdige Wohnungsnot, die von Calais bis Marseille festzustellen ist - um nur dies eine Übel zu nennen! -, hat die Nation einzig den Sozialisten zu verdanken, denn diese haben die demagogischen, von den Kommunisten eingebrachten Gesetze, die den privaten Wohnungsbau und den Unterhalt bestehender Häuser unmöglich machten, unterstützt."
"283","1965-12-31","Zeitung","Die Zeit, 31.12.1965","""Man kann einer großen Nation wie der unseren nicht den ihr gebührenden Anteil am Jupiter verwehren."
"284","1960-12-30","Zeitung","Die Zeit, 30.12.1960","Oder besteht etwa doch eine moralische Verpflichtung der Nationen des Westens und Rußlands gegenüber den ""Unterentwickelten?"""
"285","1949-12-15","Zeitung","Die Zeit, 15.12.1949","So, wie unter den heutigen Formen der parlamentarischen Demokratie das Gesetz der größeren Zahlen gilt und Quantität mehr bedeutet als Qualität, genau so werden wir es im internationalen Parlamentarismus à la UNO hinnehmen müssen, daß Mehrheitsbeschlüsse der Nationen verbindlich sind, auch wenn sie unseren westlichen Interessen entgegenstehen."
"286","1969-09-12","Zeitung","Die Zeit, 12.09.1969","das wird die Zukunft der Nation entscheiden)."
"287","1955-12-29","Zeitung","Die Zeit, 29.12.1955","Im übrigen herrscht in UNO-Kreisen allgemein die Auffassung, daß die Zustimmung Moskaus zu einer Aufnahme Japans in die Vereinten Nationen nur unter gleichzeitiger Übernahme der Vertretung Chinas durch Peking gegeben wird."
"288","1967-10-27","Zeitung","Die Zeit, 27.10.1967","In wissenschaftspolitischen Diskussionen etwa wird die Anzahl der Nobelpreise, die an eine Nation gefallen sind, gern als Maß für den wissenschaftlichen Leistungsstand des betreffenden Landes verwendet."
"289","1966-08-12","Zeitung","Die Zeit, 12.08.1966","Nach Auffassung der Expertenkommission, die im vergangenen Jahr zur Prüfung der ungünstigen finanziellen Lage der Vereinten Nationen eingesetzt worden ist, werden von der UN zu viele Sitzungen und Konferenzen abgehalten."
"290","1967-05-26","Zeitung","Die Zeit, 26.05.1967","Nach 74 fruchtlosen Resolutionen in 21 Jahren wollen die Vereinten Nationen einen neuen Südwestafrika-Vorstoß: Ein UN-Rat soll an Stelle der bisherigen Mandatsmacht Südafrika die Verwaltung der ehemaligen deutschen Kolonie übernehmen."
"291","1952-09-04","Zeitung","Die Zeit, 04.09.1952","Siebenundfünfzig Nationen sprechen Legionesiseh"
"292","1947-10-02","Zeitung","Die Zeit, 02.10.1947","Noch nämlich, sind die internationalen Konferenzen kein Beweis, daß die verantwortlichen Männer das Wir-Bewußtsein der Nationen ausschlaggebendersein lassen als ihr, den Frieden der Welt erneut gefährdendes, Verkapseltsein ins nationale Ich."
"293","1966-01-14","Zeitung","Die Zeit, 14.01.1966","Ein Leichentuch der Ermutigung hat sich über alle gelegt, die für die tägliche Arbeit der Vereinten Nationen verantwortlich sind."
"294","1968-07-05","Zeitung","Die Zeit, 05.07.1968","Voraussichtlich im Herbst werden die Vereinten Nationen zum Jahr der Menschenrechte eine Konvention zur generellen Abschaffung der Verjährung verabschieden."
"295","1960-12-30","Zeitung","Die Zeit, 30.12.1960","Innenpolitische Probleme rückten in den Hintergrund, während sich die Aufmerksamkeit auf die weltpolitischen Höhepunkte konzentrierte - auf den sowjetisch-chinesischen Konflikt und den U-2-Zwischenfall, auf Chruschtschows Auftreten am Pariser Gipfel, vor den Vereinten Nationen und schließlich bei der Moskauer Tagung des Weltkommunismus."
"296","1963-11-22","Zeitung","Die Zeit, 22.11.1963","Natürlich kann ein Parlament immer nur ein Teil-Schauplatz des geistigen und politischen Ringens innerhalb der Nation sein; es erfüllt vielleicht dann seine Aufgabe sogar besonders gut, wenn es ganz wesentlich Resonanzboden und Spiegelbild für die Dialektik eines allgemeinen geistigen Prozesses ist."
"297","1966-07-15","Zeitung","Die Zeit, 15.07.1966","Hans Heinrich Brinkmann, einst selbst ein gefeierter Reiter, hatte den Aachener Parcours für den ""Preis der Nationen"" aufgebaut, 630 Meter lang, dreizehn Hindernisse mit sechzehn Sprüngen, mittlere Höhe etwa 1,55 Meter."
"298","1969-08-29","Zeitung","Die Zeit, 29.08.1969","Hier kann man mit Morgenthau nur von der ""uneingeschränkten Ungleichheit"" der Mitglieder der Vereinten Nationen sprechen."
"299","1967-12-01","Zeitung","Die Zeit, 01.12.1967","Nationalsozialistin war sie nicht; ihre Schülerinnen bescheinigen ihr geistreiche Haltung, Klugheit und Ironie, doch den Zungenschlag der Zeit beherrschte sie perfekt: ""Volksguterneuerung"", ""Kulturwille"", ""Ausdruck des kulturellen Lebensgefühls der Nation"", ""wurzelechtes Schriftgut"", ""Dinge in die rechte Bahn führen"" - das alles floß ihr glatt von der Feder."
"300","1967-09-15","Zeitung","Die Zeit, 15.09.1967","Die unfreiwillige Entwicklungshilfe der ganzen Welt für die USA beläuft sich nach einer Schätzung der Vereinten Nationen auf vier Milliarden Dollar jährlich."
"301","1946-03-07","Zeitung","Die Zeit, 07.03.1946","An der Tagung, die von dem ehemaligen belgischen Außenminister Spaak eröffnet wurde, nahmen 18 Nationen teil, die Wiedergutmachungsleistungen aus den westlichen Besatzungszonen Deutschlands beanspruchen."
"302","1956-04-19","Zeitung","Die Zeit, 19.04.1956","Innerhalb von zwei Wochen stellte General Norstad seinen neuen aus einer Planungs-, Operations- und Inspektionsabteilung bestehenden Stab auf, in dem Offiziere aller Nationen, die der NATO Luftstreitkräfte zur Verfügung gestellt haben, vertreten sind."
"303","1958-10-30","Zeitung","Die Zeit, 30.10.1958","Man erinnert sich, daß das GATT ursprünglich ein Vorstadium für eine ""Internationale Handelsorganisation"" (ITO) der Vereinten Nationen sein sollte."
"304","1955-06-30","Zeitung","Die Zeit, 30.06.1955","Vor wenigen Jahrzehnten wäre es noch ein Weltmusikfest gewesen, bei dem die Nationen, die dank Begabung und Tradition in der Tonkunst zählen, mit ihren nationalen Schöpfungen friedlich rivalisierten."
"305","1956-08-09","Zeitung","Die Zeit, 09.08.1956","Für und gegen die Nation - Wo liegt die Grenze zwischen Verbrechen und Patriotismus?"
"306","1951-01-04","Zeitung","Die Zeit, 04.01.1951","Die Verteidigung Westeuropas aber, so meinte Hoover, sei Sache der Nationen Europas und nicht der Vereinigten Staaten:"
"307","1961-10-20","Zeitung","Die Zeit, 20.10.1961","Moise Tschombe, der Präsident der Kongo-Provinz Katanga, hat im Kampf gegen die Vereinten Nationen eine Schlacht gewonnen."
"308","1963-01-04","Zeitung","Die Zeit, 04.01.1963","""In Frankreich verrät die Linke den Staat; die Rechte verrät die Nation."""
"309","1948-05-13","Zeitung","Die Zeit, 13.05.1948","Da auch in den norwegischen Unternehmungen des Walfangs britische Gelder investiert sind, dürfte unter den Expeditionen das britische Kapital hervorragend beteiligt sein und für beide Nationen die Monopolstellung sichern."
"310","1959-11-06","Zeitung","Die Zeit, 06.11.1959","Selma Stern: ""Josel von Rosheim, Befehlshaber der Judenschaft im Heiligen Römischen Reich Deutscher Nation""; Deutsche Verlagsanstalt, Stuttgart; 270 S., 24,80 DM,"
"311","1965-10-08","Zeitung","Die Zeit, 08.10.1965","Sie ist, wie Couve de Murville es vor dem Forum der Vereinten Nationen ausdrückte, zum ""Zentrum der Ungewißheit, der Krisen und sogar der Kriege"" geworden - im Augenblick vor allem Asien."
"312","1946-04-18","Zeitung","Die Zeit, 18.04.1946","Die USA sind dazu ausersehen, die UNO zu einer starken und lebenskräftigen Organisation zu machen, damit sie wirksame Mittel und Wege findet, um die Leiden und die Not zu lindern und gerecht mit allen Nationen zu verfahren, erklärte Präsident Truman in einer Gedenkrede am ersten Todestag von Franklin Delano Roosevelt."
"313","1958-07-03","Zeitung","Die Zeit, 03.07.1958","Obwohl die Frisch-Einakter ""Biedermann und Hotz"" mit Recht nur als ""Etüden im neuen Stil"" klassifiziert worden sind, bildete ihre großartige Darstellung durch das Zürcher Ensemble einen Höhepunkt auch bei den Wiener Festwochen im Burgtheater und bei den Ruhrfestspielen in Recklinghausen, im Pariser ""Theater der Nationen"" und auf der Brüsseler Weltausstellung."
"314","1966-08-12","Zeitung","Die Zeit, 12.08.1966","Aber wenn eine grobe Nation entdeckt, daß ein Kurs schwieriger ist als erwartet, dann ist es keine Demütigung für sie, wenn sie ihre Politik ändert."
"315","1957-07-11","Zeitung","Die Zeit, 11.07.1957","Eine schon seit sieben Wochen andauernde konfessionelle Fehde, die den Frieden einer ganzen Nation zu bedrohen scheint, brach ursprünglich in einem kleinen Dorf Irlands aus, das sich in zwei erbittert einander bekämpfende Parteien gespalten hat: Frau Sheila Cloney (protestantisch), aus Fethard in Wexford, war mit einem Katholiken die Ehe eingegangen."
"316","1956-11-29","Zeitung","Die Zeit, 29.11.1956","Diese Resolution fordert die Sowjetunion erneut auf, ihre Truppen aus Ungarn abzuziehen und freie Wahlen unter Aufsicht der Vereinten Nationen zu ermöglichen."
"317","1954-09-16","Zeitung","Die Zeit, 16.09.1954","Tausende von modernen Bildern von einunddreißig Nationen!"
"318","1948-04-15","Zeitung","Die Zeit, 15.04.1948","Die Befürchtung, Spanien könne mit Unterstützung europäischer Großmächte eine Wiedergewinnung der verlorenen Kolonien versuchen und damit die junge Existenz der soeben unabhängig gewordenen iberoamerikanischen Nationen bedrohen, Wurde zur treibenden Kraft für ein engeres defensives Zusammengehen."
"319","1968-03-29","Zeitung","Die Zeit, 29.03.1968","Eine Schicksalsfrage der Nation, wie Lücke meinte, ist das Wahlrecht für die CDU/CSU nicht."
"320","1965-10-15","Zeitung","Die Zeit, 15.10.1965","Nicht jeder hat auch schließlich, gleich im zweiten Satz, so viel auszupacken wie dieser: ""... es gilt, offenbar zu machen: die nationale Pleite - das literarische Falschgeld - die sich als Person bestätigt fühlende Hybris - und das Sprüche klopfende Gewissen einer nichtexistenten Nation."""
"321","1952-06-19","Zeitung","Die Zeit, 19.06.1952","Unter dem Schutz von Panzern mit Tränengas und Bajonetten haben die kampferprobten Truppen der Vereinten Nationen die Gefangenen, die sie auf den Schlachtfeldern Koreas gemacht hatten, nun auch im Lager noch einmal besiegt."
"322","1967-06-30","Zeitung","Die Zeit, 30.06.1967","Nicht mehr der Interessenkonflikt der Nationen, sondern die Konkurrenz der Ideologien steht im Vordergrund des Bewußtseins."
"323","1966-01-21","Zeitung","Die Zeit, 21.01.1966","Die Loyalität seiner Bürger gehört noch nicht der Nation, die bisher kaum existiert, sondern dem Stamm, in dem sie leben."
"324","1947-08-07","Zeitung","Die Zeit, 07.08.1947","Nationen bezwecken, den Frieden und die Sicherheit unter den Staaten aufrechtzuerhalten und deshalb gemeinsam wirksame Maßnahmen zu treffen, um Bedrohungen des Friedens vorzubeugen oder solche zu verhindern, und um Angriffe und andere, friedensbrecherische Handlungen zu unterdrücken."""
"325","1962-12-07","Zeitung","Die Zeit, 07.12.1962","Die Nation muß der Regierung vertrauen"
"326","1968-12-27","Zeitung","Die Zeit, 27.12.1968","Winifred Ewing ist jung, hübsch, blond - und wenn man Nationen mit Worten bauen könnte, wäre sie eine fähige Baumeisterin."
"327","1966-02-18","Zeitung","Die Zeit, 18.02.1966","Jeder, der mit dem strafrechtlichen Staatsschutz befaßt ist, weiß, daß er sich in einem ungeheuren Spannungsfeld bewegt, dessen, einer Pol die dem Individuum dienenden Grundrechte, dessen anderer aber die Regelung des Daseins der Gemeinschaft aller Individuen, also der Nation ist."
"328","1964-06-12","Zeitung","Die Zeit, 12.06.1964","Die einen Länder besaßen überhaupt nur noch eine Liquidität auf Pump, während die anderen Nationen, wie beispielsweise die USA, echte Liquidität im Übermaß besaßen."
"329","1957-05-02","Zeitung","Die Zeit, 02.05.1957","Im Vergleich zu den offenen Subventionen anderer schiffahrttreibender Nationen ist diese Krücke ohnehin nur sehr schwach."
"330","1969-01-10","Zeitung","Die Zeit, 10.01.1969","Den beiden wetteifernden Konzeptionen des 19. Jahrhunderts, nämlich der Lehre von der Klasse und der von der Nation, ordnet sich allmählich die Idee einer menschlichen Gemeinschaft über, einer familiären Gemeinschaft, die zwar offensichtlich aus Gruppen, Nationen, sozialen Kategorien und Generationen zusammengesetzt ist, nichtsdestoweniger aber gehalten ist, sich als eine physische Einheit zu betrachten (angesichts der Gefahren) und als eine moralische Einheit zu betragen (um der Gefahren Herr zu werden)."
"331","1960-12-23","Zeitung","Die Zeit, 23.12.1960","Natürlich wirft ein solches System, bei dem theoretisch alle 15 Nationen über den Einsatz der nuklearen Waffen zu entscheiden haben, unendlich viele Probleme auf."
"332","1954-11-11","Zeitung","Die Zeit, 11.11.1954","Es sei ein lebenswichtiges Interesse der freien Welt und Japans, daß die jungen Nationen Asiens ebenso eingegliedert würden."
"333","1969-09-26","Zeitung","Die Zeit, 26.09.1969","Auch ist dies das sicherste Mittel, fremde Nationen wieder in eine gewogene Stimmung zu versetzen."
"334","1964-11-13","Zeitung","Die Zeit, 13.11.1964","Bewohnt von Europäern aller Nationen für kurze Urlaubszeit, dirigiert von der jungen bulgarischen Elite der Hochschulen, der Universitäten: mit Zimmereinrichtungen, die überall gleich sind, ob im ""Luxushotel"" oder im Hotel der zweiten Kategorie, mit älteren modernen Bauten im Norden, mit den Einfällen der allerjüngsten Architektur im Süden:"
"335","1966-04-08","Zeitung","Die Zeit, 08.04.1966","Die Philosophie bietet sich - ob gewollt oder ungewollt - nach Jaspers als Lebenshilfe der Nation an."
"336","1968-06-21","Zeitung","Die Zeit, 21.06.1968","Für sie ist allein der unter der Decke der Globalabkommen keimende Bilateralismus mit den USA von Bedeutung, da er Schritt für Schritt näher an die Stabilisierung des Status quo und damit der Anerkennung des mit Kriegsende erworbenen sowjetischen Besitzstandes durch die USA und schließlich an eine Abgrenzung der Einflußsphären beider Nationen heranführt: einer Pax Sovietica-Americana."
"337","1961-10-20","Zeitung","Die Zeit, 20.10.1961","Dieser Forderung Sorins - und der Erklärung Chruschtschows vor dem sowjetischen Parteitag, man müsse endlich der Tatsache Rechnung tragen, daß es drei Staatengruppen gebe, die sozialistischen, die neutralen und die kapitalistischen - setzte der US-Delegierte Stevenson das Argument entgegen, die Satzung der Vereinten Nationen sehe eine ganz und gar internationale Leitung vor."
"338","1965-10-08","Zeitung","Die Zeit, 08.10.1965","Die Bürger des kosmopolitischen New York sahen den Papst, der an dieser Stelle zu den Menschen aller religiösen Bekenntnisse, aller Minderheiten und Mehrheiten dieser Nation zugleich reden konnte."
"339","1951-03-01","Zeitung","Die Zeit, 01.03.1951","Präsident Truman erklärte, die Vereinigten Staaten seien nach wie vor bereit, jede Möglichkeit zu sondieren, die eine Aussicht bieten Schwierigkeiten mit anderen Nationen unter ehrenhaften Bedingungen aus der Welt zu schaffen."
"340","1949-05-05","Zeitung","Die Zeit, 05.05.1949","Bei den Diskussionen der UNO-Vollversammlung über die Zukunft der italienischen Kolonien sind die Großmächte mit ihren Plänen auf starken und überraschenden Widerstand gestoßen die kleinen Nationen stellten, mit Ausnahme der südamerikanischen Länder, die Forderung auf Unabhängigkeit der Kolonial Völker oder, wenn diese nicht zu erreichen sei, auf eine gemischte Treuhandschaft von kleinen Mächten, die nur das eine Ziel verfolgen solle, möglichst schnell alle Voraussetzungen zur Übernahme der Verwaltung durch die Eingeborenen zu schaffen."
"341","1966-03-25","Zeitung","Die Zeit, 25.03.1966","Wichtig sind auch die Verbindungen zu zahlreichen Organisationen, die in den Vereinten Nationen anwesend sind."
"342","1965-07-16","Zeitung","Die Zeit, 16.07.1965","Dieses umfangreiche Werk des Berner Soziologen verarbeitet Erfahrungen, die der Autor in dreißig Jahren vor allem in Süd- und Mittelamerika als Forscher und Beauftragter der Vereinten Nationen sammeln konnte."
"343","1950-01-05","Zeitung","Die Zeit, 05.01.1950",": Israel Iieß~""dea Treuhänderscha ftsrar"" 3er ""fetinten Nationen wissen, es werde sich nicht %n dte :;: Fordrtihg des Rates kümtnernjsewte gieru ngsbehorclen aus Jerusalem zuiücffZttwefien, HakedÄ7em bildete am Mittwocheinnettes syrisches Kabinett, mit dem sowohl da ment alsauch die Atmee einverstanden sind ""Der Präsident der dominikanischen Republik, Raphaei Trutllo, ließ sich vom Kongreß des Landes; die"" Vollmacht geben jeder karibfechen Nation den Krieg zu erklären, die wissentlich dominikanischen Revolutionären Schutz Bewähre."
"344","1960-04-01","Zeitung","Die Zeit, 01.04.1960","""Mächtige Nationen haben die Pflicht, den weniger begünstigten Völkern soziale, technische und wirtschaftliche Hilfe zu leisten, damit diese dem Atheismus der Armut entrinnen; denn die Armut kann Atheisten aus uns allen machen."
"345","1948-11-25","Zeitung","Die Zeit, 25.11.1948","Aber die Vertreter Israels werden doch gehört, obgleich ihr Staat auch nicht allgemein anerkannt ist und schon deshalb kein Mitglied der Vereinten Nationen sein kann."
"346","1965-06-18","Zeitung","Die Zeit, 18.06.1965","François-Poncet mag in seinem Leben, Denken und Schreiben immer die rechte Mitte gehalten haben, aber Nationen und Politiker tun es leider nicht immer."
"347","1950-06-08","Zeitung","Die Zeit, 08.06.1950","Aber da die Amerikaner in ihm mehr sehen als nur einen Militär, da sie ihm, wie die Deutschen einst Hindenburg, auf Grund seiner militärischen Leistung auch als Staatsmann vertrauen, und da er, wie Churchill in England, es zweifellos in Notzeichen fertigbrachte, Zuversicht und Opfergeist seines Volkes zu einfachen wie kein anderer - darum erscheint es nicht ausgeschlossen, daß Dwight D. Eisenhower eines Tages doch noch an die Spitze seiner Nation treten wird."
"348","1946-05-02","Zeitung","Die Zeit, 02.05.1946","Sobald als möglich dehnt sie diesen Terror auf fremde Nationen aus, um die Opposition zu Hause einzuschränken."
"349","1967-09-01","Zeitung","Die Zeit, 01.09.1967","Es kann gerade eine Demokratie auf die Dauer nicht leben ohne eine Elite, die sich dem Schicksal der Nation tätig und leidend verbunden weiß."
"350","1958-12-04","Zeitung","Die Zeit, 04.12.1958","Wir erinnern uns an jene Pariser Sitzung des Olympischen Komitees, zu der die meisten Vertreter der einzelnen Nationen im Bewußtsein hinfuhren, in St. Moritz, Innsbruck oder Garmisch-Partenkirchen - in einem dieser Orte würden die Winterspiele 1960 stattfinden."
"351","1950-05-25","Zeitung","Die Zeit, 25.05.1950","In einem Bericht an den amerikanischen Kongreß nahm Präsident Truman zu dem sowjetischen UNO-Boykott wegen der Nichtzulassung Rot-Chinas zu den Vereinten Nationen in bisher, nicht gekannter Schärfe Stellung."
"352","1967-01-06","Zeitung","Die Zeit, 06.01.1967","Es ist ein verabscheuurgswürdiger Krieg, weil eine große Naticn dabei eine kleine Nation verheert."
"353","1965-04-02","Zeitung","Die Zeit, 02.04.1965","""Zu den unerfreulichsten Überresten des an Gesinnungs- und Würdelosigkeit reichen Jahres 1945 gehört das Geflunker von der 'österreichischen' Nation."
"354","1951-04-05","Zeitung","Die Zeit, 05.04.1951","Zum zweiten Male haben die Streitkräfte der Vereinten Nationen den koreanischen Rubikon erreicht."
"355","1946-03-28","Zeitung","Die Zeit, 28.03.1946","Nicht ein Bündnis an Stelle der Vereinten Nationen, sondern die gemeinsame Entschlossenheit, der UNO die höchstmögliche Macht zu geben, um den Frieden allen Gefahren zum Trotz zu verteidigen, nötigenfalls mit den Waffen in der Hand, wie das der amerikanische Staatssekretär Byrnes vor kurzem ausführte, steht als Ziel vor beiden angelsächsischen Mächten."
"356","1949-03-03","Zeitung","Die Zeit, 03.03.1949","Und unter den apolitischen Grundsätzen"" von Brüssel findet sich die Forderung: ""Westdeutschland und, sobald das möglich sein wird, ganz Deutschland muß eingeladen werden, sich in die neue Gemeinschaft einzugliedern, in der die Bürger aller Nationen die gleichen Rechte und Pflichten haben werden."""
"357","1961-01-20","Zeitung","Die Zeit, 20.01.1961","Wahrscheinlich braucht eine junge Nation wie wir solche Leitworte."
"358","1961-07-07","Zeitung","Die Zeit, 07.07.1961","Wenn die freien Nationen solidarisch bleiben und zusammenhalten - komme, was da wolle - so wird der Friede in der Welt gerettet werden!"""
"359","1969-05-16","Zeitung","Die Zeit, 16.05.1969","Das südvietnamesische Volk sollte seine Probleme allein und ohne fremde Einmischung lösen, die Entscheidung über die Regierungsform sollte durch freie Wahlen mit dem Ziel einer Koalitionsregierung fallen, die die Eintracht der Nation und die Einheit der Klassen widerspiegelt."
"360","1946-10-17","Zeitung","Die Zeit, 17.10.1946","Der im Alter von nur 61 Jahren Verstorbene wäre wie nach dem vorigen Krieg sein Lehrer Branting berufen gewesen, eine große Rolle als Mittler zwischen den Nationen zu spielen."
"361","1949-12-08","Zeitung","Die Zeit, 08.12.1949","Dieser Weg kann uns die stärkere Position nach alten Begriffen überhaupt nicht verschaffen, weil ja im europäischen Bunde ein Kräftespiel der Nationen gegeneinander sinnlos wird."
"362","1948-04-01","Zeitung","Die Zeit, 01.04.1948","Es steht uns nicht an, als Angehörige einer ehemaligen Nation, die sich in jüngster Vergangenheit gewisser Bücherverbrennungen schuldig machte, das Urteil des norwegischen Gerichte zu kritisieren."
"363","1961-10-27","Zeitung","Die Zeit, 27.10.1961","ES ENTHÄLT rund 400 kurze Biographien von Bildhauern der verschiedensten Herkunft, Stile und Nationen - solcher Bildhauer, die zur Entwicklung zeitgenössischer Kunst beigetragen haben."
"364","1969-10-10","Zeitung","Die Zeit, 10.10.1969","Eine Statistik der 164 internationalen Gewaltausbrüche in den Jahren 1958 bis 1966 erweist deutlich, daß wirtschaftlich unterentwickelte, mit Hunger und Arbeitslosigkeit geschlagene Nationen zur Gewalttätigkeit neigen; und zwar nicht nur arm gegen arm, sondern auch arm gegen reich, wie Vietnam und Kongo bezeugen."
"365","1961-02-10","Zeitung","Die Zeit, 10.02.1961","Und Lateinamerika wird zu einer einzigen großen Nation werden - frei, unabhängig und gesittet."""
"366","1969-11-28","Zeitung","Die Zeit, 28.11.1969","Europas Wirtschaftskraft wird nicht mehr ausreichen, um mit den Nationen, die das Stadium der postindustriellen Gesellschaft erreicht haben, konkurrieren zu können."
"367","1965-01-15","Zeitung","Die Zeit, 15.01.1965","Weder die osteuropäischen Völker noch das deutsche Volk haben irgendeinen Grund, diese Teilung zu begrüßen; und die europäische Stabilität ist sicherlich solange nicht zu erreichen, als eine führende europäische Nation ein Viertel ihres Volkes unter einer Fremdherrschaft weiß."
"368","1959-06-19","Zeitung","Die Zeit, 19.06.1959","Tu etwas für deinen Wahlkreis, deine Nation, die weiße Rasse, die Menschheit - mit einem Wort: ""Ignoriere dich"", dann hast du keine Depressionen."
"369","1948-03-18","Zeitung","Die Zeit, 18.03.1948","Die deutsche Einheit war sein persönliches Werk, nicht eine Tat der Nation."
"370","1959-11-13","Zeitung","Die Zeit, 13.11.1959","Dabei, im Kampf um den Menschen, gehen die Fronten quer durch die Nationen."
"371","1963-12-06","Zeitung","Die Zeit, 06.12.1963","Günter Hofé, der im Oktober aus der DDR gekommen war, um (seiner eigenen Aussage nach) die Werke seines Verlages (""Verlag der Nation"") in Frankfurt auf der Buchmesse zu zeigen, wurde wegen Verdachtes der landesverräterischen Beziehungen (Strafgesetzbuch 100e) festgenommen und sitzt seitdem hinter Gittern."
"372","1965-01-22","Zeitung","Die Zeit, 22.01.1965","Diese beiden Völker konnten zusammen ein neues Europa bauen, und um diese beiden würden sich alle europäischen Nationen versammeln."
"373","1968-10-04","Zeitung","Die Zeit, 04.10.1968","Die Anerkennung des anderen Teils Deutschlands als Ausland oder als zweiter souveräner Staat deutscher Nation kommt nicht in Betracht."""
"374","1952-09-04","Zeitung","Die Zeit, 04.09.1952","""Nur wiederholen wir, daß nicht die Rede sein könne, die Nationen sollen überein denken, sondern sie sollen nur einander gewahr werden, sich begreifen und, wenn sie sich wechselseitig nicht lieben mögen, sich einander wenigstens dulden lernen."""
"375","1953-09-03","Zeitung","Die Zeit, 03.09.1953","Am letzten Tage ihrer Sondersitzung über Korea beschloß die Vollversammlung der Vereinten Nationen gegen die fünf Stimmen des sowjetischen Blocks, daß nur solche Länder auf der gemäß § 60 des Waffenstillstandsabkommens einzuberufenen Politischen Konferenz vertreten sein sollten, die in Korea gekämpft haben."
"376","1957-09-26","Zeitung","Die Zeit, 26.09.1957","Doch gibt sie keine Antwort auf die Frage, was geschehen soll, wenn die ""befreundeten Nationen"" lieber neutral bleiben wollen oder wenn sie gar ins feindliche Lager übergehen."
"377","1969-09-26","Zeitung","Die Zeit, 26.09.1969","Dagegen ist die Aussage erlaubt, daß ein Land auch auf die Dauer eine bessere monetäre Stabilität bewahren kann als andere weniger stabilitätsbewußte Nationen."
"378","1955-06-02","Zeitung","Die Zeit, 02.06.1955","Organisationen wie etwa die NATO sind nur deswegen entstanden, weil die ""kollektive Sicherheit"" in der Form, wie sie die UNO verspricht, ein Irrlicht ist; die zunehmenden Spannungen stellten die Aufgabe, ein gewisses Maß an Sicherheit dadurch zu erreichen, daß sich die Nationen mit den gleichlaufenden Interessen zusammenschlössen, so wie es auf östlicher Seite schon längst vorher und auf ungleich intensivere Weise - nämlich durch radikale politische und militärische Gleichschaltung der Satelliten mit der Sowjetunion - geschehen war."
"379","1963-08-30","Zeitung","Die Zeit, 30.08.1963","Das ist geschehen, und ebenso unwiderstehlich, wie sich die Völker der farbigen Weltteile zu Nationen erheben, muß nun auch der Farbige in Amerika in die Nation aufgenommen werden, wenn nicht ein zweites Amerika entstehen soll - das des segregierten, von der Gemeinschaft abgesonderten und sich schließlich von ihr lossagenden farbige Amerika."
"380","1953-04-23","Zeitung","Die Zeit, 23.04.1953","Das Oberkommando der Vereinten Nationen hat vorgeschlagen, diejenigen Gefangenen, die die Repatriierung verweigern, in Korea zu belassen und sie dem Gewahrsam der Schweiz als neutraler Macht zu übergeben."
"381","1966-10-21","Zeitung","Die Zeit, 21.10.1966","Das Elend unserer Außenpolitik rührt daher, daß wir nicht den Mut haben, uns ernsthaft ein Deutschland nach dem Ende des Kalten Krieges vorzustellen, in einer Zeit, in der es nach wie vor Spannungen und Konflikte gibt, aber eben andere, kompliziertere, vielschichtigere, in der Nationen mehr, Ideologien weniger gelten als 1954."
"382","1965-10-08","Zeitung","Die Zeit, 08.10.1965","Die Bayern-Metropole von über siebzig Nationen."
"383","1963-11-01","Zeitung","Die Zeit, 01.11.1963","Im zehnten Jahrhundert, als die polnische Nation ihren Staat gründete, war Religion alles andere als Privatsache."
"384","1951-02-01","Zeitung","Die Zeit, 01.02.1951","""Das Repräsentantenhaus ist der Ansicht, daß die Organisation der Vereinten Nationen sofort handeln und die chinesischen kommunistischen Behörden des Angriffs in Korea für schuldig erklären muß."""
"385","1966-02-25","Zeitung","Die Zeit, 25.02.1966","Die ganze Nation wähnte sich sicher im Schutze der gewaltigen Befestigungswerke, die nach dem Vorbild Verduns entlang der Ostgrenze angelegt wurden."
"386","1949-04-28","Zeitung","Die Zeit, 28.04.1949","Sinnend blickten die Berliner Kaufleute auf die im Frühlingswind flatternde rote Flagge der UdSSR inmitten des Fahnenwaldes der Nationen und fragten sich, ob ihnen künftige internationale Gespräche wohl bald eine Erlösung aus ihrer exponierten Lage bringen würden."
"387","1967-08-11","Zeitung","Die Zeit, 11.08.1967","Ein internationalisiertes Gebiet als gemeinsamer Besitz aller Nationen, als Kern eines Weltstaates - solche Gedanken schwingen in Plädoyers für eine Internationalisierung umkämpfter Territorien mit."
"388","1965-04-30","Zeitung","Die Zeit, 30.04.1965","Von Ländern, die keine Nationen mehr und nicht mehr getrennt sind durch Grenzen."
"389","1963-12-20","Zeitung","Die Zeit, 20.12.1963","Das war gewiß nicht günstig, um einen begreifen zu lehren, was es eigentlich bedeute, eine Nation zu sein."
"390","1954-09-30","Zeitung","Die Zeit, 30.09.1954","""Eine Nation, so wurde gefolgert, die täglich so und so viele Millionen für den Krieg ausgibt, kann auch für nutzbringende Forschung in Friedenszeiten monatlich ein paar Millionen aufbringen."""
"391","1969-11-14","Zeitung","Die Zeit, 14.11.1969","Die Reichswehr hat bereits 1933 eine antiliberale und antiparlamentarische Haltung kultiviert, die ihr den Aufbau des Führerstaates, mit allen Konsequenzen für die innere Freiheit der Nation, zur Erfüllung der eigenen Staatsvorstellung machte, ja, mehr noch: sie hat ein pures, nur noch am Prinzip des nationalen Machtstaates orientiertes Effektivitätsdenken gepflegt, das einen breiteren Widerstand gegen die Rezeption der biologistischen, antisemitischen und sonstigen pseudo-ideologischen Theoreme des Nationalsozialismus ausschloß."
"392","1947-01-23","Zeitung","Die Zeit, 23.01.1947","Der französischen Nation oder doch ihrem überwiegenden Teil schien die Rückkehr Napoleons in den ""hundert Tagen"" als eine Erlösung von schmachvoller Regierung oder gar Fremdherrschaft - sie entsprach keineswegs den Möglichkeiten der europäischen Kräfteverhältnisse."
"393","1959-12-04","Zeitung","Die Zeit, 04.12.1959","Wenn im nächsten Frühjahr die zweite Seerechtskonferenz der Vereinten Nationen in Genf zusammentritt, werden sich an die 800 Kenner des Völkerrechts zur See aus mehr als 80 Ländern mit einem äußerst kniffligen Problem zu befassen haben, der Frage nämlich: ""Wieviel vom Ozean kann eine Nation für sich beanspruchen?"""
"394","1969-10-03","Zeitung","Die Zeit, 03.10.1969","Natürlich ist das unabhängige Handeln der Einheiten innerhalb dieser Nation als Staatssystem Zwängen unterworfen."
"395","1968-08-16","Zeitung","Die Zeit, 16.08.1968","Sie fordern die diplomatische Anerkennung Biafras, weil, wie sie meinen, nur dann die rechtliche Möglichkeit für ein Eingreifen der Vereinten Nationen gegeben ist, um die Biafraner vor dem Untergang zu retten."
"396","1962-09-07","Zeitung","Die Zeit, 07.09.1962","Davon hängt deutsche Zukunft, scheint mir, vor allem ab; davon, daß wir etwas leisten in allen Feldern, in denen Menschen leisten können und müssen, also Wirtschaft und Wissenschaft, aber auch in dem, was Hofmannsthal einmal den ""geistigen Raum der Nation"" genannt hat."
"397","1962-09-07","Zeitung","Die Zeit, 07.09.1962","Sie hängt vor allem davon ab, daß viele Menschen auf deutsch und für Deutsche etwas Schönes machen werden - das ist Zukunft der Nation im positiven Sinne des Wortes."
"398","1967-07-28","Zeitung","Die Zeit, 28.07.1967","Ernst Hoor: Österreich 1918-1938 - Staat ohne Nation - Republik ohne Republikaner. österreichischer Bundesverlag, Wien; 163 Seiten, Ln. 21,- DM"
"399","1967-05-05","Zeitung","Die Zeit, 05.05.1967","Wahrscheinlicher freilich ist es, daß die französische Ratio den Wandel erkennt, der während der vergangenen Jahre eingetreten ist - und daß sie sich eben diesen Wandel für die Interessenpolitik der großen alten Nation zunutze macht."
"400","1947-01-02","Zeitung","Die Zeit, 02.01.1947","Weil wir eine in historischen Landschaften reich nuancierte Nation sind, liegt es nahe, dieser Tradition mit weitgehender Selbstverwaltung deutscher Länder Rechnung zu tragen, und zwar mit einer in hohem Grade. garantierten Selbstverwaltung, wie dies für den Bundesstaat kennzeichnend ist."
"401","1952-01-03","Zeitung","Die Zeit, 03.01.1952","Da lebten und arbeiteten ein Dutzend Nationen friedlich miteinander, in einem großen Wirtschaftsgebiet, mit einem gemeinsamen Parlament und einer integrierten Armee."
"402","1969-08-08","Zeitung","Die Zeit, 08.08.1969","""Novy Mir"" rügt die Journalisten der ""Jungen Garde"", weil sie den Eindruck erwecken, daß nur die Russen von dem Gefühl für soziale Gerechtigkeit, von Vaterlandsliebe, Mut und Wahrheitsstreben erfüllt wären - ""fast als ob andere Nationen von all dem nicht einmal träumen könnten""."
"403","1956-02-09","Zeitung","Die Zeit, 09.02.1956","Das politische Bild der lateinischen Nationen kann man unerfreulich, aber klar nennen."
"404","1969-11-28","Zeitung","Die Zeit, 28.11.1969","Noch nie waren so viele ausstellende Nationen vertreten - 77; 16 mehr als in Montreal."
"405","1961-08-25","Zeitung","Die Zeit, 25.08.1961","Bedenklich ist nur, daß sie sich in ihrem Verhalten oft und gern mit der Osthandelsneigung der Engländer und anderer westlicher Nationen zu rechtfertigen suchen."
"406","1960-09-16","Zeitung","Die Zeit, 16.09.1960","Die ""Medical Women's International Association"", die heute mehr als 9000 Mitglieder aus 29 Nationen umfaßt, ist der älteste unter den internationalen ärztlichen Verbänden, Die MWIA wurde 1919 in New York gegründet mit dem Ziel, die Ärztinnen in aller Welt zu verbinden und zu vertreten und auf gemeinamen Tagungen jene medizinischen, psychischen und sozialen Probleme zu behandeln, welche die Ärztin besonders angehen."
"407","1955-02-17","Zeitung","Die Zeit, 17.02.1955","Ein Vorschlag der Vereinten Nationen, der sämtlichen Regierungen der Welt zur Stellungnahme unterbreitet wurde, und 211 welchem sich die Bundesregierung bis zum Mai? äußern soll, zielt darauf."
"408","1968-10-25","Zeitung","Die Zeit, 25.10.1968","Es nimmt also nicht wunder, wenn da die Völker gerne die olympischen Signale hören, weil sich mit 9,9 Sekunden, mit 8,90 Metern, mit 8193 Punkten zähl- und meßbar ausdrücken läßt, über was für Prachtkerle doch eine Nation verfügen muß, wenn sie die Besten der Besten zu solchen Spitzenleistungen beflügelt: Mens sana in nationibus sank..."
"409","1953-07-16","Zeitung","Die Zeit, 16.07.1953","Werden die Vereinten Nationen dem kommunistischen Nordkorea gegen das nichtkommunistische Südkorea zu Hilfe kommen, um den Angreifer zu bestrafen und die Teilung Koreas aufrechtzuerhalten?"
"410","1966-11-18","Zeitung","Die Zeit, 18.11.1966","Denn die Deutschen sind ja keine Nation - ebensowenig wie die Juden."
"411","1955-05-26","Zeitung","Die Zeit, 26.05.1955","Nichts deutet darauf hin, daß jetzt der politische Kurs der britischen Nation für die nächsten fünf Jahre festgelegt wird."
"412","1968-03-15","Zeitung","Die Zeit, 15.03.1968","Falls der Hauptabteilungsleiter schwache Nerven hat, kann das letztere Verfahren natürlich einen ähnlich entmutigenden Effekt haben, aber die Nerven von Sir Hugh Carleton Greene sind stark (er, ein Bewunderer der deutschen politischen Satire zwischen den beiden Weltkriegen, war der Hauptinitiator der nächtlichen satirischen Sendungen der BBC, die 1963 und 1964 einige Monate lang die Nation erschütterten und unsere Politiker empörten)."
"413","1952-05-22","Zeitung","Die Zeit, 22.05.1952","Er bildete das ethische Fundament für die bürgerliche Pflichterfüllung, sei es im Beruf, sei es im Verhältnis zwischen Regierung und Regierten, oder im Einsatz der Person für die Nation."
"414","1964-11-27","Zeitung","Die Zeit, 27.11.1964","Es ist bekannt, daß die USA die am stärksten motorisierte Nation der Welt sind."
"415","1962-06-15","Zeitung","Die Zeit, 15.06.1962","Es lohnt sich nachzudenken, wie diese Sache - der Sprachund Literatuninterricht einer Nation, die früher zu den gebildeten in Europa zählte - eigentlich auszusehen, was man für sie zu leisten hätte."
"416","1968-05-17","Zeitung","Die Zeit, 17.05.1968","Viele seiner ""Fans"" pilgerten zum Gebäude der Vereinten Nationen, um ein Autogramm des Professors zu bekommen."
"417","1958-09-18","Zeitung","Die Zeit, 18.09.1958","Island will das Problem der Hoheitsgewässer vor die Vereinten Nationen bringen."
"418","1966-06-03","Zeitung","Die Zeit, 03.06.1966","Mit dem Antrag auf Aufnahme der DDR in die Organisation der Vereinten Nationen sind wir gleichzeitig für die Aufnahme gleichberechtigter Mitarbeit auch der westdeutschen Bundesrepublik in der UNO eingetreten."
"419","1969-10-03","Zeitung","Die Zeit, 03.10.1969","Nach neuesten Schätzungen wuchsen die Militärausgaben aller Nationen zwischen 1962 und 1967 um 50 Prozent von 120 Milliarden auf 182 Milliarden Dollar."
"420","1956-06-14","Zeitung","Die Zeit, 14.06.1956","Die Vertreter von neunundzwanzig teilnehmenden Nationen waren zum sportlichen Wettkampf angetreten."
"421","1951-11-15","Zeitung","Die Zeit, 15.11.1951","Auf dem Sterbebett in Straßburg, wo ihm Blutspenden befreundeter Dichter aus allen Nationen die Tage verlängerten."
"422","1963-11-29","Zeitung","Die Zeit, 29.11.1963","Was wir jetzt in dieser Nation brauchen und mehr brauchen als die Macht der Atomkraft, der Luftwaffe, der Finanz und Industrie, ja, sogar der Arbeitskraft, ist die Macht unserer Gehirne."
"423","1968-08-16","Zeitung","Die Zeit, 16.08.1968","Doch Amerika ist keine zentralistisch regierte Nation."
"424","1964-07-31","Zeitung","Die Zeit, 31.07.1964","Die Nationen"
"425","1950-08-10","Zeitung","Die Zeit, 10.08.1950","Straßburg ist gewiß ein freundliches Symbol für ein langsam wachsendes Gefühl der Zusammengehörigkeit innerhalb der westeuropäischen Nationen."
"426","1962-11-09","Zeitung","Die Zeit, 09.11.1962","Die Millschen Gedankengänge sind Gemeingut der englischen Nation geworden."
"427","1965-08-27","Zeitung","Die Zeit, 27.08.1965","Wieder einmal offenbart sich die alte Tragik in Deutschland, daß die geistigen Schichten viel weniger als etwa bei unseren westlichen Nachbarn tätigen Anteil am Schicksal der Nation nehmen, daß bei uns ""Politik"" ein ""garstiges Lied"" ist, und daß man lieber den Dilettanten und Demagogen das Feld überläßt, statt selbst Verantwortung zu übernehmen."
"428","1968-05-03","Zeitung","Die Zeit, 03.05.1968","Marx und Engels haben wirklich das Wort vom ""slavischen Lumpengesindel"" ausgesprochen, das Nationalitätsprinzip als ""russische Erfindung"" verdammt, die Unterdrückung der kleinen Nationen Osteuropas durch Deutsche und Magyaren als eine der ""besten und anerkennenswertesten Taten"" gepriesen; sie wollten es als einen Fortschritt verstanden wissen, wenn in einem ""Weltkrieg"" nicht nur reaktionäre Klassen und Dynastien, sondern ""auch ganze reaktionäre Völker vom Erdboden verschwinden und sie meinten, ""die Franzosen brauchen Prügel""!"
"429","1958-07-24","Zeitung","Die Zeit, 24.07.1958","Der Ministerpräsident, der von ""neuen außenpolitischen Methoden"" spricht, ""die der neuen Würde der Nation entsprechen"", wird mit seinen Gedanken in den vertraulichen persönlichen Botschaften nicht hinter dem Berge gehalten haben, die er Eisenhower und Adenauer zugehen ließ."
"430","1947-09-04","Zeitung","Die Zeit, 04.09.1947","Entweder werden auf der Export-Messe nur solche Erzeugnisse gezeigt, die zwar von dem in jeder Hinsicht ausgehungerten deutschen Staatsbürger mit Tantalusqualen betrachtet, vom Ausland aber vollkommen übergangen werden, oder die deutsche Industrie faßt in ihrer Not nach einem Augenblickserfolg, setzt ihren letzten Besitz, ihre ungeschützten Erfindungen, in der Hoffnung auf Exportgeschäfte ein, um sich dann alsbald der enttäuschenden Erkenntnis gegenüber zu sehen, lediglich unbezahlter Lehrer fremder Nationen gewesen und einer Fata Morgana nachgelaufen zu sein."
"431","1966-05-20","Zeitung","Die Zeit, 20.05.1966","Und heute, nachdem der politische Weg nach Europa und vielleicht auch der Weg einer integrierten NATO versperrt erscheint, nach dem in Ost und West unter dem abtauenden Eis des Kalten Krieges die Nationen wieder sichtbar werden, finden wir uns wieder mit unserer nationalen Identität konfrontiert, wir müssen mit uns selbst ins reine kommen, ganz allein."
"432","1947-12-04","Zeitung","Die Zeit, 04.12.1947","Die Vollversammlung der Vereinten Nationen hat der vorgeschlagenen Teilung Palästinas in einen jüdischen und einen arabischen Staat mit 33 gegen 13 Stimmen bei 10 Stimmenthaltungen zugestimmt,"
"433","1967-01-13","Zeitung","Die Zeit, 13.01.1967","ES ENTHÄLT mehr als 1300 Epigramme von Martin Opitz bis zu Erich Kästner; dazwischen viele erlauchte und manche weniger bekannte Namen, die sich - von Heinrich von Kleist bis Ephraim Moses Kuh - in 23 Kapiteln über Kunst und Nation, über die lieben Nachbarn und sich selbst, kurz: über Gott und die Welt auslassen."
"434","1959-10-09","Zeitung","Die Zeit, 09.10.1959","Stärkeres Drängen auf Chinas Aufnahme in die Vereinten Nationen?"
"435","1963-10-25","Zeitung","Die Zeit, 25.10.1963","Hier bricht man die nachträgliche Spekulation ab; sie führt einen am Ende nur dazu, immer wieder in einem Wenn und Aber abzuwägen, ob nicht doch vielleicht die eine oder andere der beiden Nationen einen Vorteil aus dieser Schlacht, aus dem Leid und dem Streben von Hunderttausenden hätten ziehen können."
"436","1953-08-20","Zeitung","Die Zeit, 20.08.1953","Der Fremde kann nicht wissen, daß die Riesenspende des Millionärs nur als Symbol steht für die Gebefreudigkeit nicht etwa nur der zahlreichen anderen Millionäre, sondern fast der ganzen Nation."
"437","1964-01-31","Zeitung","Die Zeit, 31.01.1964","Ich möchte hier auf ein Zeugnis derjenigen Nation verweisen, bei der man solche Töne am allerwenigsten erwartet."
"438","1949-12-22","Zeitung","Die Zeit, 22.12.1949","""Es wird solange Blut in Europa fließen, bis die Nationen ihren fürchterlichen Wahnsinn gewahr werden, der sie im Kreise herumtreibt..."
"439","1960-08-26","Zeitung","Die Zeit, 26.08.1960","Er behauptet, Mauretanien, ein riesiges, vollkommen arabisiertes Land der Communaute (Teil der Sahara) gehöre zur marokkanischen Nation, und zweifellos ist ein gut Teil der Mauretanier derselben Meinung."
"440","1961-10-13","Zeitung","Die Zeit, 13.10.1961","Würden jedoch nur die Truppen anderer Nationen, nicht aber auch die Deutschen an Mehrzweckwaffen ausgebildet, dann wäre eine einheitliche Gliederung all dieser Truppen gar nicht mehr durchführbar."
"441","1963-04-19","Zeitung","Die Zeit, 19.04.1963","Eine junge Nation. ist, nehmen wir's an, im Entstehen."
"442","1955-09-22","Zeitung","Die Zeit, 22.09.1955","Die griechische Regierung hat die Teilnahme an den kommenden NATO-Manövern abgesagt und verlangt, daß der Streit auf die Tagesordnung der Vollversammlung der Vereinten Nationen gesetzt werde, die am Dienstag in New York zusammentrat."
"443","1969-04-04","Zeitung","Die Zeit, 04.04.1969","In Westdeutschland, so meint E. Richert, lebten die Menschen in einer Welt ehrwürdiger Ruinen; sie spielten Nation, Familie, gute Gesellschaft, Verteidiger der Freiheit."
"444","1966-05-20","Zeitung","Die Zeit, 20.05.1966","So bringt also die französische Erziehung, die eigentlich die Antithese zu wahrhafter Erziehung ist, eine etwas frivole, ziemlich skeptische, immer aber sentimentale Nation hervor, für die das Leben angenehm ist, weil sich die Menschen entschlossen haben, ein angenehmes, zwangloses Dasein zu führen."
"445","1954-12-30","Zeitung","Die Zeit, 30.12.1954","Um kleine Nationen von ihren Unterdrückern zu befreien und ihrer Wirtschaft mit kommunistischen Mitteln zur Blüte zu verhelfen?"
"446","1968-01-05","Zeitung","Die Zeit, 05.01.1968","Wenn die Bundesregierung erkannt hat, daß die Zukunft der deutschen Nation nur in einem europäischen Rahmen zu sichern ist, darf sie nicht länger dieses französische Angebot übersehen, sondern muß konkrete Vorschläge für Verhandlungen unter den konföderationswilligen Staaten auf den Tisch bringen."
"447","1961-12-15","Zeitung","Die Zeit, 15.12.1961","Wir sind eine Großmacht - auch wenn wir viele Jahre voll guten Willens unsere Kraft in den Dienst der Vereinten Nationen gestellt haben, in denen wir dafür von vielen Kleinstaaten auch noch verhöhnt wurden."
"448","1949-03-31","Zeitung","Die Zeit, 31.03.1949","""Die britische Regierung kann gewisse Industriezweige in Deutschland erst dann freigeben, wenn Deutschland in die Gemeinschaft der Nationen aufgenommen worden ist, und wenn ihm wieder Vertrauen entgegengebracht werden kann."""
"449","1959-04-10","Zeitung","Die Zeit, 10.04.1959","Tschu En-lai beschwerte sich jedenfalls im Juli 1957 öffentlich darüber, daß die Grenze eine Nation in zwei Teile schneide."
"450","1965-01-22","Zeitung","Die Zeit, 22.01.1965","Der Bund der Vertriebenen bat ihn, er solle Charles de Gaulle klarmachen, daß keine Nation auf ein Viertel ihres Staatsgebietes verzichten könne."
"451","1960-06-03","Zeitung","Die Zeit, 03.06.1960","Vierzig Jahre hatte sie sich als Diener der Nation gefühlt, vierzig Jahre war sie - wielnönü es formulierte - ""eine Institution, die dem ganzen Volke und nicht nur einer Partei diente""."
"452","1963-05-10","Zeitung","Die Zeit, 10.05.1963","So sehr dieser Teil der Verhandlungen sich auch wie eine Art Länderspiel ausnahm, die Diskussionen selbst waren ernst, und alles Hin und Her zwischen den Nationen kann den Preis eigentlich nicht blamieren."
"453","1966-09-23","Zeitung","Die Zeit, 23.09.1966","Die Integration in der ganzen Nation wird dadurch erschwert."
"454","1967-02-10","Zeitung","Die Zeit, 10.02.1967","Die dritte Option - die freilich nicht allein von einer nationalen Entscheidung abhängt - ist die Bildung einer kollektiven Kernstreitmacht durch eine Gemeinschaft von Nationen mit gleicher oder doch weitgehend übereinstimmender Interessenlage."
"455","1967-12-08","Zeitung","Die Zeit, 08.12.1967","Wirtschaftliche, kulturelle, konsularische Beziehungen sind im Interesse der Menschen und der Nation auf jeden Fall nützlich."
"456","1956-11-22","Zeitung","Die Zeit, 22.11.1956","Rund 1500 Soldaten der UNEF (United Nations Emergency Force) traten in Ägypten ein."
"457","1964-07-10","Zeitung","Die Zeit, 10.07.1964","In den Niederlagen Frankreichs im Ersten Weltkrieg zeigt sich für Barnett nicht nur die Wirkung unzulänglicher Feldherrenkunst, sondern auch technischer Mängel und gesellschaftlicher Verhältnisse, die hinter dem militärischen Ehrgeiz der Nation zurückgeblieben waren."
"458","1950-04-27","Zeitung","Die Zeit, 27.04.1950","In den sechs Jahren, die seit der Währungs- und Finanzkonferenz von 44 Nationen der UNO in Bretton Woods verflossen sind, haben sich hochbedeutsame Erfahrungen ergeben."
"459","1955-12-08","Zeitung","Die Zeit, 08.12.1955","Jede Neigung, jede Laune, jede Idiosynkrasie, jeder Traum und jeder Alpdruck der Nation kann schließlich zu einer Partei niederschlagen."
"460","1965-11-05","Zeitung","Die Zeit, 05.11.1965","Gewiß findet sich in den Bukarester Zeitungen seit langem keine heftige Polemik gegen die Bundesrepublik - doch bei den Vereinten Nationen in New York sprach der rumänische Außenminister Manescu mit Formulierungen, wie sie heute nur noch die Chinesen benutzen, von den ""Überresten des Zweiten Weltkrieges"", die in Deutschland zu beseitigen seien, und vom Friedensvertrag auf der Basis der zwei deutschen Staaten."
"461","1947-08-07","Zeitung","Die Zeit, 07.08.1947","Was auf genaue Kenntnis der alten Sprachen, die heute bei uns mit dem humanistischen Gymnasium verlorenzugehen droht, gegründete Humanität und was verstehende Aufgeschlossenheit für andere Nationen, zu der die Fähigkeit im heutigen Europa abzusterben scheint, menschlich und geistig bedeuten, das steht uns noch in der großen Persönlichkeit Jacob Burckhardts vor Augen."
"462","1963-04-19","Zeitung","Die Zeit, 19.04.1963","Deutschland, Brasilien, England und Italien werden als Nationen bezeichnet, in denen der König Fußball regiert."
"463","1967-03-31","Zeitung","Die Zeit, 31.03.1967","Während manche Häuptlinge des Ovambo-Stammes Interesse zeigten, stieß die Offerte der Regierung Voster bei den Vereinten Nationen auf scharfe Kritik: 65 afro-asiatische Delegationen, die in der Vollversammlung über eine Mehrheit verfügen, bezeichneten das Angebot Südafrikas als ""illegal""."
"464","1954-05-27","Zeitung","Die Zeit, 27.05.1954","Workuta, am 68. Breitengrad westlich vom Ural gelegen, ist einer der berüchtigtsten Orte im Polargebiet, in dem die Zwangsarbeiter aus vielen Nationen - Russen, Ukrainer und Ausländer, darunter viele Deutsche - in Kohlenschächten undauf Holzplätzen unter furchtbaren Bedingungen arbeiten müssen."
"465","1969-10-31","Zeitung","Die Zeit, 31.10.1969","Sie wird im Januar 1970 den Bericht zur Lage der Nation erstatten, im Februar den Jahreswirtschaftsbericht zur Diskussion stellen."
"466","1961-02-24","Zeitung","Die Zeit, 24.02.1961","Die ganze Nation siegt seit Jahrzehnten am Sedanstag, und nur Ihr Sohn flieht!"
"467","1965-11-26","Zeitung","Die Zeit, 26.11.1965","Auf dem Kongreß des ""Weltfriedensrates"" in Helsinki Ende Juli kam es vor 1500 Teilnehmern zu einer neuen Kontroverse über Vietnam, als ein Delegierter den Vorschlag unterbreitete, eine Delegation des Weltfriedenskongresses als Vermittler nach Peking, Hanoi, Moskau, Washington, zu den Vietkong und den Vereinten Nationen nach New York zu entsenden."
"468","1958-12-11","Zeitung","Die Zeit, 11.12.1958","Die Erinnerung an die Schwäche der Konservativen und die Spaltung der Sozialisten blieb als bitterer Nachgeschmack zurück, sozusagen als Gespenst auf dem Dachboden der Nation."
"469","1957-05-02","Zeitung","Die Zeit, 02.05.1957","Das haben sie bei dem Internationalen Jugendfußballturnier der FIFA bewiesen, das von Spanien für fünfzehn europäische Nationen veranstaltet wurde."
"470","1966-12-09","Zeitung","Die Zeit, 09.12.1966","Die Linie Leningrad-Montreal ist nicht mit der ""Hochstraße der Nationen"", dem Nordatlantik und seinem viel stärkeren Passagierverkehr zu vergleichen."
"471","1952-06-26","Zeitung","Die Zeit, 26.06.1952","Nach dem Kriege leitete er die französische Militärmission bei den Vereinten Nationen."
"472","1955-09-22","Zeitung","Die Zeit, 22.09.1955","Die Vorbesprechungen über ein neues Abkommen werden wahrscheinlich im Oktober in Genf auf Einladung der Vereinten Nationen geführt werden."
"473","1946-08-15","Zeitung","Die Zeit, 15.08.1946","Dieses Gebiet war auch immer Kampffeld der Nationen und ist wie kaum ein zweites durch Kriege verheert um verwüstet worden."
"474","1951-07-12","Zeitung","Die Zeit, 12.07.1951","Und Morrison und Phillips gewannen die Wahlen von 1945, Es ist nie ganz klar geworden, ob sie selbst damals an den Sieg geglaubt haben oder ob sie genau so überrascht waren wie ihr großer Gegner Churchill, als sich zeigte, daß die englische Nation einen Umsturz mit dem Stimmzettel herbeigeführt hatte."
"475","1947-05-29","Zeitung","Die Zeit, 29.05.1947","Es ist uns bekannt, daß die Schifffahrt der USA, im Gegensatz zu fast alles europäischen Nationen, weitestgehend aus der staatlichen Lenkung herausgenommen worden ist."
"476","1948-09-30","Zeitung","Die Zeit, 30.09.1948","Es ist eine bisher kaum beachtete Tatsache, daß die beiden Nationen, die durch ihre Arbeitsleistung hervorragten, Deutschland und USA, auch den weitaus höchsten Schweinefleischverbrauch hatten."
"477","1966-09-30","Zeitung","Die Zeit, 30.09.1966","Wo sie, wie bei Hammerskjöld, mit besonderem Elan angestellt wurden, setzten sie die Vereinten Nationen größeren inneren Belastungen aus, als die gelegentlichen kurzfristigen Erfolge erkennen ließen."
"478","1966-04-29","Zeitung","Die Zeit, 29.04.1966","Der Krieg als Schule der Nation, wenn auch natürlich nur der halben - hier berührt sich die Propaganda von links mit der von rechts."
"479","1960-11-11","Zeitung","Die Zeit, 11.11.1960","Er vertrat sein Land als Botschaftsrat und zeitweilig als Geschäftsträger in Moskau, als Delegierter bei den Vereinten Nationen sowie als Botschafter in Belgrad und als Hochkommissar in Karachi."
"480","1950-05-25","Zeitung","Die Zeit, 25.05.1950","Der Weimarer gab zurück, ein Theorist nordischer Nationen könne ebensogut definieren, Dur sei ein Moll mit erhöhter Terz."
"481","1956-04-26","Zeitung","Die Zeit, 26.04.1956","Man sprach vom Heer als der anderen Schule der Nation, mit dem Offizier als Erzieher, durch den der Zivilist erst eigentlich zum Vollmenschen gemacht würde."
"482","1960-07-01","Zeitung","Die Zeit, 01.07.1960","Bericht und Betrachtung anläßlich einer Studienreise zum französischen Theater der Nationen"
"483","1949-05-19","Zeitung","Die Zeit, 19.05.1949","Wir wollen von den Menschenrechten, die die UNO proklamierte, und die ""für alle Völker und Nationen verbindlich"" seien, nicht mit jenem bitteren Lächeln sprechen, das uns Deutschen allzuleicht überkommt, wenn wir beispielsweise vernehmen:"
"484","1954-01-21","Zeitung","Die Zeit, 21.01.1954","Und erst am vergangenen Wochenende traten nach 16 Jahren Pause wiederum sechs Nationen an, die sich in Ausscheidungsspielen für die Endrunde qualifiziert hatten."
"485","1953-06-04","Zeitung","Die Zeit, 04.06.1953","Um eine Politik des Widerstandes aller freien Nationen gegen den Kommunismus aufrechtzuerhalten, sagte Taft, ""müssen wir nicht nur die schriftlichen Zusicherungen, sondern die reale und sympathische Unterstützung unserer Alliierten haben."
"486","1955-02-17","Zeitung","Die Zeit, 17.02.1955","Und mit dem Klassenstaat, den Marx durch Revolution ""aufheben"" wollte, ist - wiederum ohne Revolution ""von unten"" - dasjenige Gebilde verschwunden, gegen das sich der Appell an die ""Proletarier aller Länder"" richtete: die souveräne Nation."
"487","1968-05-24","Zeitung","Die Zeit, 24.05.1968","Viermal beteuerte deshalb Ceausescu am 17. Mai, daß die rumänisch-französische Annäherung den Interessen aller Nationen diene, daß sie keine ""egoistischen Ziele habe""."
"488","1968-11-29","Zeitung","Die Zeit, 29.11.1968","Oder ist das, was man ""jüdisches Volk"" zu nennen sich angewöhnt hat, richtiger mit ""israelische Nation"" gezeichnet?"
"489","1947-02-27","Zeitung","Die Zeit, 27.02.1947","Die Donauländer seien der Absicht, erklärte kürzlich der Sender Moskau, sie seien selbst imstande, ein Donaustatut zu schaffen, das die Rechte aller Nationen festlegt. schaffen, versuchten die USA und Einfand, so heißt es weiter in dem Kommentar, wirtschaftliche Pressionen, auf die kleinen Donaustetten auszuüben""."
"490","1965-01-08","Zeitung","Die Zeit, 08.01.1965","Das würde uns selbst und der Welt, die unserer Religion anhängen würde, eine so ungeheure Kraft geben auf Tausende von Jahren - denn Religionen überdauern Geschichte, Völker und Reiche, Kulturen und Philosophien, Entdeckung und Fortschritt der Menschen - daß keine Nation, auch kein Zusammenschluß von Nationen, uns gewachsen wäre."
"491","1963-09-13","Zeitung","Die Zeit, 13.09.1963","Die Tötungen wurden ausgeführt von Soldaten in Uniformen einer Nation, die sich im Kriegszustand befand."
"492","1950-10-12","Zeitung","Die Zeit, 12.10.1950","Heute jedoch sind auch jene freien Nationen, die die Warnungszeichen von Berlin übersahen, durch Korea aufgeweckt."
"493","1951-05-03","Zeitung","Die Zeit, 03.05.1951","Wenn sie die ausgestellten Waren auch liefern könnte, wäre sie der große Konkurrent Westdeutschlands: vom Schwimmkran und schreitenden Bagger bis zu den Kopien der Leica, Contax und Rolleiflex zeigte der sowjetische Stand im Palast der Nationen fast die gleiche Kollektion wie der unsrige."
"494","1965-10-22","Zeitung","Die Zeit, 22.10.1965","Eger als das Zentrum der Nation, Eger als der Ausgangspunkt des Zirkelkreises, der im Süden weit über die Drau hinaus reicht, im Osten Lodz, nein Litzmannstadt, berührt, die Schweiz dem Vaterlande wiederschenkt, die Tschechoslowakei ganz selbstverständlich einbezieht und auch die Südtiroler, Jugoslawen und Magyaren nicht vergißt:"
"495","1969-06-06","Zeitung","Die Zeit, 06.06.1969","Und wenn schon - wie kann ein Ei oder ein Huhn seiner Nation dienen?"
"496","1961-12-29","Zeitung","Die Zeit, 29.12.1961","Um die Not ging es bei der Tagung der Vereinten Nationen über neue Wege der Energiegewinnung."
"497","1968-09-20","Zeitung","Die Zeit, 20.09.1968","Wenn in einer Nation die Unrast, soziale Mißstände, der Hang zur Gewalttätigkeit und die Feindschaft zwischen den Rassen überhandnehmen, so wie gegenwärtig in Amerika, und wenn sich dazu noch alle diese Explosivstoffe im Bereich der großen Städte anhäufen, ist die Möglichkeit des Umschlagens in eine revolutionäre Situation gegeben."
"498","1957-03-14","Zeitung","Die Zeit, 14.03.1957","Das Festival in Cannes legte bisher Wert darauf, ein offizielles Filmfest der Nationen zu sein, das die Besten der Welt prämiiert, mit offiziellen Einladungen von Nation zu Nation, und keine Messe, auf der Filme gehandelt werden, gleichgültig, woher sie kommen."
"499","1964-12-11","Zeitung","Die Zeit, 11.12.1964","Diese Zahlen gab jetzt das Statistische Büro der Vereinten Nationen bekannt."
"500","1949-01-13","Zeitung","Die Zeit, 13.01.1949","Natürlich spielten sie bald die Hauptrolle im Gefängnis, und ihr Schwabenstreich wurde von allen ""Nationen"" herzlich belacht."
