"No.","Date","Genre","Bibl","Hit"
"1","1932-04-18","Zeitung","Archiv der Gegenwart, Bd. 2, 18.04.1932, S. 293 [ff.]. Zit. n. CD-ROM-Ausgabe 2001.","Der Bericht hebt hervor, daß es gerade die Vertreter des Staates Mississippi sind, die gegenwärtig den stärksten Widerspruch dagegen erheben, daß die Vereinigten Staaten europäischen Ländern einen Schuldennachlaß gewähren. (L. B. England Zahlungsbilanz 194 L, Finanzen 289 G, Verschuldung Bulgarien 222 A, Griechenland 256 C, Ungarn 113 J.)"
"2","1932-11-15","Zeitung","Archiv der Gegenwart, Bd. 2, 15.11.1932, S. 561 [ff.]. Zit. n. CD-ROM-Ausgabe 2001.","Eine Weigerung, sich diesem Verfahren zu unterwerfen oder die gerichtliche oder schiedsgerichtliche Entscheidung durchzuführen, solle ein Verfahren vor dem Völkerbundrate zur Folge haben und die anderen Staaten zur Mithilfe bei den von diesem beschlossenen Maßnahmen verpflichten."
"3","1932-06-04","Zeitung","Archiv der Gegenwart, Bd. 2, 04.06.1932","(Bis zu 2 Mill.) (L. B. Ver. Staaten 356 E, Japan 200 A.)"
"4","1932-09-16","Zeitung","Archiv der Gegenwart, Bd. 2, 16.09.1932, S. 487 [ff.]. Zit. n. CD-ROM-Ausgabe 2001.","Die Kündigung der Handelsverträge sei eine genügend wirksame Maßnahme gegen Staaten, welche sich gegenüber dem Export Litauens abschließen. (L. B. 457 B.)"
"5","1932-09-01","gesprochen","o.A., Kundgebung der NSDAP im Berliner Sportpalast, 01.09.1932","Wenn morgen der Bolschewismus siegen würde, wollen die Herren dann etwa auch in ihrer naiven Art erklären, dass das den Staat, die Staatsautorität, den Staatsgedanken, die Staatssouveränität usw. nicht berühre?"
"6","1932-11-15","Zeitung","Archiv der Gegenwart, Bd. 2, 15.11.1932, S. 561 [ff.]. Zit. n. CD-ROM-Ausgabe 2001.","Sonderstreitkräfte, wie bei den Landwehren, kämen für die Flotten nicht in Betracht, doch hätte jeder Zeichnerstaat, der eine Flotte besitzt, eine im voraus zu bestimmende Zahl von Kriegsschiffen aller Kategorien dem Völkerbund auf dessen Verlangen zur ersten Hilfeleistung für einen angegriffenen Staat zur Verfügung zu stellen."
"7","1926-12-31","Gebrauchsliteratur","Abel, Othenio: Amerikafahrt, Jena: Fischer 1926, S. 2","Diese Sammlung wurde am 21. Mai 1866 durch Brand zerstört, aber 1869 erfolgte die Gründung des neuen American Museum of Natural History in New York, heute das größte Museum der Vereinigten Staaten und vielleicht das reichste der Welt, obwohl es ausschließlich durch die Beiträge seiner Mitglieder, deren Zahl im Mai 1926 auf 8781 angewachsen ist, und durch Spenden, aber nicht durch staatliche Subsidien oder durch Beiträge der Stadt New York erhalten wird."
"8","1929-03-02","Zeitung","Völkischer Beobachter (Reichsausgabe), 02.03.1929","Der deutsche Staat hat diese ""praktische"" Möglichkeit ausgenützt zur Genüge; die Folge davon die ""ungeheuerliche Verschuldung des Staates, der ""Allgemeinheit"" an Gläubiger, die Glieder eben der nämlichen Allgemeinheit sind."
"9","1932-12-06","Zeitung","Archiv der Gegenwart, Bd. 2, 06.12.1932, S. 598 [ff.]. Zit. n. CD-ROM-Ausgabe 2001.","In dem einen wie in dem anderen Fall muß der Vorschlag je nach Beschluß des Kongresses entweder durch die Gesetzgebungen von drei Vierteln (36) aller Staaten oder durch besonders zu wählende ""Conventions"" in drei Vierteln aller Staaten ratifiziert werden. (L. B. Prohibition 591 G, Verfassung 555 B.)"
"10","1932-04-09","Zeitung","Archiv der Gegenwart, Bd. 2, 09.04.1932, S. 276 [ff.]. Zit. n. CD-ROM-Ausgabe 2001.","Zu den Staaten, mit welchen der österreichische Außenhandel stark passiv ist, gehören Deutschland, die Tschechoslowakei und Polen. (L. B. Donauföderation 275 G, Außenhandel 259 L.)"
"11","1928-01-15","Zeitung","Berliner Arbeiterzeitung, 15.01.1928","Sollte der Berliner schon so kitschig sentimental und verroht sein, dann hat der neue Staat hier noch viel zu tun."
"12","1925-03-06","Zeitung","Vossische Zeitung (Morgen-Ausgabe), 06.03.1925","Im Staate Tampico sind vor einigen Jahren reiche Petroleumquellen erbohrt."
"13","1920-12-31","Wissenschaft","Delbrück, Hans: Geschichte der Kriegskunst im Rahmen der politischen Geschichte - Erster Teil: Das Altertum, Berlin: Directmedia Publ. 2002 [1920], S. 944","Sie lehnten sich einmal dagegen auf, und die Erzählung, die uns Livius (XLII, 33 ff.) darüber aufbewahrt hat, ist für den römischen Staat, die Lebensführung und Denkweise dieses Centurionenstandes so charakteristisch, daß ich sie hier wörtlich einschalten möchte."
"14","1923-12-31","Wissenschaft","Lukács, Georg: Geschichte und Klassenbewußtsein, Neuwied u. a.: Leuchterhand 1970 [1923], S. 434","Daraus folgt aber noch nicht, daß die soziale Funktion des proletarischen Staates, mithin seine Stellung im Gesamtsystem der proletarischen Gesellschaft, dieselbe sei, wie die des bürgerlichen Staates in der bürgerlichen Gesellschaft."
"15","1932-03-01","Zeitung","Völkischer Beobachter (Reichsausgabe), 01.03.1932","Hieraus erhellt die Wichtigkeit, die die Reichsleitung den Aufgaben beilegt, die von deutschen Architekten, Ingenieuren und Chemikern im nationalsozialistischen Staat zu lösen sein wird."
"16","1924-03-11","Zeitung","Vossische Zeitung (Morgen-Ausgabe), 11.03.1924","Daraus folgt die Verpflichtung des Staates, vertreten durch die Aufteilungskommission für die Domäne Dahlem, zu den Betriebskosten der Bahn Zuschuß zu leisten Die Stadt hat bisher die ganzen Stromkosten der Dahlemer Schnellbahn seit 1919-20 gezahlt, um diese nicht stillegen zu lassen."
"17","1931-03-04","Zeitung","Berliner Tageblatt (Abend-Ausgabe), 04.03.1931","Soll diese Erkenntnis nicht ohne Früchte bleiben, dann müssten die berufenen Sachwalter zum Nutzen des deutschen Volkes in beiden Staaten in weiterer Folge zum Wohl und zur Befriedung unseres ganzen Erdteiles alle Kräfte einsetzen."
"18","1930-12-31","Wissenschaft","Freyer, Hans: Soziologie als Wirklichkeitswissenschaft, Leipzig u. a.: B.G. Teubner 1930, S. 163","H. von Treitschkes andersartige Stellung zum Problem der Soziologie ergibt sich im Grunde daraus, daß er die eigengesetzliche Macht der gesellschaftlichen Bewegung, die er natürlich durchaus sieht, nicht so hoch einschätzt wie die Soziologen, und daß er den neuen Ausgleich zwischen Gesellschaft und Staat näher herangerückt glaubt als sie - wenn nur die gesellschaftlichen Mächte ihren Egoismus nicht überspannen und der Staat sich auf seine Pflicht, die gerechte Gesamtordnung des Volkes zu sein, besinnt."
"19","1932-01-03","Zeitung","Archiv der Gegenwart, Bd. 2, 03.01.1932","In den Vereinigten Staaten kam es in den letzten Tagen wiederholt zu Anschlägen durch Bombenwürfe oder Bombensendungen gegen italienische Konsulate oder hervorragende Mitglieder der italienischen Kolonie, die als Anhänger des Faschismus bekannt sind. (L. B. 90 A.)"
"20","1925-12-31","Belletristik","Klabund: Der Kreidekreis. In: Deutsche Literatur von Lessing bis Kafka, Berlin: Directmedia Publ. 2000 [1925], S. 111657","Seine Majestät wird sich mir erkenntlich zeigen, wenn ich ihr einen solchen Übeltäter bringe, der das Fundament des Staates unterwühlt wie ein Maulwurf."
"21","1924-12-31","Wissenschaft","Eltzbacher, Paul: Deutsches Handelsrecht, Berlin: Simon 1925 [1924], S. 300","Sie steht anderseits unter dem Einfluß der Staaten, denen Deutschland verschuldet ist, um nicht rein privatwirtschaftliche Ziele verfolgen zu können."
"22","1930-01-28","Zeitung","Tucholsky, Kurt: Berliner Ballberichte. In: Kurt Tucholsky, Werke - Briefe - Materialien, Berlin: Directmedia Publ. 2000 [1930]","Die Gesandten und Botschafter aller zivilisierten Staaten, sowie Bayerns, waren anwesend; die Dichtkunst wurde von Ludwig Fulda plattgetreten."
"23","1921-03-08","Zeitung","Berliner Tageblatt (Abend-Ausgabe), 08.03.1921","Ein Abgeordneter fragte, ob die deutschen Waren nicht auf dem Wege über die neutralen Staaten in die alliierten Länder gelangen könnten, so daß auf diese Weise die von Lloyd George angekündigten Maßnahmen umgangen würden."
"24","1924-08-23","Gebrauchsliteratur","Die Landfrau, 23.08.1924","Das wertvolle, aber kostspielige Ausrottungsverfahren kann daher nur aufrechterhalten werden, wenn die vom Staate - und gegebenenfalls vom Reiche - bereitgestellten Mittel so sparsam als möglich verwaltet werden."
"25","1926-03-05","Zeitung","Vossische Zeitung (Abend-Ausgabe), 05.03.1926","Jedenfalls bestehe für die Schweiz, die keine drohende Großmacht sei, nicht die mindeste Veranlassung, den übrigen Staaten mit der Abrüstung voranzugehen ."
"26","1931-09-15","Zeitung","Archiv der Gegenwart, Bd. 1, 15.09.1931, S. 28 [ff.]. Zit. n. CD-ROM-Ausgabe 2001.","Die niederländische Regierung hat in Genf mitgeteilt, daß die Chininproduzenten von Niederländisch-Indien einen Vorrat von 500.000 kg Chinin haben und bereit sind, diese Mengen sowie das Erträgnis der kommenden Ernte zu einem mäßigen Preis zur Verfügung jener Staaten und hygienischen Organisationen zu stellen, die es benötigen. (L. B. 18 M.)"
"27","1931-09-12","Zeitung","Archiv der Gegenwart, Bd. 1, 12.09.1931, S. 25 [ff.]. Zit. n. CD-ROM-Ausgabe 2001.","Die chinesische Regierung hat von den Vereinigten Staaten 50 Mill."
"28","1920-12-31","Wissenschaft","Delbrück, Hans: Geschichte der Kriegskunst im Rahmen der politischen Geschichte - Erster Teil: Das Altertum, Berlin: Directmedia Publ. 2002 [1920], S. 923","Es ist der Grundgedanke seines »Scharnhorst«, daß die allgemeine Wehrpflicht nicht die Fortsetzung, sondern das diametrale Gegenteil der altpreußischen Heeresverfassung und des ganzen altpreußischen Staates gewesen sei."
"29","1924-03-11","Zeitung","Berliner Tageblatt (Abend-Ausgabe), 11.03.1924","Den Befehl hat der Staat gegeben ."
"30","1932-09-01","gesprochen","o.A., Kundgebung der NSDAP im Berliner Sportpalast, 01.09.1932","Sie sagen, der Staat von uns wendet sich gegen die einen und die anderen."
"31","1932-01-28","Zeitung","Archiv der Gegenwart, Bd. 2, 28.01.1932","Für künftige Handelsverträge wird grundsätzlich gegenseitige Meistbegünstigung vereinbart, wobei nur Zugeständnisse ausgenommen werden, die Rußland einer anderen Sowjetrepublik oder einem Staate einräumt, der früher Bestandteil des ehemaligen Russischen Reiches war."
"32","1932-01-21","Zeitung","Archiv der Gegenwart, Bd. 2, 21.01.1932, S. 136 [ff.]. Zit. n. CD-ROM-Ausgabe 2001.","Es gebe drei Lösungsarten für die Arbeiterfragen: a) Eingliederung der Arbeiter in die Privatwirtschaft mit ausreichendem staatlichen Schutz, b) Übernahme der Wirtschaft durch den Staat, c) ein korporatives System mit erhöhter Selbstverwaltung der beteiligten Arbeitgeber und -nehmer und staatlicher Aufsicht. (L. B. 121 K.)"
"33","1920-12-31","Wissenschaft","Delbrück, Hans: Geschichte der Kriegskunst im Rahmen der politischen Geschichte - Vierter Teil: Neuzeit, Berlin: Directmedia Publ. 2002 [1920], S. 4226","Friedrich schrieb einmal an den Feldmarschall Keith (11. August 1757) über einen Verpflegungstransport, den er erwartete, »auf ihn gründe ich die letzte Hoffnung des Staates«."
"34","1919-07-31","Belletristik","Tucholsky, Kurt: 's ist Krieg! In: Kurt Tucholsky, Werke - Briefe - Materialien, Berlin: Directmedia Publ. 2000 [1919]","Die Bezüge vom Staat, die Nahrung all right - laß Stürme donnern und tosen - Noch ist die blühende, goldene Zeit!"
"35","1927-12-31","Gebrauchsliteratur","Welt und Wissen, 1927, Nr. 2, Bd. 16","So war es für die Träger der neuen Lehre ein Leichtes, die christlichen Staaten Vorderasiens zu erobern, die altersschwachen Dynastien Persiens und anderer Ländergebiete des Orients zu stürzen, schließlich auch den Byzantinern den Besitz Ägyptens und des übrigen Nordafrikas zu entreißen und 711 in einer einzigen siegreichen Schlacht der dreihundertjährigen Herrschaft der Westgoten in Spanien ein schmähliches Ende zu bereiten."
"36","1931-12-09","Zeitung","Archiv der Gegenwart, Bd. 1, 09.12.1931, S. 103 [ff.]. Zit. n. CD-ROM-Ausgabe 2001.","Schatzsekretär Mellon teilte mit, daß die Vereinigten Staaten bis zum 30. Juni 1931 insgesamt 443 Mill."
"37","1929-03-05","Zeitung","Berliner Tageblatt (Morgen-Ausgabe), 05.03.1929","Wirklich, er vergisst immer wieder, dass dieser Staat ein Kampfstaat ist, der nur für einen Teil seiner Bevölkerung existieren will und gerade jetzt furchtbare Musterung hält über Würdige und Unwürdige, in ihm ""politische Rechte"" auszuüben."
"38","1927-12-31","Wissenschaft","Jahresberichte für deutsche Geschichte, 1927, S. 365","Die tiefgründigen genealogischen Forschungen stehen im Zusammenhang mit Rörigs sonstigen wirtschaftsgeschichtlichen Studien auf Grundlage der lübischen Überlieferung (vgl.1837 Markt zu Lübeck, erschienen 1922, ferner1793 Anwendung seiner Forschungen auf die allgemeine Hansegeschichte um 1350, vgl. auch die Gutachten Rörigs in einem Fischereiprozeß des lübischen Staates gegen Mecklenburg mit der Entgegnung von W. Strecker, 1739--41)."
"39","1927-12-31","Gebrauchsliteratur","Diederichs, Eugen: Aus meinem Leben. In: Simons, Oliver (Hg.) Deutsche Autobiographien 1690-1930, Berlin: Directmedia Publ. 2004 [1927], S. 19351","Dort wurden dann vor allem jene Probleme behandelt, die in der Revolution auftauchten, in erster Linie das Verhältnis des einzelnen zum Staat."
"40","1926-01-01","Zeitung","Kölnische Zeitung (2. Morgenblatt), 01.01.1926","Die Mittelschule ist eine Einrichtung des Staats, deren Unterhaltungsträger aber die Gemeinden und die Gutsbezirke oder kommunalen Zweckverbände, die eine solche Schule errichten, sind, deren Lehrer, im Dienste des Staates stehend, angestellt durch ein Organ des Staates, mittelbare Staatsbeamte sind."
"41","1932-05-27","Zeitung","Archiv der Gegenwart, Bd. 2, 27.05.1932, S. 347 [ff.]. Zit. n. CD-ROM-Ausgabe 2001.","In handelspolitischer Hinsicht beabsichtige die Regierung schon in nächster Zeit, an die in Betracht kommenden Staaten Einladungen mit konkreten Vorschlägen für handelspolitische Verhandlungen ergehen zu lassen, wobei als Anknüpfungspunkt die Erklärung Deutschlands wie auch die Grundsätzlich entgegenkommende Antwort Polens auf die Note vom 16. Februar und die freundliche Einstellung Italiens vorhanden sei."
"42","1926-12-31","Belletristik","Traven, B.: Das Totenschiff, Berlin: Büchergilde Gutenberg 1929 [1926], S. 48","Meine Fahrkarte war bezahlt, meine Verpflegung im Gefängnis hatte ich abverdient, so war ich dem französischen Staat nichts mehr schuldig, und ich durfte sein Pflaster ablaufen."
"43","1926-01-01","Zeitung","Kölnische Zeitung (1. Morgenblatt), 01.01.1926","Auch der Staat hat sein gerüttelt Maß Schuld, der Staat, der unter dem Zwang der Verhältnisse, der Entwicklung, sich zum Cäsar entwickelte, dessen Wunsch und Wille allein galt und zu gewissen Zeiten allein auch nur gelten durfte."
"44","1931-11-16","Zeitung","Archiv der Gegenwart, Bd. 1, 16.11.1931, S. 80 [ff.]. Zit. n. CD-ROM-Ausgabe 2001.","Da keiner der 63 zur Abrüstungskonferenz eingeladenen Staaten eine ablehnende Antwort gesandt hat, hat der Generalsekretär des Völkerbundes an alle 63 Regierungen ein Rundschreiben gerichtet, wonach vorbehaltlich einer sofortigen gegenteiligen Verständigung seitens der betreffenden Staaten der 1. November als Anfang des Rüstungsfeierjahres anzusehen ist. (L. B. 76 R.)"
"45","1932-03-01","Zeitung","Völkischer Beobachter (Reichsausgabe), 01.03.1932","Sprechen politische Gründe dafür, die Einfuhrmenge von irgendeinem Lande her zu drosseln, so wird ein nationalwirtschaftlich orientiertes Volk in bestimmten Fällen auch um des höheren Zweckes willen auf gewisse Produkte verzichten müssen, wenn es eben unmöglich ist, sie durch die heimische Produktion, sei es mit oder ohne Wirtschaftsbeziehung zu einem Staate, gegen die keine Bedenken sprechen, zu ersetzen."
"46","1930-12-31","Wissenschaft","Freyer, Hans: Soziologie als Wirklichkeitswissenschaft, Leipzig u. a.: B.G. Teubner 1930, S. 45","Die Struktur einer Kirche ist von derjenigen einer Sekte, die Struktur des Staats von derjenigen der Sippe deutlich und beschreibbar verschieden."
"47","1932-09-01","gesprochen","o.A., Kundgebung der NSDAP im Berliner Sportpalast, 01.09.1932","Auch heute reden sie nur vom Staat, sehen nur den Staat und vergessen vollkommen, dass unterdes aus dieser unklaren Gedankenwelt sich eine Erkenntnis schon klar herausgearbeitet hat, nicht der Staat ist das Wesen aller Dinge sondern das Volk."
"48","1932-01-28","Zeitung","Archiv der Gegenwart, Bd. 2, 28.01.1932, S. 144 [ff.]. Zit. n. CD-ROM-Ausgabe 2001.","Wenn jedoch die obgenannten Voraussetzungen nicht klarerweise zutreffen, darf der sich angegriffen wähnende Staat nicht zur Selbsthilfe schreiten, sondern muß den Völkerbundrat anrufen, der festzustellen hat, ob tatsächlich eine Verletzung des Paktes vorliegt."
"49","1923-12-31","Wissenschaft","Schmitt, Carl: Die geistesgeschichtliche Lage des heutigen Parlamentarismus, Berlin: Duncker & Humblot 1991 [1923], S. 29","[...] Von deutschen Publikationen sind aus der Menge der Aufsätze und Broschüren zu nennen: die ideenreichen Schriften von M. J. Bonn, Die Auflösung des modernen Staates, Berlin 1921, und Die Krisis der europäischen Demokratie, München 1925; K. Beyerle, Parlamentarisches System - oder was sonst?, München 1921; Carl Landauer, Sozialismus und parlamentarisches System, Arch. f. Sozialwissenschaft, 1922, Bd. 48, Heft 3, Die Wege zur Eroberung des demokratischen Staates durch die Wirtschaftsleiter, in der Erinnerungsgabe für Max Weber, 1922, Bd. II, Die Ideologie des Wirtschaftsparlamentarismus, in der Festgabe für L. Brentano, 1925, Bd. I, S. 153ff.; R. Thoma, Der Begriff der modernen Demokratie in seinem Verhältnis zum Staatsbegriff, Erinnerungsgabe für Max Weber, 1922, Bd. II (dazu: Carl Schmitt, Arch. f. Sozialwissenschaft, 1924, Bd. 51, Heft 3), Zur Ideologie des Parlamentarismus und der Diktatur, Arch. f. Sozialw., 1924, Bd. 53, Heft 1; Heinz Marr, Klasse und Partei in der modernen Demokratie, Frankfurter gelehrte Reden und Abhandlungen, Heft 1 [...]"
"50","1929-03-05","Zeitung","Vossische Zeitung (Abend-Ausgabe), 05.03.1929","Der neue Präsident sprach von dem neuen Wirtschaftssystem , das in den Vereinigten Staaten heraufziehe."
"51","1932-11-10","Zeitung","Archiv der Gegenwart, Bd. 2, 10.11.1932","Bei der Wahl für das Elektoren-Kollegium wurden nach den letzterhaltenen Ziffern für die demokratische Partei, und damit praktisch für deren Präsidentschaftskandidaten Franklin Delano Roosevelt (bisher Gouverneur des Staates New York), 20,2 Mill. und für die republikanische Partei (Präsidentschaftskandidat Herbert C. Hoover) 14,: Mill."
"52","1932-08-04","Zeitung","Archiv der Gegenwart, Bd. 2, 04.08.1932, S. 434 [ff.]. Zit. n. CD-ROM-Ausgabe 2001.","Die Vereinigten Staaten haben einen Vorschlag Mexicos angenommen, der mit Bezug auf den Konflikt die Geltung der sogenannten Hoover-Doktrin auf Lateinamerika ausdehnt."
"53","1923-12-31","Gebrauchsliteratur","Schultze-Pfaelzer, Gerhard: Propaganda, Agitation, Reklame, Berlin: Stilke 1923, S. 206","Wenn von den Vorkämpfern für den Volkstumsgedanken behauptet wird, daß auf die Dauer das Volk stärker sei als der Staat, so wird man jedenfalls ein allgemein gültiges Gegenteil nicht beweisen können."
"54","1925-03-05","Zeitung","Vossische Zeitung (Abend-Ausgabe), 05.03.1925","In diesem Sinne wollen wir auch unser Zugehörigkeitsgefühl zum Staate durch unsere heutige Trauerkundgebung aus Anlaß des Todes des Präsidenten zum Ausdruck bringen."
"55","1928-12-31","Wissenschaft","Jahresberichte für deutsche Geschichte, 1928, S. 506","Eine Reihe von Arbeiten beschäftigt sich mit dem Verhältnis des preußischen Staates zur Kirche oder unterwirft einzelne daraus erwachsende Probleme einer Untersuchung, die einen größeren Zeitraum umfaßt."
"56","1932-01-27","gesprochen","Hitler, Adolf, Primat der deutschen Politik: Wiederherstellung eines gesunden, nationalen und schlagkräftigen deutschen Volkskörpers?, in: Vortrag Adolf Hitlers vor westdeutschen Wirtschaftlern im Industrie-Klub Düsseldorf, München: 1932","[...] Sie beruht auf der Erkenntnis, daß zusammenbrechende Wirtschaften immer als Vorläufer den zusammenbrechenden Staat haben, und nicht umgekehrt, daß es keine blühende Wirtschaft gibt, die nicht vor sich und hinter sich den blühenden, mächtigen Staat als Schutz hat, daß es keine karthagische Wirtschaft gab ohne karthagische Flotte und keinen karthagischen Handel ohne karthagische Armee, und daß es selbstverständlich auch in der Neuzeit - wenn es hart auf hart geht und die Interessen der Völker aufeinanderprallen - keine Wirtschaft geben kann, ohne daß hinter dieser Wirtschaft der absolut schlagkräftige, entschlossene politische Wille der Nation steht. [...]"
"57","1919-03-29","Zeitung","Vossische Zeitung (Morgen-Ausgabe), 29.03.1919","In verschiedenen Staaten des Reiches wird von radikalen Elementen auf die organisierten Arbeiter ein Druck ausgeübt, sie zum Austritt aus ihren Gewerkschaften und zum Uebertritt in die freien Gewerkschaften zu bewegen."
"58","1928-03-03","Zeitung","Völkischer Beobachter (Reichsausgabe), 03.03.1928","Die schlotternde Angst, daß bei weiterer Bewährung der Methoden Mussolinis der Welt die Augen darüber aufgehen könnten, daß nicht die westliche Demokratie mit ihren Auswüchsen, ihrer Korruption und Gesinnungslumperei das Allein-Heilmittel für die notleidenden, schwerbedrückten Volksmassen darstellen, sondern daß eine gesunde Diktatur, die mit all dem freimaurerischen Unfug und der Ausbeutung von Volk und Staat zugunsten der internationalen Geldhyänen aufräumt, dem herrschenden System vorzuziehen sein würde, läßt die Herren Volksvertreter nicht zur Ruhe kommen."
"59","1926-12-31","Belletristik","Grimm, Hans: Volk ohne Raum, München: Langen 1932 [1926], S. 28","Wo in der Fremde eine starke königliche Einrichtung verblieb, oder wo in der Fremde, wie in England, die alte Anschauung von der Bedeutung des freien Mannes nicht ganz vergessen ging, wurden die Staaten, die nicht weniger aus Stämmen bestanden als das Reich, zu einigen Völkern, und diese Völker griffen hinein in die leere Welt und errafften sich Fläche und Raum, darauf und darin ihre Kinder und Kindeskinder sich frei bewegen und frei leben und frei atmen könnten, ohne bei jeder Armbewegung an den Nachbarn anzustoßen."
"60","1930-12-31","Belletristik","Feuchtwanger, Lion: Erfolg. In: ders., Gesammelte Werke in Einzelbänden, Bd. 6, Berlin: Aufbau-Verl. 1993 [1930], S. 68","Hier lag die Bedeutung der Kunstwissenschaft in diesem Jahrzehnt, daß sie, zum erstenmal seit ihrem Bestehen erlöst aus trockenem Herbarismus, in Verbindung mit der Staatswissenschaft lebendig werden, der Kunst des proletarischen Staates den Boden urbar machen konnte."
"61","1919-12-31","Wissenschaft","Weber, Max: Die Wirtschaftsethik der Weltreligionen. In: Weber, Marianne (Hg.), Gesammelte Aufsätze zur Religionssoziologie, Bd. I, Tübingen: Mohr 1920 [1916-1919], S. 446","Es ist sehr begreiflich, daß in einem patrimonialen Staat einem Beamten - Konfuzius war zeitweise Minister - die Kindespietät, da sie auf alle Unterordnungsverhältnisse übertragen wird, als diejenige Tugend galt, aus der alle anderen folgen und deren Besitz die Probe und Garantie abgibt für die Erfüllung der wichtigsten Standespflicht der Bürokratie: der unbedingten Disziplin."
"62","1932-08-30","Zeitung","Archiv der Gegenwart, Bd. 2, 30.08.1932","Wenn andere Staaten ihre Landesgrenzen mit Wällen aus Eisen und Beton befestigen, dürfe man Deutschland diesen Schutz nicht versagen."
"63","1929-12-31","Gebrauchsliteratur","Klemperer, Victor: [Tagebuch] 1929. In: ders., Leben sammeln, nicht fragen wozu und warum, Berlin: Aufbau-Taschenbuch-Verl. 2000 [1929], S. 88","Er ist kein großer Patriot, er schimpfte auf den räuberischen Staat. -"
"64","1926-03-03","Zeitung","Vossische Zeitung (Morgen-Ausgabe), 03.03.1926","Der Staat soll etwa neun Zehntel der Aktien besitzen, aber Kapital durch Ausgabe von einigen Milliarden langfristiger Obligationen der neuen Gesellschaft von Privaten aufzunehmen."
"65","1929-12-31","Belletristik","Döblin, Alfred: Berlin Alexanderplatz, Olten: Walter 1961 [1929], S. 212","Na ja, ein Eisenbahnunglück in den Vereinigten Staaten, in Ohio, und Zusammenstoß von Kommunisten mit Hakenkreuzlern, nee, da macht Franz nicht mit, großes Schadenfeuer in Wilmersdorf."
"66","1923-12-31","Wissenschaft","Lukács, Georg: Geschichte und Klassenbewußtsein, Neuwied u. a.: Leuchterhand 1970 [1923], S. 402","Der Nachweis jedoch, daß die Gewalt (Recht und Staat) »ursprünglich auf einer ökonomischen, gesellschaftlichen Funktion beruht«, muß - durchaus im Sinne der Lehre von Marx und Engels - dahin erläutert werden, daß dieser Zusammenhang ein entsprechendes ideologisches Abbild im Denken und Fühlen der ins Herrschaftsbereich der Gewalt einbezogenen Menschen findet."
"67","1929-03-02","Zeitung","Völkischer Beobachter (Reichsausgabe), 02.03.1929","Gottfried Feder meint einmal (""Der deutsche Staat auf nat . und soz . Grundlage), daß es ein Hauptunglück war privatwirtschaftliche Denkungsweise ungeprüft auf die Staatswirtschaft übertragen zu haben."
"68","1925-03-06","Zeitung","Berliner Tageblatt (Morgen-Ausgabe), 06.03.1925","Die Geschichte aber wird Friedrich Ebert an erster Stelle unter den Männern nennen, die in harter Not des Volkes den deutschen Staat gerettet und damit die Grundlage zu einem neuen deutschen Leben geschaffen haben."
"69","1932-12-31","Gebrauchsliteratur","Welt und Wissen, 1932, Nr. 2, Bd. 21","Vielleicht ist die Lösung dieses Problems bereits morgen gefunden; jedenfalls ist die Luftfahrt heute schon bemüht, die Reisezeit zwischen Europa und den Vereinigten Staaten von Amerika dadurch abzukürzen, daß sie wenigstens einen Teil des Weges durch Flugzeuge zurücklegen läßt."
"70","1930-01-05","Zeitung","Berliner Arbeiterzeitung, 05.01.1930","So nützt es eben einfach nichts, zu erklären, Kinderreichtum in der Ehe sei eine Forderung der Moral oder eine Pflicht gegenüber Staat und Volk - solange diese Moral von den ganzen wirtschaftlichen und gesellschaftlichen Verhältnissen Bügen gestraft wird und solange Staat und Volk ihrerseits nicht ihre Pflicht gegenüber der Familie erfüllen."
"71","1932-12-07","Zeitung","Archiv der Gegenwart, Bd. 2, 07.12.1932, S. 599 [ff.]. Zit. n. CD-ROM-Ausgabe 2001.","Die Vertreter Schwedens Norwegens, der Tschechoslowakei und Irlands forderten in der außerordentlichen Völkerbundversammlung, daß der neue mandschurische Staat durch die Mitgliedsstaaten des Völkerbundes nicht anerkannt werde, und sprachen sich mit großer Schärfe gegen die japanische Politik in China aus."
"72","1931-11-28","Zeitung","Archiv der Gegenwart, Bd. 1, 28.11.1931, S. 92 [ff.]. Zit. n. CD-ROM-Ausgabe 2001.","(L. B. England 86 D, Frankreich 66 O, Deutschland 91 C, Vereinigte Staaten 73 D.)"
"73","1922-03-08","Zeitung","Vossische Zeitung (Abend-Ausgabe), 08.03.1922","Petit Parisien "" hofft, daß sich die Vereinigten Staaten diesmal nicht, wie in Cannes, mit der Rolle eines stillschweigenden Beobachters begnügen werden."
"74","1923-12-31","Wissenschaft","Schmitt, Carl: Die geistesgeschichtliche Lage des heutigen Parlamentarismus, Berlin: Duncker & Humblot 1991 [1923], S. 17","Es ist aber zu beachten, daß in diesem Fall die nationale Homogenität meistens um so stärker betont und die relativ allgemeine Menschengleichheit innerhalb des Staates durch den entschiedenen Ausschluß aller nicht zum Staate gehörigen, außerhalb des Staates verbleibenden Menschen wieder aufgehoben wird."
"75","1929-03-02","Zeitung","Völkischer Beobachter (Reichsausgabe), 02.03.1929","Es ist eine Streitfrage, ob der Staat unter gewissen wirtschaftlichen Verhältnissen das Recht oder unter Umständen sogar die Pflicht habe, in unserer Frage regulativ einzugreifen; ob das Naturrecht dem Staate auf dem Gebiete des Eigentumsrechtes so weitgehende Befugnisse einräumt. etwas aus angeblichen Nützlichkeitserwägungen heraus für erlaubt zu erklären, was die Kirche gemäß Naturrecht, Offenbarung und Vernunft verboten hat."
"76","1925-07-07","Zeitung","Tucholsky, Kurt: Suomi-Finnland. In: ders., Kurt Tucholsky, Werke - Briefe - Materialien, Berlin: Directmedia Publ. 2000 [1925], S. 3763","»Hier noch der garantiert unabhängige Staat! Universität! Militär!"
"77","1931-03-03","Zeitung","Völkischer Beobachter (Reichsausgabe), 03.03.1931","Keine Verhandlung von Staat zu Staat wird Frankreich zum Verzicht auf diese Kulturschande bewegen können, solange es die Macht hat in Europa."
"78","1931-09-18","Zeitung","Archiv der Gegenwart, Bd. 1, 18.09.1931, S. 30 [ff.]. Zit. n. CD-ROM-Ausgabe 2001.","Durch die Delegierten jener Staaten, die die Oslo-Konvention abgeschlossen haben, wurde im Völkerbund ein Antrag gestellt, der alle Staaten dringend ersucht, alles daranzusetzen, damit Maßnahmen vermieden werden, die das wirtschaftliche Gleichgewicht noch mehr stören könnten."
"79","1932-08-01","Zeitung","Archiv der Gegenwart, Bd. 2, 01.08.1932","Die Vereinigten Staaten haben sich England gegenüber zur Entsendung von Sachverständigen zu einer Weltwirtschaftskonferenz und an den Vorbereitungen zu dieser bereit erklärt."
"80","1930-12-31","Wissenschaft","Freyer, Hans: Soziologie als Wirklichkeitswissenschaft, Leipzig u. a.: B.G. Teubner 1930, S. 291","Der zweite Gedanke betrifft den Staat als Prinzip dieser neuen Struktur selbst - den Staat als ""das durch und durch freie Wesen"" (Rodbertus), das die durch und durch unfreie Klassengesellschaft geschichtlich abzulösen bestimmt ist."
"81","1918-12-31","Wissenschaft","Spengler, Oswald: Der Untergang des Abendlandes, München: Beck 1929 [1918], S. 56","Konfucius war mehrmals Minister; Pythagoras hat eine bedeutsame, an den Staat Cromwells erinnernde und von der Altertumsforschung noch immer weit unterschätzte politische Bewegung organisiert."
"82","1930-12-31","Wissenschaft","Freyer, Hans: Soziologie als Wirklichkeitswissenschaft, Leipzig u. a.: B.G. Teubner 1930, S. 169","Selbstverständlich haben die Menschen über Staat und Gesellschaft philosophiert, seit sie überhaupt philosophiert haben."
"83","1924-12-31","Wissenschaft","Eltzbacher, Paul: Deutsches Handelsrecht, Berlin: Simon 1925 [1924], S. 265","Die Gesellschaft wird wegen gemeingefährlichen rechtswidrigen Verhaltens vom Staate aufgelöst."
"84","1932-06-13","Zeitung","Archiv der Gegenwart, Bd. 2, 13.06.1932, S. 370 [ff.]. Zit. n. CD-ROM-Ausgabe 2001.","-- Die Weltmeisterschaft im Boxen, Mittelgewichtsklasse, gewann Marcel Thil (Frankreich) durch einen Sieg über ""Gorilla"" Jones (Vereinigte Staaten)."
"85","1929-12-31","Wissenschaft","Mannheim, Karl: Ideologie und Utopie, Frankfurt a.M: Klostermann 1985 [1929], S. 105","Was hier zum Ausdruck kommt, ist eine Ideologie für die führenden adligen Geschlechter in England und sollte auch in Deutschland zur Legitimierung der adligen Führung im Staate dienen."
"86","1918-03-18","Zeitung","Berliner Tageblatt (Montags-Ausgabe), 18.03.1918","Auch die Vereinigten Staaten würden an einer derartigen europäischen Konstellation ein lebhaftes Interesse haben."
"87","1932-02-11","Zeitung","Archiv der Gegenwart, Bd. 2, 11.02.1932, S. 166 [ff.]. Zit. n. CD-ROM-Ausgabe 2001.","Aus dem gegenerischen Lager -- Hoover ist Republikaner werden drei demokratische Politiker als mögliche Kandidaten genannt, und zwar der gegenwärtige Gouverneur des Staates New York, Franklin Roosevelt, dessen Vorgänger Al. Smith, und der ehemalige Kriegssekretär unter dem Präsidenten Wilson, Baker."
"88","1918-03-13","Zeitung","Berliner Tageblatt (Morgen-Ausgabe), 13.03.1918","Painlevé warnte vor den schweren Folgen dieser Hetzereien , die gerade die treusten Diener des Staates vor dem Lande kompromittierten."
"89","1929-12-31","Belletristik","Döblin, Alfred: Berlin Alexanderplatz, Olten: Walter 1961 [1929], S. 283","Sie findet im Eigentumsrecht, dem Monopol des Besitzes, und im Staat, dem Monopol der Macht, ihren Ausdruck."
"90","1932-01-05","Zeitung","Archiv der Gegenwart, Bd. 2, 05.01.1932, S. 121 [ff.]. Zit. n. CD-ROM-Ausgabe 2001.","Die Vereinigten Staaten haben die Unterzeichner des Neunmächtevertrages vom Jahre 1922, die sich zur Achtung der Unabhängigkeit und Unversehrtheit Chinas verpflichtet und das Prinzip der offenen Tür in China anerkannt haben, zu einem Kollektivschritt in Tokio aufgefordert."
"91","1931-03-04","Zeitung","Vossische Zeitung (Morgen-Ausgabe), 04.03.1931","Den Erzeugern von hauswirtschaftlichem Holzgerät bieten englische, französische und holländische Meinung einen Ausgleich für den italienischen Ausfall Für Thüringer Spielwaren älteren Stils besteht amerikanische Nachfrage, die freilich mit heftigem Preisdruck verbunden ist; gegenüber den nordischen Staaten und Frankreich wirken die Gewichtszölle prohibitiv."
"92","1924-12-31","Wissenschaft","Eltzbacher, Paul: Deutsches Handelsrecht, Berlin: Simon 1925 [1924], S. 41","1. Seit dem Erstarken der Staatsgewalt im siebzehnten und achtzehnten Jahrhundert haben die Staaten mancherlei wirtschaftliche Betriebe geschaffen: um höfischen Bedürfnissen zu dienen, um die Wirtschaft des Landes durch Musterbetriebe zu fördern, um Staatseinnahmen zu erzielen oder um sonstige staatliche Bedürfnisse zu befriedigen."
"93","1928-12-31","Gebrauchsliteratur","Wohlmuth, Alois: Ein Schauspielerleben, Ungeschminkte Selbstschilderungen von Alois Wohlmuth. In: Simons, Oliver (Hg.) Deutsche Autobiographien 1690-1930, Berlin: Directmedia Publ. 2004 [1928], S. 75556","- Aber die Sache wurde immer lustiger: im Wochenblättchen, das, wie sich denken läßt, nie Kritiken über das Hoftheater bringen darf, weil es sonst den »ersten Diener des Staates« kritisieren müßte, eine pompöse Kritik über die S."
"94","1920-12-31","Belletristik","Jacques, Norbert: Dr. Mabuse, der Spieler, Gütersloh: Bertelsmann 1961 [1920], S. 14","Sie sollen jedoch sicher sein, in keiner Weise an den Diensten zu Schaden zu kommen, die Sie Volk und Staat zu erweisen in der Lage sind.«"
"95","1925-12-31","Wissenschaft","Schulze, Friedrich: Der Deutsche Buchhandel und die geistigen Strömungen der letzten hundert Jahre. In: Lehmstedt, Mark (Hg.) Geschichte des deutschen Buchwesens, Berlin: Directmedia Publ. 2000 [1925], S. 5094","Als Vorstand war es mir zugleich als preußischer Unterthan erlaubt, versichern zu dürfen, daß der preußischen Regierung die Meßverlegung in ihren Staat höchst erwünscht sein würde und daß man von ihr alles zu erwarten hätte, was man unter einer guten Aufnahme und Erleichterungen jeder Art verstehen könne."
"96","1928-02-01","Gebrauchsliteratur","Reklame-Praxis, 1928, Nr. 6, Bd. 4","Fachleute auf diesem Gebiet haben geschätzt, daß in den Vereinigten Staaten für Reklame jährlich 1 350 000 000 Dollar ausgegeben werden."
"97","1926-03-05","Zeitung","Berliner Tageblatt (Abend-Ausgabe), 05.03.1926","Sie ist ein Akt ausgleichender Gerechtigkeit . Wenn der Staat die Opfer des Krieges und der Inflation mit Bettelpfennigen zu entschädigen wagt, dürfen die Fürsten, die an dem Unglück Deutschlands in erster Linie mitschuldig sind, nicht bevorzugt und mit Milliarden abgefunden werden."
"98","1920-04-22","Zeitung","Tucholsky, Kurt: Militärbilanz. In: Kurt Tucholsky, Werke - Briefe - Materialien, Berlin: Directmedia Publ. 2000 [1920]","Was er ihnen an Gehalt nicht zu bieten vermochte, gab er ihnen an Geltung im Gesellschaftskörper: der Offizier (und in zweiter Reihe der höhere Staatsbeamte) war durch Machtspruch des Königs, der das damals noch durchzusetzen fähig war, der erste Mann nicht nur im Staate, sondern, was dem einzelnen mitunter wichtiger war, im gesellschaftlichen Leben."
"99","1930-12-31","Wissenschaft","Freyer, Hans: Soziologie als Wirklichkeitswissenschaft, Leipzig u. a.: B.G. Teubner 1930, S. 134","Nur freilich eine Geschichtsphilosophie, die mit dem ganzen Erbe der rationalistischen Fortschrittsidee belastet ist, und die, so schroff wie irgendein Aufklärer des 18. Jahrhunderts, das geschichtliche Werden zu dem moralischen Dualismus der ""guten"" Wirtschaftsgesellschaft und des ""bösen"" Staates mythologisiert."
"100","1932-12-19","Zeitung","Archiv der Gegenwart, Bd. 2, 19.12.1932, S. 617 [ff.]. Zit. n. CD-ROM-Ausgabe 2001.","In der Zeit von Mai 1923 bis Mai 1930, in der Hauptsache jedoch bis Mai 1926 schlossen 15 Schuldnerländer der Vereinigten Staaten endgültige Zahlungsabkommen, wobei bei den einzelnen Abkommen der auf das Datum des Abschlüsses zurückkapitalisierte Gesamtwert der Zahlungen (Gegenwartswert) durchweg unter der ursprünglichen Gesamthöhe der Schulden lag."
"101","1927-12-31","Wissenschaft","Jahresberichte für deutsche Geschichte, 1927, S. 482","»Der preußische Staat und die Juden (1648--1812)«, deren erster, bis zum Tode Friedrichs I. reichender und von Selma Stern besorgter Band vorliegt (2559)."
"102","1932-05-30","Zeitung","Archiv der Gegenwart, Bd. 2, 30.05.1932, S. 352 [ff.]. Zit. n. CD-ROM-Ausgabe 2001.","Ende 1931 stellte sich die Auslandschuld des belgischen Staates auf 25.700, die Inlandschuld auf 26.600 Mill."
"103","1928-12-31","Gebrauchsliteratur","Wilamowitz-Moellendorff, Ulrich von: Erinnerungen 1848-1914. In: Simons, Oliver (Hg.) Deutsche Autobiographien 1690-1930, Berlin: Directmedia Publ. 2004 [1928], S. 73275","Polen wären die Polen geblieben, das war ihr Recht, aber schon der Blick über die Grenzen würde sie mit dem Staate, der so für sie sorgte, treu verbunden haben."
"104","1932-12-31","Wissenschaft","Jahresberichte für deutsche Geschichte, 1930, S. 295","Die Abhandlung von Menn (1425), ursprünglich Marburger Dissertation von 1917, will Treitschkes klassische Darstellung der Vorgeschichte des deutschen Zollvereins nach der Seite ergänzen, daß die Politik und Wirtschaftslage der kleineren Staaten besser berücksichtigt werde."
"105","1926-12-31","Belletristik","Grimm, Hans: Volk ohne Raum, München: Langen 1932 [1926], S. 1009","Man kann als Engländer etwas tun und als Russe und als Amerikaner und vielleicht sogar als Franzose, aber in Deutschland kann ein anständiger Mensch vor dem Staate nur mehr erfüllen und verwalten, das ist so geworden!"""
"106","1928-04-03","Zeitung","Berliner Tageblatt (Morgen-Ausgabe), 03.04.1928","Angesichts des Obigen erhebe ich keine Einwendung, dass die Frage der Sicherheit des litauischen Staates dem Programm unserer Konferenz eingefügt werde."""
"107","1924-12-31","Wissenschaft","Eltzbacher, Paul: Deutsches Handelsrecht, Berlin: Simon 1925 [1924], S. 42","Die übrig gebliebenen hat man in jüngster Zeit zum großen Teil aus der allgemeinen Verwaltung herausgelöst und in selbständige, wenn auch vom Staat oder der Gemeinde beherrschte Gesellschaften verwandelt, in der Hoffnung, dadurch größere Wirtschaftlichkeit zu erreichen."
"108","1931-10-25","Zeitung","Archiv der Gegenwart, Bd. 1, 25.10.1931, S. 62 [ff.]. Zit. n. CD-ROM-Ausgabe 2001.","Die Aufrechterhaltung des Goldstandards in Frankreich und den Vereinigten Staaten muß darauf den größten Einfluß haben."
"109","1921-12-31","Gebrauchsliteratur","Baader, Ottilie: Ein steiniger Weg, Lebenserinnerungen einer Sozialistin. In: Simons, Oliver (Hg.) Deutsche Autobiographien 1690-1930, Berlin: Directmedia Publ. 2004 [1921], S. 3182","Ebenso wie in Preußen war auch in Bayern und anderen deutschen Staaten die Reaktion Trumpf."
"110","1923-12-31","Wissenschaft","Schmitt, Carl: Die geistesgeschichtliche Lage des heutigen Parlamentarismus, Berlin: Duncker & Humblot 1991 [1923], S. 50","Von den Bildern, die in der Geschichte politischen und staatsrechtlichen Denkens typisch wiederkehren und deren systematische Untersuchung noch nicht einmal begonnen ist (ich nenne als Beispiel nur: der Staat als Maschine, der Staat als Organismus, der König als Schlußstein des Gewölbes, als Fahne oder als ""Seele"" des Schiffes), ist sie für die moderne Zeit das Wichtigste."
"111","1926-12-31","Gebrauchsliteratur","Abel, Othenio: Amerikafahrt, Jena: Fischer 1926, S. 313","Seit 1918 ist durch sorgfältige Hege in einzelnen Schutzgebieten und scharfe Beaufsichtigung der noch auf freier Wildbahn lebenden Bisons (""wild"" leben in Canada noch etwa 1500, in den Vereinigten Staaten etwa 200) die Zahl der gehegten Stücke auf 11398 gestiegen, wie die Ausweise zu Anfang des Jahres 1923 ergaben."
"112","1929-03-08","Zeitung","Völkischer Beobachter (Berliner Ausgabe), 08.03.1929","Er frage, ob es der Souveränität eines Staates schade, wenn eine klageführende Minderheit in Zukunft auch einmal etwas früher erfahre, was mit ihrer Beschwerde denn eigentlich geschehen sei."
"113","1932-09-10","Zeitung","Archiv der Gegenwart, Bd. 2, 10.09.1932, S. 478 [ff.]. Zit. n. CD-ROM-Ausgabe 2001.","Finanzjahr Finanzjahr Veränderung 1930/31 1913/14 in % Deutschland 170,4 463,3 - 63 England 535,0 375,1 + 42 Frankreich 455,3 348,7 + 30 Italien 258,9 179,1 + 44 Japan 242,1 95,5 + 142 Rußland 579,4 447,7 + 30 Vereinigte Staaten."
"114","1921-03-09","Zeitung","Vossische Zeitung (Abend-Ausgabe), 09.03.1921","Sie sollen dort untersuchen, ob die Alliierten bereit sind, die Vereinigten Staaten in den Völkerbund unter Bedingungen aufzunehmen, die die Vereinigten Staaten jeder Verpflichtung entheben, für den Frieden in Europa militärische Garantien zu leisten."
"115","1932-12-06","Zeitung","Archiv der Gegenwart, Bd. 2, 06.12.1932, S. 598 [ff.]. Zit. n. CD-ROM-Ausgabe 2001.","Falls jedoch die Legislaturen von zwei Dritteln aller Staaten (48) darum ansuchen, muß der Kongreß eine ""Convention"" (Nationalversammlung) zum Vorschlag einer Verfassungsänderung einberufen."
"116","1926-01-01","Zeitung","Kölnische Zeitung (2. Morgenblatt), 01.01.1926","Die Mittelschule ist eine Einrichtung des Staats, deren Unterhaltungsträger aber die Gemeinden und die Gutsbezirke oder kommunalen Zweckverbände, die eine solche Schule errichten, sind, deren Lehrer, im Dienste des Staates stehend, angestellt durch ein Organ des Staates, mittelbare Staatsbeamte sind."
"117","1932-04-03","Zeitung","Archiv der Gegenwart, Bd. 2, 03.04.1932, S. 262 [ff.]. Zit. n. CD-ROM-Ausgabe 2001.","Einen stärkeren Rückgang weisen seit Ende Februar auch New York und Prag auf. (L. B. Frankreich 262 B, Vereinigte Staaten 262 G, alle übrigen 190 E.)"
"118","1931-09-05","Zeitung","Archiv der Gegenwart, Bd. 1, 05.09.1931, S. 20 [ff.]. Zit. n. CD-ROM-Ausgabe 2001.","Das Gericht faßt die Unabhängigkeit so auf, daß darunter der Fortbestand von Österreich in den gegenwärtigen Grenzen als ein besonderer Staat zu verstehen ist, mit allen Rechten, in allen wirtschaftlichen, politischen, finanziellen und anderen Fragen Beschlüsse zu fassen, und mit der Folge, daß die Unabhängigkeit verletzt wird, sobald eine Verletzung in wirtschaftlicher, politischer oder anderer Hinsicht in Frage kommt, da diese verschiedenen Formen der Unabhängigkeit dem Wesen nach eins und unteilbar sind."
"119","1932-03-03","Zeitung","Archiv der Gegenwart, Bd. 2, 03.03.1932, S. 201 [ff.]. Zit. n. CD-ROM-Ausgabe 2001.","Der Passagierverkehr zwischen Europa und den Vereinigten Staaten von Nordamerika in der Zeit vom 1. Juli 1930 bis 30. Juni 1931 (in Klammern die bezüglichen Daten für das Jahr 1. Juli 1929 bis 30. Juni 1930) zeigt auf Grund der Angaben des Berliner Forschungsinstitutes für Fremdenverkehr folgendes Bild (Zahl der Passagiere in beiden Richtungen):"
"120","1924-06-30","Zeitung","Die Fackel [Elektronische Ressource], 2002 [1924]","Es zeigte sich, daß ein Staat, aber keineswegs ein System vernichtet werden konnte, das in diesem Staate herrschte, da letzten Endes dieses System ein Teil einer Weltordnung ist."
"121","1922-03-10","Zeitung","Vossische Zeitung (Morgen-Ausgabe), 10.03.1922","Der Viermächtevertrag lege den Vereinigten Staaten nur die Verpflichtung auf, sich mit den übrigen Unterzeichnern ins Benehmen zu setzen; die Beseitigung der englisch-japanischen Allianz mache die Herabsetzung der Flottenrüstungen möglich."
"122","1932-03-02","Zeitung","Vossische Zeitung (Morgen-Ausgabe), 02.03.1932","Es ist mein Bestreben"", so schreibt der Minister, ""eine Lösung vorzubereiten, die für den Staat und Kirche in gleicher Weise tragbar erscheinen und insbesondere auf Seiten derer, die den evangelischen Religionsunterricht zu erteilen haben, nicht den Anschein erwecken würde, als habe sich der Staat seines ihm gemäß Art. 144 der Reichsverfassung zustehenden Aufsichtsrechts begeben."
"123","1932-04-07","Zeitung","Archiv der Gegenwart, Bd. 2, 07.04.1932","Daher habe er von Anfang an erklärt, daß ohne ein Einvernehmen mit diesen Großmächten die fünf mitteleuropäischen Staaten in einen Wirtschaftskampf mit ihnen geraten würden, den sie nicht aushalten könnten."
"124","1932-05-12","Zeitung","Archiv der Gegenwart, Bd. 2, 12.05.1932, S. 331 [ff.]. Zit. n. CD-ROM-Ausgabe 2001.","An beiden Gesellschaften ist der preußische Staat maßgebend interessiert."
"125","1930-12-31","Belletristik","Feuchtwanger, Lion: Erfolg. In: ders., Gesammelte Werke in Einzelbänden, Bd. 6, Berlin: Aufbau-Verl. 1993 [1930], S. 646","Es ist auch gerechter, daß ein Mann wie er einen solchen Kampf gegen den Staat durchsetzt und nicht zum Beispiel eine Frau mit einem Alltagsgesicht wie sie."
"126","1932-12-15","Zeitung","Archiv der Gegenwart, Bd. 2, 15.12.1932, S. 614 [ff.]. Zit. n. CD-ROM-Ausgabe 2001.","Von 162 Eisenbahnkonzernen der Vereinigten Staaten mit einem Gesamtschienennetz von 242.000 Meilen haben innerhalb der ersten acht Monate des laufenden Jahres nur 32 Gesellschaften die Zinsenausgaben verdient."
"127","1932-07-14","Zeitung","Archiv der Gegenwart, Bd. 2, 14.07.1932","(Die Passiven der Konkurse in den Vereinigten Staaten stellten sich auf 275 Mill. im Juni 133 Mill. im Mai, 124 im April und 113 im März 1932.) (""Neue Zürcher Zeitung."") (L. B. 400 G.)"
"128","1932-04-27","Zeitung","Archiv der Gegenwart, Bd. 2, 27.04.1932, S. 314 [ff.]. Zit. n. CD-ROM-Ausgabe 2001.","1931 1930 1929 Vereinigte Staaten 106,0 111,3 114,4 Deutschland 25,3 28,7 30,7 Kanada<*> 16,7 18,1 18,0 England 16,8 16,6 14,9 Frankreich 14,0 15,3 14,3 Italien 10,6 10,8 10,6 Schweiz 5,7 5,5 5,4 Belgien 3,9 4,1 4,0 Argentinien 1,5 1,4 1,3"
"129","1927-03-03","Zeitung","Vossische Zeitung (Morgen-Ausgabe), 03.03.1927","Von den Arbeitgebern verlangt Pietrkowski , daß sie sich vorbehaltlos auf den Boden des heutigen Staates stellen, ""in dem die Arbeiterschaft die Garantie für positive politische Betätigung und für ihre Aufstiegsmöglichkeiten erblickt""."
"130","1932-03-04","Zeitung","Völkischer Beobachter (Reichsausgabe), 04.03.1932","Es kann kein Zweifel bestehen, daß Deutschland berechtigt wäre, die Forderung zu erheben, daß die vertragsbrüchigen Staaten die Kosten für die Wiederbewaffnung Deutschlands trügen."
"131","1928-01-31","Zeitung","Tucholsky, Kurt: Briefe an einen Fuchsmajor. In: Kurt Tucholsky, Werke - Briefe - Materialien, Berlin: Directmedia Publ. 2000 [1928]","So tief ist das Laster eingefressen, daß der begreifliche Wunsch derer, die ihre Heimat lieben und ihren Staat hassen, umsonst getan ist."
"132","1932-01-27","Zeitung","Archiv der Gegenwart, Bd. 2, 27.01.1932","Vereinigte Staaten 57 (53) Italien 34 (29) Deutschland 25 (21) England 23 (23) Japan 21 (16) Frankreich 17 (19) Holland 9 ( 8)"
"133","1932-09-22","Zeitung","Archiv der Gegenwart, Bd. 2, 22.09.1932, S. 496 [ff.]. Zit. n. CD-ROM-Ausgabe 2001.","Am 31. Mai stellten sich die schwebenden Schulden des Staates auf 1.474 Mill."
"134","1926-11-01","Gebrauchsliteratur","Ball, Hugo: Der Künstler und die Zeitkrankheit. In: Deutsche Literatur von Lessing bis Kafka, Berlin: Directmedia Publ. 2000 [1926], S. 9861","Sie entstammt einer Zeit, in der man nur eine 'Vernunftseele' wollte gelten lassen, die ihren Endzweck individuell in sich selbst oder kollektiv im Staate findet."
"135","1932-03-11","Zeitung","Archiv der Gegenwart, Bd. 2, 11.03.1932","Im englischen Unterhaus erklärte ein Mitglied der konservativen Partei, daß die Aufwärtsbewegung des Pfundes eine Flucht in die britische Währung darstelle und möglicherweise die Folge haben könne, die Vereinigten Staaten und Frankreich vom Goldstandard abzudrängen, die englische Währung aber gegen den Willen der Regierung wieder auf die Goldparität zu bringen, weshalb Maßnahmen gegen diese unerwünschten Wirkungen angezeigt wären."
"136","1919-10-16","Zeitung","Tucholsky, Kurt: Eindrücke von einer Reise. In: ders., Kurt Tucholsky, Werke - Briefe - Materialien, Berlin: Directmedia Publ. 2000 [1919], S. 1507","Es ist kaum glaublich, wie viele Leute noch heute, bei diesem Finanzenstand, bei diesem Elend, bei diesem Jammer, vom Staat Lohn für irgendeinen imaginären 'Dienst' beziehen."
"137","1932-06-24","Zeitung","Archiv der Gegenwart, Bd. 2, 24.06.1932, S. 384 [ff.]. Zit. n. CD-ROM-Ausgabe 2001.","Die Verfügung dürfte, wie von türkischer Seite angenommen wird, in erster Linie den Außenhandel mit Großbritannien und den Vereinigten Staaten günstig beeinflussen, von welchen ersteres ein bedeutender Abnehmer für Mohair ist und letztere verhältnismäßig große Mengen türkischer Teppiche importieren. (L. B. Türkei 358 C, England 310 L, Ver. Staaten 361 H.)"
"138","1922-07-13","Zeitung","Tucholsky, Kurt: Die zufällige Republik. In: Kurt Tucholsky, Werke - Briefe - Materialien, Berlin: Directmedia Publ. 2000 [1922]","»Wir rechnen aber darauf, daß das Gesetz gleichmäßig gegen alle Seiten angewandt wird, gegen alle, die sich gegen den Staat vergehen.«"
"139","1932-01-22","Zeitung","Archiv der Gegenwart, Bd. 2, 22.01.1932, S. 137 [ff.]. Zit. n. CD-ROM-Ausgabe 2001.","Sollte einer der beiden Staaten selbst eine dritte Macht angreifen, so ist der andere zur fristlosen Kündigung berechtigt."
"140","1930-03-04","Zeitung","Völkischer Beobachter (Bayernausgabe), 04.03.1930","Kein Staat der Welt könne es sich gefallen lassen, wenn seine Beamten gegen die Autorität des Staates verstoßen."
"141","1927-02-08","Zeitung","Tucholsky, Kurt: Die genialen Syphilitiker. In: ders., Kurt Tucholsky, Werke - Briefe - Materialien, Berlin: Directmedia Publ. 2000 [1927], S. 5031","Richtig und gut ist, was Springer über die Grundsätze dieser Bekämpfung sagt: statt überall Automaten mit billigen Schutzmitteln aufzustellen, statt die Behandlung möglichst kostenlos zu ermöglichen, was freilich hinter dem Bau von Schlachtschiffen an Wichtigkeit zurücksteht, mogelt auch hier der Staat ganz wacker."
"142","1931-12-02","Zeitung","Archiv der Gegenwart, Bd. 1, 02.12.1931, S. 95 [ff.]. Zit. n. CD-ROM-Ausgabe 2001.","Die stärkste Abnahme des Verkehres weisen Holland mit 22,8, England mit 21,2, die Vereinigten Staaten mit 18,6, Schweden mit 13,3, Frankreich mit 11,9 und Deutschland mit 9 % auf."
"143","1932-01-01","Zeitung","Archiv der Gegenwart, Bd. 2, 01.01.1932, S. 118 [ff.]. Zit. n. CD-ROM-Ausgabe 2001.","1 000 t Vereinigte Staaten 18622 Tschechoslowakei 1 184 Frankreich 8 237 Indien 1 000 Deutschland 6 063 Italien 543 Rußland 4 950 Kanada 480 England 3 818 Schweden 432 Belgien 3 247 Polen 348 Luxemburg 2 053 Holland 250 Saargebiet 1 520 Österreich 140 Japan 1 439"
"144","1924-12-31","Wissenschaft","Eltzbacher, Paul: Deutsches Handelsrecht, Berlin: Simon 1925 [1924], S. 300","Sie ist eine selbständige Handelsgesellschaft, um vor willkürlichen Anforderungen und Eingriffen des Staates sicher zu sein."
"145","1930-12-31","Gebrauchsliteratur","Bode, Wilhelm von: Mein Leben, 2 Bde. In: Simons, Oliver (Hg.) Deutsche Autobiographien 1690-1930, Berlin: Directmedia Publ. 2004 [1930], S. 10946","In England war diese Hetze gegen mich nicht so ganz unverständlich, da die meisten englischen art critics, die mit dem Kunsthandel nur zu nahe verbunden sind, mich aus England und vom englischen Kunstmarkt abzudrängen und mein Ansehen bei den Sammlern in England und den Vereinigten Staaten zugrunde zu richten wünschten."
"146","1919-04-04","Zeitung","Berliner Tageblatt (Morgen-Ausgabe), 04.04.1919","Er denkt an die Bildung eines Unterstützungskomitees unter Leitung eines neutralen Staates, zum Beispiel Dänemarks."
"147","1932-11-10","Zeitung","Archiv der Gegenwart, Bd. 2, 10.11.1932","Am 7. November fanden in den Staaten die Wahlen für das Elektoren-Kollegium statt, das den Präsidenten wählt (215 E)."
"148","1932-02-19","Zeitung","Archiv der Gegenwart, Bd. 2, 19.02.1932, S. 179 [ff.]. Zit. n. CD-ROM-Ausgabe 2001.","Nach neueren Meldungen scheint sich zu ergeben, daß zumindest Teile der Mongolei in den neu gegründeten Staat einbezogen werden. (L. B. 176 M.)"
"149","1920-12-31","Wissenschaft","Delbrück, Hans: Geschichte der Kriegskunst im Rahmen der politischen Geschichte - Vierter Teil: Neuzeit, Berlin: Directmedia Publ. 2002 [1920], S. 3945","Dadurch, daß Preußen kein nationaler Staat war und keine nationale Armee hatte, war das Aufkommen eines solchen inneren Widerspruchs ausgeschlossen."
"150","1932-12-19","Zeitung","Archiv der Gegenwart, Bd. 2, 19.12.1932, S. 617 [ff.]. Zit. n. CD-ROM-Ausgabe 2001.","Dagegen schuldete Frankreich bis zum Waffenstillstand an Großbritannien 1.683 Mill. und an die Vereinigten Staaten 1.970 Mill. und nach diesem weitere 1.434 Mill., insgesamt an die Vereinigten Staaten also 3.341 Mill."
"151","1932-04-12","Zeitung","Archiv der Gegenwart, Bd. 2, 12.04.1932","Um zu verstehen, daß man nicht in zwei oder drei Tagen eine neue Grundlage für die wirtschaftliche Existenz von fünf oder sechs Staaten finden könne, müsse man sich nur vergegenwärtigen, welche Schwierigkeiten schon der Abschluß eines Handelsverträges zwischen zwei Staaten verursacht."
"152","1932-06-27","Zeitung","Archiv der Gegenwart, Bd. 2, 27.06.1932, S. 387 [ff.]. Zit. n. CD-ROM-Ausgabe 2001.","Im Vordergrund stehen die Kandidaturen des Gouverneurs des Staates New York, Franklin Roosevelt, und seines Amtsvorgängers Al. Smith.."
"153","1930-12-31","Wissenschaft","Freyer, Hans: Soziologie als Wirklichkeitswissenschaft, Leipzig u. a.: B.G. Teubner 1930, S. 297","Die nicht-marxistischen Theorien setzen gerade hier: beim Volk und beim nationalen Staat als vollwertigen und durchaus zukunftskräftigen Realitäten ein."
"154","1919-03-13","Zeitung","Vossische Zeitung (Morgen-Ausgabe), 13.03.1919","Das Abfindungsgesetz, das die finanziellen Verpflichtungen des neuen Badischen Staates mit der Großherzoglichen Familie regelt, ist, wie uns aus Karlsruhe gedrahtet wird, seiner endgültigen Regelung nahe."
"155","1929-12-31","Wissenschaft","Mannheim, Karl: Ideologie und Utopie, Frankfurt a.M: Klostermann 1985 [1929], S. 33","Wir können darauf verzichten, im Detail zu zeigen, wie sich mit zunehmender Demokratisierung nicht bloß der Staat, sondern auch die politischen Parteien bemühten, ihre Kämpfe philosophisch zu begründen und zu systematisieren."
"156","1929-06-18","Zeitung","Tucholsky, Kurt: Auf dem Nachttisch. In: Kurt Tucholsky, Werke - Briefe - Materialien, Berlin: Directmedia Publ. 2000 [1929]","Was da dem Staat mit Peitschenhieben ins Gesicht geschrieben wird, ist nicht mit der Ankündigung von »Reformen für einen humanen Strafvollzug« gutzumachen; hier muß noch etwas andres geschehen."
"157","1927-03-01","Zeitung","Berliner Tageblatt (Morgen-Ausgabe), 01.03.1927","Dabei wäre es nicht mehr als recht und billig, wenn der Staat sich an seine Pflichten gegenüber der älteren Aerztegeneration erinnern wollte."
"158","1918-12-31","Wissenschaft","Spengler, Oswald: Der Untergang des Abendlandes, München: Beck 1929 [1918], S. 549","Dynamik und Analysis sind dem Sinne, der Formensprache, der Substanz nach identisch mit der romanischen Ornamentik, den gotischen Domen, dem christlich-germanischen Dogma und dem dynastischen Staat."
"159","1930-12-31","Wissenschaft","Scheidt, Walter: Kulturbiologie, Jena: Fischer 1930, S. 88","Allgemein anerkannt ist höchstens die Anschauung, daß vor allem die technischen Umweltanpassungen größtenteils der Zivilisation zugerechnet werden sollen, weil ihre volle Entwicklung und Ausnützung an ein vielfältig geordnetes Gemeinwesen, etwa im Sinne abendländischer Staaten, gebunden ist."
"160","1929-03-05","Zeitung","Vossische Zeitung (Abend-Ausgabe), 05.03.1929","Dickson, der vor 34 Jahren in Natchez im Staate Massachusetts das Licht der Welt erblickte, tauchte 1917 in Frankreich auf."
"161","1925-03-06","Zeitung","Berliner Tageblatt (Morgen-Ausgabe), 06.03.1925","Sie ehrten aber damit auch den deutschen Staat."
"162","1930-01-02","Zeitung","Kölnische Volkszeitung und Handelsblatt (Abendausgabe), 02.01.1930","Es war weiter davon die Rede, was andere Völker dafür tun, um mit ihrem Kulturbesitz das Ausland in ihrem Sinne zu beeinflussen, und wie große staatliche und private Aufwendungen Franzofen, Italiener und andere, darunter auch die kleinen und neuen europäischen Staaten, hierfür machen."
"163","1920-12-31","Wissenschaft","Delbrück, Hans: Geschichte der Kriegskunst im Rahmen der politischen Geschichte - Erster Teil: Das Altertum, Berlin: Directmedia Publ. 2002 [1920], S. 349","Masse, um zur Substanz des Staates gerechnet zu werden."
"164","1928-12-31","Gebrauchsliteratur","Wohlmuth, Alois: Ein Schauspielerleben, Ungeschminkte Selbstschilderungen von Alois Wohlmuth. In: Simons, Oliver (Hg.) Deutsche Autobiographien 1690-1930, Berlin: Directmedia Publ. 2004 [1928], S. 75494","Törichter Staat, der solch zertretenen Wurm auf die Straße läßt!"
"165","1931-09-16","Zeitung","Archiv der Gegenwart, Bd. 1, 16.09.1931, S. 29 [ff.]. Zit. n. CD-ROM-Ausgabe 2001.","Die Flieger Allen und Moyle, die versucht haben, einen Nonstop-Flug von Japan nach den Vereinigten Staaten zu unternehmen, und die man schon verloren geglaubt hatte, sind sicher auf den Aleuten, einer Inselgruppe im Osten von Kamtschatka, gelandet. (L. B. 27 C.)"
"166","1925-12-31","Wissenschaft","Schulze, Friedrich: Der Deutsche Buchhandel und die geistigen Strömungen der letzten hundert Jahre. In: Lehmstedt, Mark (Hg.) Geschichte des deutschen Buchwesens, Berlin: Directmedia Publ. 2000 [1925], S. 5024","Sie sind nicht für die Masse geschrieben, sondern nur für einzelne Menschen, die etwas Ähnliches wollen und suchen und die in ähnlichen Richtungen begriffen sind«, das rechnete doch nicht mit der Möglichkeit, daß selbst die Bildungseifrigen eines ganzen Staates den Zugang zu seinen Dichtungen schwer oder überhaupt nicht finden könnten."
"167","1927-03-04","Zeitung","Berliner Tageblatt (Morgen-Ausgabe), 04.03.1927","Wenn eine Familie nun mehrere Köpfe zählt - und in Japan ist Geburtenbeschränkung wie Ehelosigkeit noch beinahe ein Vergehen gegen Staat, Familie und Natur - und wenn alle diese Familienmitglieder europäisch und japanisch angezogen werden sollen und ihr Leben überhaupt auf dieses Doppelprinzip eingestellt wird, dann bedarf es schon eines beträchtlichen Einkommens."
"168","1928-12-31","Gebrauchsliteratur","Rieger, Wilhelm: Einführung in die Privatwirtschaftslehre, Erlangen: Palm & Enke 1964 [1928], S. 249","Man hat sich nicht klar gemacht, daß es Situationen gibt - im Leben des Einzelnen wie des Staates -, in denen ein Eingriff in die Substanz unvermeidlich ist."
"169","1932-08-02","Zeitung","Archiv der Gegenwart, Bd. 2, 02.08.1932, S. 432 [ff.]. Zit. n. CD-ROM-Ausgabe 2001.","Die Regierung der Vereinigten Staaten hat die Einladung des Völkerbundes zur Teilnahme an der Weltwirtschaftskonferenz unter dem Vorbehalt angenommen, daß die Erörterung der Kriegsschulden-, Reparationen- und Zolltariffragen vom Verhandlungsprogramm ausgeschlossen bleibt."
"170","1927-12-31","Gebrauchsliteratur","Wien, Wilhelm: Ein Rückblick. In: Simons, Oliver (Hg.), Deutsche Autobiographien 1690 - 1930, Berlin: Directmedia Publ. 2004 [1927], S. 73206","Er gibt ein gutes Beispiel, daß in Demokratien keineswegs immer geeignete Männer an die Spitze des Staates gelangen."
"171","1931-09-24","Zeitung","Archiv der Gegenwart, Bd. 1, 24.09.1931, S. 36 [ff.]. Zit. n. CD-ROM-Ausgabe 2001.","Der Finanzausschuß des Völkerbundes erklärt in seinem Bericht, daß er ein schnelles Eingreifen zur Verbesserung der Lage für nötig hält und entsendet daher zur Prüfung der ungarischen Finanz- und Wirtschaftslage ein fünfgliedriges Komitee nach Budapest, das aus den Delegierten jener Staaten gebildet wird, welche die ungarische Finanzlage auch im Jahre 1924 überprüft hatten."
"172","1930-12-31","Wissenschaft","Freyer, Hans: Soziologie als Wirklichkeitswissenschaft, Leipzig u. a.: B.G. Teubner 1930, S. 295","Wie verschieden im einzelnen diese herrschaftslose Arbeitswelt der Zukunft, wie verschieden insbesondere ihre politische Formung gedacht werden mag: in ihr wird die Zukunft der Klassengesellschaft gesehen; sei es nun, daß sie durch eine letzte Revolution, nämlich durch die Umkehrung der Klassengesellschaft und durch den Staat mit negativem Vorzeichen, sei es, daß sie auf dem Wege organischer Entwicklungen innerhalb des Volkskörpers, sei es, daß sie durch die politische Arbeit eines gereinigten Staates realisiert werden soll."
"173","1918-12-31","Wissenschaft","Weber, Max: Parlament und Regierung im neugeordneten Deutschland. In: Weber, Marianne (Hg.) Gesammelte Politische Schriften, München: Drei Masken Verl. 1921 [1918], S. 158","Heute wie seit der Zeit der Entstehung der Ständerechte ist die Verfügung über die Art der Geldbeschaffung des Staates: das Budgetrecht, das entscheidende parlamentarische Machtmittel."
"174","1919-12-31","Wissenschaft","Weber, Max: Die Wirtschaftsethik der Weltreligionen. In: Weber, Marianne (Hg.), Gesammelte Aufsätze zur Religionssoziologie, Bd. I, Tübingen: Mohr 1920 [1916-1919], S. 320","Nämlich auf 1000 Salzkonsumenten im Staat Tsin, der zuerst rationalisiert wurde, nach Hirths Interpretation (in dessen Ancient History of China, New York 1908) einer Stelle bei Kuan Tse."
"175","1923-12-31","Wissenschaft","Schmitt, Carl: Die geistesgeschichtliche Lage des heutigen Parlamentarismus, Berlin: Duncker & Humblot 1991 [1923], S. 47","Es ist im ganzen eine Lehre, die Staat und Politik nur als eine Technik der Machtbehauptung und Machterweiterung behandelt."
"176","1927-03-01","Zeitung","Berliner Tageblatt (Morgen-Ausgabe), 01.03.1927","Unter größter Aufmerksamkeit des Hauses bemerkte Chamberlain, daß die Regierung die Einladung der Vereinigten Staaten zu einer Konferenz über die Abrüstung zur See angenommen habe."
"177","1920-01-07","Zeitung","Kölnische Zeitung (1. Morgenblatt), 07.01.1920","Wenn keine andre Deckung zur Balancierung der Ausgaben gefunden wird, die eine Befriedigung ihrer sozial angemessenen Forderung ermöglicht, beschweren sich die Beamten mit Recht darüber, daß die Erträgnisse ihrer Arbeit vom Staat zu gering bewertet werden, daß die Tarife und Gebühren, die Reich und Staat erheben, die allgemeine Preissteigerung nicht genügend mitgemacht haben."
"178","1931-12-08","Zeitung","Archiv der Gegenwart, Bd. 1, 08.12.1931, S. 102 [ff.]. Zit. n. CD-ROM-Ausgabe 2001.","Bei Teillösungen, die an der zwangsläufigen Wirtschaftslage vorbeigehen, würde sich schnell erweisen, daß sie für den einzelnen Staat und die Welt unheilvoll sind."
"179","1930-12-31","Belletristik","Feuchtwanger, Lion: Erfolg. In: ders., Gesammelte Werke in Einzelbänden, Bd. 6, Berlin: Aufbau-Verl. 1993 [1930], S. 192","Johanna hatte nicht viel Interesse an Fragen des Staats, aber sie wurde mitgerissen von der Angespanntheit des Anwalts, der seinen Stoff vor sie hinbreitete, sachlich und zugleich beteiligt, brennend in kaltem Feuer."
"180","1921-03-09","Zeitung","Vossische Zeitung (Abend-Ausgabe), 09.03.1921","Präsident Harding versicherte Millerand in seiner Antwort der unabänderlichen Freundschaft Amerikas für Frankreich und drückt den Wunsch nach einer noch engeren Gestaltung der historischen Freundschaftsbande aus, die Frankreich und die Vereinigten Staaten verbinden."
"181","1923-12-31","Gebrauchsliteratur","Schultze-Pfaelzer, Gerhard: Propaganda, Agitation, Reklame, Berlin: Stilke 1923, S. 179","Wenn auch dabei das öffentliche Verantwortungsgefühl und der private Erwerbswille häufig in Konflikt geraten, so kann doch der Staat diesen Konflikt durch eine strenge Überwachung nicht aus der Welt schaffen."
"182","1925-03-08","Zeitung","Berliner Tageblatt (Morgen-Ausgabe), 08.03.1925","Früher war er Vorsitzender des republikanischen Nationalausschusses, zwei Jahre lang Unterstaatssekretär im Schatzamt der Vereinigten Staaten, und 1911 und 1912 war er Privatsekretär von Präsident Taft."
"183","1926-03-05","Zeitung","Berliner Tageblatt (Abend-Ausgabe), 05.03.1926","Wenn Chamberlain über eine Unterredung mit dem Vertreter Deutschlands gesprochen und angedeutet habe, daß er in dieser Besprechung mit Deutschland die Geschicke des Völkerbundsrates mit Bezug auf die Ansprüche anderer Staaten erörtern müsse, so müsse man fragen, ob Deutschland in die Besprechungen eintreten wollte oder Chamberlain . Er (Macdonald) köne nicht ganz genau verstehen, was die Mitteilung des deutschen Botschafters bedeute."
"184","1930-10-24","Zeitung","Münchner Neueste Nachrichten, 24.10.1930","Daraufhin seien zahlreiche Verhaftungen vorgenommen und die Betreffenden dem Sondertribunal zur Verteidigung des Staates, einer Art Kriegsgericht, zur Aburteilung überwiesen worden."
"185","1927-12-31","Gebrauchsliteratur","Ostwald, Wilhelm: Lebenslinien. Eine Selbstbiographie, 3 Teile. In: Simons, Oliver (Hg.), Deutsche Autobiographien 1690 - 1930, Berlin: Directmedia Publ. 2004 [1927], S. 50903","Zuerst in Cambridge und Boston, dann in vielen anderen Städten der Vereinigten Staaten habe ich dann Werbevorträge von den verschiedensten Gesichtspunkten aus, je nach dem Kreise, zu dem ich sprach, gehalten."
"186","1923-12-31","Wissenschaft","Schmitt, Carl: Die geistesgeschichtliche Lage des heutigen Parlamentarismus, Berlin: Duncker & Humblot 1991 [1923], S. 18","Die substanziellen Ungleichheiten würden keineswegs aus der Welt und aus dem Staat verschwinden, sondern sich auf ein anderes Gebiet, etwa vom Politischen ins Wirtschaftliche zurückziehen und diesem Gebiet eine neue, unverhältnismäßig starke, überlegene Bedeutung geben."
"187","1927-10-11","Zeitung","Tucholsky, Kurt: Über wirkungsvollen Pazifismus. In: ders., Kurt Tucholsky, Werke - Briefe - Materialien, Berlin: Directmedia Publ. 2000 [1927], S. 5470","Befreien wir sie von der fixen Idee des Staates, der kein Recht hat, über sie zu verfügen, und der sich dieses Recht anmaßt, indem er Religion, Ethik, Geschichte und Rechtsvorstellung verfälscht?"
"188","1924-01-08","Zeitung","Dresdner Volkszeitung, 08.01.1924","[...] Außerdem verlangt der Vorschlag Ausbau neuer Kohlenschächte im preußischen Staat, Ausbau des staatlichen Bergbaus im Sinne eines seit Jahresfrist in der Denkschrift eines Ministeriums vorliegenden Vorschlags Wiederaufnahme der eingestellten wichtigen Bauten für öffentliche Zwecke mit Hilfe privaten und Rentenmarkkredites, Kapitalzuschüsse der beteiligten Staaten, Provinzen und Gemeinden und des privaten Kapitals für den Mittellandkanal, Belebung des Baumarktes durch Heranziehung der Leistungskraft wirtschaftlich starker Mietergruppen bis zur vollen Goldhöhe der Friedensmiete unter Vermeidung des Versuchs, die Mieten lediglich zu steuerlichen Zwecken und zum Nutzen privater Besitzer auf volle Goldhöhe zu bringen, Linderung der Wohnungsnot durch Erschließung ausreichender gemeinwirtschaftlicher Kapitalsquellen aus der Wohnungswirtschaft selbst und Inangriffnahme großzügiger Moorkultivierungen , durch Heranziehung Zehntausender brachliegender Arbeitskräfte auf Jahre hinaus, wie sie bereits das Ministerium Wirth in Aus- # [...]"
"189","1924-08-07","Zeitung","Tucholsky, Kurt: Der Geist von 1914. In: Kurt Tucholsky, Werke - Briefe - Materialien, Berlin: Directmedia Publ. 2000 [1924]","Geschäfte machen, ein bißchen Steuern zahlen; den Staat pro forma anerkennen, man kann ihn brauchen."
"190","1927-09-27","Zeitung","Tucholsky, Kurt: Amnestie -! Amnestie -! In: ders., Kurt Tucholsky, Werke - Briefe - Materialien, Berlin: Directmedia Publ. 2000 [1927], S. 5418","Der Staat steht heute so gesichert da, wie er das den Umständen nach verlangen kann."
"191","1922-03-08","Gebrauchsliteratur","Vossische Zeitung (Morgen-Ausgabe), 08.03.1922","5. die gegenwärtigen Grenzen der deutschen Staaten."
"192","1920-02-28","Zeitung","Die Fackel [Elektronische Ressource], 2002 [1920]","Die Erfahrungen dieses Krieges haben wohl zur Genüge gezeigt, wie bitter es sich an Staaten und Nationen rächt, wenn sie die Macht der Presse im gesamten Zeitleben nicht richtig zu bewerten verstehen."
"193","1925-11-10","Zeitung","Tucholsky, Kurt: Französisches Militärgericht in Paris. In: Kurt Tucholsky, Werke - Briefe - Materialien, Berlin: Directmedia Publ. 2000 [1925]","Daß sechs Jahre nach dem Krieg einer - Heinrich Wandt - verurteilt worden ist, und zu sechs Jahren Zuchthaus, weil er Belgier kompromittiert hat, die nun ihrerseits wieder durch flämische Sonderbestrebungen ihr 'Vaterland' verraten haben sollen, wurde damit begründet, daß die Verwertung dieser Bestrebungen dem deutschen Staat eines Tages noch nützlich sein könnte . . . ein durchaus richtiges Prognostikon."
"194","1920-03-06","Zeitung","Vossische Zeitung (Abend-Ausgabe), 06.03.1920","Man muß anerkennen, daß sie dies, ernüchtert und auf Zusammenfassung ihres Staates eifrig bedacht, eingesehen und sich beeilt haben, ihre Fehler zu korrigieren."
"195","1931-10-21","Zeitung","Archiv der Gegenwart, Bd. 1, 21.10.1931, S. 59 [ff.]. Zit. n. CD-ROM-Ausgabe 2001.","Falls ganz Europa seine Gelder aus den Vereinigten Staaten zurückziehen sollte und wir keine Gegenforderung stellen könnten, würden uns 3200 Mill."
"196","1923-12-31","Wissenschaft","Lukács, Georg: Geschichte und Klassenbewußtsein, Neuwied u. a.: Leuchterhand 1970 [1923], S. 265","Was zur notwendigen Folge hat, daß die Geschichte auch auf den tiefer liegenden, eigentlich geschichtlichen Gebieten, in dem Staate der preußischen Restauration ihr Ende finden muß."
"197","1932-08-12","Zeitung","Archiv der Gegenwart, Bd. 2, 12.08.1932, S. 444 [ff.]. Zit. n. CD-ROM-Ausgabe 2001.","Der japanische Kriegsminister General Araki teilte einer Parlamentsdeputation, die bei ihm die sofortige Anerkennung des mandschurischen Staates anregte, mit, daß der Außenminister Graf Uchida diese Frage studiere."
"198","1929-03-05","Zeitung","Berliner Tageblatt (Morgen-Ausgabe), 05.03.1929","Auch in dieser Bewegung, die vom Zentrum ausgeht, erkennen wir die Verschärfung des Tempos der Sozialisierung des Staates, auch hier wieder aus Gründen der Staatserhaltung, gewiss nicht aus ""praktischen"" Gründen im Sinne der Rechtsbewegung."
"199","1928-12-31","Wissenschaft","Jahresberichte für deutsche Geschichte, 1928, S. 312","[...] In seinem Aufsatz über die Annahme der württembergischen Königswürde (225) schildert Schneider, wie Kurfürst Friedrich zwischen Reichspatriotismus und Souveränitätsstreben hin und her schwankend, sich in den Verhandlungen vom 30. Sept. bis 4. Okt. 1805 den Franzosen anschließt; wie in den Besprechungen zwischen Talleyrand und Normann noch vor Austerlitz die Erhebung Württembergs zum souveränen Staat und als äußeres Zeichen dieser Wandlung die Annahme des Königstitels verabredet wird; wie die Mediatisierung der Reichsritterschaft, die Aufhebung der Landstände und das Sträuben gegen den Rheinbund die ersten Ausflüsse der neuen Souveränität sind. -- Die von Bräuning-Oktavio (1137) veröffentlichten Briefe der Herzogin Luise von Weimar beleuchten u. a. ihre Stellung zur französischen Revolution, ihre Haltung gegenüber dem »furchtbaren Wesen Napoleon nach der Schlacht von Jena und ihre Einstellung zum Mord an Kotzebue. [...]"
"200","1929-01-01","Zeitung","Tucholsky, Kurt: Ein Betrunkener in der Wilhelmstraße. In: Kurt Tucholsky, Werke - Briefe - Materialien, Berlin: Directmedia Publ. 2000 [1929]","Staats - schupsen ma doch nich, Herr Wachtmeesta - Staats - Staats . . . Prost Neuahr!"
"201","1930-03-02","Zeitung","Völkischer Beobachter (Bayernausgabe), 02.03.1930","Am weitesten verbreitet ist die Seuche als Folge des völligen Alkoholverbotes in den Vereinigten Staaten - nach Dixon kamen 1921 allein in Neuyork innerhalb von zehn Monaten 8000 Fälle zur Behandlung, darunter 26 Prozent Lastenträger; wieviel Nichtbehandelte dort als Schädlinge der Gesellschaft und Überträger der Seuche auf Neulinge leben, weiß man nicht!"
"202","1919-12-31","Wissenschaft","Weber, Max: Die Wirtschaftsethik der Weltreligionen. In: Weber, Marianne (Hg.), Gesammelte Aufsätze zur Religionssoziologie, Bd. I, Tübingen: Mohr 1920 [1916-1919], S. 506","Der prinzipielle Gegensatz war wohl der gleiche wie zwischen Cromwells Regiment der Heiligen - mit einigen an den alten Islam und an das Täuferregiment in Münster erinnernden Zügen - und dem Laudschen cäsaropapistischen Staat."
"203","1918-12-31","Wissenschaft","Spengler, Oswald: Der Untergang des Abendlandes, München: Beck 1929 [1918], S. 13","Als Epaminondas die Messenier und Arkader befreit und zu einem Staat gemacht hatte, erfanden sie sich sofort eine Urgeschichte."
"204","1932-08-29","Zeitung","Archiv der Gegenwart, Bd. 2, 29.08.1932, S. 463 [ff.]. Zit. n. CD-ROM-Ausgabe 2001.","Die Aufständischen rechnen damit, daß der Krieg ein Jahr dauern wird. -- Wie die italienische Presse aus Montevideo berichtet, hat sich Dr. Borges de Medeiros, der frühere Präsident des Staates Rio Grande do Sul, an die Spitze einer Bewegung zugunsten der Aufständischen im Staate Sao Paulo gestellt."
"205","1925-01-06","Zeitung","Tucholsky, Kurt: Das nervöse Paris. In: Kurt Tucholsky, Werke - Briefe - Materialien, Berlin: Directmedia Publ. 2000 [1925]","Alle Industrien, die an einem Krieg, an der Unordnung, an der wilden Anarchie zwischen den Staaten interessiert sind, malen den schwarzen Mann, den Bubu, die rote Gefahr aus Moskau an die Wand."
"206","1920-12-03","Zeitung","Tucholsky, Kurt: Die Papiere. In: ders., Kurt Tucholsky, Werke - Briefe - Materialien, Berlin: Directmedia Publ. 2000 [1920], S. 10580","Dieser von stellungsgierigen Offizieren und Großindustriellen terrorisierte Staat, der als »Republik« firmiert, hat den Papierwahnsinn nicht abgeschafft, sondern zur Blüte gebracht."
"207","1926-03-06","Zeitung","Berliner Tageblatt (Morgen-Ausgabe), 06.03.1926","Hinsichtlich des Besitzes der ehemaligen Fürstenfamilien wird eine reine und klare Scheidung dahin herbeigeführt, daß zwischen dem Staatsvermögen und dem Privatbesitz genau unterschieden wird, daß der gesamte Besitz, der auf einen Akt der Souveränität zurückgeht, entschädigungslos an den Staat fällt , und daß weiter für die Entschädigung nur der einwandfreie Privatbesitz in Frage kommt , bei dem indessen genau nachzuweisen ist, daß er seinerzeit mit privaten Mitteln erworben wurde."
"208","1930-12-31","Wissenschaft","Freud, Sigmund: Das Unbehagen in der Kultur, Wien: Internat. Psychoanalyt. Verl. 1930, S. 85","Nachdem der Apostel Paulus die allgemeine Menschenliebe zum Fundament seiner christlichen Gemeinde gemacht hatte, war die äußerste Intoleranz des Christentums gegen die draußen Verbliebenen eine unvermeidliche Folge geworden; den Römern, die ihr staatliches Gemeinwesen nicht auf die Liebe begründet hatten, war religiöse Unduldsamkeit fremd gewesen, obwohl die Religion bei ihnen Sache des Staates und der Staat von Religion durchtränkt war."
"209","1932-08-17","Zeitung","Archiv der Gegenwart, Bd. 2, 17.08.1932, S. 447 [ff.]. Zit. n. CD-ROM-Ausgabe 2001.","Canada 377 H, Ver. Staaten 444 C, Argentinien 313 K, Australien 190 D, Rußland 437 A; 1. Fünfjahrplan 445 K.)"
"210","1930-03-03","Zeitung","Vossische Zeitung (Abend-Ausgabe), 03.03.1930","Dann ging der Minister auf die jüngsten politischen Ereignisse über und vertrat den Standpunkt, daß man in diesen Tagen, in denen es um das Schicksal des Staates gehe, eine Regierungskrise nicht um einer Differenz von 100 Millionen willen heraufbeschwören dürfe."
"211","1929-06-18","Zeitung","Tucholsky, Kurt: Auf dem Nachttisch. In: Kurt Tucholsky, Werke - Briefe - Materialien, Berlin: Directmedia Publ. 2000 [1929]","Es ist ja nicht wahr, daß sich diese Richter und Staatsanwälte »in den Dienst des Staates« stellen, so Arbeit und Leben der Allgemeinheit aufopfernd; es ist ebensowenig wahr, daß sie bewußte und reine Formen des Sadisten darstellen - sie wissen nicht, was sie tun."
"212","1926-03-08","Zeitung","Berliner Tageblatt (Abend-Ausgabe), 08.03.1926","Offenbar tritt jetzt Spaniens Wunsch nach einem ständigen Ratssitz in den Vordergrund . Spanien hofft bei südamerikanischen Staaten, aber auch bei osteuropäischen, auf Beistand."
"213","1920-10-15","Zeitung","Tucholsky, Kurt: Hepp hepp hurra! In: ders., Kurt Tucholsky, Werke - Briefe - Materialien, Berlin: Directmedia Publ. 2000 [1920], S. 2083","Keine Schandtat einer Räterepublik reicht an die fortgesetzte rohe Verwaltungspraxis dieses partikularistischen süddeutschen Staates heran."
"214","1932-07-15","Zeitung","Archiv der Gegenwart, Bd. 2, 15.07.1932, S. 409 [ff.]. Zit. n. CD-ROM-Ausgabe 2001.","Es tritt nur dann in Kraft, wenn die bezeichneten Staaten die Ratifikationsurkunden bis spätestens 31. Dezember 1932 hinterlegen (Art. 10)."
"215","1932-06-25","Zeitung","Archiv der Gegenwart, Bd. 2, 25.06.1932, S. 385 [ff.]. Zit. n. CD-ROM-Ausgabe 2001.","[...] aus dem Personen-, bezw. Güterverkehr im Jahre 1931 gegenüber 1930 nachstehend erweitert: Tschechoslowakei 3,0 %, bezw. 8,39 %, Rumänische Staatsbahnen 21,6 %, bezw. 10,2 %, Dänische Staatsbahnen 4,8 %, bezw. 7,8 %, Holländische Staatsbahnen 8,2 %, bezw. 9,2 %, Schwedische Staatsbahnen 6,6 %, bezw. 15,2 %, Finnische Staatsbahnen 15,6 %, bezw. 11,7 %, U.S.A.-Bahnen (erster Ordnung) 23,9 %, bezw. 19,1 %. (L. B. Tschechoslowakei, Dänemark, Holland 231 C, Schweden 370 E, Finnland 251 G, Vereinigte Staaten 250 H, Weltwirtschaft, Bahnen 370 E.) [...]"
"216","1928-12-31","Gebrauchsliteratur","Wilamowitz-Moellendorff, Ulrich von: Erinnerungen 1848-1914. In: Simons, Oliver (Hg.) Deutsche Autobiographien 1690-1930, Berlin: Directmedia Publ. 2004 [1928], S. 73673","Es fehlten auch die Geldmittel, und vom Staate war nicht zu erwarten, daß er sie dieser Gesellschaft zur Verfügung stellte."
"217","1926-12-31","Belletristik","Traven, B.: Das Totenschiff, Berlin: Büchergilde Gutenberg 1929 [1926], S. 161","Und daß Kompanien konkurrenzfähig sein müssen, darauf achtet sogar der Staat."
"218","1922-03-10","Zeitung","Berliner Tageblatt (Morgen-Ausgabe), 10.03.1922","Wenn die Regierung der Vereinigten Staaten auch nicht glaubt, an der vorgeschlagenen Konferenz teilnehmen zu sollen, so gibt sie sich doch aufrichtig der Hoffnung hin, daß ein Fortschritt gemacht werden möge in der Bahnung des Weges für eine eventuelle Besprechung der Regelung der grundlegenden wirtschaftlichen und finanziellen Fragen des europäischen Wiederaufbaus, die zu einer Lösung drängen."""
"219","1927-12-31","Gebrauchsliteratur","Wien, Wilhelm: Ein Rückblick. In: Simons, Oliver (Hg.), Deutsche Autobiographien 1690 - 1930, Berlin: Directmedia Publ. 2004 [1927], S. 73201","Daß die Handelskonkurrenz oder die enge finanzielle Bindung Englands an die Vereinigten Staaten diese in den Krieg getrieben hätten, wie viele glauben, kann ich nicht für richtig halten."
"220","1927-12-31","Wissenschaft","Jahresberichte für deutsche Geschichte, 1927, S. 685","Kleinschmidt (2669) gibt aus umfassender literarischer Kenntnis einen gedrängten Überblick über die in U. S. A. ins 18. Jahrhundert, sonst meist ins mittlere 19. Jahrhundert zurückreichende seelsorgerliche Tätigkeit der deutschen religiösen Orden, namentlich der Jesuiten, der Franziskaner, Benediktiner und Redemptoristen unter den Deutschen der verschiedenen süd- und nordamerikanischen Staaten."
"221","1932-04-08","Zeitung","Archiv der Gegenwart, Bd. 2, 08.04.1932","Gegen den von Frankreich vertretenen Plan eines auf die fünf Donaustaaten (Tschechoslowakei, Österreich, Ungarn, Jugoslawien und Rumänien) beschränkten Präferenzzollsystems nahm der deutsche Delegierte, Staatssekretär von Bülow, deshalb Stellung, weil der französische Vorschlag darauf hinausläuft vier hilfsbedürftige Staaten (Österreich, Ungarn Jugoslawien und Rumänien) wirtschaftlich mit einem fünften Staate (Tschechoslowakei) zusammenzukoppeln, der sich nach den eigenen Erklärungen seines Außenministers nicht in einer akuten Notlage befinde und auch als Abnehmerstaat nicht annähernd zur wirtschaftlichen Konsolidierung im Donauraum ausreiche."
"222","1932-11-15","Zeitung","Archiv der Gegenwart, Bd. 2, 15.11.1932","Die Feststellung solle durch eine ständige, bei jedem Zeichnerstaat bestehende und aus den dort akkreditierten diplomatischen Vertretern und Militärattachés zusammengesetzte Feststellungskommission, und zwar eventuell auf Antrag des bedrohten Staates, erfolgen."
"223","1931-10-31","Zeitung","Archiv der Gegenwart, Bd. 1, 31.10.1931, S. 68 [ff.]. Zit. n. CD-ROM-Ausgabe 2001.","Die Staaten verpflichten sich, in ihren gegenseitigen Beziehungen von jeder Art Diskrimination abzusehen, und erkennen an, daß die Annahme oder Anwendung eines Systems, das sich gegen einzelne dem Pakt beigetretene Staaten, nicht aber gegen alle Signatarstaaten richtet, mit den Bestimmungen des Paktes unvereinbar ist."
"224","1926-12-31","Belletristik","Grimm, Hans: Volk ohne Raum, München: Langen 1932 [1926], S. 1344","Der Staat gab das Erze, das Dorf ließ die Glocke formen, und in die Glocke ward ihr Spruch gegossen:"
"225","1925-12-31","Belletristik","Kisch, Egon Erwin: Der rasende Reporter, Berlin: Aufbau-Taschenbuch-Verl. 2001 [1925], S. 63","Heinrich Heine, der diese Zunft mitsamt den Großkopfeten aller Staaten in den Kehricht verdammen wollte, liegt nun nicht weit von der Porte Clignancourt."
"226","1932-09-20","Zeitung","Archiv der Gegenwart, Bd. 2, 20.09.1932, S. 492 [ff.]. Zit. n. CD-ROM-Ausgabe 2001.","Der Durchschnitt der stillgelegten Tonnage beträgt in der Welt 20 %, d. s. 14,1 Mill. Tonnen (Manchester Guardian). (L. B. Weltwirtschaft, Deutschland, England, Japan, Schweden, Vereinigte Staaten 432 N, Dänemark 138 J, Frankreich 466 O, Holland 489 E, Italien 483 E, Spanien 327 H.)"
"227","1925-04-21","Zeitung","Tucholsky, Kurt: Die Tafeln. In: Kurt Tucholsky, Werke - Briefe - Materialien, Berlin: Directmedia Publ. 2000 [1925]","Wie lange noch lassen sich erwachsene Menschen einreden, daß eine sinnlose und anarchische Organisation zwischen den Staaten ein Recht hat, das Leben zu nehmen?"
"228","1927-12-31","Wissenschaft","Jahresberichte für deutsche Geschichte, 1927, S. 488","Seit 1757 ist Geldern-Mörs und Cleve, seit 1758 Preußen der Einwirkung der Zentralverwaltung entzogen; doch auch für die Kernlande des Staates muß sich die Tätigkeit der Ministerien darauf beschränken, die laufenden Verwaltungsaufgaben zu erledigen und die Kriegslasten nach Möglichkeit zu mildern, so etwa durch den Erlaß von Moratorien."
"229","1927-03-01","Zeitung","Berliner Tageblatt (Morgen-Ausgabe), 01.03.1927","Was aus denen wird, die mit großen Opfern ihr reguläres Studium durchgeführt haben, danach fragt der Staat nicht."
"230","1931-10-30","Zeitung","Archiv der Gegenwart, Bd. 1, 30.10.1931, S. 68 [ff.]. Zit. n. CD-ROM-Ausgabe 2001.","Damit behalten sich die Vereinigten Staaten den Bau von sieben Kreuzern zu 10.000 t, mit 20-cm-Geschützen sowie von drei Tauchbooten, einem Flugzeugmutterschiff und fünf Zerstörern vor. (L. B. Abrüstung 65 C, Vereinigte Staaten 40 T.)"
"231","1932-09-01","gesprochen","o.A., Kundgebung der NSDAP im Berliner Sportpalast, 01.09.1932","Das Volk war weltanschaulich schon so zerrissen, dass dieser alte Staat überhaupt keine einheitliche geistige Grundlage mehr besaß und daher auch bereits verschieden beurteilt wurde."
"232","1930-03-02","Zeitung","Vossische Zeitung (Sonntags-Ausgabe), 02.03.1930","Diem ist mit Dr. Lewald fünf Wochen durch die Vereinigten Staaten gehetzt."
"233","1923-12-31","Gebrauchsliteratur","Schultze-Pfaelzer, Gerhard: Propaganda, Agitation, Reklame, Berlin: Stilke 1923, S. 193","In parlamentarisch regierten Staaten bilden die Parteiführer und die hinter ihnen stehenden Fraktionen für jedes staatliche Schicksal die sachlich ausschlaggebende Instanz."
"234","1920-03-07","Zeitung","Berliner Tageblatt (Morgen-Ausgabe), 07.03.1920","Außerdem sei es unglaublich, daß in einem demokratischen Staate gegen eine ausdrückliche Verfügung des Ministers des Janern sich Beamte zu einer derartigen Lockspitzeltätigkeit hergegeben hätten, denn ohne deren Beihilfe bzw."
"235","1923-12-31","Gebrauchsliteratur","Schultze-Pfaelzer, Gerhard: Propaganda, Agitation, Reklame, Berlin: Stilke 1923, S. 216","Eine feinsinnige Analyse des Verhältnisses von ""Stand und Staat"" gibt Heinz Brauweiler unter diesem Titel (Deutsche Rundschau 1922); er verfolgt die geschichtlichen Beziehungen zwischen Politik und Wirtschaft und erklärt, daß der neue Staat zweifellos ""eine grundsätzliche Kompetenzminderung"" erfahren würde zugunsten jener beruflich organisierten Volkskräfte, die, wie wir feststellten, durch ihre moderne Interessenpropaganda das öffentliche Leben gestalten wollen."
"236","1928-12-31","Wissenschaft","Jahresberichte für deutsche Geschichte, 1928, S. 273","Diese Selbständigkeit des italischen Staates rechnet Landogna nur bis zu Konrad II. und Heinrich III."
"237","1932-04-27","Zeitung","Archiv der Gegenwart, Bd. 2, 27.04.1932","1931 1930 1929 Vereinigte Staaten 106,0 111,3 114,4 Deutschland 25,3 28,7 30,7 Kanada<*> 16,7 18,1 18,0 England 16,8 16,6 14,9 Frankreich 14,0 15,3 14,3 Italien 10,6 10,8 10,6 Schweiz 5,7 5,5 5,4 Belgien 3,9 4,1 4,0 Argentinien 1,5 1,4 1,3"
"238","1931-12-17","Zeitung","Archiv der Gegenwart, Bd. 1, 17.12.1931, S. 109 [ff.]. Zit. n. CD-ROM-Ausgabe 2001.","An Entschädigungsansprüchen für Kriegsschäden wurden durch die in den Friedensverträgen der Vereinigten Staaten mit den mitteleuropäischen Ländern vorgesehenen Schiedskommissionen 86,7 Mill."
"239","1932-09-17","Zeitung","Archiv der Gegenwart, Bd. 2, 17.09.1932, S. 488 [ff.]. Zit. n. CD-ROM-Ausgabe 2001.","Nach einem Sonderbericht der ""N. Z. Z"" stellen die von der Mandschureiregierung beschlagnahmten Zollerträgnisse, welche früher dem chinesischen Staat zugute kamen, einen Wert von 30 Mill. Schw. Frcs. im Jahre dar. (L. B. Beziehungen, Konflikt 487 D, Finanzen 288 D.)"
"240","1922-12-31","Wissenschaft","Gundert, Wilhelm: Schintoismus. In: Kern, Maximilian (Hg.) Das Licht des Ostens, Stuttgart: Union Deutsche Verlagsges. 1922, S. 538","Durch diese Notauskunft hat der japanische Staat zwar zweierlei erreicht: Sicherung seines Bundes mit dem Schintoismus, der ihm für die Verankerung seiner Autorität in der Volkseele wertvoll sein mußte, und zugleich wenigstens formelle Wahrung des Grundsatzes der Religionsfreiheit, den Japan als moderner Staat nicht umgehen kann."
"241","1932-07-25","gesprochen","o.A.[von Hauenschildt], Rundfunkansprache zur Reichstagswahl am 31. Juli 1932 über: ""Der Bauer im Staat von heute"", 25.07.1932","Wir wissen aus der Geschichte, dass jeder Staat gut daran tut, wenn er mit eiserner Faust dort eingreift, wo der Versuch gemacht wird, den Bauern mit irgendwelchen im Zuge einer unruhigen Zeit geborenen Schlagworten zu revolutionieren."
"242","1927-10-11","Zeitung","Tucholsky, Kurt: Über wirkungsvollen Pazifismus. In: ders., Kurt Tucholsky, Werke - Briefe - Materialien, Berlin: Directmedia Publ. 2000 [1927], S. 5469","Ihr seid dem Staat nicht euer Leben schuldig; ihr seid dem Staat nicht euer Leben schuldig; ihr seid dem Staat nicht euer Leben schuldig."
"243","1919-04-07","Zeitung","Berliner Tageblatt (Abend-Ausgabe), 07.04.1919","Die Stadt Frankfurt beansprucht auch keinerlei Subventionen durch das Reich oder den preussischen Staat, sie ist besonders für den Verkehr mit den westlichen Ländern, auf deren Einfuhr wir nach Kriegsende in erster Linie angewiesen sind, günstig gelegen, ihre Handels- und Finanzkreise haben schon früher den Austausch mit dem Auslande besonders nachdrücklich gepflegt und verfügen von altersher über Beziehungen, die eine Wiederanknüpfung der zerrissenen Fäden verhältnismässig leicht gestalten würden."
"244","1922-03-10","Zeitung","Berliner Tageblatt (Morgen-Ausgabe), 10.03.1922","Die Regierung der Vereinigten Staaten muß auf die klar ausgesprochene Ueberzeugung des amerikanischen Volkes Rücksicht nehmen, daß, wie sehr die Regierung es auch wünscht - und sie hat Beweis dafür in reicher Fülle erbracht - in angemessener Weise an dem Wiederaufbau des Wirtschaftslebens Europas teilzunehmen, sie doch nicht ohne dringende Notwendigkeit in Fragen der europäischen Politik verwickelt werden sollte."
"245","1921-03-05","Zeitung","Vossische Zeitung (Morgen-Ausgabe), 05.03.1921","Es ist unbedingt anzunehmen, daß zahlreiche und beachtenswerte Stimmen von Kennern der alliierten Staaten und zugleich der Bedürfnisse des deutschen Wirtschaftslebens nicht nur in unserer Partei sich erhoben und den Boden für ein der realen Lage entsprechenderes Angebot vorbereitet hätten, in dem z.B. ein über eine erneute allgemeine Erklärung unserer Bereitwilligkeit hinausgehendes Programm für die Beteiligung am Wiederaufbau Nordfrankreichs durch Lieferung von Rohstoffen und Fertigfabrikaten und Stellung von Arbeitskräften nicht fehlen sollte."
"246","1923-12-31","Gebrauchsliteratur","Schultze-Pfaelzer, Gerhard: Propaganda, Agitation, Reklame, Berlin: Stilke 1923, S. 166","Unter Meinungsfreiheit ist daher zu verstehen, daß der Staat außer in militärischen Kriegsfragen und bei drohenden Bürgerkriegen nur dann in die Werbeaktionen der Bürger prohibitiv eingreift, wenn die ordentlichen Strafgesetze verletzt sind."
"247","1932-04-23","Zeitung","Archiv der Gegenwart, Bd. 2, 23.04.1932, S. 305 [ff.]. Zit. n. CD-ROM-Ausgabe 2001.","In Italien sei so ein fruchtbares Zusammenarbeiten entstanden, das zu einer tatsächlichen Verbesserung der Lage aller Beteiligten, der Arbeitgeber, der Arbeitnehmer und des Staates, geführt habe."
"248","1932-08-04","Zeitung","Archiv der Gegenwart, Bd. 2, 04.08.1932, S. 435 [ff.]. Zit. n. CD-ROM-Ausgabe 2001.","Der Botschafter der Vereinigten Staaten in Paris hat der französischen Regierung ein Aide-memoire überreicht, in welchem darüber Beschwerde geführt wird, daß Frankreich durch seine Außenhandelspolitik den Vereinigten Staaten gegenüber Diskrimination übe."
"249","1930-01-05","Zeitung","Berliner Arbeiterzeitung, 05.01.1930","Wer also harmonisch und zufrieden, gesund und glücklich leben will, der sorge für eine kinderreiche Ehe, zu der Staat und Gesellschaft die wirtschaftlichen Voraussetzungen liefern müssen!"
"250","1930-12-31","Gebrauchsliteratur","Bode, Wilhelm von: Mein Leben, 2 Bde. In: Simons, Oliver (Hg.) Deutsche Autobiographien 1690-1930, Berlin: Directmedia Publ. 2004 [1930], S. 10819","Der italienische Staat weigerte sich, irgendeine namhafte Summe dafür zu zahlen; die Verwaltung sah sich daher nach zahlkräftigen Käufern um."
"251","1918-03-18","Zeitung","Berliner Tageblatt (Montags-Ausgabe), 18.03.1918","Die ernsten Bemühungen der Regierung der Vereinigten Staaten, Brotgetreide nach der Schweiz zu schicken, seien durch die Akte der deutschen U-Boote, welche nach gut beglaubigten Berichten aus der Schweiz rücksichtslos neutrale spanische Dampfer versenken, bedroht."
"252","1926-12-31","Gebrauchsliteratur","Abel, Othenio: Amerikafahrt, Jena: Fischer 1926, S. 102","Die Begeisterung und das Hochrufen bei der Ankunft des Präsidenten der cubanischen Republik setzte sich vom Hafen aus weit in die Straßen hinein fort und hätte in einem monarchistischen Staate kaum ärger sein können, wenn es die Feier einer Thronbesteigung gegolten hätte."
"253","1931-03-03","Zeitung","Vossische Zeitung (Morgen-Ausgabe), 03.03.1931","Die Lehre des 14. September war, daß Staat und Wirtschaft es einfach nicht vertragen, wenn in dieser Krisenzeit Wahlen immer neue Unruhe in die Bevölkerung tragen."
"254","1928-12-31","Wissenschaft","Jahresberichte für deutsche Geschichte, 1928, S. 505","Nur haben die Methoden der action directe, die der Antiromantiker Schmitt so sehr bewundert, den großen Nachteil, in der Mehrheit der Bevölkerung den peinigenden Eindruck des Regiertwerdens zurückzulassen, während das parlamentarische System im Wähler doch wenigstens die subjektive Überzeugung erweckt, daß er auf die Art, wie die Geschicke des Staates gelenkt werden, einen gewissen Einfluß ausüben kann. -- Immerhin muß anerkannt werden, daß die von Schmitt erhobenen Bedenken nichts mit dem landläufigen Antiparlamentarismus zu tun haben."
"255","1931-12-08","Zeitung","Archiv der Gegenwart, Bd. 1, 08.12.1931, S. 100 [ff.]. Zit. n. CD-ROM-Ausgabe 2001.","Politischer Natur insofern, als selbst für den Fall, daß die Bevölkerung der betreffenden Staaten in ihrer überwiegenden Mehrheit für einen engeren Zusammenschluß einträte, was indessen keineswegs der Fall ist, Italien sich der Errichtung eines mitteleuropäischen Blocks widersetzen würde, der nach italienischer Auffassung in mancher Hinsicht an die Stelle der früheren österreichisch-ungarischen Monarchie träte."
"256","1932-05-23","Zeitung","Archiv der Gegenwart, Bd. 2, 23.05.1932, S. 343 [ff.]. Zit. n. CD-ROM-Ausgabe 2001.","Die japanische Regierung hat England, Frankreich, Italien und die Vereinigten Staaten zu einer Fünfmächtekonferenz über den gemeinsamen Schutz ihrer Interessen im Fernen Osten nach Tokio geladen."
"257","1932-09-01","gesprochen","o.A., Kundgebung der NSDAP im Berliner Sportpalast, 01.09.1932","Nicht der christliche Staat war mehr da, sondern der liberale Staat und im Inneren dieses liberalen Staates lebte schon der marxistische Staat."
"258","1926-09-01","Gebrauchsliteratur","Reklame-Praxis, 1926, Nr. 1, Bd. 3","Sie verteilten die für die Vereinigten Staaten festgesetzte Summe von 1 Million Dollar auf fünf Jahre und inserierten im ersten Jahr in den Zeitungen der ganz großen amerikanischen Städte, nahmen im nächsten Jahr mittlere Städte hinzu und in den folgenden beiden Jahren dehnten sie ihre Reklame immer weiter aus."
"259","1919-12-31","Belletristik","Stucken, Eduard: Die weißen Götter, Stuttgart: Stuttgarter Hausbücherei [1960] [1919], S. 589","Seinen ausgehungerten Gästen ließ Cortez ein Mittagmahl vorsetzen; - Juan Varela, der Oberkoch und Tafelmeister, durfte mit seinen Künsten Staat machen."
"260","1932-08-04","Zeitung","Archiv der Gegenwart, Bd. 2, 04.08.1932","Die Zeichnungen auf die Innenanleihe des Staates haben 152 Mill."
"261","1926-03-03","Zeitung","Berliner Tageblatt (Abend-Ausgabe), 03.03.1926","Der prozentuale Anteil Deutschlands an der Gesamtausfuhr der sieben Staaten, die teils Nachbar-, teils wichtige Rohstoffländer sind, hat jedoch eine stärkere Verschiebung erfahren."
"262","1923-12-31","Wissenschaft","Schmitt, Carl: Die geistesgeschichtliche Lage des heutigen Parlamentarismus, Berlin: Duncker & Humblot 1991 [1923], S. 58","Es ist von großem Interesse, wie im deutschen Liberalismus des 19. Jahrhunderts die mechanische Vorstellung von der Balance sich in eigenartiger Weise zu einer Lehre von einer organischen Vermittlung entwickelt und deshalb auch immer die Möglichkeit hat, die überragende, die Einheit des Staates repräsentierende Person des Fürsten gelten zu lassen."
"263","1918-03-12","Zeitung","Berliner Tageblatt (Morgen-Ausgabe), 12.03.1918","Die Gemeinden hätten zumeist wirtschaftliche Aufgaben zu erfüllen, der Staat politische."
"264","1932-08-10","Zeitung","Archiv der Gegenwart, Bd. 2, 10.08.1932, S. 441 [ff.]. Zit. n. CD-ROM-Ausgabe 2001.","Anderseits werden Zusatzzölle für die Einfuhr aus jenen Staaten vorgeschlagen, mit welchen die Handelsbilanz Uruguays passiv ist, wobei die Zuschläge mit der Höhe des Einfuhrüberschusses bis zum Maximalsatz von 50% steigen. (L. B. 10 G.)"
"265","1932-02-12","Zeitung","Archiv der Gegenwart, Bd. 2, 12.02.1932, S. 167 [ff.]. Zit. n. CD-ROM-Ausgabe 2001.","Der dänische Außenminister Dr. Munch verlangte Berücksichtigung der besonderen Lage einzelner Staaten, Verbot der Angriffswaffen und des Chemiekrieges sowie der Herstellung von chemischen Waffen."
"266","1929-12-31","Gebrauchsliteratur","Gudenrath, Eduard: Geist und Gestalt in der Baukunst, Berlin: Oestergaard 1929, S. 226","der Staat bin ich!"", das ist symptomatisch für den Subjektivismus des Barock."
"267","1923-12-31","Wissenschaft","Lukács, Georg: Geschichte und Klassenbewußtsein, Neuwied u. a.: Leuchterhand 1970 [1923], S. 449","Staat und Revolution. 79."
"268","1932-08-12","Zeitung","Archiv der Gegenwart, Bd. 2, 12.08.1932, S. 444 [ff.]. Zit. n. CD-ROM-Ausgabe 2001.","Vor allem habe er aber einer neuen Doktrin im Völkerbund Geltung verschafft (434 N), die anläßlich eines kriegerischen Vorfalls (mandschurische Frage) von allen Völkern angenommen wurde und die auch in den letzten Tagen (Bolivien-Paraguay-Konflikt) von den Staaten der westlichen Hemisphäre akzeptiert wurde. (L. B. Außenhandel 435 D, Kriegsschulden 433 D, Abrüstung 149 A, Kellogg-Pakt 441 A.)"
"269","1932-04-06","Zeitung","Archiv der Gegenwart, Bd. 2, 06.04.1932, S. 271 [ff.]. Zit. n. CD-ROM-Ausgabe 2001.","Die Skandinaviska-Kredit A. B. hat zwar von dem ihr gesetzlich ermöglichten Moratoriumsrecht nach dem Selbstmord Kreugers keinen Gebrauch gemacht, doch hat sie sich, wie erst nachträglich bekannt wurde, am 24. März an den Staat um Hilfe wenden müssen."
"270","1932-10-16","Zeitung","Archiv der Gegenwart, Bd. 2, 16.10.1932, S. 524 [ff.]. Zit. n. CD-ROM-Ausgabe 2001.","An der Spitze der Bauländer stehen (in Tausenden von Bruttoregistertonnen) England und Irland mit 238,4, Italien mit 128, die Vereinigten Staaten mit 124,7, Frankreich mit 109,3 und Deutschland mit 80,8. (L. B. Deutschland 497 F, alle übrigen 492 J.)"
"271","1918-12-31","Wissenschaft","Spengler, Oswald: Der Untergang des Abendlandes, München: Beck 1929 [1918], S. 177","Und da zeigt die Geschichte der hohen Kulturen wieder drei Beispiele sorgenvoller Staatsbildungen: die ägyptische Verwaltung schon des Alten Reiches seit 3000 v. Chr., den frühchinesischen Staat der Dschou, von dessen Organisation das Dschou-li ein solches Bild entwarf, daß man später an die Echtheit des Buches nicht zu glauben wagte, und die Staaten des Abendlandes, deren vorausschauende Gestaltung einen Zukunftswillen verrät, der nicht mehr überboten werden kann."
"272","1932-09-01","gesprochen","o.A., Kundgebung der NSDAP im Berliner Sportpalast, 01.09.1932","Allein dabei niemals vergessen, dass auch vieles nicht richtig gewesen ist, dass Schäden da waren, so schwer, dass endlich diese Schäden trotz allem Guten die Nation doch nicht vor dem Verderben und den Staat nicht vor dem Vergehen bewahren konnten."
"273","1919-04-07","Zeitung","Berliner Tageblatt (Abend-Ausgabe), 07.04.1919","Der Präsident ist absolut und unerfütterlich gegen irgendein Kompromiß , das die ursprünglichen Pläne der Vereinigten Staaten in Frage stellen könnte."
"274","1918-03-05","Zeitung","Berliner Tageblatt (Morgen-Ausgabe), 05.03.1918","Deswegen bestimmt der Zusatzvertrag, daß die Schäden, die durch die kriegsgesetzlich angeordnete Beaufsichtigung, Verwahrung, Verwaltung oder Veräußerung von Vermögensgegenständen ebenso wie die Schäden, die durch völkerrechtswidrige Gewaltakte außerhalb des Kriegsgebiets entstanden sind, dem Ausländer von dem anderen Staat zu ersetzen sind."
"275","1922-03-11","Zeitung","Berliner Tageblatt (Morgen-Ausgabe), 11.03.1922","Aber soweit es irgend in dem Bereich des Möglichen liegt, sollte doch auch der neue Minister immer wieder durch persönliche Einwirkung erst einmal die Oberlehrer selbst für die ""freudige Bejahung des neuen Staates"" zu gewinnen suchen."
"276","1924-03-12","Zeitung","Berliner Tageblatt (Abend-Ausgabe), 12.03.1924","An ihrer Stelle erschien der nicht eingeladene Herr v. Scheubner-Richter . Herr v. Kahr war unangenehm berührt und erstaunt, daß man einen Meinungsaustausch im Kampfbund mit ihm ablehnte , und in dieser bekannten Sitzung forderte er auch vom Kampfbund die Unterordnung unter den Staat ."
"277","1923-03-05","Zeitung","Vossische Zeitung (Abend-Ausgabe), 05.03.1923","Die Frage der Rückerstattung des während des Krieges beschlagnahmten deutschen Eigentums in den Vereinigten Staaten hat die amerikanische Oeffentlichkeit seit fast zwei Jahren beschäftigt."
"278","1927-03-02","Zeitung","Berliner Tageblatt (Abend-Ausgabe), 02.03.1927","Die Kieler Studentschaft ist der Auffassung, daß Möglichkeiten zur Aenderung der rechtlichen Gestaltung der Form der Auslandsstudentenschaften nur durch Verhandlungen von Staat zu Staat gegeben sind."
"279","1927-12-31","Wissenschaft","Jahresberichte für deutsche Geschichte, 1927, S. 443","Was das Mittelalter nicht anerkannte, war die Idee der Staatsraison (F. Kern), d. h. die Idee des »souveränen« Staates, der keinerlei übergeordnete Idee, insbesondere keine (übergeordnete) Rechtsidee, gelten ließ."
"280","1925-03-06","Zeitung","Vossische Zeitung (Abend-Ausgabe), 06.03.1925","In ihrer Regierungserklärung erkennt die Regierung die Rechte aller vom Staat anerkannten Kirchen an, verurteilt aber die Durchführung des Hirtenbriefes."
"281","1932-12-31","Wissenschaft","Jahresberichte für deutsche Geschichte, 1930, S. 231","Österreich wurde durch sie mit einem Schlage neben Deutschland derjenige Staat, der sein historisches Material für die unmittelbare Vorgeschichte des Weltkrieges in der geschlossensten Vollständigkeit vorgelegt hat, während uns die englischen Akten heute noch gerade von 1911--1914 im Stich lassen, die Zusammenfassung der bisher in zahlreichen Publikationen verstreuten russischen Materialien eben erst begonnen hat, die französische Publikation in hoffnungsloser Langsamkeit vorschreitet, das Erscheinen der italienischen und serbischen Akten noch nicht einmal begonnen hat."
"282","1932-11-04","Zeitung","Archiv der Gegenwart, Bd. 2, 04.11.1932, S. 547 [ff.]. Zit. n. CD-ROM-Ausgabe 2001.","Sie bestünde u. a. darin, daß die ständigen Streitkräfte der angeschlossenen Staaten numerisch stark herabgesetzt würden und ausschließlich im Dienste des Völkerbundes stünden, und zwar um sofortige Vorkehrungen gegen einen Gewaltstreich zu treffen."
"283","1928-10-09","Zeitung","Tucholsky, Kurt: Verhetzte Kinder - ohnmächtige Republik. In: ders., Kurt Tucholsky, Werke - Briefe - Materialien, Berlin: Directmedia Publ. 2000 [1928], S. 6262","Die Schuld am Ausbruch trifft alle Staaten gleichmäßig; ich glaube, daß die deutsch- österreichische Konspiration der letzten vier Wochen vor dem 1. August ein Plus an Schuld trägt."
"284","1932-05-06","Zeitung","Archiv der Gegenwart, Bd. 2, 06.05.1932, S. 323 [ff.]. Zit. n. CD-ROM-Ausgabe 2001.","Die direkte Beschaffung, die bisher hauptsächlich aus den Hauszinssteuermitteln des Staates und der Gemein den erfolgte (die Steuer wird nur bei Altwohnungen erhoben), fällt durch den Abbau dieser Steuer und ihre anderweitige Verwendung weg."
"285","1932-12-31","Wissenschaft","Jahresberichte für deutsche Geschichte, 1930, S. 400","[...] Bemerkt sei weiterhin, daß die Erfurter Ursulinen zu Anfang des 19. Jhds. die Säkularisation als einzige der dortigen geistlichen Stiftungen überlebten, da einmal ihr Vermögen zu gering war, zum anderen der preußische Staat den größten Wert auf das Weiterbestehen der vorzüglichen Schule legte. -- Zum Schluß möge noch ein Hinweis auf zwei Veröffentlichungen allgemeineren Inhalts zur Ordensgeschichte folgen, von denen namentlich die Publikation G. M. Löhrs (1564) über die Dominikaner-Kapitel der Provinz Saxonia im Zeitalter der Kirchenspaltung 1513--1540 vollkommen unbekannte und höchst wertvolle Quellen erschließt und unsere Kenntnis vornehmlich von den Personalverhältnissen in ganz bedeutendem Umfange erweitert. [...]"
"286","1932-07-25","gesprochen","Simpfendörfer, Wilhelm, Rundfunkansprache zur Reichstagswahl am 31. Juli 1932 über: ""Die Ziele und die Arbeit des Christlich-sozialen Volksdienstes"", 25.07.1932","Vor allem hat der Staat nach unserer Auffassung den christlichen Kirchen freien Raum für ihre Arbeit und für ihren Dienst zu geben."
"287","1932-03-26","Zeitung","Archiv der Gegenwart, Bd. 2, 26.03.1932, S. 245 [ff.]. Zit. n. CD-ROM-Ausgabe 2001.","Er appelliert an die Regierung von Washington, die Gemeinde in dem Kampf um Leben und Sicherheit gegen die mächtigste Verbrecherorganisation, die jemals in den Staaten existierte, zu unterstützen. (L. B. Justiz 16 E.)"
"288","1926-12-31","Belletristik","Traven, B.: Das Totenschiff, Berlin: Büchergilde Gutenberg 1929 [1926], S. 64","Das möchte ich diesem Staate auch nicht antun, und ich möchte mir auch nicht nachsagen lassen, daß ich vielleicht gar schuld sei, wenn der französische Staat seine gepumpten Gelder nicht verzinsen kann."
"289","1920-12-31","Wissenschaft","Benjamin, Walter: Der Begriff der Kunstkritik in der deutschen Romantik. In: Tiedemann, Rolf u. Schweppenhäuser, Hermann (Hgg.) Gesammelte Schriften, Bd. 1,1, Frankfurt a. M.: Suhrkamp 1980 [1920], S. 84","»Fassen wir zusammen, was Friedrich Schlegel zur höchsten Wertschätzung einer vollkommen gedachten Komödie bewog, so ist es« ihr »schöpferisches Spiel mit sich selbst, ihr rein ästhetischer Staat, den keine Durchbrechung und Verletzung der Illusion zu zerstören vermag«."
"290","1928-12-31","Wissenschaft","Jahresberichte für deutsche Geschichte, 1928, S. 625","Die in der Einleitung im Gegensatz zu Treitschke scharf pointierte Kennzeichnung der preußischen bezw. der württembergischen Politik des 18. Jahrhunderts als »reichsfeindlich« bzw. »reichsfreundlich« dürfte allerdings nicht den Kern der Sache treffen; beide Staaten bzw."
"291","1926-03-05","Zeitung","Berliner Tageblatt (Morgen-Ausgabe), 05.03.1926","Die Vereinigten Staaten von Nordamerika, ferner Südamerika, England, Belgien, die Schweiz und Spanien waren die wesentlichsten Auftraggeber."
"292","1931-09-25","Zeitung","Archiv der Gegenwart, Bd. 1, 25.09.1931, S. 38 [ff.]. Zit. n. CD-ROM-Ausgabe 2001.","Eine Besetzung der Mandschurei sei nicht beabsichtigt, die japanischen Truppen zählten dort nur 10.400 Mann. (L. B. China -- Japan 35 U, Vereinigte Staaten 34 W.)"
"293","1932-04-26","Zeitung","Archiv der Gegenwart, Bd. 2, 26.04.1932, S. 310 [ff.]. Zit. n. CD-ROM-Ausgabe 2001.","Er halte sie für die schlechteste Art denn nur ein Teil ihres Erträgnisses fließe in die Kassen des Staates und der größere Teil in die Taschen von Privatunternehmungen."
"294","1922-03-30","Zeitung","Die Fackel [Elektronische Ressource], 2002 [1922]","Gegen die Notwendigkeit, die der Krieg hinterläßt und die nur ein wehrloser Staat zu betreuen hat, schützt das künstlerische Gewissen seinen Besitzstand«."
"295","1932-09-12","Zeitung","Archiv der Gegenwart, Bd. 2, 12.09.1932, S. 481 [ff.]. Zit. n. CD-ROM-Ausgabe 2001.","Das Finanzkomitee hat sich bisher mit der vorbereitenden Arbeit einer Prüfung der finanziellen und Währungslage der mittel- und osteuropäischen Staaten begnügt."
"296","1932-12-19","Zeitung","Archiv der Gegenwart, Bd. 2, 19.12.1932, S. 621 [ff.]. Zit. n. CD-ROM-Ausgabe 2001.","Während der Übergangszeit wird aber die Einwanderung von den Philippinen, die bisher in den Vereinigten Staaten keiner Beschränkung unterlag, auf den Umfang der Einwanderung aus anderen asiatischen Gebieten herabgesetzt, was einem vollkommenen Einwanderungsverbot gleichkommt."
"297","1932-04-17","Zeitung","Archiv der Gegenwart, Bd. 2, 17.04.1932, S. 293 [ff.]. Zit. n. CD-ROM-Ausgabe 2001.","Ein tschechischer Antrag, der weniger konkret war, wurde trotz Unterstützung durch Frankreich, Belgien, Spanien und anderen Staaten zu obiger Fassung umredigiert. (L. B. 286 H.)"
"298","1930-12-31","Belletristik","Feuchtwanger, Lion: Erfolg. In: ders., Gesammelte Werke in Einzelbänden, Bd. 6, Berlin: Aufbau-Verl. 1993 [1930], S. 401","Ob sie es für aussichtsreich halte, um eine solche Wiedergutmachung zu kämpfen gegen diesen verfluchten bayrischen Staat, der die Witwe seines ermordeten Ministerpräsidenten um eine bettelhafte Pension prozessieren lasse, während er zugebe, daß der Mörder Direktor einer staatlich subventionierten Gesellschaft sei?"
"299","1926-12-31","Gebrauchsliteratur","Eberhard, D. Otto: Pestalozzi ein Klassiker der Seelenführung. In: Bausteine zur Arbeit im Kindergottesdienst, Sonderhefte der Monatsschrift ""Der Kindergottesdienst"", Nr. 4, 1926, S. 18","Aus dieser Richtung auf Volkswohlfahrt rührt nicht nur die enge Verbindung, die Pestalozzi die Religion mit der Gesetzgebung, d. h. mit dem Staate eingehen läßt, sondern aus ihr dürfte es sich mit erklären, daß für ihn die Religion stets den Charakter handelnder Frömmigkeit trägt, die die Werte und Wirklichkeiten des Lebens bejaht und in der geistbestimmten Auseinandersetzung mit Welt und Schicksal den Ideen zur Verwirklichung und der Welt zur Umgestaltung und Vollendung zu verhelfen bestrebt ist."
"300","1921-03-09","Zeitung","Vossische Zeitung (Morgen-Ausgabe), 09.03.1921","Gylbenhals Buchhandlung, bei der das Werk herauskommen soll, hat sich bereit erklärt, die Hälfte der Herstellungskosten zu übernehmen, wenn der Staat die andere Hälfte bezahlen will."
"301","1931-07-17","Zeitung","Archiv der Gegenwart, Bd. 1, 17.07.1931","Beschlagnahme bei Gefährdung der Sicherheit des Staates und besonders strenge Haftung der verantwortlichen Redakteure sind der Inhalt dieser Verordnungen."
"302","1932-09-01","gesprochen","o.A., Kundgebung der NSDAP im Berliner Sportpalast, 01.09.1932","Diese christliche Gesinnung allein ist definierbar, sie gibt dem Staat einen bestimmten Charakterzug."
"303","1920-12-31","Wissenschaft","Delbrück, Hans: Geschichte der Kriegskunst im Rahmen der politischen Geschichte - Vierter Teil: Neuzeit, Berlin: Directmedia Publ. 2002 [1920], S. 4062","Sein getreuer Minister Podewils riet dringend davon ab, das Schicksal des Staates dem unsicheren Ausgang einer Schlacht anzuvertrauen."
"304","1932-12-31","Wissenschaft","Jahresberichte für deutsche Geschichte, 1930, S. 105","Er hat die Frage, welche historische Einheit denn als Träger der von ihm geschauten Entwicklung anzusprechen sei, offen gelassen; für Rohrbach und Roloff ist diese Einheit nicht ein staatlicher, auch nicht ein geographischer Begriff, für sie ist es das deutsche Volk, das mehr ist als ein Staat und mehr ist als ein Land."
"305","1931-11-21","Zeitung","Archiv der Gegenwart, Bd. 1, 21.11.1931, S. 86 [ff.]. Zit. n. CD-ROM-Ausgabe 2001.","Im Anschluß an das amtliche Communiqué verlautet über das Resultat des Besuches des italienischen Außenministers Grandi in den Vereinigten Staaten, daß zwischen den beiden Ländern eine gewisse Übereinstimmung über die künftige Außenpolitik getroffen wurde."
"306","1920-12-31","Belletristik","Schaeffer, Albrecht: Helianth I, Bonn: Weidle 1995 [1920], S. 440","Jetzt ist durch plötzlichen Ausfall des früheren Inspizienten die nördliche Tour über die Vereinigten Staaten, Philippinen, Japan, Sibirien, St. Petersburg frei geworden, und ich hoffe, Sie werden mir diesmal kein Nein sagen."
"307","1931-03-04","Zeitung","Völkischer Beobachter (Reichsausgabe), 04.03.1931","Hier leben sich die vom Staat geschützten und geförderten Persönlichkeiten am reinsten und höchsten aus, hier hat ein Volk Blüte und Frucht; hier ist das höchste Sein."
"308","1931-08-27","Zeitung","Archiv der Gegenwart, Bd. 1, 27.08.1931, S. 15 [ff.]. Zit. n. CD-ROM-Ausgabe 2001.","Die starken Abziehungen nötigten die Bank von England, bezw. Großbritannien, in Frankreich und den Vereinigten Staaten im Laufe des Monats in zwei Partien Kredite in der Höhe von 50 und 80 Mill."
"309","1931-03-03","Zeitung","Völkischer Beobachter (Reichsausgabe), 03.03.1931","Nach alledem erscheint mir gerade auf Grund Ihrer Ausführungen ein Strafprozeß, in dem der Verfasser des Buches zum Antritt des Wahrheitsbeweises in allen noch offenen Fällen gezwungen wird, unerläßlich, wenn der in der Öffentlichkeit bestehende Verdacht mehrfachen aus politischen Gründen erfolgten Eingreifens des Staates in die Rechtspflege und die darin liegende schwere Erschütterung der Staatsautorität behoben werden soll."
"310","1932-04-23","Zeitung","Archiv der Gegenwart, Bd. 2, 23.04.1932, S. 305 [ff.]. Zit. n. CD-ROM-Ausgabe 2001.","In den meisten europäischen Staaten besteht eine gesetzlich geregelte Versicherung gegen die Arbeitslosigkeit."
"311","1922-03-06","Zeitung","Vossische Zeitung (Abend-Ausgabe), 06.03.1922","Schon während der Konferenz von Washington ist wiederholt davon die Rede gewesen, daß die Abmachungen politischer Natur, die im Vier-Mächte-Vertrag zusammengefaßt sind, erst auf Grund von Verhandlungen zustandegekommen seien, bei denen auch ierritoriale Kompensationen für die Vereinigten Staaten in Betracht gezogen wurden."
"312","1932-12-08","Zeitung","Archiv der Gegenwart, Bd. 2, 08.12.1932, S. 601 [ff.]. Zit. n. CD-ROM-Ausgabe 2001.","In einem Revolutionsentwurf der Delegierten Spaniens, Irlands und der Tschechoslowakei wird in sehr scharfer Form gegen das Verhalten Japans Stellung genommen und die Einladung der Vereinigten Staaten und Rußlands zu den Verhandlungen gefordert. (L. B. 599 B, Lytton-Bericht 586 D.)"
"313","1930-12-31","Wissenschaft","Freud, Sigmund: Das Unbehagen in der Kultur, Wien: Internat. Psychoanalyt. Verl. 1930, S. 55","Als letzten, gewiß nicht unwichtigsten Charakterzug einer Kultur haben wir zu würdigen, in welcher Weise die Beziehungen der Menschen zu einander, die sozialen Beziehungen, geregelt sind, die den Menschen als Nachbarn, als Hilfskraft, als Sexualobjekt eines anderen, als Mitglied einer Familie, eines Staates betreffen."
"314","1932-12-18","Zeitung","Archiv der Gegenwart, Bd. 2, 18.12.1932, S. 616 [ff.]. Zit. n. CD-ROM-Ausgabe 2001.","In dem Bericht, der sozusagen als Arbeits- und Verhandlungsplan für die Schlichtung des Konflikts zu dienen hätte, soll auch die Entschließung des Neunzehner-Ausschusses vom 11. März 1932 (216 D) hineinverarbeitet werden, wonach nur mit friedlichen Mitteln herbeigeführte Änderungen der Lage anerkannt werden dürfen. (L. B. Konflikt 608 E, Völkerbund 601 J, Vereinigte Staaten 586 D, Rußland 608 E.)"
"315","1927-12-31","Wissenschaft","Jahresberichte für deutsche Geschichte, 1927, S. 673","Es erhebt sich die Vorfrage, welche der drei großen Gestaltungen der Deutschheit den Ausgangspunkt der Arbeit bestimmen soll: der deutsche Staat, der deutsche Volksboden oder das deutsche Gesamtvolk."
"316","1932-01-05","Zeitung","Braunschweiger Tages-Zeitung, 05.01.1932","Wir spüren am stärksten und am unmittelbarsten die Folgen einer Politik, die von uns, welcher Partei wir auch angehören, schon deshalb als schlecht empfunden werden muß, weil sie die Familie, die Keimzelle des Staates, nicht vor solchen Folgen zu bewahren versteht."
"317","1920-03-06","Zeitung","Vossische Zeitung (Abend-Ausgabe), 06.03.1920","Der Nieuwe Courant "" meldet aus London, Lloyd George habe im Unterhause mitgeteilt, daß die Vereinigten Staaten sich keineswegs endgültig geweigert hätten, ein Mandat für Konstantinopel anzunehmen, sondern sich nur vorläufig von den Besprechungen über die türkische Frage zurückgezogen hätten."
"318","1922-03-30","Belletristik","Tucholsky, Kurt: Bürgerliches Zeitalter. In: ders., Kurt Tucholsky, Werke - Briefe - Materialien, Berlin: Directmedia Publ. 2000 [1922], S. 2511","Dem Staate bleibt ein Pleitemonopol und das Symbol."
"319","1932-01-28","Zeitung","Archiv der Gegenwart, Bd. 2, 28.01.1932, S. 144 [ff.]. Zit. n. CD-ROM-Ausgabe 2001.","Für künftige Handelsverträge wird grundsätzlich gegenseitige Meistbegünstigung vereinbart, wobei nur Zugeständnisse ausgenommen werden, die Rußland einer anderen Sowjetrepublik oder einem Staate einräumt, der früher Bestandteil des ehemaligen Russischen Reiches war."
"320","1931-12-31","Wissenschaft","Bölsche, Wilhelm: Das Leben der Urwelt, Leipzig: Dollheimer 1931 [1931], S. 256","Der Staat selbst legte seine Hand auf die Funde, gefährdende Sprengarbeit wurde untersagt, schließlich kam auch hier wie in dem geologisch so viel späteren Bernissart ein ganzer kleiner Ausschnitt Urwelt noch als geschlossenes Bild jener Tage ans Licht."
"321","1918-12-31","Wissenschaft","Spengler, Oswald: Der Untergang des Abendlandes, München: Beck 1929 [1918], S. 3","Will man erfahren, in welcher Gestalt sich das Schicksal der abendländischen Kultur erfüllen wird, so muß man zuvor erkannt haben, was Kultur ist, in welchem Verhältnis sie zur sichtbaren Geschichte, zum Leben, zur Seele, zur Natur, zum Geiste steht, unter welchen Formen sie in Erscheinung tritt und inwiefern diese Formen - Völker, Sprachen und Epochen, Schlachten und Ideen, Staaten und Götter, Künste und Kunstwerke, Wissenschaften, Rechte, Wirtschaftsformen und Weltanschauungen, große Menschen und große Ereignisse - Symbole und als solche zu deuten sind."
"322","1928-12-31","Wissenschaft","Jahresberichte für deutsche Geschichte, 1928, S. 702","Reich ausgestaltet sind die Herrscherverzeichnisse, die alle Polen benachbarten oder mit ihm durch engere Beziehungen verknüpften Staaten berücksichtigen."
"323","1932-02-24","Zeitung","Archiv der Gegenwart, Bd. 2, 24.02.1932","In den holländischen Kammern wurde ein Gesetzentwurf eingebracht, der den Abschluß von Devisen-Clearinggverträgen mit verschiedenen Staaten vorsieht. (L. B. 143 C.)"
"324","1932-06-02","Zeitung","Archiv der Gegenwart, Bd. 2, 02.06.1932, S. 355 [ff.]. Zit. n. CD-ROM-Ausgabe 2001.","England und die Vereinigten Staaten wünschen Gewichtsbegrenzungen."
"325","1925-12-31","Gebrauchsliteratur","Petersen, Jes: Erde und Mensch, Berlin: Columbus-Verl. [1935] [1925], S. 157","Anfänglich wurden die Kolonien von den europäischen Staaten lediglich als Ausbeutungsobjekte betrachtet."
"326","1931-08-11","Zeitung","Archiv der Gegenwart, Bd. 1, 11.08.1931, S. 12 [ff.]. Zit. n. CD-ROM-Ausgabe 2001.","(in Mill. Reichsmark) Vereinigte Staaten 20.776 20.302 Frankreich 9.606 13.247 England 2.723 7.876 Spanien 1.843 2.239 Japan 1.729 2.583 Deutschland 1.424 5.886 Argentinien 1.387 1.588 Italien 1.187 3.703 Rußland 1.122 9.914 Holland 989 1.773 Schweiz 943 1.239 Belgien 898 2.058 Polen 267678 Schweden 268665 Rumänien 223522 Dänemark 193456 Tschechoslowakei 191855 Norwegen 165356 Österreich 127704 Jugoslawien 114365 Ungarn 82344 Bulgarien 45107 Finnland 32 128"
"327","1918-03-02","Zeitung","Berliner Tageblatt (Abend-Ausgabe), 02.03.1918","Nicht nur die verschiedenen, gutsituierten Kommunen sollen finanziell dazu herangezogen werden, sondern auch der Staat will helfend eingreifen."
"328","1932-07-27","Zeitung","Archiv der Gegenwart, Bd. 2, 27.07.1932, S. 425 [ff.]. Zit. n. CD-ROM-Ausgabe 2001.","Dollar; zurückgezogene Investitionen aus dem Ausland 921 (1.007); ausländische Neuinvestitionen in den Staaten 599 (960) Einnahmen aus amerikanischen Investitionen im Ausland 563 (838), Einnahmen aus kurzfristigen amerikanischen Anlagen im Ausland 111 (87); Kriegsschuldenzahlungen 113 (241); Frachteinnahmen 72 (91); Filmindustrie einnahmen 66 (84); Inserate des Auslandes im Inlande 4 (4) Mill."
"329","1924-03-14","Zeitung","Vossische Zeitung (Abend-Ausgabe), 14.03.1924","Dessen Lösung könne gemäß den Verträgen der Sowjetunion mit Polen und Litauen nur auf dem Wege des Uebereinkommens dieser zwei Staaten erfolgen, keinesfalls aber einer dritten Macht aufgezwungen werden."
"330","1932-06-15","Zeitung","Archiv der Gegenwart, Bd. 2, 15.06.1932, S. 372 [ff.]. Zit. n. CD-ROM-Ausgabe 2001.","Sie zählt im Abschlußbericht lediglich die Meinungen der verschiedenen Staaten über Artillerie, Tanks und Befestigungen auf, wie sie in den Diskussionen zum Ausdruck kamen."
"331","1928-12-31","Gebrauchsliteratur","Reznicek, Paula von u. Reznicek, Burghard von: Der vollendete Adam. In: Zillig, Werner (Hg.) Gutes Benehmen, Berlin: Directmedia Publ. 2004 [1928], S. 12686","Hier einige nichtdeutsche regierende Häuser im Staate Nikotiniens: Abdulla, Philip Morris, Simon Arzt, Nestor Gianaclis, Muratti, Laurens."
"332","1932-08-30","Zeitung","Archiv der Gegenwart, Bd. 2, 30.08.1932, S. 464 [ff.]. Zit. n. CD-ROM-Ausgabe 2001.","Wenn andere Staaten ihre Landesgrenzen mit Wällen aus Eisen und Beton befestigen, dürfe man Deutschland diesen Schutz nicht versagen."
"333","1922-03-10","Zeitung","Berliner Tageblatt (Morgen-Ausgabe), 10.03.1922","[...] daß solche Bedingungen so lange nicht sichergestellt werden können, als nicht ein entsprechendes Vorgehen der für Rußlands gegenwärtige wirtschaftliche Zerrüttung hauptsächlich Verantwortlichen erfolgt Die Meinung der Regierung der Vereinigten Staaten geht auch dahin - und sie ist dessen sicher, daß sie von den Regierungen, die die Konferenz einberufen haben, geteilt wird -, daß, solange man noch auf die Herstellung der unbedingt notwendigen Sicherheiten für Rußlands Produktivität wartet , auf die in der am 25. März 1921 veröffentlichten Erklärung der Regierung der Vereinigten Staaten hingewisen wird und ohne die, wie die Regierung der Vereinigten Staaten glaubt, jede Prüfung eines wirtschaftlichen Wiederauflebens wertlos ist, nichts unternommen werden sollte mit dem Ziele wirtschaftliche Vielmehr sollten die Hilfsquellen des russischen Volkes von einer derartigen Ausbeutung freigehalten werden und eine unparteiische und billige Möglichkeit zur wirtschaftlichen Betätigung sollte sowohl im Interesse des russischen Volkes wie in dem aller Mächte sichergestellt werden. [...]"
"334","1932-11-15","Zeitung","Archiv der Gegenwart, Bd. 2, 15.11.1932","Eine Weigerung, sich diesem Verfahren zu unterwerfen oder die gerichtliche oder schiedsgerichtliche Entscheidung durchzuführen, solle ein Verfahren vor dem Völkerbundrate zur Folge haben und die anderen Staaten zur Mithilfe bei den von diesem beschlossenen Maßnahmen verpflichten."
"335","1932-12-31","Wissenschaft","Jahresberichte für deutsche Geschichte, 1930, S. 324","Interessant ist hier die vermittelnde Stellung des Staates, der durch allerlei Zugeständnisse (Befreiung von der Militärdienstpflicht u. a.) den Mennoniten das Nachgeben erleichtern wollte."
"336","1932-08-12","Zeitung","Archiv der Gegenwart, Bd. 2, 12.08.1932, S. 443 [ff.]. Zit. n. CD-ROM-Ausgabe 2001.","Lit, somit 78 %, im Besitze des Staates. (L. B. Finanzen 443 K, Wirtschaft 315 F.)"
"337","1924-03-15","Zeitung","Vossische Zeitung (Morgen-Ausgabe), 15.03.1924","Die Vorschüsse an den Staat erreichen 23 Milliarden."
"338","1921-03-08","Zeitung","Vossische Zeitung (Morgen-Ausgabe), 08.03.1921","3. Die Zwangsmaßnahmen ständen auch im Gegensatz zu dem Völkerbundsvertrag . Nach Artikel 17 des Völkerbundsvertrages käme bei Streitigkeiten zwischen Mitgliedern des Völkerbundvertrages und einem Staate, der nicht Mitglied sei, das im Artikel 15 torgesehene Schiedsgerichtsverfahren zur Anwendung."
"339","1931-09-24","Zeitung","Archiv der Gegenwart, Bd. 1, 24.09.1931, S. 36 [ff.]. Zit. n. CD-ROM-Ausgabe 2001.","Der Staat habe ferner kurzfristige Schulden von 360 Mill., während die Summe der übernommenen Garantien ungefähr 150 Millionen betrage. (L. B. Völkerbund."
"340","1918-12-31","Wissenschaft","Spengler, Oswald: Der Untergang des Abendlandes, München: Beck 1929 [1918], S. 206","Wie es in einem Dichter, einem Propheten, einem Denker, einem Eroberer aussieht, das hat man schon zu wissen versucht, aber in die antike, ägyptische, arabische Seele überhaupt einzugehen, um sie mit ihrem gesamten Ausdruck in typischen Menschen und Lagen, in Religion und Staat, Stil und Tendenz, Denken und Sitte mitzuerleben, das ist eine neue Art ""Lebenserfahrung""."
"341","1918-11-07","Zeitung","Neue badische Landeszeitung (Morgen), 07.11.1918","Niemals und erst [recht] jetzt nicht haben die Feinde die Absicht gehabt, Mäßigung zu üben, so oft und so pathetisch sie erklärt haben, daß der Friede gerecht sein müsse; und alle fehlerhafte militärische Politik Deutschlands ist harmlos gegen die Art, mit der die Feidne ihre Macht ausnutzen gegenüber den Staaten des ehemaligen Vierbundes."
"342","1932-06-17","Zeitung","Archiv der Gegenwart, Bd. 2, 17.06.1932, S. 375 [ff.]. Zit. n. CD-ROM-Ausgabe 2001.","Die Zahlungseinstellung kleinerer Staaten sei eine ernste Mahnung, rechtzeitig Vorsorge zu treffen, daß nicht große Länder in die gleiche Lage kämen."
"343","1926-03-06","Zeitung","Berliner Tageblatt (Abend-Ausgabe), 06.03.1926","Bei dieser Stundung entlässt der Staat die Banken nur zu einem Teil aus der Mithaftung, und zwar offenbar für jene 10 Millionen RM , die er selbst im Dezember 1924 für Neubauten den Werken gab."
"344","1921-03-06","Zeitung","Vossische Zeitung (Sonntags-Ausgabe), 06.03.1921","An solcher Entwicklung unserer Verhältnisse haben die Vereinigten Staaten, als das erste Rohstoffland der Welt, unmittelbar das größte Interesse."
"345","1925-11-10","Zeitung","Tucholsky, Kurt: Zwischen zwei Kriegen. In: Kurt Tucholsky, Werke - Briefe - Materialien, Berlin: Directmedia Publ. 2000 [1925]","Sie spielen Staat, verhandeln, zum Beispiel, heute noch nicht sachlich und offen über eine wirkliche Entwaffnung und übertragen auf die Société des Nations die Konventionen der feinen Gesellschaft."
"346","1928-12-31","Wissenschaft","Jahresberichte für deutsche Geschichte, 1928, S. 705","Vor ihrer Überschätzung warnt Tymieniecki in seiner durch die glückliche Handhabung der vergleichenden Methode ausgezeichneten Untersuchung über die Rolle Großpolens als der Wiege des polnischen Staats (242): die ersten Jahrhunderte polnischer Staatlichkeit stehen im Zeichen des Kampfes gegen die den Nordgermanen kulturell nahestehenden Pomoranen, wenn auch einzelne Institutionen (das militärische Gefolge Mieszkos I.) Anpassung an die Einrichtungen des Gegners zeigen."
"347","1932-04-20","Zeitung","Archiv der Gegenwart, Bd. 2, 20.04.1932, S. 297 [ff.]. Zit. n. CD-ROM-Ausgabe 2001.","Die Vereinigten Staaten schließen sich dem Schritte Großbritanniens und anderer Ratsmächte an, die China und Japan an die auf Grund des Kellogg-Paktes übernommenen Verpflichtungen erinnern."
"348","1932-03-02","Zeitung","Berliner Tageblatt (Morgen-Ausgabe), 02.03.1932","Bei der Anfang Februar erfolgten Verdoppelung der (autonomen) Zölle für einen Teil der Holzeinfuhr, nämlich für Hartholz und daraus hergestellte Waren, handelt es sich nicht um die Anwendung dieser Kampfzoll-Notverordnung, sondern um die auf Grund früherer gesetzlicher Bestimmungen jederzeit mögliche beschleunigte Heraufsetzung von autonomen Zöllen, bei der kein Unterschied zwischen hoch- und niedrigvalutarischen Ländern, meistbegünstigten oder ""vertragsfreien"" Staaten zu machen ist."
"349","1918-12-31","Wissenschaft","Weber, Max: Der Sozialismus. In: Weber, Marianne (Hg.) Gesammelte Aufsätze zur Soziologie und Sozialpolitik, Tübingen: Mohr 1924 [1918], S. 503","Man glaubt nun: der Unternehmer werde dann von diesen Beamten beaufsichtigt und die Produktion vom Staate beherrscht."
"350","1926-01-01","Zeitung","Frankfurter Zeitung (2. Morgenblatt), 01.01.1926","Möchte doch dieses Jahr der Rechten in aller Not und Enttäuschung, mit der es abschließt, wenigstens den einen Gewinn bringen, daß 1926 das Steuer der Staatsführung energisch umgestellt werde auf die Bejahung des Staates und den Schutz der wirklich arbeitenden und wirklich produktiven Volkskräfte."
"351","1922-03-11","Zeitung","Berliner Tageblatt (Morgen-Ausgabe), 11.03.1922","Die Vereinigten Staaten meinen also nach dem Temps "" die zweite Deutung:"
"352","1932-12-19","Zeitung","Archiv der Gegenwart, Bd. 2, 19.12.1932, S. 617 [ff.]. Zit. n. CD-ROM-Ausgabe 2001.","h) Neue Staaten."
"353","1927-03-02","Zeitung","Berliner Tageblatt (Morgen-Ausgabe), 02.03.1927","Im Schatzamt wurde hinzugefügt, daß die Schuldenpolitik der Vereinigten Staaten keine Aenderung erfahren habe."
"354","1932-05-26","Zeitung","Archiv der Gegenwart, Bd. 2, 26.05.1932, S. 347 [ff.]. Zit. n. CD-ROM-Ausgabe 2001.","Weltproduktion 1014 1411 Ver. Staaten 273458 Polen 139174 Belgien 138178 Kanada 107110 Frankreich 6291 Australien 5356 Deutschland 4897 Norwegen 4137 Mexico 3537 Japan 2320 England 22 49"
"355","1931-07-03","Zeitung","Archiv der Gegenwart, Bd. 1, 03.07.1931, S. 2 [ff.]. Zit. n. CD-ROM-Ausgabe 2001.","Vereinigte Staaten Frankreich Von England + 670 Von Deutschland + 849 "" Frankreich + 210 "" Diversen + 5 "" Deutschland + 66 An England -- 255 "" Italien + 62 "" Ver. Staaten -- 210 "" Belgien + 33 + 389 "" Diversen + 15 + 1.056"
"356","1918-12-31","Wissenschaft","Spengler, Oswald: Der Untergang des Abendlandes, München: Beck 1929 [1918], S. 492","Da finden wir diese winzigen Städte, politische Atome, in langer Reihe auf Inseln und an Küsten hingelagert, jede eifersüchtig für sich bestehend und doch ewig der Anlehnung bedürftig, abgeschlossen und launisch bis zur Karikatur, von den planlosen, ordnungslosen Ereignissen der antiken Geschichte hin und her gestoßen, heute gehoben, morgen vernichtet - und ihnen gegenüber die dynastischen Staaten des 17. und 18. Jahrhunderts, politische Kraftfelder, von den Wirkungszentren der Kabinette und großen Diplomaten aus weitschauend, planmäßig gelenkt und beherrscht."
"357","1932-03-02","Zeitung","Völkischer Beobachter (Reichsausgabe), 02.03.1932","Ferner hat man eine völlige, scharfe Trennung von Staat und Kirche vorgenommen."
"358","1927-12-31","Wissenschaft","Jahresberichte für deutsche Geschichte, 1927, S. 157","Daß von Below alles in schroffer Gegensätzlichkeit sehe und einseitig in der Verteilung von Lob und Tadel in einer von rechts nach links führenden Skala verfahre, hatte Brandi ebenso bemängelt wie die Thesen, daß die ganze wertvolle neuere Geschichtschreibung aus der Romantik stamme, und daß diese Romantik ausschließlich eine Schöpfung zwar nicht des protestantischen Geistes, aber des protestantischen Bodens und seines Staats, des preußischen, sei."
"359","1929-03-02","Zeitung","Völkischer Beobachter (Reichsausgabe), 02.03.1929","Kleine Staaten wurden in diesem Kampf zertreten, ein mächtiges Reich wurde zu unkenntlichen Fragmenten zertrümmert, und nahezu 20 Millionen Mann vergossen ihr Blut, bevor das Schwert dieser furchtbaren Hand entrungen werden konnte, Sicherlich ist das ihr Deutschen, genug für die Geschichte."
"360","1932-03-28","Zeitung","Archiv der Gegenwart, Bd. 2, 28.03.1932, S. 252 [ff.]. Zit. n. CD-ROM-Ausgabe 2001.","Durch die faschistischen Reformen hat sich an der Stellung der Krone nichts geändert, nur ist es nicht mehr das Parlament, das ihre Prärogative beschränkt, sondern die faschistische, nunmehr in der Verfassung verankerte und mit dem Staat identifizierte Parteihierarchie."
"361","1929-12-31","Belletristik","Döblin, Alfred: Berlin Alexanderplatz, Olten: Walter 1961 [1929], S. 287","Wir müssen in die Massen Verständnis dafür tragen, für die Gewaltherrschaft des Staates und für das Wirtschaftsmonopol."
"362","1924-12-31","Wissenschaft","Eltzbacher, Paul: Deutsches Handelsrecht, Berlin: Simon 1925 [1924], S. 288","Amtliche Makler, bloße Beamte, kennt es nicht mehr; auch die Kursmakler an den Börsen, die wegen ihrer verantwortungsvollen Mitwirkung bei der Feststellung der Börsenpreise vom Staat ernannt werden und in ihrer Geschäftstätigkeit beschränkt sind, betrachtet es als Kaufleute mit amtlicher Nebenaufgabe."
"363","1923-12-31","Wissenschaft","Schmitt, Carl: Die geistesgeschichtliche Lage des heutigen Parlamentarismus, Berlin: Duncker & Humblot 1991 [1923], S. 6","Gaetano Mosca, Teorica dei Governi e Governo Parlamentare, 2. Aufl., Mailand 1925 (1. Aufl. 1883), S. 147; er versteht darunter eine Regierung, in welcher die politische Überlegenheit (la preminenza politica) im Staate Elementen zusteht, welche direkt oder indirekt aus einer Volkswahl hervorgehen."
"364","1932-11-22","Zeitung","Archiv der Gegenwart, Bd. 2, 22.11.1932","[...] 223 E, 246 K; Rumänien: 87 K, 115 B, 448 L; Rußland: 27 J, 31 M, 35 B, 44 L, 61 N, 111 K, 154 D, 268 F, 377 B, 385 H, 437 A, 449 M, 496 D; Schweden: 395 R; Schweiz: 108 M, 128 T, 223 E, 394 K, 418 B, 549 A, Tschechoslowakei: 196 F; Ungarn: 115 B, 397 O, 432 O; Vereinigte Staaten: 9 O, 25 J. [...]"
"365","1932-01-03","Zeitung","Kölnische Volkszeitung und Handelsblatt, 03.01.1932","Das französisch-deutsche Duell gehe die Interessen der ganzen Welt und nicht bloß diese beiden Staaten an."
"366","1919-12-31","Gebrauchsliteratur","Blos, Wilhelm: Denkwürdigkeiten eines Sozialdemokraten, Bd. 2. In: Simons, Oliver (Hg.) Deutsche Autobiographien 1690-1930, Berlin: Directmedia Publ. 2004 [1919], S. 10200","Ich war während der Präsidentschafts-Kampagne von 1868 und 1872 für ihn und habe, wie ich glaube, viel für ihn getan, besonders im Staat und Stadt Newyork."
"367","1926-03-23","Zeitung","Tucholsky, Kurt: Das Recht des Fremden. In: Kurt Tucholsky, Werke - Briefe - Materialien, Berlin: Directmedia Publ. 2000 [1926]","Die Staaten, verschuldet, ausgehalten, geduldet von der Hochfinanz und vom heimischen Unternehmertum, in ihrer Existenz nur möglich durch Zollbarrieren; die Staaten, deren Grenzen keine Rassen umschließen, ja, nicht einmal mehr feste Wirtschaftsgebiete - die Staaten spielen gern: mittelalterliche Burg, Vaterland, Heimat."
"368","1923-12-31","Wissenschaft","Lukács, Georg: Geschichte und Klassenbewußtsein, Neuwied u. a.: Leuchterhand 1970 [1923], S. 409","Die eigenartige geistige Verfassung, in die die marxistische Erkenntnis das Proletariat versetzen soll, besteht eben darin, daß - in der Betrachtung - der kapitalistische Staat als ein Glied einer historischen Entwicklung erscheint."
"369","1930-12-31","Wissenschaft","Freyer, Hans: Soziologie als Wirklichkeitswissenschaft, Leipzig u. a.: B.G. Teubner 1930, S. 293","Und während es nach Marx' Wort (Literarischer Nachlaß II, 227) angesichts des gegenwärtigen Staates ein bloßer politischer Aberglaube ist, daß ""das bürgerliche Leben vom Staat zusammengehalten werden müsse, während umgekehrt in der Wirklichkeit der Staat von der bürgerlichen Gesellschaft zusammengehalten wird"", gilt für die werdende Sozialstruktur allerdings, daß alle Sphären des bürgerlichen Lebens durch die aktive Kraft des Staates zusammengehalten und gestaltet werden."
"370","1932-03-27","Zeitung","Archiv der Gegenwart, Bd. 2, 27.03.1932","Bei einem Vergleich der verhältnismäßigen Entwicklung der österreichischen Wirtschaftslage mit jener der wichtigsten Staaten der Welt, wobei die Lage der Notenbanken, der Aktienmärkte, der Arbeitslosigkeit und der Produktion berücksichtigt sind und besondere Aufmerksamkeit dem Außenhandel gewidmet wird, gelangt das Konjunkturforschungsinstitut zu dem Schlüsse, daß Österreich durch die bestehende Depression noch nicht mit der gleichen Schwere getroffen wurde, wie einige andere Staaten."
"371","1932-01-16","Zeitung","Archiv der Gegenwart, Bd. 2, 16.01.1932, S. 132 [ff.]. Zit. n. CD-ROM-Ausgabe 2001.","Deutschland bezeichnet als Endziel der Bemühungen die Bildung eines einheitlichen europäischen Marktes, dem man durch schrittweise Vereinbarungen näher kommen müsse, die jedem Staat den Beitritt offen lassen."
"372","1931-10-28","Zeitung","Archiv der Gegenwart, Bd. 1, 28.10.1931, S. 66 [ff.]. Zit. n. CD-ROM-Ausgabe 2001.","An Frankreich fiel er bisher dreieinhalbmal, an Dänemark dreimal, an die Vereinigten Staaten zweimal."
"373","1929-12-31","Belletristik","Kuhnert, A. Arthur: Vier Mädchen in einer Zelle. In: Kesten, Hermann (Hg.) 24 neue deutsche Erzähler, Leipzig u. a.: Kiepenheuer 1983 [1929], S. 318","Der Staat!"
"374","1930-12-31","Belletristik","Feuchtwanger, Lion: Erfolg. In: ders., Gesammelte Werke in Einzelbänden, Bd. 6, Berlin: Aufbau-Verl. 1993 [1930], S. 15","Der Staat, dem er diente, war ein Agrarstaat."
"375","1920-12-31","Wissenschaft","Weber, Max: Die Wirtschaftsethik der Weltreligionen. In: Weber, Marianne (Hg.) Gesammelte Aufsätze zur Religionssoziologie, Bd. II, Tübingen: Mohr 1921 [1920-1921], S. 144","Es gab nicht einmal den Begriff »Staat« und »Staatsbürger« oder auch »Untertan«, - sondern nur das ständische Dharma: die Rechte und Pflichten des »Königs« und der anderen Kasten, einer jeden in sich und jeder im Verhältnis zu den anderen."
"376","1924-04-01","Gebrauchsliteratur","Reklame-Praxis, 1924, Nr. 2, Bd. 1","Wenn wir schlechtweg von Amerika sprechen denken wir zunächst an die Vereinigten Staaten."
"377","1932-11-23","Zeitung","Archiv der Gegenwart, Bd. 2, 23.11.1932, S. 578 [ff.]. Zit. n. CD-ROM-Ausgabe 2001.","Die von den Schuldnern angegebenen Gründe rechtfertigten einen Aufschub nach den in den Vereinigten Staaten festgelegten Grundsätzen nicht."
"378","1928-04-02","Zeitung","Vossische Zeitung (Abend-Ausgabe), 02.04.1928","Er betonte, daß das Reichsbanner den früheren Begriff des ""Rabenvaters Staat"" durch die Idee des sozialen Volksstaates zu ersetzen bereit sei."
"379","1932-12-31","Wissenschaft","Jahresberichte für deutsche Geschichte, 1930, S. 336","Weitere Abschnitte behandeln die Berufsbildung und den darum kreisenden Kampf der Meinungen, die Entwicklung eines spezifischen Ehrbegriffs und die Stellung des Offizierkorps zu Staat und Gesellschaft."
"380","1920-01-22","Zeitung","Tucholsky, Kurt: Militaria. In: Kurt Tucholsky, Werke - Briefe - Materialien, Berlin: Directmedia Publ. 2000 [1920]","Was not tut, das ist die Erkenntnis, daß Noskes Abgang den Bolschewismus nicht fördern, aber vielleicht eine kleine Besserung zur Folge haben würde und vielleicht eine völlige Zerstörung des alten Militärgeistes, der heute mit allen Mitteln - auch mit den finanziellen des Staates - erhalten wird."
"381","1927-12-31","Wissenschaft","Jahresberichte für deutsche Geschichte, 1927, S. 346","Die Dissertation von Steiger (1659) versucht unter sorgfältiger Ausnutzung der gedruckten Quellenwerke eine Gegenüberstellung der rein theoretisch formulierten Anschauungen Friedrichs des Großen vom Staate und des Staatsbildes, das der Anblick seiner Verwaltungspraxis darbietet."
"382","1932-11-16","Zeitung","Archiv der Gegenwart, Bd. 2, 16.11.1932, S. 565 [ff.]. Zit. n. CD-ROM-Ausgabe 2001.","Die britische Regierung, die kürzlich zum Schutz der heimischen Landwirtschaft mit den Importeuren von argentinischem Fleisch eine Herabsetzung der Einfuhrmengen von Hammel- und Lammfleisch um 20 % und von gekühltem Rindfleisch um 10 % vereinbart hat, hat hinsichtlich der Speckeinfuhr aus Dänemark, den Vereinigten Staaten, Holland und anderen Ländern eine ähnliche Importbeschränkung vorgenommen."
"383","1932-09-13","Zeitung","Archiv der Gegenwart, Bd. 2, 13.09.1932, S. 483 [ff.]. Zit. n. CD-ROM-Ausgabe 2001.","Der Direktor der finnländischen zentralen Handelskammer erklärte, daß eine Kontingentierung der finnischen Einfuhr nicht zu erwarten sei; hingegen werde sich die Regierung möglicherweise die Vollmacht geben lassen, für einige Importwaren Kontingente festzusetzen, um diese als Repressalie gegen Staaten anzuwenden, welche den Import aus Finnland mit ähnlichen Mitteln verhindern. (L. B. 475 N.)"
"384","1919-03-13","Zeitung","Tucholsky, Kurt: Wir Negativen. In: Kurt Tucholsky, Werke - Briefe - Materialien, Berlin: Directmedia Publ. 2000 [1919]","Feudale und Händler raufen sich um den Einfluß im Staat, der in Wirklichkeit ihnen beiden unter der Führung der Geistigen zukommen sollte."
"385","1932-08-08","Zeitung","Archiv der Gegenwart, Bd. 2, 08.08.1932","Die an Bolivien und Paraguay angrenzenden Staaten Brasilien, Argentinien, Chile und Peru haben in Buenos Aires einen Pakt unterzeichnet, durch den sie sich in einem Krieg, der infolge des Gran-Chaco-Konflikts ausbrechen sollte, zu strenger Neutralität verpflichten."
"386","1928-10-23","Zeitung","Tucholsky, Kurt: Die Beamtenpest (I). In: ders., Kurt Tucholsky, Werke - Briefe - Materialien, Berlin: Directmedia Publ. 2000 [1928], S. 6292","Daß die wahre Macht der Staaten im Verhältnis zu ihrer sich ständig mehrenden Aktivitätsausdehnung ebenso ständig durch die Internationale der Kapitalisten gemindert wird, braucht jene nicht zu stören."
"387","1920-03-09","Zeitung","Berliner Tageblatt (Morgen-Ausgabe), 09.03.1920","Der amerikanische Marineminister Daniels erklärte im Ausschuß des Abgeordnetenhauses, daß selbst im Falle eines Eintritts Amerikas in den Völkerbund die Notwendigkeit bestehen würde, eine amerikanische Flotte zu unterhalten, die ebenso groß sei wie die der übrigen Staaten."
"388","1920-12-31","Gebrauchsliteratur","Friedländer, Hugo: Der Beleidigungsprozeß des Berliner Stadtkommandanten, Generalleutnant z.D. Graf Kuno von Moltke gegen den Herausgeber der »Zukunft« Maximilian Harden. In: ders., Interessante Kriminal-Prozesse, Berlin: Directmedia Publ. 2001 [1920], S. 3965","Er wurde sehr bald zum ordentlichen Botschafter erhoben und als Vertreter Frankreichs an einen außereuropäischen Staat gesandt."
"389","1928-12-31","Gebrauchsliteratur","Wilamowitz-Moellendorff, Ulrich von: Erinnerungen 1848-1914. In: Simons, Oliver (Hg.) Deutsche Autobiographien 1690-1930, Berlin: Directmedia Publ. 2004 [1928], S. 73261","Auf dem staatlichen Gebiete gilt es besonders, und die Neubildung des deutschen Staates wird nur gelingen, wenn die germanische Selbstverwaltung den Sieg über die Allmacht des zentralisierten Staates unter der Oberherrschaft eines korrupten Parlamentarismus gewinnt."
"390","1932-05-26","Zeitung","Archiv der Gegenwart, Bd. 2, 26.05.1932, S. 347 [ff.]. Zit. n. CD-ROM-Ausgabe 2001.","Auf der einen Seite stimmten u. a.: Deutschland, Österreich, Ungarn, Italien, Belgien, Bulgarien, die Türkei und Rußland, auf der anderen: Frankreich, England, Ver. Staaten, Japan, Holland, Kleine Entente und Brit."
"391","1931-07-03","Zeitung","Archiv der Gegenwart, Bd. 1, 03.07.1931, S. 2 [ff.]. Zit. n. CD-ROM-Ausgabe 2001.","Vereinigte Staaten Frankreich Von England + 670 Von Deutschland + 849 "" Frankreich + 210 "" Diversen + 5 "" Deutschland + 66 An England -- 255 "" Italien + 62 "" Ver. Staaten -- 210 "" Belgien + 33 + 389 "" Diversen + 15 + 1.056"
"392","1932-02-23","Zeitung","Archiv der Gegenwart, Bd. 2, 23.02.1932, S. 182 [ff.]. Zit. n. CD-ROM-Ausgabe 2001.","Für diese 70 % wäre ohne Vorbelastung der Gewinnverteilung auch der Staat der Empfänger der eventuellen Gewinne."
"393","1931-10-14","Zeitung","Archiv der Gegenwart, Bd. 1, 14.10.1931, S. 53 [ff.]. Zit. n. CD-ROM-Ausgabe 2001.","In einer äußerst stürmischen Sitzung der Cortes wurde der Art. 24 des Verfassungsgesetzes über das Verhältnis von Kirche und Staat mit 158 gegen 58 Stimmen angenommen."
"394","1929-12-31","Belletristik","Weiß-Rüthel, Arnold: Musketier Reue. In: Kesten, Hermann (Hg.) 24 neue deutsche Erzähler, Leipzig u. a.: Kiepenheuer 1983 [1929], S. 250","Während der Oberarzt Betrachtungen darüber anstellt, weshalb Taschentücher, die dem Staat gehören, so demonstrativ rot sein müssen, daß sie im geeigneten Augenblick einen Tollkopf, wie diesen Musketier, zu einem zweifellos strafbaren Mißbrauch animieren, ... konzentriert dieser Musketier seine schwachen Kräfte auf eine gemeinsame Aktionsbasis und will in diesem Moment wirklich nichts weiter als seine Entlassung."
"395","1928-12-31","Gebrauchsliteratur","Wilamowitz-Moellendorff, Ulrich von: Erinnerungen 1848-1914. In: Simons, Oliver (Hg.) Deutsche Autobiographien 1690-1930, Berlin: Directmedia Publ. 2004 [1928], S. 73358","Die Schule tut was sie kann, wenn sie ihn fähig macht und ihm den Trieb dazu einpflanzt, sich allmählich zu einer festen inneren Stellung zu Gott und Welt, auch zum Staate, durchzuarbeiten."
"396","1928-12-31","Gebrauchsliteratur","Rieger, Wilhelm: Einführung in die Privatwirtschaftslehre, Erlangen: Palm & Enke 1964 [1928], S. 247","Zunächst darf daran erinnert werden, daß in allen am Krieg beteiligten Ländern inflationistische Erscheinungen aufgetreten sind, und es ist sicher kein Zufall, daß sie am ärgsten in den unterlegenen Staaten wüteten."
"397","1930-12-31","Belletristik","Feuchtwanger, Lion: Erfolg. In: ders., Gesammelte Werke in Einzelbänden, Bd. 6, Berlin: Aufbau-Verl. 1993 [1930], S. 747","In Rußland war der Begründer des Sowjetstaates, N. Lenin, nachdem er eine Neue, gemäßigtere, Ökonomische Politik eingeschlagen hatte, gestorben; seine Nachfolger verbanden sich gegen seinen größten Gehilfen, Leo Trotzki, verdrängten ihn aus der Leitung des Staates."
"398","1927-04-19","Zeitung","Tucholsky, Kurt: An den Botschafter. In: ders., Kurt Tucholsky, Werke - Briefe - Materialien, Berlin: Directmedia Publ. 2000 [1927], S. 5150","Wie in politischen Kreisen bekannt ist, hat der oberste Gerichtshof in Boston in den Vereinigten Staaten die Wiederaufnahme des Verfahrens gegen die Arbeiter Sacco und Vanzetti abgelehnt, so daß formal einer Vollstreckung des Todesurteils nichts mehr im Wege steht."
"399","1922-03-23","Zeitung","Tucholsky, Kurt: Herr Adolf Bartels. In: Kurt Tucholsky, Werke - Briefe - Materialien, Berlin: Directmedia Publ. 2000 [1922]","»Erst seit 1740 ist der ostdeutsche Raum im preußischen Staate politisch zu einer höhern Einheit zusammengefaßt worden."
"400","1932-09-08","Zeitung","Archiv der Gegenwart, Bd. 2, 08.09.1932, S. 475 [ff.]. Zit. n. CD-ROM-Ausgabe 2001.","Eine Preiserhöhung des Silbers würde zwar die Kaufkraft Ostasiens fördern, anderseits würde aber der Export des Fernen Ostens durch das Steigen der auf Silberwährung basierenden Preise behindert werden. (L. B. Silber 474 C, Vereinigte Staaten 474 J, Canada 445 J, Weltwirtschaftskonferenz 474 E.)"
"401","1926-03-04","Zeitung","Vossische Zeitung (Abend-Ausgabe), 04.03.1926","Falls die Alliierten diesen Vorschlag annehmen und Deutschland ihn zurückweisen sollte, würden die Vereinigten Staaten wahrscheinlich dem Krieg gegen Deutschland beitreten."
"402","1920-03-06","Zeitung","Vossische Zeitung (Morgen-Ausgabe), 06.03.1920","Wie sich die Staaten und Gemeinden miteinander einigen, ist ihre Sache."
"403","1927-12-31","Wissenschaft","Jahresberichte für deutsche Geschichte, 1927, S. 309","Wenn der Amerikaner Owen in seiner Senatsrede vom 18. Dezember 1923 (Deutsche Übers. 1925;1360) die Schuldfrage vor dem Parlament der Vereinigten Staaten aufwarf, so erfolgte das mit einer im Grunde unhistorischen allgemeinen Verdammung der europäischen Vorkriegspolitik, die so erst aus den Erfahrungen des Weltkrieges heraus zu einer ernsten Macht im Leben der modernen Nationen geworden war."
"404","1918-12-31","Wissenschaft","Weber, Max: Parlament und Regierung im neugeordneten Deutschland. In: Weber, Marianne (Hg.) Gesammelte Politische Schriften, München: Drei Masken Verl. 1921 [1918], S. 249","Antimonarchische Strömungen sind in den süddeutschen Staaten ungleich schwächer vorhanden."
"405","1932-01-28","Zeitung","Archiv der Gegenwart, Bd. 2, 28.01.1932, S. 144 [ff.]. Zit. n. CD-ROM-Ausgabe 2001.","Der Neunmächtevertrag (die genannten Staaten und China, Holland, Portugal) garantiert die Politik der offenen Tür in China sowie die territoriale und administrative Souveränität Chinas auf seinem derzeitigen Gebiete."
"406","1931-12-08","Zeitung","Archiv der Gegenwart, Bd. 1, 08.12.1931, S. 100 [ff.]. Zit. n. CD-ROM-Ausgabe 2001.","Alle diese Verträge sind seither wiederholt auf periodisch abgehaltenen Konferenzen der beteiligten Staaten erneuert worden und stehen -- soweit bekannt ist -- im wesentlichen noch in der gleichen Form in Geltung, die sie ursprünglich erhielten."
"407","1928-09-25","Zeitung","Tucholsky, Kurt: Das zweite Heer. In: ders., Kurt Tucholsky, Werke - Briefe - Materialien, Berlin: Directmedia Publ. 2000 [1928], S. 6226","Ich glaube nur, daß die preußische Polizei ihre Steuergelder nicht für den Bürgerkrieg bekommt, und daß es die unheilvollsten geistigen Wirkungen haben muß, wenn solche Gesinnung von Staats wegen proklamiert wird."
"408","1930-03-01","Zeitung","Berliner Tageblatt (Abend-Ausgabe), 01.03.1930","In den letzten Wochen sind aus diesen Gründen die Emissäre einer Anzahl ausländischer Staaten in Frankreich eingetroffen, die hier französische Finanzkreise für eine Anleihegewährung gewinnen wollen."
"409","1923-12-31","Gebrauchsliteratur","Schultze-Pfaelzer, Gerhard: Propaganda, Agitation, Reklame, Berlin: Stilke 1923, S. 189","Wie er es nämlich auch anstellt, immer treffen ihn Vorwürfe, und es ist eine in allen modernen Staaten wiederkehrende Erfahrung, daß der Regierungsoffiziöse mit der schärfsten Kritik überhäuft und als unfähig hingestellt wird."
"410","1930-12-31","Wissenschaft","Freyer, Hans: Soziologie als Wirklichkeitswissenschaft, Leipzig u. a.: B.G. Teubner 1930, S. 161","Man setzt den Staat mit seiner rechtlich-politischen Form, mit seinen Institutionen, wohl gar mit dem Apparat seiner Behörden gleich und dekretiert: was der Staat nicht schaffe oder ausdrücklich annehme, gehöre ihm auch nicht an (gegen R. von Mohl, S. 74)."
"411","1932-12-06","Zeitung","Archiv der Gegenwart, Bd. 2, 06.12.1932, S. 598 [ff.]. Zit. n. CD-ROM-Ausgabe 2001.","In dem einen wie in dem anderen Fall muß der Vorschlag je nach Beschluß des Kongresses entweder durch die Gesetzgebungen von drei Vierteln (36) aller Staaten oder durch besonders zu wählende ""Conventions"" in drei Vierteln aller Staaten ratifiziert werden. (L. B. Prohibition 591 G, Verfassung 555 B.)"
"412","1932-06-17","Zeitung","Archiv der Gegenwart, Bd. 2, 17.06.1932, S. 375 [ff.]. Zit. n. CD-ROM-Ausgabe 2001.","Die Regierungen der genannten Staaten sind der Ansicht, daß -- um eine ununterbrochene Weiterführung der Konferenz zu ermöglichen -- Reparations- und Kriegsschuldenzahlungen an die an der Konferenz beteiligten Regierungen während der Dauer der Konferenz aufgeschoben werden sollen, jedoch unter dem Vorbehalt der Lösungen, die später gefunden werden."
"413","1929-03-08","Zeitung","Völkischer Beobachter (Berliner Ausgabe), 08.03.1929","Durch den Anschluß des Staates Chihuchua an die revolutionäre Bewegung ist Mexiko-Stadt von allen wichtigen Zentren abgeschlossen ."
"414","1930-03-02","Zeitung","Vossische Zeitung (Sonntags-Ausgabe), 02.03.1930","Mit den Künstlern dem Orchester, einem Teil des Verwaltungspersonals sind Verträge geschlossen, die den preußischen Staat auf Jahre hinaus binden."
"415","1929-12-31","Belletristik","Döblin, Alfred: Berlin Alexanderplatz, Olten: Walter 1961 [1929], S. 92","Da ist der gute Vater Staat, er gängelt dich von früh bis spat."
"416","1932-07-26","Zeitung","Archiv der Gegenwart, Bd. 2, 26.07.1932, S. 423 [ff.]. Zit. n. CD-ROM-Ausgabe 2001.","Louis-San Francisco Bahn, eine der größten Gesellschaften der Staaten, mußte eine durchgreifende Sanierung unter Opfern für Aktionäre und Gläubiger durchführen."
"417","1927-12-06","Zeitung","Tucholsky, Kurt: Auf dem Nachttisch. In: ders., Kurt Tucholsky, Werke - Briefe - Materialien, Berlin: Directmedia Publ. 2000 [1927], S. 5605","Es gibt keine Demokratie - das ist eine Fiktion, »Von allen andern Staaten unterscheidet sich nun der russische dadurch, daß er diese Fiktion aufgibt und seine klassenmäßige Struktur offen zugibt."
"418","1925-12-31","Gebrauchsliteratur","Petersen, Jes: Erde und Mensch, Berlin: Columbus-Verl. [1935] [1925], S. 126","Der Aufschwung, den diese Staaten nehmen, und der zur höchsten geistigen Entfaltung führte, wird für die ganze spätere Entwicklung des Abendlandes von ausschlaggebender Bedeutung."
"419","1918-03-08","Zeitung","Vossische Zeitung (Morgen-Ausgabe), 08.03.1918","Die Vertragschließenden verpflichten sich, möglichst bald nach Abschluß des allgemeinen Friedens zwischen Oesterreich-Ungarn einerseits und den mit ihm zurzeit im Kriege befindlichen europäischen Staaten und den Vereinigten Staaten von Amerika und Japan andererseits in Verhandlungen über den Abschluß eines neuen Handels- und Schiffahrtsvertrages einzutreten."
"420","1932-12-14","Zeitung","Archiv der Gegenwart, Bd. 2, 14.12.1932","Nach einer stürmisch verlaufenen Nachtsitzung vom 13. zum 14. Dezember nahm die Kammer mit 380 gegen 57 Stimmen eine Entschließung an, die die Einberufung einer allgemeinen Kriegsschuldenkonfenz fordert und erklärt, daß die Kammer bereit gewesen wäre, die am 15. Dezember fällige Schuldenrate an die Vereinigten Staaten zu bezahlen, doch unter der Bedingung, daß die Vereinigten Staaten vorher der Einberufung dieser Konferenz zugestimmt hätten."
"421","1920-12-31","Belletristik","Schaeffer, Albrecht: Helianth II, Bonn: Weidle 1995 [1920], S. 658","Ich werde Staat sein, unleugbar, zentrale Figur - Diener - natürlich, das immer im Auge: der erste Diener des Staates - der alte Fritz - ja, der wußte auch nicht, was er tat, als er anno 42 jubelnd nach Mollwitz ritt, bis er denn anno 63 beim Tedeum sitzen konnte und heulen."
"422","1920-12-31","Wissenschaft","Delbrück, Hans: Geschichte der Kriegskunst im Rahmen der politischen Geschichte - Vierter Teil: Neuzeit, Berlin: Directmedia Publ. 2002 [1920], S. 3502","Die Bezeichnung hat sich etwa ein Jahrhundert lang, bis in den 30jährigen Krieg gehalten; dann verschwindet sie, weil der freie, seine Wirkungsstätte wechselnde Söldner in ein mehr dauerndes festes Verhältnis zu einem Staat oder Kriegsherrn trat und nach ihm benannt wurde."
"423","1927-12-31","Gebrauchsliteratur","Welt und Wissen, 1927","Welche Gefahren eine solche Einwanderung birgt, soll hier nicht näher untersucht werden, sicher ist jedenfalls, daß sich eine große Anzahl dunkler Existenzen unter den Geschmuggelten befinden, die die an sich schon große Verbrecherwelt unermeßlich bereichern und so eine große Gefahr für den Staat darstellen."
"424","1928-12-31","Gebrauchsliteratur","Wilamowitz-Moellendorff, Ulrich von: Erinnerungen 1848-1914. In: Simons, Oliver (Hg.) Deutsche Autobiographien 1690-1930, Berlin: Directmedia Publ. 2004 [1928], S. 73842","Die Universität als Lehranstalt muß sich notwendigerweise dem Aufbau ihres Staates einordnen und kann nur gedeihen, wenn sie in allem den Stempel ihres Landes und Volkes trägt."
"425","1928-01-08","Zeitung","Kölnische Volkszeitung und Handelsblatt, 08.01.1928","Ihnen bekannt zu geben, daß die Regierung der französischen Republik geneigt ist, sich der Regierung der Vereinigten Staaten anzuschließen, mit der Zustimmung aller Nationen einen Akt vorzuschlagen, der schon jetzt von Frankreich und den Vereinigten Staaten unterzeichnet würde und nach dessen Bestimmungen die hohen vertragschließenden Teile sich jeden Angriffs krieg versagen und erklären, daß für die Regelung # Konflikte, gleichviel, weicher Art sie sind, die zwischen ihnen entstehen sollten, sie alle friedlichen Mi# anwenden werden."
"426","1924-10-09","Zeitung","Tucholsky, Kurt: Der erste Händedruck. In: Kurt Tucholsky, Werke - Briefe - Materialien, Berlin: Directmedia Publ. 2000 [1924]","Frankreich, das die Trennung von Kirche und Staat zwar praktisch nicht völlig durchgeführt hat, aber im großen ganzen doch als ein Land nach einem siegreich durchgeführten Kulturkampf anzusehen ist - Frankreich ist über die Kardinäle hergefallen, und sieht man von den Parteien ab, die die Kirche dazu benutzen, um monarchistische und reaktionäre Pläne zur Ausführung zu bringen, so steht Rom hier einer geschlossenen republikanischen Truppe gegenüber."
"427","1918-03-08","Zeitung","Vossische Zeitung (Abend-Ausgabe), 08.03.1918","Eine derartige Zustimmung, russisches Gebiet zu besetzen, stünde im Widerspruch zu Amerikas Kriegszielen , wie diese in Wilsons Januarbotschaft als demokratisches Glaubensbekenntnis der Vereinigten Staaten, namentlich auch mit Rücksicht aus Rußland, der Welt verkündet wurden."
"428","1932-12-22","Zeitung","Archiv der Gegenwart, Bd. 2, 22.12.1932, S. 625 [ff.]. Zit. n. CD-ROM-Ausgabe 2001.","-- In seinem Antworttelegramm sagt Hoover, daß er die Wünsche Roosevelts respektiere und daß seine Regierung daher nur laufende Fragen bearbeiten werde ohne die neue Regierung zu bin den. -- Es entfällt daher auch die Bildung einer Sonderkommission des Kongresses, die Hoover vorgeschlagen hatte. (L. B. Kriegsschulden 624 K, Ver. Staaten, Abrüstung Weltwirtschaftskonferenz 622 H, Präsident 555 B.)"
"429","1928-12-31","Wissenschaft","Jahresberichte für deutsche Geschichte, 1928, S. 449","Pöschl wendet sich dort gegen die Auffassung Fickers, als seien die Regalien »der ganze Besitz der Kirchen an irdischen Gütern und Machtmitteln gewesen« und stellt dafür zu Beweis, daß den Reichskirchen gegenüber jener Regalienbegriff zur Anwendung gelangt sei, der als Inbegriff aller »ihrem Wesen nach in den Bereich des Staates als unverlierbarer, unveräußerlicher Bestand gehörenden Größen« im 12. Jahrhundert besonders im Kampfe Friedrichs I. mit den lombardischen Städten ausgebildet worden ist."
"430","1927-03-02","Zeitung","Berliner Tageblatt (Abend-Ausgabe), 02.03.1927","Dazu müssen Mittel bereitgestellt werden: noch besser, Staat und Gemeinden müssen den Schulen das Symbol des neuen Reiches zuweisen und dafür Sorge tragen, daß es in jeder Schule den Platz erhält, der ihm gebührt."
"431","1921-12-31","Gebrauchsliteratur","Baader, Ottilie: Ein steiniger Weg, Lebenserinnerungen einer Sozialistin. In: Simons, Oliver (Hg.) Deutsche Autobiographien 1690-1930, Berlin: Directmedia Publ. 2004 [1921], S. 3279","In den deutschen Staaten, in denen die Vereinsgesetze es gestatteten, waren schon etwa 4000 Genossinnen politisch organisiert."
"432","1932-11-15","Zeitung","Archiv der Gegenwart, Bd. 2, 15.11.1932, S. 561 [ff.]. Zit. n. CD-ROM-Ausgabe 2001.","Die Tragweite des Art. 16, an den auch von anderen Staaten, so von Deutschland und der Schweiz, Vorbehalte geknüpft wurden, war deshalb bisher nicht eindeutig festgestellt.)"
"433","1932-04-07","Zeitung","Archiv der Gegenwart, Bd. 2, 07.04.1932, S. 272 [ff.]. Zit. n. CD-ROM-Ausgabe 2001.","Bisher sei um Mitteleuropa ein politischer Kampf geführt worden, weil sich hier die politischen Interessen von vier großen Staaten kreuzen."
"434","1926-12-31","Belletristik","Traven, B.: Das Totenschiff, Berlin: Büchergilde Gutenberg 1929 [1926], S. 167","Für jene Freiheit, die Pässe und Nationalitätsnachweise der Menschheit aufzwang, um ihr die Allmacht des Staates zu offenbaren."
"435","1922-06-22","Zeitung","Tucholsky, Kurt: Eine neue Wehrpflicht? In: Kurt Tucholsky, Werke - Briefe - Materialien, Berlin: Directmedia Publ. 2000 [1922]","[...] »Die Wehrpflicht überbrückte die Gegensätze der Volksschichten und machte sie gleich vor den Pflichten gegen den Staat.« (Daher mag es wohl kommen, daß Offiziere und Mannschaften, 'Herren' und 'Kerls', beim Essen und auf den stillen Örtlichkeiten - ja, noch im Grabe streng voneinander geschieden waren . . . ) Da spricht der Herr Immanuel, der Angehörige eines Volkes, das Kant, den Verfasser der Schrift 'Vom ewigen Frieden' hervorgebracht hat - von den »Schwarmgeistern des Pazifismus« und stellt angesichts der »sogenannten Siegerstaaten« fest: [...]"
"436","1932-04-07","Zeitung","Archiv der Gegenwart, Bd. 2, 07.04.1932","Ein Vorschlag dieser Art könne daher von den englischen und französischen Staatsmännern nicht ernstlich in Erwägung gezogen oder gar über die verantwortlichen Vertreter der mitteleuropäischen Staaten hinweg zum Beschluß erhoben werden."
"437","1920-12-31","Belletristik","Schaeffer, Albrecht: Helianth II, Bonn: Weidle 1995 [1920], S. 18","So darf ich nun wieder anfangen, an mich selbst zu denken, denn der gute Saint-Georges wartet schon lange ungeduldig mit seiner Geschichte der Vereinigten Staaten, seit ich ihm angeboten habe, ihm die englischen Werke auf deutsch vorzulesen; eine gute Übung für mich."
"438","1931-10-06","Zeitung","Archiv der Gegenwart, Bd. 1, 06.10.1931, S. 45 [ff.]. Zit. n. CD-ROM-Ausgabe 2001.","Sie sind von der Ostküste Japans aufgestiegen und bei Wenatchee im Staate Washington (Nordwestwinkel der Vereinigten Staaten) gelandet. (L. B. 44 D.)"
"439","1927-12-31","Wissenschaft","Jahresberichte für deutsche Geschichte, 1927, S. 598","Eine vermittelnde Natur, in »keinen Parteikäfig gesperrt«, hatte Jagemann Erfolg: sowohl die Wahl von Roos als von Nörber war dem Staate genehm, allerdings nicht den Parteien."
"440","1929-03-06","Zeitung","Berliner Tageblatt (Morgen-Ausgabe), 06.03.1929","Der Staat, welcher durch solche Zuwendungen doch zum Teil entlastet wird, sollte den Gebern dann noch seinerseits eine Auszeichnung in Form eines schönen Ordens zukommen lassen."
"441","1932-05-28","Zeitung","Archiv der Gegenwart, Bd. 2, 28.05.1932, S. 351 [ff.]. Zit. n. CD-ROM-Ausgabe 2001.","Der Staat werde auf die Dauer mit der Sozialversicherung bestimmt nicht fertig werden."
"442","1932-09-09","Zeitung","Archiv der Gegenwart, Bd. 2, 09.09.1932, S. 477 [ff.]. Zit. n. CD-ROM-Ausgabe 2001.","Im Rahmen der Veröffentlichung über die Zahlungsbilanz der Vereinigten Staaten für 1931 weist das amerikanische Handelsamt in Millionen Dollar aus:"
"443","1918-12-31","Belletristik","Stehr, Hermann: Der Heiligenhof, München: List 1952 [1918], S. 450","""In jedem Augenblick, den sie leben, mit jedem Worte, das Männer sprechen, können sie die Revision und Revolution des Staates herbeiführen, dem sie angehören, und zwar einfach dadurch, daß sie selbstlos ihre Interessen fördern, ohne Eitelkeit stolz, ohne Würdelosigkeit bescheiden, ohne Hinterhältigkeit wahr, ohne Berechnung gütig sind, königlich wie ein Kind und einfach wie ein Herrscher, dessen unbestreitbare Macht ihre Hervorkehrung verbietet."
"444","1921-12-31","Belletristik","Kolbenheyer, Erwin Guido: Das Gestirn des Paracelsus, München: J.F. Lehmanns 1964 [1921], S. 352","Allein Ferrara hielt sich, dank der vortrefflichen Artillerie, dem eigentlichen Verdienste des Herzogs Alfonso um seinen Staat."
"445","1932-10-18","Zeitung","Archiv der Gegenwart, Bd. 2, 18.10.1932, S. 525 [ff.]. Zit. n. CD-ROM-Ausgabe 2001.","Das Zentrum bejahe den richtig verstandenen autoritären Staat, doch dürfe er nicht die Deckadresse für Reaktion und Volksstaatverneinung sein."
"446","1931-08-29","Zeitung","Archiv der Gegenwart, Bd. 1, 29.08.1931, S. 15 [ff.]. Zit. n. CD-ROM-Ausgabe 2001.","Zwischen Brasilien und den Vereinigten Staaten wurde ein Tauschgeschäft von 1 Mill."
"447","1924-12-31","Wissenschaft","Eltzbacher, Paul: Deutsches Handelsrecht, Berlin: Simon 1925 [1924], S. 287","Später übernahm der Staat die Ernennung der amtlichen Handelsmakler, ihre Stellung aber blieb unverändert."
"448","1926-12-31","Belletristik","Grimm, Hans: Volk ohne Raum, München: Langen 1932 [1926], S. 332","Die Verwalter des Staates taten ihre Pflicht in den angezeigten Bahnen."
"449","1929-03-06","Zeitung","Berliner Tageblatt (Morgen-Ausgabe), 06.03.1929","Das Reichsministerium für Ernährung und Landwirtschaft hat vor kurzem mit den beteiligten Wirtschaftskreisen und Behörden darüber verhandelt, ob es möglich sei, nach Ablauf des Monats Februar auf die Einfuhrbeschränkung für Gerste, die aus den Vereinigten Staaten von Amerika eingeführt wird, zu verzichten."
"450","1932-09-02","Zeitung","Archiv der Gegenwart, Bd. 2, 02.09.1932","Die wesentlichsten Punkte des Vertrages sind: Japan nimmt die Erklärung der Mandschurei zur Kenntnis, daß sie bestehende Verpflichtungen anerkenne, Japan erkennt den neuen Staat als den Ausdruck des Unabhängigkeitswillens der mandschurischen Bevölkerung an; Japan erklärt die Verteidigung der Mandschurei als ein gemeinsames Interesse beider Staaten (wodurch Japan das Recht erhält, in allen Teilen der Mandschurei Garnisonen zu unterhalten) beide Länder verpflichten sich, die territoriale Souveränität des anderen Vertragspartners zu achten."
"451","1926-03-08","Zeitung","Berliner Tageblatt (Abend-Ausgabe), 08.03.1926","Jetzt stellt sich aber heraus, dass der preussische Staat die Majorität des früheren Kapitals von 4 Millionen Mark nämlich ein Paket von 2,5 Millionen Mark Aktien, nur unter der Bedingung einer gleichzeitigen Uebernahme des Hauptteils der schweizerischen Kontokorrentschulden der Gesellschaft an sich bringen konnte."
"452","1923-12-31","Wissenschaft","Lukács, Georg: Geschichte und Klassenbewußtsein, Neuwied u. a.: Leuchterhand 1970 [1923], S. 399","»Der erste Akt«, sagt Engels, »worin der Staat (die organisierte Gewalt) wirklich als Repräsentant der ganzen Gesellschaft auftritt - die Besitzergreifung der Produktionsmittel im Namen der Gesellschaft - ist zugleich sein letzter selbständiger Akt als Staat ... er stirbt ab ...«"
"453","1926-12-31","Gebrauchsliteratur","Abel, Othenio: Amerikafahrt, Jena: Fischer 1926, S. 2","National Museum in Washington mit den Museen in den Hauptstädten der verschiedenen amerikanischen Staaten und der verschiedenen Hochschulen zu vergleichen und daraus Anwendungen auf die europäischen Verhältnisse zu ziehen."
"454","1918-08-19","Gebrauchsliteratur","Tucholsky, Kurt: An Mary Gerold-Tucholsky, 19.08.1918. In: ders., Kurt Tucholsky, Werke - Briefe - Materialien, Berlin: Directmedia Publ. 2000 [1918], S. 11188","Denn was der Staat bietet - an dem schrecklichen Amerika kann mans sehen: Hotels, Pensionen, Nummern, keine Menschen - -"
"455","1926-12-14","Zeitung","Tucholsky, Kurt: Old Bäumerhand, der Schrecken der Demokratie. In: ders., Kurt Tucholsky, Werke - Briefe - Materialien, Berlin: Directmedia Publ. 2000 [1926], S. 4692","Bei dieser Gelegenheit also erhob sich denn gewöhnlich so eine liberale Gestalt und brachte, meist mit schüchternem Augenaufschlag nach oben und heftigem, vorahnendem Kitzel in der untern Rückengegend, vorsichtige Sprüche von allgemeiner Bedeutung vor; wie etwa: daß zwar einerseits der Staat, aber doch andrerseits auch die Freiheit der Kunst . . . und was man so als Liberaler zu sagen hat."
"456","1925-12-31","Belletristik","Kisch, Egon Erwin: Der rasende Reporter, Berlin: Aufbau-Taschenbuch-Verl. 2001 [1925], S. 238","Mit fünfhundert Burschen, die im Grase lümmeln, Zigaretten rauchen und darauf warten, bis man sie, die Blutvergießen verschuldet und den ganzen, ohnedies verzweifelten Staat in neue Unruhe gestürzt haben, nach Feststellung ihrer Personalien wieder freilassen wird."
"457","1932-08-23","Zeitung","Archiv der Gegenwart, Bd. 2, 23.08.1932, S. 456 [ff.]. Zit. n. CD-ROM-Ausgabe 2001.","Berlin 23,0, London 45,4, Paris 61,3, Brüssel 28,9, Amsterdam 29,2, Stockholm 11,9, Zürich 42,2, Wien 34,1 Prag 51,2, New York 42,6. -- Gesamtindex: 37. (L. B. Vereinigte Staaten 438 D, alle übrigen 406 B.)"
"458","1927-03-02","Zeitung","Vossische Zeitung (Morgen-Ausgabe), 02.03.1927","Präsident Calonder sah sich auf Grund der geschilderten Taktik der polnischen Behörden veranlaßt, außerdem ausdrücklich zu erklären, daß er für den Fall, daß die zuständigen Behörden die gegenwärtige Stellungnahme nicht annehmen würden, den Völkerbundrat bitten müsse, den ganzen Rechtsstreit in seiner nächsten Session zu entscheiden, wie das nicht nur einer dringenden Forderung der Gerechtigkeit gegenüber den beteiligten Eltern und Kindern entspreche, sondern zweifellos auch im wohlverstandenen Interesse des polnischen Staates selbst liege."
"459","1919-12-31","Wissenschaft","Weber, Max: Wissenschaft als Beruf. In: Weber, Marianne (Hg.) Gesammelte Aufsätze zur Wissenschaftslehre, Tübingen: Mohr 1922 [1919], S. 524","Um zu verstehen, worin da die Besonderheit unserer deutschen Verhältnisse besteht, ist es zweckmäßig, vergleichend zu verfahren und sich zu vergegenwärtigen, wie es im Auslande dort aussieht, wo in dieser Hinsicht der schärfste Gegensatz gegen uns besteht: in den Vereinigten Staaten."
"460","1918-03-18","Zeitung","Berliner Tageblatt (Montags-Ausgabe), 18.03.1918","In dem jetzt vorliegenden ausführlichen Text der Erklärung des Kriegshandelsamts der Vereinigten Staaten über den deutschen U-Boot-Krieg weist das Kriegshandelsamt der Vereinigten Staaten darauf hin, daß die wiederholte Vernichtung neutraler dänischer Schiffe auf der Reise zwischen Dänemark und Island außerhalb der Kriegszone, sowie die vielfachen ""Irrtümer"", denen niederländische und andere neutrale Schiffe in den engen Fahrtrinnen durch das Sperrgebiet zum Opfer gefallen seien, die Richtigkeit seiner Erklärung über die Absichten, die Deutschland mit dem U-Boot-Krieg verfolge, erweise."
"461","1932-10-04","Zeitung","Archiv der Gegenwart, Bd. 2, 04.10.1932, S. 510 [ff.]. Zit. n. CD-ROM-Ausgabe 2001.","Im ersten Halbjahr 1932 (1931) stellte sich die deutsche Einfuhr aus den Vereinigten Staaten auf 317 (483) Mill."
"462","1928-04-05","Zeitung","Vossische Zeitung (Morgen-Ausgabe), 05.04.1928","Vor allem polemisiert sie gegen ihn als den Exponenten des Unitarisierungsstrebens . Schließlich versucht sie, ihre Wähler dadurch scharf zu machen, daß sie etwas verächtlich von ""Import fühlt habe, dem Staate Bayern die Stellung im Deutschen Reiche zu erkämpfen und zu sichern, die er in Anspruch nehmen dürfe."
"463","1927-12-31","Wissenschaft","Jahresberichte für deutsche Geschichte, 1927, S. 491","Das Ideal des ständischen Staates findet nun in Ostfriesland seine reinste Verkörperung."
"464","1918-12-31","Gebrauchsliteratur","Schlipf, Johann Adam: Schlipfs populäres Handbuch der Landwirtschaft, Berlin: Parey 1918, S. 461","Der Staat braucht Pferde, und für den Kriegsfall dürfen wir um keinen Preis rückständig in dieser Beziehung sein."
"465","1928-12-31","Gebrauchsliteratur","Wilamowitz-Moellendorff, Ulrich von: Erinnerungen 1848-1914. In: Simons, Oliver (Hg.) Deutsche Autobiographien 1690-1930, Berlin: Directmedia Publ. 2004 [1928], S. 73828","Ich hatte in Oxford die englischen Kollegen gebeten, es möchten recht viele zu uns kommen, auch um für Verständigung zwischen unsern Staaten zu demonstrieren."
"466","1931-11-17","Zeitung","Archiv der Gegenwart, Bd. 1, 17.11.1931","Staatssekretär Stimson teilte mit, daß er keinerlei Erklärung zu der Frage abgegeben habe, ob die Vereinigten Staaten an einem Wirtschaftsboykott oder an einem Abbruch der diplomatischen Beziehungen teilnehmen würden falls die Japaner in der Mandschurei blieben."
"467","1927-12-31","Gebrauchsliteratur","Welt und Wissen, 1927, Nr. 2, Bd. 16","Es gibt keinen Staat, der dazu legitimiert wäre, einen Paß auszustellen."
"468","1926-03-04","Zeitung","Berliner Tageblatt (Abend-Ausgabe), 04.03.1926","Im September wird Nintschitsch nach dem zwischen den Staaten der kleinen Entente vereinbarten Turnus im Rat die Stelle von Benesch erhalten."
"469","1928-01-08","Zeitung","Kölnische Volkszeitung und Handelsblatt, 08.01.1928","Die Art, in welcher man am Quai d'Orsan den amerikanischen Vorschlag aufsaßt, bildet eine geschickte Fortsetzung der allgemeinen französischen Politik den Vereinigten Staaten gegenüber, die, seitdem die Amerikaner den Versailler Friedensvertrag nicht unterzeichnet haben, konsequent darauf hinauslief, in irgendeiner Weise die Vereinigten Staaten als Garanten der neuen europäischen Ordnung heranzuziehen."
"470","1931-09-23","Zeitung","Archiv der Gegenwart, Bd. 1, 23.09.1931, S. 34 [ff.]. Zit. n. CD-ROM-Ausgabe 2001.","Die Regierung der Vereinigten Staaten hat dem Völkerbund mitgeteilt, daß sie im Augenblick an der Untersuchung der Angelegenheiten in der Mandschurei nicht teilnehmen könnte."
"471","1925-03-06","Zeitung","Berliner Tageblatt (Abend-Ausgabe), 06.03.1925","Als zweiter ausländischer Staat nach Frankreich wird sich nunmehr auch England in München durch einen Gesandten vertreten lassen."
"472","1930-12-31","Wissenschaft","Freyer, Hans: Soziologie als Wirklichkeitswissenschaft, Leipzig u. a.: B.G. Teubner 1930, S. 94","Denn der Staat ist ""wie der Begriff der Persönlichkeit ... zunächst ein reiner Begriff""."
"473","1928-12-31","Wissenschaft","Jahresberichte für deutsche Geschichte, 1928, S. 464","Abschließend zu unserem Werke sei hier noch festgestellt, daß, wie eine in ihm mitgeteilte preußische Kabinetsordre von 1827 ausdrücklich auf militärkirchenrechtliche Vorschriften katholisch regierter Staaten bezugnimmt, so ein letztes Urteil über Preußens Verfahren gerechterweise nur in Berücksichtigung der allgemeinen staatskirchlichen Grundhaltung eines großen Teils des neunzehnten Jahrhunderts und namentlich mit ständiger rechtsvergleichender Bezugnahme auf die in anderen Ländern jeweils geübte Praxis erfolgen dürfte."
"474","1928-12-31","Wissenschaft","Jahresberichte für deutsche Geschichte, 1928, S. 403","(sic!) In vier Abschnitten geht er die theoretischen Grundlagen und die Entwicklung der Partei bis zur Gegenwart durch und kommt dann zu dem Ergebnis, daß die Sozialdemokratie in der Praxis den Wert des Staats erkannt habe, in der Theorie aber nicht über den Standpunkt des kommunistischen Manifests hinausgekommen sei."
"475","1926-03-05","Zeitung","Berliner Tageblatt (Morgen-Ausgabe), 05.03.1926","Daftre , daß auch im alten Staate vieles nicht in Ordnung war, brauche man nur an den Namen Holstein zu erinnern."
"476","1932-12-19","Zeitung","Archiv der Gegenwart, Bd. 2, 19.12.1932, S. 617 [ff.]. Zit. n. CD-ROM-Ausgabe 2001.","Bis zum 1. Juli 1931 hatte Frankreich an die Vereinigten Staaten 226 Mill."
"477","1927-12-31","Gebrauchsliteratur","Ostwald, Wilhelm: Lebenslinien. Eine Selbstbiographie, 3 Teile. In: Simons, Oliver (Hg.), Deutsche Autobiographien 1690 - 1930, Berlin: Directmedia Publ. 2004 [1927], S. 50812","Um die Mitte des Januar 1906 endeten meine Lehrverpflichtungen an der Harvard-Universität, doch nicht mein Aufenthalt in den Vereinigten Staaten."
"478","1926-03-08","Zeitung","Berliner Tageblatt (Abend-Ausgabe), 08.03.1926","Die grosse Anleihe, die dem polnischen Staat von dem amerikanischen Konsortium unter Führung der Bankers Trust Company gegeben werden soll, wird auch ausser in Amerika in England und in der Schweiz zur Auflegung gelangen."
"479","1932-02-27","Zeitung","Archiv der Gegenwart, Bd. 2, 27.02.1932, S. 192 [ff.]. Zit. n. CD-ROM-Ausgabe 2001.","Dagegen müßten die Verteilung und der Großhandel dem Staat überlassen werden, nicht aber der Kleinhandel."
"480","1932-09-01","gesprochen","o.A., Kundgebung der NSDAP im Berliner Sportpalast, 01.09.1932","Der Staat war damals innerlich nicht auf einer Auffassungsebene begründet, sondern auf einer ganzen Reihe von Auffassungsbasen."
"481","1931-10-23","Zeitung","Archiv der Gegenwart, Bd. 1, 23.10.1931, S. 60 [ff.]. Zit. n. CD-ROM-Ausgabe 2001.","Die Kriegsschulden seien nur zusammen mit den Reparationen zu streichen. (L. B. Versailles 48 C, Ostgrenzen 41 A, Ministerbesuch, Vereinigte Staaten 33 J, Frankreich 46 K.)"
"482","1929-03-02","Zeitung","Völkischer Beobachter (Reichsausgabe), 02.03.1929","Wann und wie er durch den Zusammenschluß aller Deutschen verwirklicht wird, können wir heute weniger als je vorausbestimmen, denn in einem weit größeren Umfang als jemals in unserer Vergangenheit sind Teile der Nation unter die Herrschaft fremder Staaten gelangt, die sich in die deutschen Dinge mengen und sie beeinflussen."
"483","1927-12-31","Gebrauchsliteratur","Ostwald, Wilhelm: Lebenslinien. Eine Selbstbiographie, 3 Teile. In: Simons, Oliver (Hg.), Deutsche Autobiographien 1690 - 1930, Berlin: Directmedia Publ. 2004 [1927], S. 50763","Denn der Einfluß der Kirche war und ist in den Vereinigten Staaten außerordentlich groß, obwohl er nicht, wie vielfach in Europa durch die Organe des Staates unterstützt wird."
"484","1931-10-21","Zeitung","Archiv der Gegenwart, Bd. 1, 21.10.1931, S. 59 [ff.]. Zit. n. CD-ROM-Ausgabe 2001.","Die gesamten Einlagen der Kommerz-Banken in den Vereinigten Staaten belaufen sich auf 50 Milliarden Dollar."
"485","1926-03-23","Zeitung","Tucholsky, Kurt: Das Recht des Fremden. In: Kurt Tucholsky, Werke - Briefe - Materialien, Berlin: Directmedia Publ. 2000 [1926]","Die Staaten, verschuldet, ausgehalten, geduldet von der Hochfinanz und vom heimischen Unternehmertum, in ihrer Existenz nur möglich durch Zollbarrieren; die Staaten, deren Grenzen keine Rassen umschließen, ja, nicht einmal mehr feste Wirtschaftsgebiete - die Staaten spielen gern: mittelalterliche Burg, Vaterland, Heimat."
"486","1919-12-31","Wissenschaft","Weber, Max: Die Wirtschaftsethik der Weltreligionen. In: Weber, Marianne (Hg.), Gesammelte Aufsätze zur Religionssoziologie, Bd. I, Tübingen: Mohr 1920 [1916-1919], S. 338","Dennoch war zuweilen auch die Geldwirtschaft des Staats daneben, zum mindesten unter der Han-Dynastie, um den Beginn unserer Zeitrechnung, schon weit vorgeschritten, wie die Urkunden zeigen."
"487","1932-04-10","Zeitung","Archiv der Gegenwart, Bd. 2, 10.04.1932, S. 280 [ff.]. Zit. n. CD-ROM-Ausgabe 2001.","Mark England 70 "" "" Holland 47 "" "" Vereinigte Staaten 36 "" "" Schweden 16 "" """
"488","1920-03-07","Zeitung","Berliner Tageblatt (Morgen-Ausgabe), 07.03.1920","Sicher ist, daß diese Unternehmungen - und das trifft natürlich für alle Unternehmungen im Reiche zu - unter diesen finanziellen Nöten des Staates sehr zu leiden haben."
"489","1918-12-31","Wissenschaft","Spengler, Oswald: Der Untergang des Abendlandes, München: Beck 1929 [1918], S. 177","Der Staat ist die innere Form, das ""In-Formsein"" einer Nation, und Geschichte im großen Sinne ist dieser Staat nicht als Bewegtes, sondern als Bewegung gedacht."
"490","1932-08-09","Zeitung","Archiv der Gegenwart, Bd. 2, 09.08.1932, S. 439 [ff.]. Zit. n. CD-ROM-Ausgabe 2001.","Der Nichtangriffspakt und das Schiedsgerichtsabkommen zwischen diesen beiden Staaten ist durch Austausch der Ratifikationsurkunden in Kraft getreten. (L. B. Finnland 137 G, Rußland 439 F.)"
"491","1918-03-06","Zeitung","Berliner Tageblatt (Abend-Ausgabe), 06.03.1918","Die in Artikel III Absatz 2 des politischen Hauptvertrages enthaltene Bestimmung, dass den aus dem russischen Staatsverband ""ausgeschiedenen Gebieten aus der ehemaligen Zugehörigkeit zu Russland keinerlei Verpflichtungen gegenüber Russland erwachsen sollen"", kann wohl kaum dahin ausgelegt werden, dass diese Staaten von der Verpflichtung frei sein sollen, Teile der russischen Staatsschuld wenigstens den ausländischen Gläubigern gegenüber zu übernehmen."
"492","1920-12-31","Wissenschaft","Weber, Max: Die Wirtschaftsethik der Weltreligionen. In: Weber, Marianne (Hg.) Gesammelte Aufsätze zur Religionssoziologie, Bd. III, Tübingen: Mohr 1921 [1920-1921], S. 32","Die »Großen« des prophetischen Zeitalters sind also ebenfalls jene Sippen, die in Waffen geübte, voll gepanzerte und ausgerüstete Krieger stellten, und demgemäß auch die Politik des Staates entschieden, weil sie Gerichte und Ämter in der Hand hatten."
"493","1929-08-13","Zeitung","Tucholsky, Kurt: Für Joseph Matthes. In: Kurt Tucholsky, Werke - Briefe - Materialien, Berlin: Directmedia Publ. 2000 [1929]","Es muß aber den Staatskulis gesagt werden, daß ihr Staat halb so wichtig ist, wie sie sich einbilden."
"494","1923-12-31","Wissenschaft","Lukács, Georg: Geschichte und Klassenbewußtsein, Neuwied u. a.: Leuchterhand 1970 [1923], S. 405","Diese Befreiung vollzieht sich zunächst in der Form von faktischen Auflehnungen gegen die drückendsten Erscheinungen der kapitalistischen Wirtschaftsordnung und ihres Staates."
"495","1918-12-31","Wissenschaft","Weber, Max: Parlament und Regierung im neugeordneten Deutschland. In: Weber, Marianne (Hg.) Gesammelte Politische Schriften, München: Drei Masken Verl. 1921 [1918], S. 244","Der föderalistische Einfluß der nichtpreußischen Staaten wäre ausgeschaltet. -"
"496","1920-12-31","Wissenschaft","Weber, Max: Die Wirtschaftsethik der Weltreligionen. In: Weber, Marianne (Hg.) Gesammelte Aufsätze zur Religionssoziologie, Bd. II, Tübingen: Mohr 1921 [1920-1921], S. 78","Eine dem Dorf gehörige »Mark« außerhalb der Feldmark existiert dann heute nicht, sie gehört dem Staat, der allein das Recht der Besiedelung vergeben kann."
"497","1932-03-02","Zeitung","Berliner Tageblatt (Morgen-Ausgabe), 02.03.1932","Wenn die zahlenmässig stärkste Gruppe der unterdessen bereits in Kündigung begriffenen ""Harzburger Front"" nichts anderes beabsichtigt, als zunächst einmal Mitläufer auf dem Wege zur Macht zu bekommen, um nachher gegen die eigenen Weggenossen nicht nur das Majoritäts-, sondern auch das Gewaltprinzip spielen zu lassen und den Staat parteipolitisch zu beschlagnahmen, dann muss Herr Hugenberg , muss Herr Duesterberg, müssen die anderen ""Alliierten und Assoziierten"" dieser Front wissen, ob und wie sie sich mit derartigen Methoden abfinden."
"498","1932-03-01","Zeitung","Völkischer Beobachter (Reichsausgabe), 01.03.1932","Im Mittelpunkt des kommenden deutschen Staates steht der deutsche Mensch, steht das deutsche Volk, dessen Lebenswille sich unter Berücksichtigung wirtschaftlicher Tatsachen und Notwendigkeiten eine Wirtschaftsform geben muß, die für alle Schaffenden eine sichere Existenzgrundlage sein wird, und ein Mittel ist, den Bestand der Nation auch nach außen hin zu garantieren."
"499","1927-03-04","Zeitung","Vossische Zeitung (Morgen-Ausgabe), 04.03.1927","Die Tatsache an sich ist bedauerlich, wie sie es überall ist, wo der Einfluß der Großmächte sich hinter die kleineren Staaten steckt und das staatliche Eigenleben verhindert."
"500","1920-12-31","Wissenschaft","Delbrück, Hans: Geschichte der Kriegskunst im Rahmen der politischen Geschichte - Erster Teil: Das Altertum, Berlin: Directmedia Publ. 2002 [1920], S. 339","Daß die Sklaven in andern griechischen Staaten zum Ruderdienst verwandt wurden, ist mehrfach bezeugt."
