"No.","Date","Genre","Bibl","Hit"
"1","1951-03-29","Zeitung","Die Zeit, 29.03.1951","Als sich nämlich der Eröffnungstag näherte und Osthoff aufgefordert wurde, die ausbedungene Mietvorauszahlung an den Hamburger Staat zu leisten, stellte sich heraus, daß an den 100000 Mark 35000 fehlten."
"2","1949-09-29","Zeitung","Die Zeit, 29.09.1949","A uch jenen Mühseligen und Beladenen"" unter V dn Deutschen, die noch immer in Lagern oder Gefängnissen auf die Entscheidung ihres Schicksals warten, gewährt die Errichtung des neuen deutschen Staates gewisse Hoffnungen auf ein gerechtes Urteil."
"3","1967-10-27","Zeitung","Die Zeit, 27.10.1967","Technologische Notwendigkeiten und nicht etwa ideologische oder politische Winkelzüge zwingen die Firma, die Hilfe und den Schutz des Staates zu suchen."
"4","1951-02-15","Zeitung","Die Zeit, 15.02.1951","An ihn soll hier erinnert werden, weil er damit abschloß, daß das höchste Gericht der Vereinigten Staaten sich für unzuständig erklärte, eine Revision zu behandeln, und kurze Zeit darauf sämtliche Verurteilten entlassen wurden."
"5","1946-03-21","Zeitung","Die Zeit, 21.03.1946","England hat während des Krieges etwa die Hälfte seiner Tankertonnage verloren und auch die Einbußen der Vereinigten Staaten waren groß."
"6","1959-03-20","Zeitung","Die Zeit, 20.03.1959","Der amerikanische Romancier und Dramatiker William Saroyan (""Menschliche Komödie"") hat die Vereinigten Staaten verlassen und wird frühestens dann zurückkehren, wenn er in Europa: genügend Geld verdient hat, um seine dreißigtausend Dollar Steuerrückstände zu bezahlen."
"7","1963-04-19","Zeitung","Die Zeit, 19.04.1963","Aber soweit die Atomgegner eine ehrliche politische Überzeugung vertreten und die Gesetze des Staates achten, hat dieser Staat kein Recht, Demonstrationen zu untersagen."
"8","1965-05-07","Zeitung","Die Zeit, 07.05.1965","Auf lange Sicht muß das Wohlstandsgefälle zwischen Nord und Süd, in dem so viel politisches und soziales Dynamit liegt, ausgeglichen werden, Das ist nur dadurch zu erreichen, daß die Bundesrepublik und die anderen hochindustrialisierten Staaten darauf verzichten, ihr Wirtschaftspotential durch geborgte Arbeitskraft immer mehr zu verstärken."
"9","1962-03-23","Zeitung","Die Zeit, 23.03.1962","Nun ist es richtig, daß Staat und Gesellschaft den Fachmann außerordentlich nötig haben, sei. er Empiriker oder wissenschaftlich ausgebildeter Praktiker oder ganz ausschließlich seinen Forschungen hingegebener Wissenschaftler."
"10","1948-01-22","Zeitung","Die Zeit, 22.01.1948","Hohe Steuerforderungen im Budget der Vereinigten Staaten"
"11","1957-10-24","Zeitung","Die Zeit, 24.10.1957","Es ist jedoch nicht zu verkennen, daß Schuldner von Altspareransprüchen nicht die Lebensversicherung, sondern der Staat ist."
"12","1952-12-18","Zeitung","Die Zeit, 18.12.1952","2. durch Eingriffe des Staates in den internationalen Marktzusammenhang: auch diese Entwicklung ist grundsätzlich als Gefahr erkannt, doch sind die Ansätze, sie anzuhalten oder möglichst umzukehren, um vieles schwächer als im nationalen Bereich (Havanna-Charta!)."
"13","1949-07-21","Zeitung","Die Zeit, 21.07.1949","Ihr Handel würde durch diesen Wettbewerb nicht betroffen werden, wohl aber die einheimischen Industrien in den meisten Staaten, und an deren Widerspruch scheitert ein größerer Warenverkehr im Rahmen der Vorkriegszeit."
"14","1962-02-09","Zeitung","Die Zeit, 09.02.1962","Heute sind 2000 Firmen und mehr als 6000 einzelne Angestellte Mitglied der DGK, die damit das größte vom Staat und den großen Verbänden unabhängige private Sozialwerk darstellt."
"15","1969-08-29","Zeitung","Die Zeit, 29.08.1969","Die Vereinigten Staaten machen gar keinen Hehl daraus, daß ihr nationales Interesse der Maßstab ihrer Bündnisverpflichtungen ist."
"16","1960-03-04","Zeitung","Die Zeit, 04.03.1960","Denn hier wird er, der alte, aufrechte Demokrat und erste Diener des Staates auf dem Präsidentenstuhl, der das-Tor der Demokratie für die Jugend weit aufmachen möchte, entdecken, daß andere Diener des Staates es den Jungen vor der Nase wieder zuschlagen."
"17","1966-10-28","Zeitung","Die Zeit, 28.10.1966","Dennoch ist es der sowjetischen Führung nicht gelungen, die acht bei der Konferenz vertretenen kommunistischen Staaten auf den Moskauer Standpunkt zu vergattern."
"18","1963-05-31","Zeitung","Die Zeit, 31.05.1963","So gut sich ein Versuch zur Selbstbeschränkung macht in dem Augenblick, da man nach der Hilfe des Staates ruft - die Erfahrungen, die man in der Seeschiffahrt mit dem Versuch gemacht hat, einen Tanker- und Tramppool zu bilden, lassen wenig Raum für optimistische Prognosen."
"19","1948-06-03","Zeitung","Die Zeit, 03.06.1948","Die Vereinigten Staaten dagegen, die im Kriege nur eine begrenzte Expansion auf dem Südafrikanischen Markte vornehmen konnten, haben sich seitdem sehr durchsetzen können."
"20","1954-07-08","Zeitung","Die Zeit, 08.07.1954","Dann wird der Staat mit 4%igen Bundesschuldverschreibungen (mit zehnjähriger Laufzeit) zahlen; die Papiere können zur Abstattung verschiedener Steuern verwendet werden."
"21","1969-12-19","Zeitung","Die Zeit, 19.12.1969","Basis des französischen Vorschlags soll die UNO-Resolution vom 22. November 1967 sein, in der unter anderem der Abzug der israelischen Streitkräfte aus den besetzten Gebieten und die Anerkennung des Existenzrechtes aller Staaten im Nahen Osten gefordert wird."
"22","1964-08-07","Zeitung","Die Zeit, 07.08.1964","Ob eigentlich die deutschen Gaullisten wissen, daß in dem von de Gaulle herbeigesehnten Jahr 1966, (dem Jahr, in dem ausreichend Mirages IV zur Verfügung stehen,) die Explosivkraft der französischen force de frappe sich zu der Atommacht der Vereinigten Staaten etwa wie 3 zu 3000 verhält? Dff"
"23","1968-11-22","Zeitung","Die Zeit, 22.11.1968","Wird die bisherige Finanzpolitik der Großen Koalition fortgesetzt, so bleibt nichts anderes übrig, als die Steuerschraube immer fester anzuziehen und dem Staat einen immer weiter wachsenden Anteil am Bruttosozialprodukt in die Hand zu geben."
"24","1952-07-03","Zeitung","Die Zeit, 03.07.1952","Das merkwürdige Phänomen des bürgerlichen Gehorsams ruht, in unserer Zeit, auf der Illusion der Staatsbürger, sie selbst seien der Staat, während sie in Wirklichkeit diejenigen sind, die dem Staat, der befiehlt, zu gehorchen haben, also etwas ganz anderes als der Staat."
"25","1965-11-05","Zeitung","Die Zeit, 05.11.1965","32 Außenminister von 65 eingeladenen Staaten und Exilregierungen haben die Konferenz ""auf unbestimmte Zeit"" vertagt, nachdem China und einige andere abgesagt hatten."
"26","1966-10-07","Zeitung","Die Zeit, 07.10.1966","Die in Vietnam kämpfenden Mächte haben die Genfer Abkommen, die die Einhaltung minimaler menschlicher Regeln im Kriegsfalle erstreben, unterzeichnet: Südvietnam 1953, die Vereinigten Staaten 1955, Nordvietnam 1957."
"27","1960-09-02","Zeitung","Die Zeit, 02.09.1960","Nur durch die Anerkennung der Oder-Neiße-Linie seitens der Bundesrepublik und seitens des noch nicht vorhandenen künftigen neutralen Staates Ostdeutschland würde die gute Nachbarschaft mit Polen (zum Leidwesen Rußlands) erreicht werden."
"28","1961-12-15","Zeitung","Die Zeit, 15.12.1961","Wie Minor S. Jameson jr., ein Vorstandsmitglied der IPAA, vor kurzem der Presse mitteilte, sind die laufenden Bestände an Erdöl und Erdölprodukten in den Vereinigten Staaten derzeit um rund 30 Millionen Barrels (Faß) höher als zur gleichen Zeit des Vorjahres."
"29","1956-02-02","Zeitung","Die Zeit, 02.02.1956","Die Grundkonzeption ist evident politisch - worauf übrigens auch schon die in den Text eingebauten Versicherungen, die UdSSR werde nunmehr alle kapitalistischen Staaten in punkto Produktion überholen und u. a. an der Spitze der atomaren Industrie marschieren, hinweisen."
"30","1969-08-29","Zeitung","Die Zeit, 29.08.1969","Indessen wurden sich die 14 Staaten laut Kommuniquéeinig, daß die israelisch besetzten Gebiete nur durch Gewalt befreit werden könnten."
"31","1946-07-04","Zeitung","Die Zeit, 04.07.1946","Damit verlor das Bürgertum die Freiheit gegenüber den Trägern der öffentlichen Macht, der ""Obrigkeit"", zugleich jedoch wehrte es um so eifriger den Massen, die in den Staat und damit in die Macht drängten, war doch die Macht im Staate, die Politik das Schicksal geworden."
"32","1967-08-04","Zeitung","Die Zeit, 04.08.1967","Der amerikanische Negerschriftsteller James Baldwin, bei uns vor allem durch seine Romane (""Eine andere Welt"", ""Giovannis Zimmer"", ""Gehe hin und verkünde es vom Berge"") bekannt, nannte den härtesten seiner Essays zum Rassenkonflikt in den Vereinigten Staaten ""The Fire Next Time"" - das nächste Mal Feuer."
"33","1960-08-26","Zeitung","Die Zeit, 26.08.1960","Man kaufe sich die Regensburger Domspatzen in der Diskothek zu Bonn und eine Posaune, auf der man in den Staaten hervorblasen kann die kostbare, köstliche, teure Zeit in Old Germany, das sich so frisch herausgeputzt hat, als wäre es gerade erst erfunden worden."
"34","1953-04-23","Zeitung","Die Zeit, 23.04.1953","Warum der Staat die Filmproduktion unterstützt"
"35","1969-04-18","Zeitung","Die Zeit, 18.04.1969","Hierin unterscheiden sie sich nicht im geringsten von anderen Staaten."
"36","1959-12-18","Zeitung","Die Zeit, 18.12.1959","Im Staat Virginia, der noch heute seines traditionsreichen Lebens wegen gerühmt wird, soll das Weihnachtsessen mit einer feinen Krabbensuppe anfangen."
"37","1957-09-19","Zeitung","Die Zeit, 19.09.1957","Das kann freilich nicht darüber hinwegtäuschen, welche Interessen er verfolgt: die Interessen des ihn bezahlenden niederländischen Staates natürlich."
"38","1967-12-22","Zeitung","Die Zeit, 22.12.1967","Während der Depression durchzieht ein kriminelles Pärchen (Warren Beatty und Faye Dunaway), später begleitet von Freunden und Verwandten, mehrere Staaten der USA, raubt, tötet und wird getötet."
"39","1960-12-02","Zeitung","Die Zeit, 02.12.1960","Von totalitären Staaten östlicher Provenienz geht nicht nur Bedrohung, sondern auch Öde und kleinbürgerlicher Muff aus."
"40","1950-10-05","Zeitung","Die Zeit, 05.10.1950","Die Verhandlungen zwischen rotchinesischen und tibetanischen Delegierten über ein Abkommen zwischen beiden Staaten wurden in Neu-Delhi ergebnislos abgebrochen."
"41","1968-05-24","Zeitung","Die Zeit, 24.05.1968","""Die Geschichte beweist"", doziert er mit erhobener Stimme, ""daß solche Staaten nicht ewig sind."""
"42","1946-10-03","Zeitung","Die Zeit, 03.10.1946","""Kein Staat der Welt ist bereit gewesen, eine fremde Gerichtsbarkeit über die Frage anzunehmen, ob seine Entschlüsse in der letzten Existenzfrage berechtigt waren oder nicht."""
"43","1962-11-09","Zeitung","Die Zeit, 09.11.1962","Dieses deutschen Staates, der mehr ist als eine grandiose Klüngelei mit dem Firmenschild CDU/CSU und FDP."
"44","1961-12-08","Zeitung","Die Zeit, 08.12.1961","""Der Staat Israel"", so expliziert uns eine neues Buch, ""liegt am Mittelmeer, und zwar derart, daß man von jedem beliebigen Punkt des Landesinnern in einer halben Stunde entweder ans Meer oder in arabische Gefangenschaft kommt."""
"45","1957-12-19","Zeitung","Die Zeit, 19.12.1957","In der augenblicklichen und gewiß noch lange andauernden Lage der europäischen Arbeitsmärkte dient diese Regelung beiden Staaten, dem italienischen, der unter dem Druck von mehr als anderthalb Millionen Erwerbslosen steht, und dem deutschen, dessen Produktionskapazitäten gegenwärtig mangels geschulter Arbeitskraftreserven nicht voll ausgeschöpft werden können."
"46","1965-10-01","Zeitung","Die Zeit, 01.10.1965","So hat sich die Fluggesellschaft des Staates Elfenbeinküste bereits erboten, einen direkten Touristen-Liniendienst zwischen Hamburg-Paris-Madrid und Abidschan (Elfenbeinküste) einzurichten."
"47","1965-09-17","Zeitung","Die Zeit, 17.09.1965","Großbritannien ist dazu im Augenblick wohl wirtschaftlich zu schwach, außerdem (wie die meisten EFTA- - Staaten) politisch nicht ohne weiteres bereit."
"48","1969-12-19","Zeitung","Die Zeit, 19.12.1969","Ein Gespenst geht rund um den Erdball, das Gespenst der Gewalt: Vietnam, die Vereinigten Staaten, Brasilien liegen an seinem Weg - Mord, Entführung, Terror, Bombenanschläge auf israelische und arabische Reisebüros, auf italienische Banken und Berliner Richter sind die Spuren, die es hinterläßt."
"49","1969-12-19","Zeitung","Die Zeit, 19.12.1969","In Everett entstand neben dem früheren Militärflugplatz Paine Field etwa 50 Kilometer Nördlich von Seatle knapp vor der kanadischen Grenze im äußersten Nordwesten der Vereinigten Staaten die Montagehalle, nach Rauminhalt gemessen das größte Gebäude der Welt."
"50","1950-12-14","Zeitung","Die Zeit, 14.12.1950","Von den 30 Staaten Asiens sind einschließlich Rußlands nur 18 Staaten Mitglieder der UNO."
"51","1951-09-13","Zeitung","Die Zeit, 13.09.1951","Wie im Vorjahr, so haben auch jetzt wieder befreundete ausländische Staaten durch besonderes Entgegenkommen eine Ausnahme von der Regel gemacht, daß jedes Mitgliedsland des Internationalen Automobilverbandes nur einmal im Jahr eine derartige Ausstellung haben darf."
"52","1968-05-03","Zeitung","Die Zeit, 03.05.1968","""Aktivere Strukturpolitik des Staates"" - ja, damit auf Kosten der Werktätigen ""unvermeidliche Strukturwandlungen vollzogen werden, die von Privatunternehmern nicht aufgebracht werden können""."
"53","1967-09-01","Zeitung","Die Zeit, 01.09.1967","Nur wenn, was der Mensch ist und will, in den Staat selber eingeht, stellen Mensch und Staat in dem, was ihre Würde ausmacht, sich rein dar."
"54","1961-12-29","Zeitung","Die Zeit, 29.12.1961","In den Vereinigten Staaten bestehe eine starke und immer noch stärker werdende liberale Bewegung, die jede faschistische Rechtstendenz besiegen könne."
"55","1948-08-26","Zeitung","Die Zeit, 26.08.1948","Nachdem aber die rund 560 Fürstenstaaten in den neugebildeten indischen Dominien aufgegangen sind, ist es für Neu Delhi zu einer Art Prestigefrage geworden, auch die beiden letzten und größten Staaten, Kaschmir und Haiderabad, zum Anschluß zu zwingen."
"56","1959-04-10","Zeitung","Die Zeit, 10.04.1959","""Als fester Punkt"" kristallisiert sich ferner ""die Tatsache heraus, daß die SPD die DDR als selbständigen Staat anerkennt, Gespräche zwischen den beiden Regierungen befürwortet und für eine gemeinsame Ausarbeitung von Maßnahmen eintritt, die eine Annäherung der beiden Staaten erleichtern""."
"57","1967-02-24","Zeitung","Die Zeit, 24.02.1967","Seitdem versucht er, in Familie und Staat sein Image und die Herakles-Ideologie abzubauen."
"58","1950-08-31","Zeitung","Die Zeit, 31.08.1950","Mehr als 273 Millionen Menschen in 75 Staaten hätten bisher das Stockholmer ""Friedensdokument"" unterzeichnet, schreibt die Prawda, und da Kinder dies Ächtungsmanifest der Atombombe nicht unterschreiben durften, müßte man rechnen, daß die 273 Millionen Unterschriften für 600 Millionen stünden: den vierten Teil der Menschheit."
"59","1963-12-06","Zeitung","Die Zeit, 06.12.1963","Der Autor identifiziert sich weder mit der Regierung noch mit der Opposition, sondern mit dem Staat."
"60","1965-03-19","Zeitung","Die Zeit, 19.03.1965","Er bewunderte den deutschen Geist und gönnte den Deutschen, daß sie in einem Staate zusammenkämen."
"61","1957-06-27","Zeitung","Die Zeit, 27.06.1957","Wollt ihr die Erziehung bauen helfen, und zwar sorgfältiger, als es je dem Staate gelungen ist?"
"62","1946-11-14","Zeitung","Die Zeit, 14.11.1946","Die Russen unterstellen den Vereinigten Staaten Weltherrschaftspläne und das, was sie erbittert ""Dollardiplomatie"" nennen."
"63","1963-08-30","Zeitung","Die Zeit, 30.08.1963","Im Baumwollgebiet der südlichen Vereinigten Staaten ist Bienenzucht als Erwerbszweig fast ausgestorben."
"64","1961-09-22","Zeitung","Die Zeit, 22.09.1961","So gesehen, ist Deutschland noch nicht wirklich ein demokratischer Staat."
"65","1961-06-16","Zeitung","Die Zeit, 16.06.1961","Eine der gängigsten Thesen der währungspolitischen Diskussion in der Bundesrepublik ist die Behauptung, daß die Zahlungsbilanz-Krise in den Vereinigten Staaten auf ""inflationärem Druck"" und die Zahlungsbilanz-Überschüsse in der Bundesrepublik auf besserer ""monetärer Disziplin"" beruhen."
"66","1959-03-06","Zeitung","Die Zeit, 06.03.1959","Es ist schon wahr: der Erziehungszoll schafft in seinen Nutznießern mächtige Interessenten, welche sich gegen seine Aufhebung stemmen; aber wenn sie damit Erfolg haben, so spricht das nicht gegen die einstmalige Notwendigkeit des Zolls, sondern besagt nur etwas über die Schwäche, über die Verwirtschaftung des Staates."
"67","1967-04-28","Zeitung","Die Zeit, 28.04.1967","Zwar ist die katholische Kirche neben dem Staat das mächtigste Element innerhalb der polnischen Gesellschaft, und die polnische Landwirtschaft noch zu 80 Prozent in den Händen freier Bauern."
"68","1954-09-02","Zeitung","Die Zeit, 02.09.1954","Die Leistungen des Staates werden nämlich deshalb als unentgeltlich empfunden, weil eine große Anzahl von Menschen glaubt: die Steuern würden, im wesentlichen von den Wohlhabenden aufgebracht."
"69","1949-07-21","Zeitung","Die Zeit, 21.07.1949","Bisher hat das State Department den Aufruf von Baguio nur höflich begrüßt, im übrigen aber den beteiligten Staaten deutlich die kalte Schulter gezeigt."
"70","1962-04-06","Zeitung","Die Zeit, 06.04.1962","""Gerade für die Finanzgerichtsbarkeit ist dies von besonderer Bedeutung"", heißt es wörtlich in den Urteilsgründen, ""da sie nicht über Rechtsstreitigkeiten der Bürger untereinander oder über die Maßnahmen der gewährenden Verwaltung, sondern, über Akte einer der wichtigsten staatlichen Eingriffsverwaltungen entscheidet, also zur Wahrung der Grundrechte, die in erster Linie Abwehrrechte des Bürgers gegen den Staat sind, in besonderem Maße berufen ist."""
"71","1965-02-26","Zeitung","Die Zeit, 26.02.1965","Mit dem Wohngeldgesetz hilft der Staat recht großzügig jedem, der trotz bescheidener Einkünfte gut zu wohnen wünscht."
"72","1968-06-14","Zeitung","Die Zeit, 14.06.1968","Vorbild bleibt die Planwirtschaft sozialistischer Warenproduzenten mit direkter Preiskontrolle durch den Staat."
"73","1962-01-26","Zeitung","Die Zeit, 26.01.1962","Begründung: Der preußische Staat, der seit jeher Träger des Militarismus und der Reaktion in Deutschland war, hat de facto aufgehört zu bestehen."
"74","1964-02-28","Zeitung","Die Zeit, 28.02.1964","Weder der Staat noch die Universitäten sind allein in der Lage, den steigenden Bedarf der Industrie an qualifizierten Arbeitskräften zu befriedigen."
"75","1965-07-23","Zeitung","Die Zeit, 23.07.1965","Die Zahl der Besucher aus kommunistischen Staaten hat sich nach Ostberliner Angaben innerhalb von zwei Jahren beinahe vervierfacht."
"76","1961-09-01","Zeitung","Die Zeit, 01.09.1961","Die Bundesfinanzrichter erklären jedoch, daß das Vertrauen des Bürgers zum Staat den Vorrang haben muß, auch wenn hierdurch ein gewisser Verlust an Steuern eintritt."
"77","1947-10-16","Zeitung","Die Zeit, 16.10.1947","Die Ministerpräsidenten der fünf arabischen Staaten Syrien, Libanon, Irak, Transjordanien und Ägypten sprachen sich in einer Geheimsitzung, wie Reuters Korrespondent erfährt, für ""militärische Maßnahmen"" aus, falls Großbritannien Palästina räumen sollte."
"78","1965-11-26","Zeitung","Die Zeit, 26.11.1965","Dagegen ist so lange nichts zu sagen, als diese ""Gewalt"" nicht auf vom Staat zu regelnde Dinge und auf Nichtmitglieder einzuwirken versucht."
"79","1966-04-08","Zeitung","Die Zeit, 08.04.1966","1. Bist Du für Verhandlungen und für die Verständigung der Regierungen der beiden deutschen Staaten mit dem Ziel der Entspannung und der Schaffung der Voraussetzungen für ihre Zusammenarbeit und schrittweise Vereinigung?"
"80","1956-11-22","Zeitung","Die Zeit, 22.11.1956","So, wie Staaten nun einmal sind, ist es sinnlos, sie deshalb moralisch anzuklagen."""
"81","1950-10-12","Zeitung","Die Zeit, 12.10.1950","Ich fragte 'mich, wie der sozialistische Staat eigentlich aussehen sollte, der mir vorschwebte."
"82","1965-07-09","Zeitung","Die Zeit, 09.07.1965","Die Pionierzeit war zu Ende, der Druck auf den jungen Staat hatte nachgelassen, der Streit der Parteien beherrschte das politische Feld."
"83","1966-08-19","Zeitung","Die Zeit, 19.08.1966","Der Meinungsumschwung begann in eigentümlicher japanischer Sprunghaftigkeit mit einer Erklärung des stellvertretenden Außenministers und ehemaligen Moskau-Botschafters Shimoda, es könne nicht mehr länger hingenommen werden, daß die nuklearen Staaten eine Monopolisierung der Weltpolitik versuchten."
"84","1969-07-11","Zeitung","Die Zeit, 11.07.1969","""Nicht von ungefähr bevorzugen die schulplanmäßigen Lesebücher die Poesie der stillen Dinge und schönen Gesten, nicht von ungefähr gehen in ihnen anständige und gesunde Menschen ordentlich ihrem Tagwerk nach, abseits Horn Kapitalismus, nicht von ungefähr handeln sie von der ewigen Natur, vom ewigen Staat und der ewigen Mutter."""
"85","1947-08-21","Zeitung","Die Zeit, 21.08.1947","Im Becken des Kolorado-Flusses, in den Staaten Arizona, Kolorado, Utah, Neu-Mexiko und Californien, sind Karnotitvorkommet gefunden worden, die strichweise in dem von den Flüssen zersägten Sandstein dieser Gebirgsgegenden enthält sind."
"86","1959-11-27","Zeitung","Die Zeit, 27.11.1959","Die wirtschaftliche Verbindung zweier großer kommunistischer Staaten ist beunruhigend."
"87","1960-10-07","Zeitung","Die Zeit, 07.10.1960","Zwei Staaten, so könnte man meinen, die einander gleichwertig sind und sich nur in bestimmten Konstitutionsprinzipien unterscheiden."
"88","1955-12-29","Zeitung","Die Zeit, 29.12.1955","Und da aus allen diesen Faktoren der neue deutsche Staat entstand, tat sich eine Möglichkeit auf, so etwas wie den christlichen Staat aus dem Fundament her zu schaffen."
"89","1966-04-08","Zeitung","Die Zeit, 08.04.1966","Wären an einer solchen internationalen Behörde Vertreter kommunistischer Staaten beteiligt, so könnte ihre Entscheidungsfähigkeit durch die Gegensätze der Ziel- und der Rechtsvorstellungen über demokratische Verfahren und Verhaltensweisen in Frage gestellt sein."
"90","1969-03-28","Zeitung","Die Zeit, 28.03.1969","Für diese Konservativen steht der Staat über den Freiheiten des einzelnen."
"91","1952-10-30","Zeitung","Die Zeit, 30.10.1952","Vor kurzem folgte sie einer Einladung in den neuen Staat Pakistan, wo sie monatelang unter den Mohammedanern lebte, in ihre Häuser Eingang fand und viele persönliche Beziehungen anknüpfte."
"92","1951-01-04","Zeitung","Die Zeit, 04.01.1951","Politische Hauptforderung Hoovers, die er in dieser Rede stellte, war ""die Erhaltung der Vereinigten Staaten als das Gibraltar der westlichen Zivilisation auf der westlichen Hemisphäre""."
"93","1965-12-03","Zeitung","Die Zeit, 03.12.1965","""Ja, aber eine Föderation von Staaten."""
"94","1969-02-21","Zeitung","Die Zeit, 21.02.1969","Jetzt allerdings haben sie gerade die Mitteilung bekommen, daß ihren Mandanten das Armenrecht zugestanden wurde, sie damit also von Staats wegen honoriert werden."
"95","1953-04-23","Zeitung","Die Zeit, 23.04.1953","Belgien und Luxemburg sind die Länder mit der am stärksten liberalisierten Wirtschaft von allen am Kriege beteiligten Staaten."
"96","1961-11-03","Zeitung","Die Zeit, 03.11.1961","Sportliche Siege zu erringen und Rekorde aufzustellen, ist eine Aufgabe, die es unter Zurückstellung aller persönlichen Wünsche und bei einer totalen Förderung durch den Staat zu erfüllen gilt."
"97","1953-06-11","Zeitung","Die Zeit, 11.06.1953","Ich bin bereit, sofort nach dem Abschluß und der Annahme eines Waffenstillstandsabkommens mit Ihnen über einen beiderseits gen Verteidigungspakt zu verhandeln, der auf der gleichen Grundlage wie die bereits abgeschlossenen Verträge zwischen den Vereinigten Staaten und den Philippinen oder den Vereinigten Staaten und Australien sowie Neuseeland aufgebaut ist."""
"98","1947-01-09","Zeitung","Die Zeit, 09.01.1947","Es hatte einmal einen Sinn, damals, als es aufkam, zur Zeit Franz I., als der französische Staat von Spanien."
"99","1968-11-08","Zeitung","Die Zeit, 08.11.1968","Aber durch seine schmucklose Nüchternheit könnte er ein neues Vertrauen zum Staat wecken."
"100","1964-03-13","Zeitung","Die Zeit, 13.03.1964","Die Pavillons der einzelnen amerikanischen Staaten werden einen größeren Platz einnehmen als die der ganzen übrigen Welt."
"101","1952-04-17","Zeitung","Die Zeit, 17.04.1952","Der Staat gibt einen jährlichen Zuschuß für Gehälter, Betrieb und Unterhaltung des Gebäudes."
"102","1960-07-08","Zeitung","Die Zeit, 08.07.1960","Von eh und je war der Staat für die Liberalen nichts anderes als eine Art Versicherungsanstalt, bei der man Sicherheit für Leben, Freiheit und Eigentum erkaufte und von der man im übrigen nicht behelligt werden wollte; für die Konservativen aber war er die Verkörperung der gottgewollten sozialen Ordnung, während für die Sozialisten sein Sinn, die besondere Aufgabe darin lag, die wirtschaftlich Abhängigen zu befreien, damit sie politisch frei würden."
"103","1962-01-19","Zeitung","Die Zeit, 19.01.1962","Die Vorbehalte gegen Impfungen jeglicher Art sind hierzulande indessen ungeheuer stark, und so fällt denn der Vergleich' des sogenannten ""Durchimpfungsgrades"", das heißt der konsequent fortgesetzten Impfungen, unter einigen Staaten erschreckend aus:"
"104","1969-10-17","Zeitung","Die Zeit, 17.10.1969","Aus dem Briefwechsel des Studenten Randy J. Dicks mit dem Präsidenten der Vereinigten Staaten, Richard M. Nixon, über die jüngsten Demonstrationen gegen den Vietnam-Krieg:"
"105","1958-02-20","Zeitung","Die Zeit, 20.02.1958","Zehn Jahre Staat Israel."
"106","1969-07-25","Zeitung","Die Zeit, 25.07.1969","So sprach, wie schon gesagt, die Sowjetunion, eine Großmacht, die Großmachtpolitik treibt und die wohl 4 la longue nicht absehen konnte von dem offenbaren Faktum, daß es mehr Araber gibt als Juden, mehr arabisches Öl all jüdisches, daß militärische Stützpunkte in den arabischen Staaten einen höheren strategischen Wert haben als in Israel, Die Linke im weiteren und weitesten Sinn aber, und ganz besonders die protestierende äußerste Linke, der ich mich auf weiten Strecken verbunden weiß, hat diese Großmacht?"
"107","1965-01-01","Zeitung","Die Zeit, 01.01.1965","Weiter: ""Eine falsche Steuer- und Lohnpolitik von Staat, Wirtschaft und Gewerkschaften, Auszahlung zu hoher Löhne an Jugendliche..., Vernachlässigung der Kinder durch Frauen- und Mütterarbeit und schlechtes, geistig-moralisches Milieu an vielen Arbeitsstätten."""
"108","1955-04-14","Zeitung","Die Zeit, 14.04.1955","In der Geschichte Japans nimmt die Bevölkerungsfrage aber nach wie vor eine dominierende Stellung ein Und der Staat steht vor der Aufgabe, das Problem der Überbevölkerung zu lösen."
"109","1963-04-12","Zeitung","Die Zeit, 12.04.1963","ES ENTHÄLT, synoptisch angeordnet, Text und Neuübersetzung des 1797 entstandenen ""Rime of the Ancient Mariner"" und ein erläuterndes Nachwort des in den Vereinigten Staaten lehrenden Germanisten Heinz Politzer."
"110","1951-01-18","Zeitung","Die Zeit, 18.01.1951","Entscheidend ist, daß in jedem Falle der vom Staat ausgeübte Zwang bestimmend war."
"111","1967-06-09","Zeitung","Die Zeit, 09.06.1967","Mit der Lösung dieser Aufgaben hat der israelische Staat eine Art Entwicklungsmodell für viele junge Staaten in Asien, Afrika und Lateinamerika geschaffen."
"112","1969-09-26","Zeitung","Die Zeit, 26.09.1969","Dabei zeigt Pompidou ebenso wie sein Ministerpräsident Chaban-Delmas durchaus glaubwürdige Entschlossenheit, den ""Staat zu verteidigen"", sofern sich etwas wie ""die Ereignisse vom Mai und Juni 1968"" wiederholen sollte."
"113","1948-04-15","Zeitung","Die Zeit, 15.04.1948","Als letzte Gruppe von Staaten haben Dänemark, Brasilien, Norwegen und Venezuela die Rechte aus deutschen Warenzeichen beschlagnahmt und teilweise weiterverkauft."
"114","1949-08-04","Zeitung","Die Zeit, 04.08.1949","Welche Schwierigkeiten könnten nicht entstehen, wenn jedesmal ein starker mittelamerikanischer Staatenbund unter guatemaltekischer Führung der Gegenspieler der Vereinigten Staaten sein würde."
"115","1959-11-06","Zeitung","Die Zeit, 06.11.1959","Wir haben vier völlig verschiedene Typen politischer Gemeinwesen zu unterscheiden: den heidnischen Staat Neros, die ""Obrigkeit"" von Christen über Christen, den säkularen Staat der Neuzeit und den totalen Staat, der das Glaubensbekenntnis für die weltliche Regierung fordert und der darum mit der christlichen Kirche noch schneller in Widerstreit gerät als der heidnische Staat."
"116","1960-11-11","Zeitung","Die Zeit, 11.11.1960","""Es ist nicht die Nation, die alt ist, es sind nur ihre Führer"" - dies harte Diktum Walter Lippmanns, des gestrengen Tugendwächters der Vereinigten Staaten, haben die Amerikaner beherzigt."
"117","1965-12-03","Zeitung","Die Zeit, 03.12.1965","Es sind Neuerscheinungen in einer Reihe, die zuerst in den Vereinigten Staaten herauskam und jetzt in einem Dutzend Ländern nachgedruckt wird."
"118","1952-04-17","Zeitung","Die Zeit, 17.04.1952","In dreiunddreißig Staaten ist es also ""die Parteimaschine"", dit ohne eine Befragung der republikanischen Wähler die Entsendung von 607 Delegierten vornimmt."
"119","1960-08-05","Zeitung","Die Zeit, 05.08.1960","Auch der Staat erklärte, er fühle sich nicht getroffen."
"120","1954-02-11","Zeitung","Die Zeit, 11.02.1954","Ganz anders als Heiderabad liegen beispielsweise die Dinge in Barock, einem im Nordwesten gelegenen Staat."
"121","1952-08-07","Zeitung","Die Zeit, 07.08.1952","Weil nicht angenommen werden kann, daß der Staatsbürger das Gefühl für die Würde der Persönlichkeit verloren hätte und das Recht der Selbstbestimmung seines Schicksals aufgeben wollte: gerade deshalb ist die Frage berechtigt, warum er sich dann dennoch auf der einen Seite nur allzuleicht der Allmacht des Staates beugt oder aber - und das ist das andere Extrem - durch ein bedenkenloses Aufgehen im Kollektivismus die staatliche Ordnung ernsthaft gefährdet."
"122","1965-05-07","Zeitung","Die Zeit, 07.05.1965","Kaum eine andere Partei streitet so tapfer und unverdrossen für die Wiedervereinigung, wider die Allmacht des Staates, für das Recht und gegen die Gewalt in vielerlei Gestalt - trotz vieler Krisen."
"123","1967-10-06","Zeitung","Die Zeit, 06.10.1967","Er verketzerte die ""Springer Presse"" als ""verfassungswidrigen Staat im Staat"", der die ""demokratische Ordnung der Bundesrepublik"" verletze."
"124","1968-12-27","Zeitung","Die Zeit, 27.12.1968","In den Vereinigten Staaten begann man schon 1958, ein neues, universelles Katalogisierungssystem aufzustellen."
"125","1966-07-08","Zeitung","Die Zeit, 08.07.1966","Aber er sah ein, welcher Schaden dem Staate entstehen konnte, wenn sein Monarch in dieser Stunde fiel."
"126","1967-06-30","Zeitung","Die Zeit, 30.06.1967","Ich weiß, er wollte auch keinen, aber ich würde gern Bürger eines Staates sein, in dem ein Sethe sich angesichts einer staatlichen Ehrung geehrt fühlen könnte."
"127","1964-08-14","Zeitung","Die Zeit, 14.08.1964","Da scheint es näherzuliegen, Earl Warren, dem obersten Richter der Vereinigten Staaten, zunächst einmal zu vertrauen."
"128","1958-03-06","Zeitung","Die Zeit, 06.03.1958","Und diese absolute Vernunft ist Fleisch geworden und wohnt als Staat unter uns..."
"129","1953-03-05","Zeitung","Die Zeit, 05.03.1953","Ich habe bekanntlich aus diesem Grunde vorgeschlagen, daß alle europäischen Staaten Exportförderungsmaßnahmen nur im Rahmen von Gesetz zen durchführen dürfen, um jedwedem Produzent ten im In- und Ausland einen klaren Einblick in die bestehenden Verhältnisse zu vermitteln."
"130","1963-02-08","Zeitung","Die Zeit, 08.02.1963","Die Vereinigten Staaten möchten ihren Export steigern, denn Export schafft neue, dringend benötigte Arbeitsplätze."
"131","1959-02-20","Zeitung","Die Zeit, 20.02.1959","Hier hat der Richter selbst, aus politischer Feindschaft gegen den neuen Staat und seine Ideen, seinen Spruch zum politischen Urteil gemacht."
"132","1950-08-10","Zeitung","Die Zeit, 10.08.1950","Seitdem hatte der Staat freie Bahn:"
"133","1968-12-13","Zeitung","Die Zeit, 13.12.1968","Es ist die Frage nach der Identität des israelischen Bürgers, nach der Art der Gesellschaft, in der er lebt, und nach der inneren Verfassung des Staates, dem er angehört - einer Gesellschaft und einem Staat von morgen."
"134","1947-04-10","Zeitung","Die Zeit, 10.04.1947","Sie könnten die Mittel der Weltbank mobilisieren, die 400 Millionen Dollar in den Vereinigten Staaten und in anderen Ländern durch Ausgabe, von Obligationen aufbringen, ferner dafür Sorge tragen, daß, wie Staatsminister Hektor McNeil im Unterhaus erklärte, bewaffnete Einheiten der UNO den Schutz der Nordgrenze Griechenlands übernehmen, dann könnten sie mit Stolz erklären, daß die amerikanische Unterstützung durch Maßnahmen der UNO überflüssig geworden sei."
"135","1954-11-25","Zeitung","Die Zeit, 25.11.1954","Wenn schließlich Herr Molotow erklärt, das vereinigte Deutschland dürfe kein ""militaristischer Staat"" sein, es müsse sich vielmehr als ""friedliebender und demokratischer Staat"" vereinigen, so muß darauf hingewiesen werden, daß die Sowjetunion es leider seit neun Jahren versäumt hat, die von ihr besetzte Zone Deutschlands zu einer demokratischen Gemeinschaft zu machen."
"136","1950-10-12","Zeitung","Die Zeit, 12.10.1950","Man vergißt bei uns, daß in den Vereinigten Staaten vier Jahre lang ein erbitterter Bürgerkrieg geführt worden ist, um die Negersklaven in den Südstaaten zu befreien."
"137","1965-05-07","Zeitung","Die Zeit, 07.05.1965","Aber in der Zeit vor 1871, als Deutschland noch aus einer Gruppe rivalisierender Staaten bestand, war es stets Schauplatz der Auseinandersetzungen zwischen den anderen europäischen Staaten, die seine Zerrissenheit verewigen und sein Einheitsstreben durchkreuzen wollten und einander daran zu hindern suchten, dominierenden Einfluß auf seine Geschicke zu gewinnen."
"138","1962-04-13","Zeitung","Die Zeit, 13.04.1962","Obwohl es die durch die Entwicklung im ersten Semester aufgeblähten Gesamtzahlen für 1961 verhüllen, sind der private Verbrauch und die Kapitalinvestitionen in der zweiten Jahreshälfte langsamer geworden, die Teilzahlungsschulden und die Personalkredite bei den Banken haben abgenommen; der Effekt wäre ohne das schlechte Beispiel fortgesetzter öffentlicher Ausgabensteigerung (Staat und Gemeinden) noch stärker gewesen."
"139","1957-01-17","Zeitung","Die Zeit, 17.01.1957","Der Subkontinent Asiens, der Indien heißt, zerfällt in zwei Staaten: Pakistan und die Republik Indien."
"140","1947-01-02","Zeitung","Die Zeit, 02.01.1947","Würde diese spontane Kampagne nicht in einem Lande geführt, in dem die Berichterstattung vom Staate her gelenkt wird, würde man vielleicht nicht nach dem Grund dieser Aktion fragen Trotzdem wäre es unklug, daraus unbedingt pessimistische Vermutungen herzuleiten - Sollte.es sich vielleicht nur um die traditionellen zwei Zungen Moskaus handeln, die wir gerade in der letzten Zeit so oft erlebt haben?"
"141","1968-03-15","Zeitung","Die Zeit, 15.03.1968","Wir können als Nation nur existieren, wenn wir die Grenzen der übrigen Staaten respektieren."
"142","1958-06-05","Zeitung","Die Zeit, 05.06.1958","Zu diesen Staaten gehört in erster Linie Frankreich, dessen offizielle Gold- und Devisenbestände beim gegenwärtigen Stand der Dinge nicht einmal bis zum Jahresende reichen."
"143","1966-06-24","Zeitung","Die Zeit, 24.06.1966","Um diese von Staats wegen angeheizte Produktion an den Mann zu bringen, ist dem Bundesernährungsministerium fast jedes Mittel recht - nur keine Preissenkung, wie es marktgerecht wäre."
"144","1949-07-07","Zeitung","Die Zeit, 07.07.1949","Wie wäre es, wenn sich im Hinblick auf die kommende Bundestagswahl auch die deutschen Parteien entschlössen, ihren Wählern einmal vorher zu sagen, welchen Männern sie die Leitung unseres Staates in der ersten selbständigen Regierung anvertrauen wollen."
"145","1946-08-22","Zeitung","Die Zeit, 22.08.1946","Das Gegenargument der kleinen Staaten stützte sich sehr wirksam auf Zahlenbeispiele, die bis zum Schluß der Debatte niemals widerlegt worden sind."
"146","1949-08-18","Zeitung","Die Zeit, 18.08.1949","Nachdem Tito offiziell aus der kommunistischen Familie ausgeschlossen und nach allen Regeln exkommuniziert worden war. sollte Bulgarien, das Sprungbrett für die Liouidierung des neuen jugoslawischen Staates werden."
"147","1950-01-12","Zeitung","Die Zeit, 12.01.1950","So haben die Vereinigten Staaten, die vor dem letzten Kriege wegen ihrer hohen Preise kaum Weizen ausführten, heute die Belieferung Europas fast monopolisiert."
"148","1950-04-27","Zeitung","Die Zeit, 27.04.1950","In der Arbeit am Frieden treffen sich Kirche und Staat."
"149","1953-03-05","Zeitung","Die Zeit, 05.03.1953","Wahrscheinlich wird der neue Kurs nur unter erheblichen Schwankungen durchzusetzen sein, ohne daß eine Garantie für die Entwicklung eines Vertrauensverhältnisses zwischen Staat und Bauer, der in der Nachkriegszeit die ganzen Kosten der Fabrikgründungen zu tragen hatte, besteht."
"150","1962-03-23","Zeitung","Die Zeit, 23.03.1962","In den Vereinigten Staaten von Amerika hat eben diese Frage im letzten Jahr einen Wirbel in der öffentlichen Meinung hervorgerufen."
"151","1963-01-11","Zeitung","Die Zeit, 11.01.1963","Die Erstausstattung wird den Staat etwa 32000 Mark kosten."
"152","1965-04-30","Zeitung","Die Zeit, 30.04.1965","Auf drei verschiedenen Gebieten bemüht man sich um eine Annäherung der westeuropäischen Staaten - auf politischem, auf militärischem und auf wirtschaftlichem Gebiet."
"153","1964-02-14","Zeitung","Die Zeit, 14.02.1964","Es gibt Dinge, die in den Staat, den das Grundgesetz uns verspricht, nicht mehr gehören, die zu äußern zwar jedermanns verbrieftes Recht ist, die der Kritiker, der diesem Staat und sich selbst eine Chance geben möchte, aber auch dann nicht gutheißen kann, wenn sie zu Literatur gemacht worden sind."
"154","1964-03-27","Zeitung","Die Zeit, 27.03.1964","Aus den Direktionszimmern der deutschen Luftfahrtunternehmen drang in den letzten Monaten in vielstimmigem Chor das Klagelied der Branche und der Ruf nach dem Staat."
"155","1969-09-12","Zeitung","Die Zeit, 12.09.1969","Solche Garantien sind, wie die Erfahrung in Europa lehrt, nur glaubwürdig, wenn sich die Sowjetunion in ähnlicher Weise wie die Vereinigten Staaten in Asien engagiert."
"156","1961-03-24","Zeitung","Die Zeit, 24.03.1961","Kennedy hat inzwischen die Haltung der Vereinigten Staaten geklärt:"
"157","1965-04-02","Zeitung","Die Zeit, 02.04.1965","Rechtzeitig zur Wiedereröffnung der Weltausstellung am 21 April werden die USA-Touristen in New York eintreffen, die die 37tägige kombinierte Schiffs-Flugreise in die Vereinigten Staaten und nach Mexiko gebucht haben."
"158","1956-04-05","Zeitung","Die Zeit, 05.04.1956","Wenn aber in dem einen Fall der Staat mit 100 v. H. als Alleineigner entscheidet, im anderen jedoch mit 51 v. H. die wichtigsten Verlangen ebenso sicher durchsetzen könnte, so muß man fragen, ob sich deshalb die Regierung zerstreiten und das Parlament heimschicken mußte?"
"159","1960-11-11","Zeitung","Die Zeit, 11.11.1960","Jene Kräfte und Strömungen, die einer wirtschaftlichen Verständigung aller freien europäischen Länder widerstrebten, mögen vorübergehend in der Haltung der Vereinigten Staaten eine Rechtfertigung für ihre Resistenz gefunden haben."
"160","1957-11-07","Zeitung","Die Zeit, 07.11.1957","Zusammen mit der israelischen Linie Zim in Haifa, der 40 v. H. der Anteile gehören, hat der Staat Ghana die Schwarze Stern Linie gegründet, deren erstes Schiff schon in den nächsten Wochen in Dienst gestellt werden soll."
"161","1965-09-17","Zeitung","Die Zeit, 17.09.1965","Gilt das gleiche für die Bildungsinvestitionen des Staates ?"
"162","1960-06-10","Zeitung","Die Zeit, 10.06.1960","Um diese Industrie auszubauen, könnte der Staat die gehorteten Gold- und Valutabeträge der Staatskasse, die für ein so bescheidenes kleines Land ein großes Vermögen darstellen, verwenden."
"163","1953-12-24","Zeitung","Die Zeit, 24.12.1953","Das Glück schenkte mir eine Einladung auf die eine Flugstunde von Houston entfernte King Ranch, die mit 900000 acres und 80000 Rindern die größte Ranch in den Vereinigten Staaten ist, ein Staat im Staat."
"164","1954-04-29","Zeitung","Die Zeit, 29.04.1954","Macht im Staate aber ist stets gefährlich, wenn sie außerhalb der Regierung steht."
"165","1951-03-01","Zeitung","Die Zeit, 01.03.1951","Falls Japan dementsprechend handele, würden die Vereinigten Staaten bereit sein, das weitere Verbleiben amerikanischer Truppen in oder um Japan mit ""Sympathie zu erwägen""."
"166","1954-08-26","Zeitung","Die Zeit, 26.08.1954","Aber seit dem Bitumengesetz vom Jahre 1938 gehört auch das Erdöl nicht mehr dem Eigentümer des Bodens, sondern dem Staat, und so kann man unbesorgt sein: zu einem oil rush nach amerikanischem Muster wird es in diesem Landstrich gewiß nicht kommen."
"167","1955-06-16","Zeitung","Die Zeit, 16.06.1955","Etwa zehn Fluglinien verschiedener Nationen verbinden Europa bereits mit den Vereinigten Staaten, aber es ist erfreulich, daß die Lufthansa nun hinzutritt."
"168","1955-12-15","Zeitung","Die Zeit, 15.12.1955","Die Bundesrepublik wird zu den Staaten, die die DDR anerkannt haben, keine diplomatischen Beziehungen aufnehmen und sie wird bereits bestehende diplomatische Beziehungen abbrechen, sofern ein Staat sich entschließen sollte, mit Pankow diplomatische Vertreter auszutauschen."
"169","1968-02-23","Zeitung","Die Zeit, 23.02.1968","Wenn Staat und Volk einen Parteigenossen als Bundeskanzler ertragen, der im Krieg in der rundfunkpolitischen Abteilung des Auswärtigen Amts gearbeitet hat, dann werden sie auch dem Bundespräsidenten eine technische Belastung nachsehen."
"170","1961-04-28","Zeitung","Die Zeit, 28.04.1961","Denn was sie an unserem Staate und unserer Gesellschaft auszusetzen haben, betrachten sie als Familienangelegenheit."
"171","1964-09-11","Zeitung","Die Zeit, 11.09.1964","Der Mann konnte so überzeugt davon sein, daß sein Inhalt gegen die ""Sicherheit des Staates oder die Gesetze der öffentlichen Ordnung oder die guten Sitten verstößt"", daß er gar nicht erst bei seiner vorgesetzten Behörde angefragt hat, wie es vorgeschrieben ist."
"172","1969-02-07","Zeitung","Die Zeit, 07.02.1969","Diese Gesellschaft, unser Staat, nicht zuletzt die Parteien, sie haben keine Zeit mehr zu verlieren."
"173","1965-08-27","Zeitung","Die Zeit, 27.08.1965","Das Gesetz war am 19. Juli 1963 zunächst mit beschränkter Gültigkeit bis zum 31. Dezember 1965 erlassen worden, um den beträchtlichen Dollarabfluß aus den Vereinigten Staaten zu bremsen."
"174","1966-04-22","Zeitung","Die Zeit, 22.04.1966","Kirche und Staat als Rivalen bei der polnischen Jahrtausendfeier"
"175","1968-04-19","Zeitung","Die Zeit, 19.04.1968","Und Einsicht wäre durchaus am Platze gewesen: daß er mit seiner heimlichen Sehnsucht nach der ""disziplinierten Demokratie"" über die Jahre hinweg dem Bonner Staat ans innerste Mark gegangen ist; daß er die linke ""Intelligentia"" verteufeln ließ und sie dadurch bloß bis aufs Blut reizte; daß er Sturm erntete, wo er Windstille hatte säen wollen."
"176","1953-02-05","Zeitung","Die Zeit, 05.02.1953","Dies sei eine sehr ernste Bedrohung, um so mehr, als der Sowjetblock in ""dem von ihm beherrschten Gebieten über so viele Rohstoffe verfüge, daß er als autark gelten könne, während die Vereinigten Staaten verschiedene Rohstoffe, wie Manganerze, aus fremden Ländern einführen müßten."
"177","1948-02-19","Zeitung","Die Zeit, 19.02.1948","Wie können die USA den Dollarsegen kontrollieren und so die europäischen Staaten zu einer vernünftigen Wirtschaftspolitik zwingen?"
"178","1955-04-07","Zeitung","Die Zeit, 07.04.1955","""Wo keine Verantwortung mehr ist"", hat Bundesminister Erhard gesagt, ""kann der Staat den Sozialpartnern keine Freiheit überlassen."""
"179","1963-08-09","Zeitung","Die Zeit, 09.08.1963","Aber das eigene Haus ist in den Vereinigten Staaten ohnehin die übliche Art zu wohnen, weil der Platz keine so große Rolle spielt wie im engen Europa."
"180","1964-11-20","Zeitung","Die Zeit, 20.11.1964","In einer der offensichtlich unvermeidlichen Marathon-Sitzungen haben, die Vertreter der sechs Staaten eines der schwierigsten Probleme der Gemeinschaft gelöst: die Formulierung einer einheimlichen Außenhandelspolitik."
"181","1956-12-20","Zeitung","Die Zeit, 20.12.1956","(An den Unternehmungen der Schwerindustrie ist der indische Staat grundsätzlich mit mindestens 51 Prozent beteiligt.)"
"182","1961-04-21","Zeitung","Die Zeit, 21.04.1961","Was die Beziehungen zu den osteuropäischen Staaten angeht, so soll die Bundesregierung fordern, daß alle Deutschen innerhalb der Reichsgrenzen von 1937, aber auch jene außerhalb dieser Grenzen, die in geschlossenem Siedlungsgebiet mit den Deutschen des Reiches lebten, darüber entscheiden können, ""welches politische System in ihrer Heimat errichtet und zu welchem Staat ihn Heimat gehören soll""."
"183","1961-06-09","Zeitung","Die Zeit, 09.06.1961","In Paris sagte er, die Vereinigten Staaten seien eine Tochter Frankreichs, und jedermann habe - nach Benjamin Franklin - zwei Vaterländer: Frankreich und das eigene."
"184","1953-04-23","Zeitung","Die Zeit, 23.04.1953","Es ist die Direktorialverfassung, die den Charakter des Staates verändert."
"185","1968-10-04","Zeitung","Die Zeit, 04.10.1968","""Es kann kein zweiter deutscher Staat anerkannt werden."""
"186","1958-09-18","Zeitung","Die Zeit, 18.09.1958","Die Aufgaben, die sich ihm stellen, würden zu einem beträchtlichen Teil auch bestehen bleiben, wenn an Stelle der Länder in einem zentralistischen Staat Verwaltungsbezirke gebildet würden."
"187","1948-03-25","Zeitung","Die Zeit, 25.03.1948","Die Vereinigten Staaten stehen mit 5 Mill. t erst an zweiter Stelle, obwohl sie in diesem Jahr fast 14 Mill. t ausführen und damit allein ungefähr die Hälfte des gesamten Weltmarktaufkommens bestreiten werden."
"188","1962-06-22","Zeitung","Die Zeit, 22.06.1962","Tatsache ist, daß die Vereinigten Staaten, deren Büchermarkt lange Zeit im Vergleich zur Größe des Landes ungewöhnlich gering war, in den letzten Jahren von einer wahren Lesewut erfaßt worden sind, die sich besonders in der jüngeren Generation bemerkbar macht."
"189","1953-04-23","Zeitung","Die Zeit, 23.04.1953","Es ist daher verständlich, daß eine Kluft zwischen der Masse der Industriegewerkschaften und jenen in hohe und höchste Stellungen in Staat und Wirtschaft aufgestiegenen Gewerkschaftsvertretern entstanden ist, die sich mit ihrem Jahreseinkommen dem gehobenen Unternehmereinkommen weitgehend genähert haben."
"190","1960-09-16","Zeitung","Die Zeit, 16.09.1960","Die offiziell noch nicht wieder existierende sozialdemokratische Partei bietet sich an, die Funktion des Staats zu übernehmen."
"191","1965-12-24","Zeitung","Die Zeit, 24.12.1965","Sein Verhältnis zum Staat wird bestimmt durch seinen Hang zum Konservativen und seine Neigung zur Verständigung, die wir bei ihm in vielen Einzelheiten immer wieder bestätigt finden."
"192","1966-01-14","Zeitung","Die Zeit, 14.01.1966","Das asiatische Gipfeltreffen in Taschkent, der größten Stadt im asiatischen Teil der Sowjetunion, widerlegt das Argument der Chinesen, die Sowjetunion sei ein europäischer Staat und stärkt somit die Stellung Moskaus im chinesischsowjetischen Konflikt,"
"193","1953-01-29","Zeitung","Die Zeit, 29.01.1953","Jahrelang hat die katholische Kirchenleitung in Polen mit unerhörtem Mut in Hirtenbriefen und Erklärungen gegenüber dem Staat die Beugung des Rechtes, die Vergewaltigung der Gewissen und die Hinterhältigkeit der Methoden gegeißelt, mit denen die Kirche bekämpft wurde."
"194","1964-12-18","Zeitung","Die Zeit, 18.12.1964","In der Residenz seines Bonner Botschafters führte Tschombé auch Gespräche mit Botschaftern anderer afrikanischer Staaten."
"195","1947-07-24","Zeitung","Die Zeit, 24.07.1947","Die Vereinigten Staaten sind einen anderen Weg, gegangen."
"196","1961-08-25","Zeitung","Die Zeit, 25.08.1961","Einunddreißig afroasiatische Staaten haben der Vollversammlung der Vereinten Nationen eine Resolution vorgelegt, in der sie die Haltung Frankreichs im Biserta-Konflikt mißbilligen."
"197","1956-08-02","Zeitung","Die Zeit, 02.08.1956","Der Kreis um den hessischen Kirchenpräsidenten D. Martin Niemöller kann nicht davon freigesprochen werden, theologische Erkenntnisse aus der Verfolgungszeit - etwa die Bedeutung des Wächteramtes der Kirche gegenüber dem Staat - heute in allzu kurzschlüssiger Weise in politisch gefärbte Stellungnahmen umzumünzen."
"198","1965-12-10","Zeitung","Die Zeit, 10.12.1965","Denn nun haben wir nebeneinander und miteinander verflochten: das fortdauernde Spannungsverhältnis zwischen dem Staat (Regierung, Bürokratie und Parlament) und den Massenkommunikationsmitteln, das Spannungsverhältnis innerhalb der Presse zwischen Redaktion und Verlag sowie zwischen redaktionellem Text und Anzeigenteil."
"199","1959-07-17","Zeitung","Die Zeit, 17.07.1959","In diesem jungen Staat des englischen Commonwealth sind die Malaien knapp."
"200","1947-12-11","Zeitung","Die Zeit, 11.12.1947","Denn immer mehr wurde die neue polnische Regierung ein gefügiges Werkzeug Moskaus, und jede Förderung, die dem neuen polnischen Staat zuteil wurde, bedeutete auch eine Förderung der Interessen der Sowjetunion."
"201","1964-11-13","Zeitung","Die Zeit, 13.11.1964","Um so achtbarer handelte der preußische Staat, als er seiner Akademie die Sektion für Dichtkunst hinzufügte."
"202","1967-11-17","Zeitung","Die Zeit, 17.11.1967","Für die Grundmaxime Bonner Deutschlandpolitik - keine rechtliche Anerkennung eines zweiten Staates auf dem Boden Deutschlands als Ausland - darf Kiesinger in Pakistan, aber auch in Indien bereitwilliges Verständnis erwarten."
"203","1964-10-23","Zeitung","Die Zeit, 23.10.1964","""Jeder begreift, daß ich den Posten, den ich jetzt im Staat und in der Partei bekleide, nicht ewig einnehmen kann"", erklärte er dann auf einer Tagung der Industrie- und Baufunktionäre in Moskau am 24. April 1963."
"204","1967-12-15","Zeitung","Die Zeit, 15.12.1967","Ohne die Kenntnis dieser Tradition ist vieles in der gegenwärtigen politischen Realität des Staates Israel schwer verständlich."
"205","1965-05-14","Zeitung","Die Zeit, 14.05.1965","Die Vereinigten Staaten boten eine Rede Präsident Lyndon Johnsons - einen Katalog der Möglichkeiten, das ungeregelte Erbe des Zweiten Weltkriegs in Europa endlich zu ordnen."
"206","1964-04-03","Zeitung","Die Zeit, 03.04.1964","Die Bundesregierung hat seit einiger Zeit - spät, sehr spät - eine beweglichere Politik gegenüber den osteuropäischen Staaten eingeleitet."
"207","1955-03-10","Zeitung","Die Zeit, 10.03.1955","Wie mir vor einigen Jahren die Federal Security Agency, Office of Education in Washington mitteilte, sind ""infolge der laxen Hochschulgesetzgebung in USA"" immer wieder Fälle vorgekommen, daß Erziehungsbehörden einzelner Staaten an Schwindeluniversitäten Betriebsgenehmigungen erteilt haben."
"208","1948-06-03","Zeitung","Die Zeit, 03.06.1948","Staaten diese Kosten für ewige Zeiten übernehmen werden, es werden also bald Hunger und Elend in Deutschland - herrschen."
"209","1960-11-18","Zeitung","Die Zeit, 18.11.1960","Als Günter Grass im vorigen Jahr den Bremer Literaturpreis nicht erhielt, den eine unabhängige Jury ihm zuerkannt hatte, war das für die Verantwortlichen zwar blamabel genug, aber es war verständlich: der Staat wollte nicht Aufsässigkeit prämiieren."
"210","1969-08-22","Zeitung","Die Zeit, 22.08.1969","""Mit wem wollen eigentlich Kriegel und andere gehen, wenn sie sagen: nicht mit., der Sowjetunion und den sozialistischen Staaten?"
"211","1947-10-30","Zeitung","Die Zeit, 30.10.1947","Das Problem des Unterhalts der sich immer noch auf Kind 80000 beziffernden deutschen Flüchtlinge in Dänemark, die täglich pro Kopf 3 bis 5 Kronen kosten, bildet eine budgetäre Belastung des dänischen Staates, die das Strebennach Lösung dieses Problems verständlich macht."
"212","1955-12-29","Zeitung","Die Zeit, 29.12.1955","[...] Nun ja, der Staat von heute, wie er sich mit wachsender sozialer Sicherheit, mit mächtig ausgeweiteter wirtschaftlicher Prosperität nach mehr als zehn Jahren darbietet, schmückt sich noch immer mit den Dekors der christlichen Fundamente; die Menschen, die ihm in Legislative und Exekutive Gestalt geben, meinen nach wie vor, daß ihr staatspolitisches Wirken sich von der ursprünglichen christlichen Zielsetzung nicht entfernt habe; Kirchen und kirchliche Einrichtungen genießen hohes Ansehen auch heute und sprechen in vielen öffentlichen Angelegenheiten ein gewichtiges Wort mit; ein Reibungsverhältnis zwischen Staat und Kirche kündigt sich nirgendwo an. [...]"
"213","1957-07-04","Zeitung","Die Zeit, 04.07.1957","Überall im Westen - und nicht nur in den Vereinigten Staaten - gehen heute die Ansichten darüber auseinander, ob es ratsam sei, den Sowjets jetzt schon in der Abrüstungsfrage entgegenzukommen oder nicht."
"214","1957-10-03","Zeitung","Die Zeit, 03.10.1957","Allen Mietern im sozialen Wohnungsbau macht der Staat, der Steuerzahler, ein Geschenk, wenn man so will; denn eine reine Kostenmiete wird von ihnen allen nicht gezahlt."
"215","1969-08-08","Zeitung","Die Zeit, 08.08.1969","""Die politische Zukunft Ostasiens wird aller Wahrscheinlichkeit nach von den Vereinigten Staaten und dem kommunistischen China geschrieben werden."
"216","1967-03-31","Zeitung","Die Zeit, 31.03.1967","Inzwischen aber zaudern immer mehr Staaten, den Verzicht auf Kernwaffen auszusprechen, ohne daß schon die Konturen neuer Sicherheitssysteme oder Friedensordnungen sichtbar sind."
"217","1953-04-30","Zeitung","Die Zeit, 30.04.1953","Dem unkontrollierbaren Ordnungsprinzip der ""Preisführerschaft"" sollte die auf freiwilliger Grundlage beruhende, jederzeit kündbare und vom Staat überwachbare Kartellierung vorzuziehen sein. IHO"
"218","1963-03-22","Zeitung","Die Zeit, 22.03.1963","Bei der gereizten Stimmung in den Vereinigten Staaten gegenüber Bonn, angesichts des deutsch-französischen Vertrages und seiner unmittelbaren Auswirkungen wollte der Kanzler nicht Stoff für neue Verstimmungen bieten."
"219","1969-09-26","Zeitung","Die Zeit, 26.09.1969","Wir in den Vereinigten Staaten wollen eine Beendigung des Krieges, und wir sind bereit, jeden vernünftigen Schritt zu tun, um dieses zu erreichen."
"220","1951-12-06","Zeitung","Die Zeit, 06.12.1951","Der Staat erwartet, daß jedermann seine Pflicht tut; also erwartet er von Magnifizenz, daß sie ein Magnificat anstimmt..."
"221","1963-11-29","Zeitung","Die Zeit, 29.11.1963","Auch an der Deutschland-Politik der Vereinigten Staaten wird sich unter Johnson nichts ändern."
"222","1947-06-12","Zeitung","Die Zeit, 12.06.1947","Im Juni 1948 müssen sich dann beide Staaten entscheiden, ob sie im Verband des Commonwealth bleiben oder ob sie den Dominion-Status wiederaufgeben wollen."
"223","1969-09-19","Zeitung","Die Zeit, 19.09.1969","Zwar versichern Prolog und Epilog, daß man den ""preußischen Staat"" sieht, oder das (was um den Reimes willen) ""Napoleon 1806 davon übriggelassen hat"", aber was man wirklich sieht und sah, sind Abziehbilder von Abziehbildern jener Brechtschen Figuren, die dem Volk aufs Maul und den Adeligen auf die Finger schauen und die inzwischen so blaß und unwirklich geworden sind,-daß sie nur noch als epigonale Klischees herumlaufen."
"224","1968-10-25","Zeitung","Die Zeit, 25.10.1968","Ihr gemeinsames Buch beginnt mit einer gedrängten, aber inhaltreichen Analyse der gesellschaftlichen Situation in den Vereinigten Staaten, geht zur Schilderung einiger case studies über, um konkrete Aktionen der Afro-Amerikaner in der neuen, militanten Phase zu beschreiben, und schließt mit der Skizzierung eines Programms für die ""Black-Power"" - Bewegung."
"225","1966-12-09","Zeitung","Die Zeit, 09.12.1966","Daher haben die Vereinigten Staaten bisher auch jeder Versuchung widerstanden, Nationalchina am Krieg in Vietnam zu beteiligen; sie haben Tschiang Kai-schek nicht einmal durch einen Beobachter an der Konferenz von Manila teilnehmen lassen."
"226","1967-04-14","Zeitung","Die Zeit, 14.04.1967","Sie verpflichten den Staat geradezu, diese Freiheit zu respektieren."
"227","1953-02-05","Zeitung","Die Zeit, 05.02.1953","Diese neue Politik hat den Namen polioy of aus, durch Propaganda - vielleicht auch durch aktive Unterstützung aufständisch gesinn:er Kreise - die Staaten des kommunistischen Blockes von innen her zu zerstören."
"228","1969-11-07","Zeitung","Die Zeit, 07.11.1969","die kommunistischen Staaten Osteuropas (und Ostasiens)."
"229","1966-08-19","Zeitung","Die Zeit, 19.08.1966","(In den Vereinigten Staaten zahlt jeder zukünftige Medizinstudent zwei Dollar, damit er bei der Verteilung der Studienplätze berücksichtigt wird."
"230","1949-01-13","Zeitung","Die Zeit, 13.01.1949","Seltsam, daß in eben demselben Räume, in dem der moderne zentralistische Staat - der sich mit Gesetz und Macht Gesetze und Mächte unterwarf - aus der Wiege gehoben wurde, heute der letzte abendländische Rebell sein eigenes Gesetz und seine eigene Macht dem Staate gegenüberstellt."
"231","1963-04-12","Zeitung","Die Zeit, 12.04.1963","Etwa eine Million Hektar des besten Landes und ungefähr 500 Industrie- und Handelsunternehmen wurden vom Staat übernommen; den früheren Besitzern wurde nicht einmal ein Einspruchsrecht zugebilligt."
"232","1966-02-04","Zeitung","Die Zeit, 04.02.1966","Die Bezeichnung ""Finanzreform"" ist deshalb so fatal, weil sie zu suggerieren scheint, in ihr liege die Geburtsstunde einer ganz neuen Finanzpolitik, und sie sei imstande, dem Staat auf seinen verschiedenen Ebenen neue Finanzquellen zu erschließen, ohne den föderativen Aufbau der Bundesrepublik ganz und gar aus den Angeln zu heben."
"233","1955-01-27","Zeitung","Die Zeit, 27.01.1955","Neben dem Bundeshaus nahm er ein anderes Nervenzentrum am Kragen, die Mehlemer HICOC, den in die Deichmannsaue gebauten Wolkenkratzersitz des Kommissars der Vereinigten Staaten."
"234","1946-12-12","Zeitung","Die Zeit, 12.12.1946","Der Staat kann durch Gesetz, durch Planung, Regelung, Kontrolle, nicht zuletzt durch Besteuerung entscheidend auf die Wirtschaft einwirken."
"235","1968-01-19","Zeitung","Die Zeit, 19.01.1968","Doch schon Engels differenziert (Der Ursprung der Familie, des Privateigentums und des Staats):"
"236","1967-05-12","Zeitung","Die Zeit, 12.05.1967","Der Staat schützt jeden vor Armut und Krankheit und Alter."
"237","1947-10-02","Zeitung","Die Zeit, 02.10.1947","Unter diesem Druck haben die europäischen Staaten sich entschlossen, gewisse Plane gemeinsam und ohne Rücksicht auf nationale Grenzen zu entwickeln, so die Ausnutzung der Wasserkraft der Alpengebiete, die Standardisierung von elektrischem Zubehör, Bergwerksausrüstungen und Lastkraftwagen; sie sind ferner bereit, internationale Abmachungen zu treffen über den Einsatz des rollenden Materials zur Bewältigung der Verkehrsprobleme und den Ausgleich von Arbeitskräften vorzunehmen."
"238","1966-11-25","Zeitung","Die Zeit, 25.11.1966","Der Bonner US-Botschafter George McGhee beendete in Warschau eine Informationsreise durch Staaten des Ostblocks."
"239","1964-11-13","Zeitung","Die Zeit, 13.11.1964","So konnte es aber auch geschehen, daß die Vereinigten Staaten nun über die meisten und reichsten Museen der ganzen Welt verfügen."
"240","1956-05-24","Zeitung","Die Zeit, 24.05.1956","Es gibt eine Diagnose, die man diesem von politischen Fiebern geschüttelten Lande mit mathematischer Sicherheit stellen kann: die kritische Stunde ist da, wenn zu gleicher Zeit alle in Gegensatz zum gegenwärtigen Staat stehenden Gruppen in Bewegung geraten."
"241","1969-01-17","Zeitung","Die Zeit, 17.01.1969","Es fällt Deutschlands Bootsfahrern sichtlich schwer, nicht dem Vorurteil zu verfallen, die örtlichen Diener des Staates würden grundsätzlich in jedem Segler oder Motorbootfahrer einen wohlbestallten Yachteigner sehen, dem es ohnehin viel zu gut ginge."
"242","1950-08-31","Zeitung","Die Zeit, 31.08.1950","Aber dazu kann man wohl nur sagen, daß die Dienstzeit wahrscheinlich für alle Länder individuell verschieden ist, weil sie sowohl von der wirtschaftlichen und finanziellen Lage des betreffenden Staates abhängt, als auch durch innenpolitische Rücksichten und durch völlig verschiedene ""Wehrgeographie"" und die mutmaßlich verfügbare Mobilmachungszeit in Erwartung eines ""Blitzkrieges"" bestimmt wird."
"243","1959-04-17","Zeitung","Die Zeit, 17.04.1959","Die Kritik daran ist um so berechtigter, als die Einsparungen, die der Staat hier im laufenden Jahr erzielen kann, auf kaum 6 bis 8 Mrd. ffr - bei einem Budget von 5600 Mrd. ffrs - beziffert werden können, und diese Ersparnisse durch außerordentliche administrative Schwierigkeiten wieder in Frage gestellt werden."
"244","1965-04-02","Zeitung","Die Zeit, 02.04.1965","Anfang Februar wurde sie endgültig und auch für diese Staaten abgeblasen."
"245","1966-01-28","Zeitung","Die Zeit, 28.01.1966","Auf der Venus, dem sonnennäheren Nachbarplaneten der Erde, entdeckten amerikanische Forscher des California Institute of Technology und der Cornell University im Staat New York zwei ausgedehnte Gebirgszüge."
"246","1966-05-13","Zeitung","Die Zeit, 13.05.1966","Ein höherer Devisenausgleich durch vermehrte Rüstungskäufe scheint ebenfalls ausgeschlossen, zumal die Bundesregierung immer mehr unter den Druck der Vereinigten Staaten gerät, seit die großen Rüstungsaufträge der Bundesrepublik abgeschlossen sind."
"247","1968-11-29","Zeitung","Die Zeit, 29.11.1968","Ist Israel wirklich ein Staat von ""Hebräisch sprechenden Gojim"", wie ein junger Israeli sarkastisch formulierte?"
"248","1963-02-22","Zeitung","Die Zeit, 22.02.1963","Am meisten kränkt mich die Behauptung, daß die Ratzeburger Ruderer für nichts als ihr Training Zeit und Kraft hätten und vom Staat bezahlt würden."
"249","1958-12-11","Zeitung","Die Zeit, 11.12.1958","Die westlichen Demokratien sind für die meisten ""Neuen Staaten"" zugleich als Vorbilder, Kraftzentren und Partner wichtig."
"250","1961-09-15","Zeitung","Die Zeit, 15.09.1961","In den Vereinigten Staaten und ähnlich in andern entwickelten Volkswirtschaften ist das Wachstum des Kohleverbrauchs schon seit Jahren beendet und teilweise gar in eine rückläufige Phase übergegangen."
"251","1960-05-27","Zeitung","Die Zeit, 27.05.1960","""Die Umwandlung eines autoritären Staates in eine Demokratie ist ein schwieriger Prozeß, und den meisten Staaten gelang er nur über Revolutionen und Blutvergießen."
"252","1968-11-01","Zeitung","Die Zeit, 01.11.1968","So müsse er, der Ordinarius, dem Staat in dieser Situation zurufen, ""daß er sein eigenes Wesen verteidigt, wenn er dem Angriff der 'reinen Demokratie' auf die Hochschule entgegentritt""."
"253","1955-01-20","Zeitung","Die Zeit, 20.01.1955","Ohne Auslese und Wettbewerb kann auch ein ultra-sozialistischer Staat nicht funktionieren."
"254","1966-06-24","Zeitung","Die Zeit, 24.06.1966","Denn daß der Film ausschließlich in den rückständigsten der bereits unabhängigen afrikanischen Staaten aufgenommen ist, verschweigen Jacopetti und Prosperi ebenso wie die unbestreitbare Tatsache, daß die spezifischen Verhältnisse in Kenia und Tansania eine Folge der dort von den Engländern praktizierten Kolonialpolitik sind, einer jahrzehntelangen blutigen Unterdrückung der Schwarzen, die Hunderttausenden das Leben gekostet hat."
"255","1954-03-18","Zeitung","Die Zeit, 18.03.1954","Denn ohne in die Agrarstruktur einzugreifen oder Preissenkungen für Produktionsmittel anzubahnen, kann der Staat eine vorhandene Disparität nur dadurch beseitigen, daß er (für Agrarerzeugnisse) Preiserhöhungen dekretiert, Zölle erhöht und Einfuhren drosselt."
"256","1961-01-20","Zeitung","Die Zeit, 20.01.1961","Unter den afrikanischen Politikern, die bisher nach Bonn eingeladen wurden, nimmt der Gast, der am 23. Januar in der Bundeshauptstadt eintrifft, eine Sonderstellung ein: Julius Nyerere, der Chefminister von Tanganyika, kommt nicht als Vertreter eines unabhängigen Staates."
"257","1955-06-23","Zeitung","Die Zeit, 23.06.1955","Der Bundesminister für Verteidigung, Theodor Blank, glaubt nun offenbar eine Patentlösung zur Behauptung des Primats der Politik und zur Verhinderung eines militärischen Staates im Staate dadurch gefunden zu haben, daß es einfach keine selbständige oberste militärische Kommandobehörde, keinen Chef der Heeresleitung und kein OKW mehr geben wird."
"258","1959-01-30","Zeitung","Die Zeit, 30.01.1959","Die Tatsache, daß Alaska nunmehr ein Staat der Vereinigten Staaten ist, hat bedeutende psychologische Auswirkungen."
"259","1967-10-20","Zeitung","Die Zeit, 20.10.1967","Anregung für die Entwicklung der Architektur zum Beispiel und ein in dieser Qualität noch nicht dagewesener Überblick über kulturelle Leistungen der ganzen Welt durch die Jahrhunderte, wie sie die Kunstausstellung auf der Cité du Havre mit 200 Meisterwerken aus 20 Staaten zeigte."
"260","1965-11-26","Zeitung","Die Zeit, 26.11.1965","1938 emigrierte Piscator in die Vereinigten Staaten von Amerika."
"261","1958-08-21","Zeitung","Die Zeit, 21.08.1958","Es bedeutet aber dennoch einen großen Fortschritt, daß die Vereinigten Staaten bereit sind, sich mit einer neutralen Haltung der arabischen Staaten abzufinden."
"262","1967-03-24","Zeitung","Die Zeit, 24.03.1967","Wenn gar der Staat oder eine Planungsbehörde bis in die Bereiche von Wirtschaftszweigen oder gar Einzelbetrieben regulierend eingreifen zu dürfen glaubt, dann ist das vertretbare Maß dessen, was Marktwirtschaft heißt, überschritten."
"263","1952-12-25","Zeitung","Die Zeit, 25.12.1952","Dieser Zustände wegen, und weil das Gefühl vorherrscht, daß der Staat seine Unternehmungen sogar noch weiter auszudehnen gedenkt, ist es jetzt zu einer erregten Diskussion gekommen."
"264","1966-09-09","Zeitung","Die Zeit, 09.09.1966","Schuld daran trägt freilich nicht nur die Hast des konkurrenzfürchtenden Wissenschaftlers, schuld daran ist in vielen Fällen auch der vermeintliche oder tatsächlich bestehende Druck, den Forschungsinstitute empfinden, die für ihre Arbeit an den teuren Maschinen Millionenbeträge aufwenden müssen und Jahr für Jahr darum zu kämpfen haben, daß der Staat ihnen diese Mittel weiterhin gewährt."
"265","1960-08-19","Zeitung","Die Zeit, 19.08.1960","Die Regierung der Vereinigten Staaten hat sich seit längerer Zeit regelmäßig mit größter Entschiedenheit gegen eine gesamteuropäische Freihandelszone ausgesprochen."
"266","1964-10-23","Zeitung","Die Zeit, 23.10.1964","Oliver Wendell Holmes, der große amerikanische Richter, hat in einem berühmt gewordenen Dissent gesagt, daß ""die Verfassung gemacht sei für Leute von gänzlich verschiedenen Anschauungen (fundamentally differing views), und der Zufall, daß wir gewisse Meinungen natürlich und vertraut oder neu und geradezu abstoßend (shocking) finden, hat mit unserem Urteil darüber nichts zu tun, ob Gesetze... gegen die Verfassung der Vereinigten Staaten verstoßen""."
"267","1967-08-25","Zeitung","Die Zeit, 25.08.1967","Dort, so meint er mit Recht, liege die wirkliche Herausforderung unserer Zeit für die industrialisierten Staaten."
"268","1961-09-22","Zeitung","Die Zeit, 22.09.1961","Adoula wird auch weiterhin jedes Mittel recht sein, um die reiche Provinz im Süden des Landes ""zurückzuholen"" und damit einem finanziellen Ruin seines Staates zu entrinnen."
"269","1962-12-07","Zeitung","Die Zeit, 07.12.1962","Der landwirtschaftliche Protektionismus der EWG bedroht nicht nur das weiße und das farbige Commonwealth, sondern auch Argentinien, Kanada und auch die Vereinigten Staaten."
"270","1969-11-07","Zeitung","Die Zeit, 07.11.1969","Nur die enge Verbindung zwischen Westeuropa und den Vereinigten Staaten vermag diesem Ungleichgewicht abzuhelfen, wobei als Unterpfand der Wirksamkeit und Verläßlichkeit dieser Kräfteverbindung eine militärische Mindestpräsenz der Amerikaner auf dem europäischen Kontinent noch einige Zeit erforderlich sein wird."
"271","1948-10-07","Zeitung","Die Zeit, 07.10.1948","Sein Verfasser, H. V. Hodson, bezeichnet das erste Reich des britischen kolonialen Imperialismus, das zweite der allmählich selbständiger werdenden Dominien und das dritte eines aus souveränen Staaten bestehenden British Commonwealth als vergangene Größen."
"272","1968-12-13","Zeitung","Die Zeit, 13.12.1968","Die Konvergenz-Theorie erscheint ihm als das ""Streben, zwischen den kapitalistischen Staaten und der sozialistischen Staatengemeinschaft das Modell eines besonderen Weges, eines dritten Weges zu demonstrieren""; die pluralistische Gesellschaft als Empfehlung, ""der Konterrevolution legale Betätigungsmöglichkeiten zu verschaffen""."
"273","1950-04-27","Zeitung","Die Zeit, 27.04.1950","Naturgemäß konnten nicht alle Zwistigkeiten zwischen den Staaten mit einem Schlage beseitigt werden."
"274","1969-05-23","Zeitung","Die Zeit, 23.05.1969","In Großbritannien liegt es so, daß man in den ersten Jahren nach dem Krieg selbst noch an das Pfund Sterling als an eine Reservewährung und als einen festen Block im Strudel der Welt geglaubt hat und daß zumindest die Länder des früheren Commonwealth, aber auch außenstehende Staaten diesen Glauben geteilt haben, während in Großbritannien nichts geschehen ist, um die nicht mehr hereinfließenden Gewinne aus dem Ausland durch Steigerung der eigenen Arbeit, durch Anhebung der Produktion, durch Vergrößerung des Exports zu ersetzen."
"275","1965-11-12","Zeitung","Die Zeit, 12.11.1965","Man weiß bisher nur, daß er den Vereinigten Staaten den entscheidenden Hinweis auf ein großes sowjetisches Raketenprogramm gab, zu einer Zeit, als Amerika noch an die Überlegenheit seiner großen Bomber glaubte, ihren Ausbau forcierte und die Herstellung von Raketen vernachlässigte."
"276","1963-09-06","Zeitung","Die Zeit, 06.09.1963","Der Hurrikan drehte plötzlich auf die amerikanische Küste zu und verwüstete die Stadt Savannah im Staat Georgia."
"277","1962-08-03","Zeitung","Die Zeit, 03.08.1962","Es darf nicht Sache des Staates sein, sich ausgleichend in einen Prozeß einzuschalten, der von den Betroffenen selbst, eventuell unter Opferung ihrer eigenen Vermögenssubstanz, ertragen werden muß."
"278","1960-09-09","Zeitung","Die Zeit, 09.09.1960","Früher haben die europäischen Staaten, zuletzt als Nationalstaaten gegeneinander im Kampf, sich eifrig bemüht um den Vorrang an militärischer Stärke und an diplomatischer Kunst der Überlistung."
"279","1969-07-04","Zeitung","Die Zeit, 04.07.1969","Seit Anfang dieses Jahres aber nahm der Rückzug des Dollars in die Vereinigten Staaten derart große Formen an - nach Schätzungen rund acht Milliarden Dollar -, daß die Funktionsfähigkeit des Refugiums heißen internationalen Geldes gefährdet schien."
"280","1968-09-13","Zeitung","Die Zeit, 13.09.1968","Wenn der Staat den Sparkassen jedoch diese Vergünstigungen zugestehe, so müsse er auch auf die Unterstützung seiner Ziele rechnen können, zumal sich die Sparkassen immer mehr vom klassischen Spargeschäft entfernten."
"281","1967-02-17","Zeitung","Die Zeit, 17.02.1967","Halperin untersucht, welche Wirkungen ein beschränktes und ein großes chinesisches Atompotential auf das Verhalten der Vereinigten Staaten und die Situation der anderen asiatischen Staaten haben würde."
"282","1969-09-12","Zeitung","Die Zeit, 12.09.1969","Vor allem wird sie auch sehr bald zu spüren bekommen - wie vor ihr Großbritannien und die Vereinigten Staaten -, daß Waffenlieferungen und Wirtschaftshilfe (und um so weniger eine martime Präsenz) ihr noch lange nicht jenen Einfluß auf die Politik ihrer Freunde und Schützlinge gibt, die sie für ihre eigenen Ziele erhoffen mag."
"283","1968-04-12","Zeitung","Die Zeit, 12.04.1968","Im Gegenteil, er hält diese Formen des Kampfes sogar für die mächtigste und aggressivste unter den verschiedenen Möglichkeiten, vor allem aber für die erfolgreichste, und er versäumt nicht, die Bürgerrechts- und Sozialreformen aufzuzählen, die in den Vereinigten Staaten zugunsten der Neger verwirklicht wurden, seit King und seine Freunde 1954 in Montgomery den Busstreik organisierten."
"284","1962-05-04","Zeitung","Die Zeit, 04.05.1962","Der 13. August sei durch diese neueste kommunistische Maßnahme ""in den Schatten gestellt worden""; man spricht von Ulbrichts Staat als einer sowjetischen ""Wirtschaftskolonie"" und meint, dies bedeute nun den ""totalen Ausverkauf"" Mitteldeutschlands."
"285","1966-05-20","Zeitung","Die Zeit, 20.05.1966","Die Vereinigten Staaten und Kanada nahmen allein 25 Prozent des Auslandsabsatzes auf."
"286","1965-06-11","Zeitung","Die Zeit, 11.06.1965","2) Ablehnung aller französischen Vorstellungen über eine Osteuropapolitik, sofern sie die Beteiligung der Vereinigten Staaten ausschließen."
"287","1967-12-01","Zeitung","Die Zeit, 01.12.1967","Verhaftungsgrund Die Henschel-Werke sollen den Staat dadurch geschädigt haben, daß sie der Bundeswehr überhöhte Preise abforderten."
"288","1958-02-27","Zeitung","Die Zeit, 27.02.1958","Aber ich kann nicht sagen, was das tunesische Volk tun wird, wenn sich die Situation verschlimmert und wenn die Vereinigten Staaten und die übrige westliche Welt sich weigern, durch Taten auf unsere dringenden Bitten um wirtschaftliche Unterstützung und auf unsere Appelle zur Beendigung des Krieger in Algerien zu antworten."" Bourguiba"
"289","1957-09-19","Zeitung","Die Zeit, 19.09.1957","Ein legitimes Bedürfnis für ein Volk, das seinen Staat und damit seine geschichtliche Behausung verlor, das nicht wie viele andere am Rande des Abgrunds wandelte, sondern das mitten drin, tief unten im Abgrund saß - und dies alles auch noch aus eigener Schuld."
"290","1965-07-09","Zeitung","Die Zeit, 09.07.1965","Ernst Jünger wandte sich betont an die Kräfte ""außerhalb der Parlamente""; Hans Zehrer wollte den Weimarer Staat ersetzen durch eine Synthese aus Stände- und Rätestaat; Keo Pleyer (Altwandervogel, Frontsoldat und sudetendeutscher Nationalsozialist) erträumte einen ""bündischen aristokratischen Staat""; Paetel plädierte für einen ""Volksrätestaat""."
"291","1957-12-05","Zeitung","Die Zeit, 05.12.1957","In den ersten Jahren nach der Währungsreform, als die Devisendecke in der Bundesrepublik nicht hin und nicht her reichte, hat der Staat sie zum Ausbau ihrer Fangflotten ermuntert."
"292","1958-01-09","Zeitung","Die Zeit, 09.01.1958","Wenn wir hier nun einige Fragen auf dem Herzen haben, dann können wir sie sehr betont nur so äußern, daß wir eine theologische, also innerkirchliche Diskussion mit unseren Brüdern führen wollen, auf keinen Fall aber so, daß wir dem Staate, der dieses Gespräch belauscht, auch nur das geringste Recht eingestehen, sich in diese Diskussion einzumischen oder gar mit der Donnerstimme seines Terrors und seiner Lynchjustiz daz wischenzubrüllen."
"293","1962-04-06","Zeitung","Die Zeit, 06.04.1962","Höhepunkt mit allem Glanz, den auch kommunistische Staaten lieben: Festempfang durch Premierminister Cyrankiewicz im Schloß Natolin."
"294","1967-10-13","Zeitung","Die Zeit, 13.10.1967","Unbewußt ertappen wir uns ja immer wieder dabei, daß wir vom Staat etwas fordern, was man allenfalls vom mittelalterlichen Corpus christianum verlangen konnte; unbewußt steckt in uns allen so etwas wie ein Ketzerrichter oder doch ein Ketzerriecher."
"295","1968-07-12","Zeitung","Die Zeit, 12.07.1968","Weil die amerikanischen Jachtskipper allem Neuen gegenüber aufgeschlossener sind als die britischen und bis vor kurzem auch die meisten deutschen, haben die berühmten Konstrukteure in den Vereinigten Staaten wiederum mehr gewagt, wenn es darum ging, schnelle Jachten mit noch schnelleren zu übertrumpfen."
"296","1954-04-08","Zeitung","Die Zeit, 08.04.1954","Pläne, in den nordischen Staaten ähnliche Vorstöße zu unternehmen, sind im Gange."
"297","1965-03-05","Zeitung","Die Zeit, 05.03.1965","Nein, steigende Ausgaben sind kein Beweis für ein Versagen der Regierung - in der modernen Industriegesellschaft wachsen nun einmal die Ansprüche an den Staat."
"298","1969-09-26","Zeitung","Die Zeit, 26.09.1969","Dazu kommen noch die palästinensischen Freischärlerverbände, die von ihnen allen abhängig sind und ihre Politik häufig durchkreuzen; dazu kommen die asiatischen und afrikanischen Staaten, die mit Israel diplomatische Beziehungen unterhalten und sich in keinen ""Heiligen Krieg"" gegen die Juden hineinziehen lassen werden."
"299","1958-10-30","Zeitung","Die Zeit, 30.10.1958","Die Zügel, die der Staat einstmals dem Wettbewerb zwischen den Banken über die Zulassungsregelung anlegte, hat ihm das Bundesverfassungsgericht aus der Hand genommen."
"300","1965-10-01","Zeitung","Die Zeit, 01.10.1965","Die Spitzenleistungen werden aber auch dann immer noch von den Vereinigten Staaten erreicht werden."
"301","1953-11-26","Zeitung","Die Zeit, 26.11.1953","Zwar greift die Sprache über und ermöglicht die übergreifende Bewegung der Geschichte, zwar bewahrt die Sprache, aber in diesem Vertrauen dürfen wir uns nicht wiegen: Gesellschaft und Staat nehmen immer mehr die Form eines bloß funktionierenden Schaltwerks an."
"302","1966-02-18","Zeitung","Die Zeit, 18.02.1966","In den Zuwachsraten der Industrieproduktion überrundete Italien alle anderen westeuropäischen Staaten."
"303","1955-12-15","Zeitung","Die Zeit, 15.12.1955","Mit Meldungen aus dreiunddreißig Staaten und von etwa tausend Teilnehmern werden die Ende Januar des nächsten Jahres beginnenden Olympischen Winterspiele in Cortina d'Ampezzo die bislang größten Wettbewerbe dieser Art sein."
"304","1967-11-17","Zeitung","Die Zeit, 17.11.1967","Beide Staaten wurden und werden, sei es von Ägypten, sei es von Indonesien, erfolgreich erpreßt; dabei wäre die koordinierte Entwicklungshilfe auch im deutschen Fall der nützlichste Beweis für den Willen zur Koexistenz."
"305","1967-08-18","Zeitung","Die Zeit, 18.08.1967","Der Staat mag manches Förderliche für ihre Verbreitung tun ... Trotzdem, ob Deutsch noch eine Weltsprache ist, ob es eine Weltsprache bleibt, wird nicht von den vielen hunderttausend Menschen entschieden, die es lernen, um in Touristik und Technik, in Wirtschaft und Wissenschaft davon zu profitieren, sondern von den lebendigen Geistern, die es hier und heute, im Deutschland von 1967, frischhalten, erneuern, mit Aussagekraft erfüllen und die es damit für die anderen lesenswert und lebenswichtig machen."""
"306","1962-10-12","Zeitung","Die Zeit, 12.10.1962","Die Bundesjuristen in Washington meinen heute, daß dieser Appell dem Versuch doch nahegekommen sei, die Regierung der Vereinigten Staaten mit Gewalt zu stürzen. -"
"307","1967-09-22","Zeitung","Die Zeit, 22.09.1967","Pierre de Coubertin war ein weiser Mann, er wußte, warum er das Protokoll der Eröffnungsfeier der Olympischen Spiele so genau festlegte, deshalb nämlich, weil er jeden Mißbrauch durch den gastgebenden Staat verhindern wollte."
"308","1947-09-25","Zeitung","Die Zeit, 25.09.1947","Mit der Stellungnahme der östlich beeinflußten Staaten für den sowjetischen, der Überseeländer für den USA-Standpunkt zeichnete sich auch in der Vollversammlung ein aus den Debatten des Sicherheitsrates wohlbekanntes Bild ab."
"309","1966-07-08","Zeitung","Die Zeit, 08.07.1966","Als Beispiel, wie solche Fragen gelöst werden könnten, führte Leber die Praxis in zahlreichen Staaten der USA an, die gewiß unverdächtig sind, eine sozialistische Wirtschaftspolitik zu betreiben."
"310","1957-07-04","Zeitung","Die Zeit, 04.07.1957","Beide Fälle und die ihnen zunächst zugrunde liegenden Ideen überlebten sich, ehe eine neue Form gefunden wurde, und brachten den britischen Staat in internationale Krisen und an den Abgrund eines Krieges."
"311","1949-11-10","Zeitung","Die Zeit, 10.11.1949","[...] Die sind Inrwisc1ie!, : flicht BOT cjualitafeiy den:C3 stKerIjner tjÖ 0afitätJii weit, über! eeen soaier liefert soaftrotz, idef j;göa , ""?iiis;en KursbedinunTen gcößieateib aods uater den gesenkte HO Preisen., , Es bHfct diesem Strauß VQ wirtschaftlidien Maripuiabn°n, mit den ij die Soswpfxone ihre ""Reputation 1 als ""Staat"" beweisen wollte, kaum. ein ? n derer Lohn als der verschäiwe Hinweis, daß diese ""e;roe Aktivität"", die die Ostreirunw im Intpfy onali andpl entfaltethabe, in 7t dem Lebfnsniveaa der Zone grolle Ä F I- mi werde wirte ws;effl liber def Dewise, man XK£ Ms e%ee Krafc K e"" , . K W lkpoFt 1 en. [...]"
"312","1952-09-18","Zeitung","Die Zeit, 18.09.1952","Israel befindet sich überdies auch noch mit sieben arabischen Staaten im Kriegszustand."
"313","1969-08-29","Zeitung","Die Zeit, 29.08.1969","Die Entscheidung über die Erfüllung von Bündnisverpflichtungen ist ausschließlich Sache der Vereinigten Staaten, und sie fällt ausschließlich unter den Gesichtspunkt des eigenen nationalen Interesses."
"314","1950-11-23","Zeitung","Die Zeit, 23.11.1950","Das Aufrücken Kaliforniens zum volkreichsten Staat der USA nach New York und eine gleiche Bevölkerungszunahme um 50 v. H: in den beiden anderen Pazifikstaaten Oregon und Washington seit 1940 werden das Faktum Nr."
"315","1967-09-01","Zeitung","Die Zeit, 01.09.1967","In acht von den vierzehn Staaten der Föderation haben arabische Nationalisten, die mit Nasser sympathisieren und den Engländern den ""Krieg"" erklärt haben, die Macht an sich gerissen."
"316","1964-04-24","Zeitung","Die Zeit, 24.04.1964","In der Weimarer Zeit war es gar so, daß sich diese autoritäre Staatsgesinnung an den alten Staat fixierte und gegen den neuen Staat wandte, der sich mit der Wirklichkeit und der Entwicklung, mit dem verlorenen Krieg, mit den Ideen der westlichen Umwelt auseinanderzusetzen versucht hat."
"317","1967-11-17","Zeitung","Die Zeit, 17.11.1967","In einem Amoklauf steuert der Kongreß darauf hin, den Erfolg der Kennedyrunde durch ein einfuhrbeschränkendes Quotensystem in Frage zu stellen und die Vereinigten Staaten ihren Handelspartnern zu entfremden."
"318","1969-10-24","Zeitung","Die Zeit, 24.10.1969","Hier hat aber auch der Staat bisher viel zu wenig geholfen!"
"319","1955-10-06","Zeitung","Die Zeit, 06.10.1955","In diesen Lagern, die einen Staat im Staate bilden, arbeiten zahlreiche Widerstandsgruppen, vergleichbar den Illegalen in den Konzentrationslagern Hitlers."
"320","1954-02-11","Zeitung","Die Zeit, 11.02.1954","Sein Land mit 200000 Einwohnern (Heiderabad hat 20 Millionen Bürger) gehörte nicht zu den großen Staaten Indiens."
"321","1947-08-21","Zeitung","Die Zeit, 21.08.1947","Am 15. April 1926 ließ die sowjetische Regierung allen Staaten eine Note zustellen, in der sämtliche Länder und Inseln mit den noch zu entdeckenden, die polwärts der russischen Küste liegen, zu sowjetischen Territorien gehörend erklärt wurden."
"322","1961-11-03","Zeitung","Die Zeit, 03.11.1961","Vor 30 Jahren hatte die damalige japanische Regierung die Mandschurei angegriffen, in kurzer Zeit besetzt und im März 1932 auf dem Territorium der Mandschurei den Staat ""Mandschukuo"" geschaffen."
"323","1955-04-07","Zeitung","Die Zeit, 07.04.1955","Für den Staat, der Kanonen erwirbt, hat der Rubel eine viel größere Kaufkraft als für den Normalverbraucher, der Brot und Fleisch kaufen will."
"324","1949-06-02","Zeitung","Die Zeit, 02.06.1949","In einem Staat, in dem das Volk das Parteiensystem rückhaltlos anerkennt, braucht jede einzelne Partei im Wahlkampf nur für sich selbst einzutreten."
"325","1946-05-09","Zeitung","Die Zeit, 09.05.1946","Das Kontor, dem später auch die Hülsenfruchteinfuhrhändler beitraten, sollte zwischen den Wünschen und Forderungen des Staates und ihrer privatwirtschaftlichen Erfüllung vermitteln."
"326","1969-03-07","Zeitung","Die Zeit, 07.03.1969","Die amerikanische Polizei ist auf diese Form der Selbsttötung aufmerksam geworden, als sich Unfälle an einem Pfeiler der Autobahnbrücke 238 bei Topeka im Staate Kansas häuften."
"327","1957-10-10","Zeitung","Die Zeit, 10.10.1957","Man hätte dann - abgesehen vom Verteidigungsparlament - zwei Häuser, eins der ""Sechs"" und ein anderes der ""Fünfzehn"", oder später vielleicht sogar ""Sechzehn"", ""Siebzehn"" oder noch mehr Staaten."
"328","1969-10-10","Zeitung","Die Zeit, 10.10.1969","Der Vorwurf, bei dieser Regierungsbildung handele es sich um einen rheinisch-westfälischen Coup, sei absurd, zumal er, wenn er nicht den Staat, sondern seine Partei im Auge gehabt hätte, taktisch falsch vorgegangen sei, indem er die Liberalen von Rhein und Ruhr einer großen Belastungs- und Anfechtungsprobe auf Bundesebene ausgesetzt habe."
"329","1967-08-11","Zeitung","Die Zeit, 11.08.1967","Die Bevölkerung des Saargebietes konnte sich für eine dauernde internationale Herrschaft nicht erwärmen, auch nicht unter dem Vorzeichen einer Furopäisierung; zweimal, 1935 und 1955, zog sie es vor, sich einem bestehenden Staat anzuschließen, statt unter einem Sonderstatut zu leben."
"330","1962-04-13","Zeitung","Die Zeit, 13.04.1962","Die neutralen Staaten ringen um einen Platz in der EWG"
"331","1953-05-28","Zeitung","Die Zeit, 28.05.1953","Leider dürfte sich die rückläufige Entwicklung in diesem Jahre kaum ändern, obwohl man aus dem Nahen Osten, den nordischen Staaten und aus Kanada eine Reihe günstiger Aufträge erhalten konnte."
"332","1948-01-08","Zeitung","Die Zeit, 08.01.1948","Denn parallel mit einer Intensivierung des Warenaustausches mit der Sowjet-Union müßten die westeuropäischen Staaten ihre bisherigen Lieferungen nach den alten, Absatzgebieten wie Skandinavien, Süd-, Mittel- und Nordamerika, Nordafrika und den britischen Dominien reduzieren."
"333","1965-04-30","Zeitung","Die Zeit, 30.04.1965","Vielleicht läßt sich schon bald mehr sagen nach dem 8. Deutschen Studententag, der in Bonn begonnen hat unter der Devise ""Was ist dem Staat der Nachwuchs wert?"" (und nicht etwa: ""Was ist der Staat dem Nachwuchs wert"", man muß aufpassen, damit man es nicht verwechselt)."
"334","1956-06-07","Zeitung","Die Zeit, 07.06.1956","Die Frage einer Einbeziehung der außereuropäischen Gebiete - wofür sachlich vieles spricht - wird sich lösen lassen, vielleicht in der Form ihrer Heranziehung als assoziierte Staaten."
"335","1958-03-27","Zeitung","Die Zeit, 27.03.1958","Nach der Karte ist der spannendste Flecken derjenige, auf dem sich die Pavillons von Sowjetrußland und den USA gegenüberstehen, nur durch einige kleinere Bauten von - gibt es Zufälle? - arabischen Staaten voneinander getrennt."
"336","1952-09-25","Zeitung","Die Zeit, 25.09.1952","Durch die Straßen der Hauptstadt tobte damals eine durch den Tod ihres Führers auf das äußerste erregte Masse, die mit dem Ruf: ""Nieder mit den Konservativen!"" öffentliche Gebäude, darunter den Palast des Staatspräsidenten, niederbrannte, in das Parlamentsgebäude eindrang, in dem die Konferenz der amerikanischen Staaten unter dem Vorsitz des USA-Außenministers George C. Marshall tagte, und das Innere des Gebäudes verwüstete."
"337","1953-04-16","Zeitung","Die Zeit, 16.04.1953","Jetzt ist ein Sohn St. Pöltens, Ingenieur Julius Raab, an die Spitze des noch immer viermächtebesetzten Staates getreten."
"338","1949-01-27","Zeitung","Die Zeit, 27.01.1949","Von Wichtigkeit aber ist, daß diese Konzeption, Berlin sei ein bedeutender Bestandteil des werdenden westdeutschen Staates, nicht in der übrigen Welt als eine Erlahmung der Berliner Aktivität angesehen wird, sondern als die Phase einer Politik, die aus der Demonstration zur Verwirklichung voranschreitet."
"339","1967-07-21","Zeitung","Die Zeit, 21.07.1967","In den ersten Monaten nach der Niederlage von 1918 gab es in der deutschen Studentenschaft einige Ansätze, die auf eine Mitarbeit der jungen Akademiker am demokratischen Staat hoffen ließen."
"340","1964-07-17","Zeitung","Die Zeit, 17.07.1964","""Die Selbstbehauptung des Staates auf dem Wege der Rechtsentwicklung, nicht dem des Krieges ist heute zu erstreben."
"341","1953-10-22","Zeitung","Die Zeit, 22.10.1953","Wie die französische Sozialversicherung sind auch diese Familienausgleichskassen als ""Staat im Staate"" straff zentralisiert."
"342","1955-02-03","Zeitung","Die Zeit, 03.02.1955","Eine gemeinsame Armee der westeuropäischen Staaten würde das Verletzlichste, den Menschen, in den großen Umrührtopf werfen."
"343","1960-09-23","Zeitung","Die Zeit, 23.09.1960","Üblicherweise gibt nun aber jeder Staat seine Stimmen als Ganzes ab."
"344","1969-10-24","Zeitung","Die Zeit, 24.10.1969","Und der Staat hängt von den wirtschaftlichen Erträgen und den Steuern, die sie einbringen, ab."
"345","1964-01-31","Zeitung","Die Zeit, 31.01.1964","Schon haben 31 von 36 unabhängigen afrikanischen Staaten es aufgegeben, parlamentarische Demokratie zu praktizieren."
"346","1957-08-08","Zeitung","Die Zeit, 08.08.1957","Die Freidemokraten haben John Foster Dulles in einem Brief die Frage vorgelegt, warum eigentlich der Bundeskanzler ""so uneingeschränkt von der Regierung der Vereinigten Staaten und ihrer (!) Presse unterstützt"" werde."
"347","1947-07-24","Zeitung","Die Zeit, 24.07.1947","Den Vereinigten Staaten wird sogar die Absicht untergeschoben, die Vorherrschaft Deutschlands in Europa nicht nur als Wirtschafts-, sondern auch als Militärmacht wiederherstellen zu wollen."
"348","1968-03-29","Zeitung","Die Zeit, 29.03.1968","Hager erklärte, die Empfehlung, in den sozialistischen Staaten ""zur bürgerlichen Demokratie, zum bürgerlichen Parlamentarismus"" zurückzukehren, gehöre zur Globalstrategie der Imperialisten."
"349","1966-08-12","Zeitung","Die Zeit, 12.08.1966","Was aber die Kirche betrifft, so sollte sie ihre Energien auf die Stelle konzentrieren, an der ihr die wirklich legitime Chance zugewiesen ist: Sie hätte den (vom Staat konzedierten) Religionsunterricht so glaubwürdig, so sachlich und so überzeugend zu gestalten, daß von ihm jene Kräfte ausstrahlen, die einen jungen Menschen zum Christen machen können."
"350","1962-10-05","Zeitung","Die Zeit, 05.10.1962","Während der amerikanische Plandie Erhöhung der internationalen Liquidität dadurch verwirklichen will, daß die einzelnen Staaten nicht nur einseitig Dollars und Pfunde als Devisenreserven halten, sondern ihre Währungen gegenseitig akkumulieren sollen, erstrebt der Maudling-Plan das gleiche Ziel dadurch, daß die Devisenüberschüsse der einzelnen Länder beim Internationalen Währungsfonds als ""Pool"" angelegt werden können."
"351","1962-11-09","Zeitung","Die Zeit, 09.11.1962","Zwei Wochen, die genügt haben, unseren Staat ins Wanken zu bringen, den Glauben an die Integrität seiner Institutionen zu erschüttern und das Mißtrauen gegenüber den Bonner Gefälligkeitspolitikern wild und ungehemmt emporschießen zu lassen."
"352","1948-10-28","Zeitung","Die Zeit, 28.10.1948","Bredow erstrebte mit allen Mitteln den überparteilichen Rundfunk und fand eine wohlausgewogene Interessenverteilung zwischen Staat und Privatwirtschaft."
"353","1964-03-20","Zeitung","Die Zeit, 20.03.1964","In anderen lateinamerikanischen Staaten gibt es immer noch die Hoffnung auf eine Revolution."
"354","1962-06-22","Zeitung","Die Zeit, 22.06.1962","Heute gibt es in den Vereinigten Staaten rund 200 Verleger von Taschenbüchern, von denen 45 erst im Laufe des Jahres 1961 diesen Geschäftszweig aufgenommen haben."
"355","1963-02-22","Zeitung","Die Zeit, 22.02.1963","Gert von Paczensky, in seiner zum Stil erhobenen mimischen Unterentwicklung immer wieder faszinierend, hatte sich weder mit der Regierung noch mit der Gesellschaft dieses Staates angelegt."
"356","1946-04-18","Zeitung","Die Zeit, 18.04.1946","Sie wollten einen von Frankreich oder Deutschland militärisch beherrschten europäischen Großraum Die Vorteile dieser Neubildung wären somit nicht Europa, sondern ausschließlich dem stärksten Staat in ihm zugefallen."
"357","1956-08-30","Zeitung","Die Zeit, 30.08.1956","Wer zahlt? - der Staat!"
"358","1948-03-11","Zeitung","Die Zeit, 11.03.1948","Er erhob den Anspruch für Frankreich, Mittelpunkt eines Blocks Vereinigten Staaten von Europa zu werden, der eine wirtschaftlich, diplomatisch und strategisch geschlossene Gruppe bilde und jedem Versuch von sowjetischer Seite, die Weltherrschaft an sich zu reißen, zuvorkommen solle."
"359","1966-08-05","Zeitung","Die Zeit, 05.08.1966","In der Tschechoslowakei sollen 29 Prozent der Großhandelspreise flexibel werden, 7 Prozent sollen künftig vom Betrieb festgesetzt werden und für 64 Prozent der Industrieerzeugung will der Staat die Preise zentral regeln."
"360","1946-09-26","Zeitung","Die Zeit, 26.09.1946","Diese anti-isolationistischen Kräfte haben schon Tor dem Kriege auf dem so wichtigen wirtschaftlichen Gebiet einen Kurswechsel herbeigeführt, indem sie mit dem Trade Agreement act vom 12. Juni 1934 die Möglichkeit gaben, in Verhandlungen mit anderen Staaten gegenseitig Zollnachlässe zu vereinbaren."
"361","1963-01-11","Zeitung","Die Zeit, 11.01.1963","Die Armee gehört dem Staat und allen seinen Bürgern - gleich welchen Wahlbekenntnisses."
"362","1953-06-18","Zeitung","Die Zeit, 18.06.1953","Sollten nicht andere Staaten, die dem Wähler nicht soviel Vertrauen schenken, wenigstens eine ""belehrende Volksbefragung"" einrichten?"
"363","1961-09-01","Zeitung","Die Zeit, 01.09.1961","So finden sich in der EFTA auch neutrale Staaten wie Schweden, Österreich, die Schweiz und, assoziiert, Finnland neben den NATO-Mitgliedern Großbritannien, Norwegen, Dänemark und Portugal."
"364","1957-10-17","Zeitung","Die Zeit, 17.10.1957","Eine Generation, die nach Kriegsende die Kontensperrung durch die Rote Armee erlebt hat, die erst Reichsmark in ""Tapetenmark"" und dann diese wieder in Ostgeld tauschen mußte und die - will sie stabile Schuhe oder Kleider und Anzüge aus soliden Stoffen erwerben - nach Westberlin fahren und dort ihre sauer verdienten Mark gegen Westwährung vervierfachen muß - diese Menschen haben das Vertrauen in die Geldinstitute eines Staates, dem sie ohnehin mißtrauen, längst verloren."
"365","1947-09-11","Zeitung","Die Zeit, 11.09.1947","Ein solches ist z. B. die Scarce-Currency-Klausel, die der Weltbank die Möglichkeit gibt, gegebenenfalls eine Währung als ""knapp"" zu erklären, was den Mitgliedern der Bretton-Woods-Organisationen gestatten würde, Abwehrmaßnahmen zum Schutz der eigenen Währungen vorzunehmen, Man glaubte so genügend vorgebeugt zu haben, für den Fall, daß die wirtschaftliche Erholung einzelner Länder langsamer als erwartet voranschreiten würde, wobei ihr Außenhandel mit stärkeren Partnern, praktisch also den Vereinigten Staaten, notwendig einseitig werden und die eigene Währung gefährdet werden mußte."
"366","1967-11-24","Zeitung","Die Zeit, 24.11.1967","Das widerspricht ganz entschieden der gängigen Lehre, die von einer klaren Trennlinie zwischen Staat und Privatwirtschaft ausgeht."
"367","1947-09-25","Zeitung","Die Zeit, 25.09.1947","Als erste der Figuren entstand 1931 der ""Bettler"" auf Krücken, dessen Doppel nach den Vereinigten Staaten, an die Harvard-University in Cambridge/USA. ging."
"368","1952-08-21","Zeitung","Die Zeit, 21.08.1952","Offenbar doch deshalb, weil die angedrohte Vernichtung der bürgerlichen und wirtschaftlichen Existenz nur zu leicht auch den ehrlichen Steuerzahler treffen kann - weil es als unmoralisch empfunden wird, daß der Staat oft genug einen Menschen vor die bittere Alternative des ""so kaputt - oder so kaputt"" stellt."
"369","1969-12-05","Zeitung","Die Zeit, 05.12.1969","Aber nicht den Staat, dessen Bürger wir sind und dessen noch vorhandene Grundrechte wir verteidigen, nicht die Verteidigungsbereitschaft..., sondern die Angriffsbereitschaft."""
"370","1962-02-23","Zeitung","Die Zeit, 23.02.1962","Die Vereinigten Staaten erbitten und brauchen die Hilfe Europas, um Lateinamerika halten zu können."
"371","1959-01-23","Zeitung","Die Zeit, 23.01.1959","Einige von euch sagen uns: Euer Staat sei ja gar nicht antichristlich, sondern nur handfest achristlich, nutzt die Möglichkeiten, die er euch immerhin noch läßt."
"372","1954-04-15","Zeitung","Die Zeit, 15.04.1954","Die moderne Gesetzgebung, die der junge Staat ausarbeitete, konnte fast ohne Änderung große Teile des ""Jonsbok"", des alten Rechtes, enthalten, das im Jahre 1281 niedergelegt worden war..."
"373","1969-11-07","Zeitung","Die Zeit, 07.11.1969","Skepsis und Vorsicht gebietet vor allen Dingen die Breschnjew-Doktrin, die nicht nur die ideologische Rechtfertigung des Eingreifens in Prag nachlieferte, sondern auch unmißverständliche Drohungen gegen andere Staaten des Warschauer Paktes, gegen sozialistische Länder außerhalb des Moskauer Hegemonialbereichs, gegen Neutrale und ""reaktionäre"" oder ""imperialistische"" Staaten wie die Bundesrepublik enthält."
"374","1967-01-20","Zeitung","Die Zeit, 20.01.1967","Wenn auch der kalte Krieg inzwischen an Schärfe verloren hat, der Kampf um die Waffenmärkte der jungen Staaten wird mit unverminderter Härte fortgeführt."
"375","1962-06-08","Zeitung","Die Zeit, 08.06.1962","Sie agieren ebensowenig für den bundesrepublikanischen Staat wie Sartre oder Picasso für den Staat de Gaulles."
"376","1965-07-23","Zeitung","Die Zeit, 23.07.1965","Parteichef Ceausescu ließ sich jedoch nur zu einer Bemerkung über die Tatsache zweier deutscher Staaten und die Notwendigkeit eines Friedensvertrages herbei."
"377","1963-06-21","Zeitung","Die Zeit, 21.06.1963","Amerikaner und der schwarzen Amerikanerin Diese Ressentiments und dazu die soziale ökonomische und politische Diskriminierun| beschränken sich durchaus nicht auf die Süd( Staaten."
"378","1967-12-15","Zeitung","Die Zeit, 15.12.1967","1956 bekam erst ein afrikanisches Land amerikanischee Militärhilfe - Äthiopien, 1961 waren es bereits sieben und 1962 sogar 14 afrikanische Staaten, darunter vor allem jene, die früher eng mit Frankreich verbunden waren."
"379","1969-02-07","Zeitung","Die Zeit, 07.02.1969","Er nennt den Rassismus, den Nationalismus, den Faschismus, eingehend kritisiert er nur da, wo jeder kritisieren sollte: am Leib des Staates, in dem er lebt, und da ich hier als Deutscher schreibe und Sacharow auch die ""deutsche Frage"" für ein ungelöstes und unheilvolles Problem hält, habe ich mit der deutschen Frage angefangen."
"380","1958-12-04","Zeitung","Die Zeit, 04.12.1958","Denn jene drei Millionen wandern ja nicht in die Bundesrepublik ab, weil die Lebensbedingungen dort günstiger sind als in der Zone, sondern sie lassen ihr Hab und Gut, ihre Institute und Bibliotheken, ihre Praxis und ihre Wohnungseinrichtung im Stich und flüchten, um der Willkür eines Staates zu entgehen, in dem es keine Selbstbestimmung gibt."
"381","1962-04-06","Zeitung","Die Zeit, 06.04.1962","Der Staat sollte nicht unmittelbar tätig werden."
"382","1947-01-02","Zeitung","Die Zeit, 02.01.1947","Zwei Staaten sind aus dem Krieg gegen die Achsenmächte mit einer-überragenden Machtstellung hervorgegangen:"
"383","1954-12-23","Zeitung","Die Zeit, 23.12.1954","Im modernen Staat sind Politik und Wirtschaft in hohem Maße ineinander verschränkt."
"384","1953-06-04","Zeitung","Die Zeit, 04.06.1953","Die Regierung Seiner Majestät hat daher eine Stellung und Stärke behalten, die es sonst in den parlamentarischen Staaten kaum gibt."
"385","1963-07-12","Zeitung","Die Zeit, 12.07.1963","Die zwanzig Millionen Neger in den Vereinigten Staaten haben schon viele Sprecher gehabt."
"386","1958-12-04","Zeitung","Die Zeit, 04.12.1958","Andere Mäche interessieren sich jedoch bereits angelegentlich für das wirtschaftliche Patronat über den jungen Staat, das Frankreich zu übernehmen zögert:"
"387","1969-05-23","Zeitung","Die Zeit, 23.05.1969","Der Titel könnte täuschen: dies ist keine theologische, religionswissenschaftliche oder rechtsphilosophische Abhandlung, sondern die Schrift eines politisch engagierten Juristen über die rechte Ordnung des Verhältnisses von Staat und Kirchen in der Bundesrepublik."
"388","1952-08-14","Zeitung","Die Zeit, 14.08.1952","Wenn vom Staat die Rede ist, denkt man meistens an Bundesregierung und Bundestag."
"389","1966-09-16","Zeitung","Die Zeit, 16.09.1966","Abgesehen davon: Die steigende Zahl der Erbkranken bedeutet für den Staat eine wachsende und nicht zu unterschätzende soziale Belastung."
"390","1952-05-22","Zeitung","Die Zeit, 22.05.1952","Einen Irrtum, dessen heillose Folgen gerade der Botschafter bei Hitler hat beobachten können, als der Geist sich der Macht des Staates beugte."
"391","1959-07-10","Zeitung","Die Zeit, 10.07.1959","Die Festspiele, die zu einem beachtlichen Ereignis unseres öffentlichen Lebens geworden sind ... veranschaulichen die höhere Bewertung des Films durch Staat und Gesellschaft."""
"392","1966-10-28","Zeitung","Die Zeit, 28.10.1966","Die Entwicklung hat somit dazu geführt, daß nicht nur die Chancen der Privatschulen, Schüler zu erhalten, sich wesentlich verschlechtert haben, sondern der Staat auch, wenn ein Schüler eine gleichwertige Privatschule besucht, entsprechende Zuschüsse, wie sie durch die angeführten Vergünstigungen erforderlich werden, erspart."
"393","1953-07-30","Zeitung","Die Zeit, 30.07.1953","Dagegen ist der Präsident der Vereinigten Staaten nach dem Gesetz ermächtigt, ""die Freistellung irgendeiner Kategorie oder mehrerer Kategorien von Studenten für die Dauer einer ihm geeignet erscheinenden Periode zu verfügen."
"394","1950-01-12","Zeitung","Die Zeit, 12.01.1950","Die einzelnen Staaten denken an sich und wollen sich nach außen abriegeln."
"395","1965-06-04","Zeitung","Die Zeit, 04.06.1965","""Die deutsche Opposition"", so schrieb das CSU-Blatt in seiner letzten Ausgabe, ""kann sich offensichtlich auch jetzt, zehn Jahre nach der Gründung der deutschen Bundesrepublik, noch nicht dazu durchringen, dem Staate das zu geben, was des Staates ist."
"396","1968-01-12","Zeitung","Die Zeit, 12.01.1968","Die Garnisonkirche von Potsdam war nicht irgendeine Kirche, sie war die Kirche Preußens, das Gotteshaus eines Staates und einer Idee."
"397","1966-08-19","Zeitung","Die Zeit, 19.08.1966","Zweitens hatte er das Gefühl, daß ihm der Staat von diesem Geld nichts abnahm, während sich heute niemand, der Vermögen hat, recht sicher fühlt."
"398","1949-12-22","Zeitung","Die Zeit, 22.12.1949","Säuglingsausstattung und Kinderkleidung, die mit Eintrittsgeldern einer Ausstellung deutscher Gemälde in den Vereinigten Staaten eingekauft wurden, werden zu Weihnachten an bedürftige Kinder in der amerikanischen Zone verteilt."
"399","1952-07-03","Zeitung","Die Zeit, 03.07.1952","Natürlich wird alles noch komplizierter, als es schon ist, wenn der Staat in Frage steht."
"400","1967-04-28","Zeitung","Die Zeit, 28.04.1967","Der Fall Österreich lag anders, da Österreich nie ein kommunistischer Staat geworden war."
"401","1969-04-25","Zeitung","Die Zeit, 25.04.1969","die umstrittene Stellung und Funktion der Hochschule in Staat und Gesellschaft;"
"402","1969-03-07","Zeitung","Die Zeit, 07.03.1969","An der Spitze großer moderner Staaten muß ein Team stehen, kein Star."
"403","1966-03-11","Zeitung","Die Zeit, 11.03.1966","Wird Guatemala, der größte Staat Mittelamerikas, ein ""zweites Santo Domingo?"""
"404","1946-04-25","Zeitung","Die Zeit, 25.04.1946","General Marshall, der Sonderbotschafter der Vereinigten Staaten in China, setzte nach seiner Ankunft in Tschungking die Friedensvermittlungen fort."
"405","1964-03-20","Zeitung","Die Zeit, 20.03.1964","Die Zahl der Delegierten wird entsprechend der Bevölkerungsdichte und den leisten Wahlergebnissen in jedem Staat von den Parteien festgelegt."
"406","1966-09-09","Zeitung","Die Zeit, 09.09.1966","Die Vereinigten Staaten vor fünfzehn Jahren in Korea, gegenwärtig in Vietnam."
"407","1965-10-01","Zeitung","Die Zeit, 01.10.1965","Er trat besonders hervor in den wiederholten Mahnungen Kossygins und des sowjetischen UN-Botschafters Fedorenko, ""dritte Staaten"" sollten auf jeden Fall davon absehen, den Kaschmirkonflikt zu schüren."
"408","1958-08-14","Zeitung","Die Zeit, 14.08.1958","Zur Wiedergutmacheung für die Opfer des Nazismus gehört auch der Vertrag mit dem Staat Israel."
"409","1949-01-06","Zeitung","Die Zeit, 06.01.1949","Frieden zwischen dem Staat und den Kirchen herzustellen."
"410","1963-08-09","Zeitung","Die Zeit, 09.08.1963","Viele Worte, auf kleinem Raum, der Zusammenprall von persönlichen Wünschen und dem Willen des Staates."
"411","1964-04-10","Zeitung","Die Zeit, 10.04.1964","Daher bemühen wir uns, unser Verhältnis zu den Staaten Osteuropas zu verbessern und soweit wie möglich zu normalisieren."
"412","1968-05-10","Zeitung","Die Zeit, 10.05.1968","In Afrika war es zunächst das Konzept der ""Communauté Française"", dann das der Gründung unabhängiger Staaten."
"413","1965-02-05","Zeitung","Die Zeit, 05.02.1965","Weiter geht die SPD von der Tatsache aus, daß ein großer Teil der Bevölkerung noch nicht in den Staat integriert ist, sich in diesem Staat noch nicht zu Hause fühlt."
"414","1949-07-21","Zeitung","Die Zeit, 21.07.1949","Die Vereinigten Staaten haben ebenso wie England versucht, mit Rot-China über den Hafen von Tsientsin Handel zu treiben, und werden im Augenblick daran nur durch die nationalchinesische Blockade gehindert."
"415","1952-08-07","Zeitung","Die Zeit, 07.08.1952","Die Gespräche, die in Neu-Delhi zwischen dem indischen Ministerpräsidenten Nehru und dem mit indischer Unterstützung zum Ministerpräsdenten des Staates Jammu und Kaschmir erhobenen Scheichs Mohammed Abdullah über die staatsrechtliche Stellung Kaschmirs innerhalb der Indischen Union geführt wurden, endeten mit einen vollen Erfolg des Scheichs."
"416","1960-11-18","Zeitung","Die Zeit, 18.11.1960","Dem Volk imponierte dieses drastische Vorgehen - und auch seine Sparsamkeit, die es immerhin zuwege brachte, daß nicht nur die völlig zerrüttete Wirtschaftsbilanz des Staates wieder in Ordnung kam, sondern sogar ein ansehnlicher Überschuß herausgewirtschaftet wurde."
"417","1964-03-20","Zeitung","Die Zeit, 20.03.1964","Die Streitkräfte beider Staaten sind großenteils mit US-Waffen ausgerüstet, ihre Soldaten von US-Offizieren ausgebildet."
"418","1966-03-25","Zeitung","Die Zeit, 25.03.1966","In Warschau entspannt sich das Verhältnis zwischen Staat und Kirche"
"419","1969-09-12","Zeitung","Die Zeit, 12.09.1969","Mittags um zwei Uhr wird Charles Burke Elbrick, Botschafter der Vereinigten Staaten, auf einer der belebtesten Straßen von Rio de Janeiro in seinem Wagen entführt."
"420","1964-08-14","Zeitung","Die Zeit, 14.08.1964","Wenn wir gemeinsam im Sinne einer friedlichen Koexistenz weiterkommen wollen, ist es notwendig, daß Sie mit Ihrer Zeitung entschieden für eine sachliche Beantwortung unseres Vorschlages und für eine Vereinbarung zwischen den Presseämtern beider deutscher Staaten eintreten."
"421","1960-10-07","Zeitung","Die Zeit, 07.10.1960","Und er hat in einer vielbeachteten Rede verlangt, daß sowohl die Sowjetunion als auch die Vereinigten Staaten sich aus dem Nahen Osten zurückziehen sollten."
"422","1947-10-23","Zeitung","Die Zeit, 23.10.1947","Da alle aufgezählten Länder den unentbehrlichen Schutzwall der Vereinigten Staaten bilden, soll ihre Sicherheit-durch die Waffen der USA und der anderen mächtigsten Mitglieder der atlantischen Gemeinschaft garantiert werden."
"423","1969-01-10","Zeitung","Die Zeit, 10.01.1969","Der gemeinsame Adressat ist der saumselige Staat und die verfilzte Parteipolitik."
"424","1963-03-15","Zeitung","Die Zeit, 15.03.1963","Sie sind für den Staat ohnehin ein Verlustgeschäft, bei dem die Löhne schwer ins Gewicht fallen."
"425","1969-02-28","Zeitung","Die Zeit, 28.02.1969","Ich weiß, es gab Zeichen der Unzufriedenheit in Europa - ein Gefühl, daß die Vereinigten Staaten zu oft auf ihre Partner eingeredet haben, statt mit ihnen zu reden, oder daß sie sie lediglich über Entscheidungen unterrichtet haben, nachdem diese gefallen waren, statt sie vor solchen Entscheidungen zu konsultieren."
"426","1959-09-18","Zeitung","Die Zeit, 18.09.1959","Es heißt,' eine Reihe südamerikanischer Staaten werde für Frankreich stimmen oder sich zumindest der Stimme enthalten."
"427","1968-02-02","Zeitung","Die Zeit, 02.02.1968","Zwar ist die Bereitschaft groß, den Polizeiknüppel sofort bei jeder Gelegenheit einzusetzen, aber der wirkliche Herrschaftswille, eine vernünftige Vorstellung von der Autorität des Staates, die fehlt ganz offensichtlich."
"428","1952-12-18","Zeitung","Die Zeit, 18.12.1952","Man glaubt in den Vereinigten Staaten nicht, daß man sich in einer Wandlung befindet, und doch wird ein Fremder auch andere Anzeichen dafür bemerken."
"429","1966-09-30","Zeitung","Die Zeit, 30.09.1966","Mit diesen Forderungen sind auch die Vereinigten Staaten aufgerufen, eine tätige Außenpolitik zu treiben, die an der Wiedervereinigung Europas mitwirkt."
"430","1956-10-04","Zeitung","Die Zeit, 04.10.1956","Der Staat als Träger einer Autorität, die im Transzendenten wurzelt und als Ordnungsmacht; der Staat, der für den konservativen Historiker Leopold von Ranke eine ""geistige Wesenheit"", ein ""Gedanke Gottes"" ist."
"431","1968-07-12","Zeitung","Die Zeit, 12.07.1968","""Verfassung und Recht in Übersee In enger Verbindung mit dem Deutschen Institut für Afrika-Forschung, dem Institut für Asienkunde und dem Institut für Ibero-Amerika-Kunde geben die Forschungsstelle für Völkerrecht und ausländisches öffentliches Recht der Universität Hamburg (Herbert Krüger) und die Hamburger Gesellschaft für Völkerrecht und Auswärtige Politik diese Vierteljahresschrift für Fragen der Verfassungs- und Rechtsentwicklung der Staaten Asiens, Afrikas und Lateinamerikas heraus."
"432","1949-02-17","Zeitung","Die Zeit, 17.02.1949","Der Abschluß eines Verteidigungsbündnisses zwischen den drei skandinavischen Staaten scheint jetzt stärker in den Bereich des Wahrscheinlichen zu rücken."
"433","1963-12-06","Zeitung","Die Zeit, 06.12.1963","Sie führen davon einen Teil als Verpflegungsbeitrag ab, den Rest bezahlt wiederum der Staat."
"434","1968-12-13","Zeitung","Die Zeit, 13.12.1968","Die Neigung, sich innerhalb der kommunistischen Staaten auf Wandel durch Revolution zu verlassen, könnte wiederum die amerikanische Haltung beeinflussen und die unerfreulichen antikommunistischen Gefühle der fünfziger Jahre wiedererwecken."
"435","1968-09-13","Zeitung","Die Zeit, 13.09.1968","Manöver im gewaltlosen Wiederstand sollten zu den selbstverständlichen Gepflogenheiten demokratischer Staaten gehören."
"436","1947-07-31","Zeitung","Die Zeit, 31.07.1947","Ein zumeist mächtiges Lebenssystem, zum Beispiel ein Staat, hat mit einer größeren Anzahl der in seinem Wirkungsbereich lebenden Menschen irgend etwas, vor; sie müssen daher in einem Lager (dieser oder jener Form) konzentriert werden."
"437","1956-09-13","Zeitung","Die Zeit, 13.09.1956","Symptomatisch ist die starke Beteiligung der arabischen Staaten an der diesjährigen Levante-Messe in Bari."
"438","1969-05-23","Zeitung","Die Zeit, 23.05.1969","Dies trug dazu bei, daß der Frage, ob und wie die beiden deutschen Staaten im zukünftigen Europa zu vereinen seien, welche Rolle sie darin spielen sollten und welche Konsequenzen sich daraus für ihre heutige Politik ergeben, nur von wenigen nüchtern ins Auge gesehen worden ist."
"439","1965-03-05","Zeitung","Die Zeit, 05.03.1965","Trotz ihres pseudo-wissenschaftlichen Jargons entstand die Op Art als eine Reaktion auf die beiden künstlerischen Revolutionen, die nach dem Krieg in den Vereinigten Staaten und anderswo stattgefunden haben - auf die abstrakte action-Malerei und die Pop Art."
"440","1958-04-24","Zeitung","Die Zeit, 24.04.1958","Die Verfasser des Vertrags haben anerkannt, daß ein Staat, dessen Zahlungsbilanz anhaltend defizitär ist, entweder die Hilfe seiner Partner in Anspruch nehmen oder aber seine Importe einschränken muß."
"441","1969-11-07","Zeitung","Die Zeit, 07.11.1969","Beides, die Bestätigung politischer Macht und der Konflikt mit ihr, charakterisiert seitdem die Beziehung von Kirche und Staat."
"442","1958-09-04","Zeitung","Die Zeit, 04.09.1958","Einige Großfirmen beteiligten sich an der gerace eröffneten Genfer Atomausstellung und konnten sich auch schon für internationale Großaufträg:, selbst in den Vereinigten Staaten, gegen die amerikanische Konkurrenz durchsetzen."
"443","1950-10-12","Zeitung","Die Zeit, 12.10.1950","Und schließlich weiß man, wie es in diesem Staat mit der Freiheit des einzelnen bestellt ist; was die ""demokratische"" Regierung der Ostzone unter ""freier"" Meinungsäußerung versteht und was denen passiert, die nicht dasselbe darunter verstehen..."
"444","1954-09-02","Zeitung","Die Zeit, 02.09.1954","Wer heute von der Monarchie spricht, meint nicht so sehr einen abstrakten staatsrechtlichen Begriff - er meint die Zeit um 1900, und zwar weiter sich des damaligen Gefühls ökonomischer und politischer Sicherheit und der ruhigen Ausgewogenheit zwischen Mensch und Staat erinnert."
"445","1968-08-30","Zeitung","Die Zeit, 30.08.1968","Das Verbrechen der USA in Vietnam, die Besetzung Tibets durch die chinesische Volksrepublik, die Stützung der Militärdiktatur in Griechenland, der von westlichen und östlichen Staaten geförderte Völkermord in Biafra und der völkerrechtswidrige Überfall auf die Tschechoslowakei sind, trotz ideologischer Divergenz, ihrem Wesen nach gleichwertig:"
"446","1948-01-29","Zeitung","Die Zeit, 29.01.1948","Da dieSowjetunion mit ihren geschulten Spionenund ihrem Geheimdienst einen Krieg gegen die USA führen, sollten von den Vereinigten Staaten der Marshall-Plan als Waffe gegen diesen; Kampf eingesetzt werden, erklärte der frühere Leiter desBüros für strategische Dienste, General Donovan, vor dem außenpolitischen Ausschuß desSenat""."
"447","1952-03-20","Zeitung","Die Zeit, 20.03.1952","Ist unser Staat in seiner geistigen Autorität stark genug?"
"448","1962-10-12","Zeitung","Die Zeit, 12.10.1962","Dazu gehören die Verantwortung Europas gegenüber anderen Kontinenten, das Verhältnis von Kirche und Staat, die Zusammenarbeit der Generationen und die Aktivierung der Laien in der Kirche."
"449","1961-06-16","Zeitung","Die Zeit, 16.06.1961","Dies ist auch natürlich, da die Wahrnehmung einer Kontrolle über solche Verbindungswege das unveräußerliche Recht eines jeden souveränen Staates ist."""
"450","1958-03-06","Zeitung","Die Zeit, 06.03.1958","Schon im Sommer 1955, als die Zahl der Beschäftigten in den Staaten zum ersten Male über 65 Millionen hinausging, war man sich in einsichtigen Kreisen klar darüber, daß alle gut qualifizierten Arbeiter nunmehr ihren ""Job"" hätten und weitere Einstellungen zu einem Rückgang in der Leistung, zu einer Verminderung der Produktivität und mithin zu einer Erhöhung der Produktionskosten führen müßten."
"451","1969-02-21","Zeitung","Die Zeit, 21.02.1969","In Deutschland sind zwar Schulen und Hochschulen Veranstaltungen des Staates, und auch vergleichbare Privatschulen unterwerfen sich dem staatlichen Anspruch auf Kontrolle; das zur Zeit des Preußischen Landrechts jedoch nicht einmal als Utopie denkbare Gebiet des Fernunterrichts und der freiwilligen privaten Berufsfortbildung fällt nicht unter solche Ansprüche."
"452","1965-11-26","Zeitung","Die Zeit, 26.11.1965","Die großen Weltmachtkonflikte, hervorgerufen durch den schnellen Aufstieg Chinas, werden in den kommenden Jahrzehnten folglich mehrere ""Gefahrenpunkte"" durchlaufen, nämlich dort, wo sich die Kurve des chinesischen Machtzuwachses schneidet a) mit der Sowjetunion (1970), b) mit den Vereinigten Staaten (1974), c) mit den Vereinigten Staaten plus Westeuropa (1980) und d) mit den Vereinigten Staaten plus Westeuropa plus Sowjetunion (1985)."
"453","1946-12-05","Zeitung","Die Zeit, 05.12.1946","Auf der einen Seite stehen die hochentwickelten Staaten, denen nichts Besseres geschehen kann als eine vollkommen freie Wirtschaft mit dem Abbau aller Zollschranken: an der Spitze die Vereinigten Staaten, in denen bereits List die zukünftige erste Wirtschaftsmacht der Welt sah."
"454","1947-07-10","Zeitung","Die Zeit, 10.07.1947","Der drohende Zerfall und die Gefahr, die ein geistiger, Bürgerkrieg zwischen den Zonen für den Weltfrieden bedeutet, sollte gerade jetzt alle deutschen Politiker zur Besinnung rufen und sie dazu; bringen, sich der -großen Aufgabe zu erinnern, die sie haben, mit daran zu arbeiten, daß Deutschland statt zu einem Streitobjekt zu einem Mittler zwischen den europäischen Staaten wird."
"455","1947-01-02","Zeitung","Die Zeit, 02.01.1947","Das scheint uns die große Frage zu sein, die, so oder so, allen ""weltwirtschaftlich"" führenden Staaten gestellt ist und die im einzelnen recht verschiedenartige Antworten gefunden hat."
"456","1965-03-12","Zeitung","Die Zeit, 12.03.1965","In seinen Empfehlungen für die Regierung der Vereinigten Staaten geht der Bericht davon aus, daß die politische Führung für eine Kontrolle und Verbreitung der Informationen und Ergebnisse sorgen müsse."
"457","1954-10-21","Zeitung","Die Zeit, 21.10.1954","Als Hamilton seine Vorschläge 1786 auf einer Handelskonferenz vorbrachte, die über eine Verstärkung der Handelsbeziehungen zwischen den Staaten beraten sollte - ein einheitlicher Markt bestand ja nicht -, war den Delegierten der dreizehn Staaten durchaus klar, wohin dieser Weg führen mußte."
"458","1966-11-25","Zeitung","Die Zeit, 25.11.1966","Die lateinamerikanische Literatur kommt nicht aus jungen Staaten, sondern aus alten, politisch und sozial verdorbenen Ländern."
"459","1955-03-17","Zeitung","Die Zeit, 17.03.1955","Von 500 Detekteien im Staat New York befassen sich 150 mit ""legalem Abhören""."
"460","1960-03-18","Zeitung","Die Zeit, 18.03.1960","Zum siebtenmal ist Bundeskanzler Adenauer in den Vereinigten Staaten - aber noch nie stand er dort vor einer so schwierigen und heiklen Aufgabe."
"461","1968-06-14","Zeitung","Die Zeit, 14.06.1968","Die zwei Millionen wehrlosen Menschen, die in Indien und Burma während der Unabhängigkeitserklärung auf Geheiß der weltlichen oder geistlichen Obrigkeit niedergemetzelt wurden, die Hunderttausende, die in einigen jungen afrikanischen Staaten und bei der antikommunistischen Raserei in Indonesien umgebracht wurden, sind die Dokumentation der Laborergebnisse in der politischen Praxis."
"462","1959-09-18","Zeitung","Die Zeit, 18.09.1959","Der Schuldige ist der demokratische Staat, der der Jugend kein Lebensideal zu geben weiß, dafür aber die schlimmsten Verbrechen an dieser Jugend duldet und ermuntert: schlappe Presse, schädliche Filme, häßliche Schauspiele an allen Orten und insbesondere auf der Straße, wo sich die Prostitution vor aller Augen unglaublich ausbreitet..."""
"463","1950-01-26","Zeitung","Die Zeit, 26.01.1950","Ob es darüber hinaus notwendig sein wird, für den Fall grundsätzlicher Meinungsverschiedenheiten zwischen Staat und Zentralbank eine ""Berufungsinstanz"" einzuschalten, erscheint insofern zweifelhaft, als es die gleichen Persönlichkeiten wären, zwischen denen etwaige Meinungsverschiedenheiten ohnehin ausgetragen werden müßten."
"464","1968-10-04","Zeitung","Die Zeit, 04.10.1968","Die Bildungspolitik des Staates auf der einen und die Nachwuchs- und Wirtschaftspolitik der Wirtschaft auf der anderen Seite gehorchen unterschiedlichen Intentionen und erzeugen ein permanentes Spannungsfeld, in das der Lehrling und Berufsschüler gestellt ist."
"465","1960-09-09","Zeitung","Die Zeit, 09.09.1960","Aus dieser Überzeugung nehmen sie sich das Recht, den Staat und seine Apparatur in den Dienst ihres Kampfes um die Wahlentscheidung zu stellen."
"466","1955-04-07","Zeitung","Die Zeit, 07.04.1955","Sie entspricht dem Interesse der Nation, weil sie nur dann gegenüber dem Gegner jene Kraft und gegenüber dem Bundesgenossen jene Zuverlässigkeit zu entfalten vermag, deren kein Staat entraten kann, wenn er auf seine weltpolitische Solvenz bedacht ist:"
"467","1952-01-03","Zeitung","Die Zeit, 03.01.1952","Die Vereinigten Staaten begründeten ihre den arabischen Antrag ablehnende Haltung damit, daß eine Diskussion der Verhältnisse im französischen Protektorat die Atmosphäre noch mehr vergiften und es für Frankreich noch schwieriger machen würde, geplante Reformen in der Verwaltung durchzuführen."
"468","1958-04-17","Zeitung","Die Zeit, 17.04.1958","Man weiß, daß die Psychoanalyse Sigmund Freuds in den zwanziger und dreißiger Jahren vor allem in den Vereinigten Staaten die akademische Psychologie und Psychiatrie eroberte."
"469","1964-12-04","Zeitung","Die Zeit, 04.12.1964","Sie suchte Anerkennung und Verbündete unter Staaten, deren Gesellschaftsform sie verabscheuen mußte."
"470","1947-03-13","Zeitung","Die Zeit, 13.03.1947","Der Vergangenheit gehört die Ära Roosevelt an, als die Vereinigten Staaten großzügig Menschen, Waren und Kapitalien überall hin zur Verfügung stellten."
"471","1962-07-20","Zeitung","Die Zeit, 20.07.1962","Die deutschen Werften wollen weitere Hilfe vom Staat."
"472","1962-08-03","Zeitung","Die Zeit, 03.08.1962","Und schließlich spielt in dem Stück auch der Staat eine Rolle."
"473","1969-07-04","Zeitung","Die Zeit, 04.07.1969","Wenn gelten solle, in diesem Land, ""daß wir der Staat sind, wir Bürger"", dann liege eine Chance in den Worten Heinemanns, er wolle ""Bürger-Präsident"" sein."
"474","1949-01-27","Zeitung","Die Zeit, 27.01.1949","""In einem geregelten Zusammenwirken mit dem Rektor vertritt der Präsident die Gesamtinteressen der autonomen Hochschule gegenüber dem Staat und der Öffentlichkeit sowie gegenüber den Einzel- und Gruppeninteressen innerhalb der Hochschule."""
"475","1966-09-16","Zeitung","Die Zeit, 16.09.1966","Sie haben sich nicht darauf beschränkt, Forderungen vorzutragen und den Staat an seine Verantwortung zu mahnen, sondern haben ihrerseits wirksame Bildungshilfen angeboten: das Berufs-Fortbildungswerk des DGB, die Briefschule, die Bundesfachschule für maschinelle Datenverarbeitung, die Fachschule für Bekleidungstechniker und nicht zuletzt die drei sozialen Akademien in Dortmund, Frankfurt und Hamburg."
"476","1946-11-21","Zeitung","Die Zeit, 21.11.1946","Sende deutsche Waren, denn sie sind besser als Gold - wenn man Meldungen über die ""Sorgen"" der Länder hört, die genügend Gold, aber nicht genügend Waren haben -, wie es vor allem für die neutral gebliebenen Staaten zutrifft, so die Schweiz und Schweden."
"477","1959-09-18","Zeitung","Die Zeit, 18.09.1959","So hat er auch den amerikanischen Vorschlag bereitwillig angenommen, bei seiner Rundreise durch die Staaten jene Städte zu vermeiden, in denen Mikojan und Koslow mit Eiern beworfen und ausgepfiffen worden waren."
"478","1960-10-28","Zeitung","Die Zeit, 28.10.1960","Und ganz am Schluß werde Südafrika - die vier weißen und die acht schwarzen Staaten zusammen - so eine Art Commonwealth bilden."
"479","1956-05-24","Zeitung","Die Zeit, 24.05.1956","Die Heimat der Poesie war in Deutschland einst Schwaben, neuerdings Österreich; Großbritanniens Dichter stammen zumeist aus Irland; und in den Vereinigten Staaten ist es der Süden, der die schönsten literarischen Früchte hervorbringt."
"480","1966-05-13","Zeitung","Die Zeit, 13.05.1966","Die Farbigen konnten einige ihrer Kandidaten in die Novemberwahl bringen; es wird dann zum erstenmal in der Geschichte dieses von Rassenunruhen heimgesuchten Staates mehrere farbige Sheriffs geben und einen farbigen Abgeordneten im Parlamentvon Alabama."
"481","1969-09-12","Zeitung","Die Zeit, 12.09.1969","Aber mit der zentralen Rolle des Staates werden die Grenzen zwischen Staat und Wirtschaft, zwischen den privaten Unternehmungen und der öffentlichen Verwaltung, notwendigerweise immer verschwommener."
"482","1965-03-12","Zeitung","Die Zeit, 12.03.1965","Wie in der ZEIT Nr. 10/65 angekündigt, nimmt Professor Dr. Walther Killy, Ordinarius für Neuere Deutsche Literatur an der Universität Göttingen, hier Stellung zu dem dort abgedruckten Aufsatz ""Der Staat und seine Hochschulen"" von Dr. Hans Dichgans, MdB."
"483","1952-07-24","Zeitung","Die Zeit, 24.07.1952","Die sieben Gesellschaften ""besitzen und kontrollieren praktisch die gesamte Welt-Ölindustrie außerhalb der Vereinigten Staaten und fungieren als unabhängige Weltregierung, die ihre Bedingungen diktiert""."
"484","1946-04-18","Zeitung","Die Zeit, 18.04.1946","Der Freiherr vom Stein hat in den Grenzen des damaligen Staates wirken müssen, und dieser Staat war eine Monarchie."
"485","1951-04-26","Zeitung","Die Zeit, 26.04.1951","""Der deutsche Mensch"" (1916) und ""Volk, Staat und Persönlichkeit"" (1917) in einer populären Schriftenreihe des S. Fischer Verlages."
"486","1954-06-03","Zeitung","Die Zeit, 03.06.1954","Die Affäre Vulkan schwärt immer noch weiter wie alles Unrecht, das der Staat begeht, zu dem er sich aber nicht bekennt und das er infolgedessen nicht sühnt."
"487","1957-09-19","Zeitung","Die Zeit, 19.09.1957","[...] Bruch zwischen den vertragenden Theilen eintreten sollte, die Unterthanen und Bürger eines jeden derselben, welche sich in den Gebieten oder Staaten des anderen Theils wohnhaft aufhalten, das Vorrecht genießen sollen, ohne irgend eine Störung daselbst zu verbleiben und ihr Gewerbe oder ihre Beschäftigung fortzusetzen... und es sollen ihre Effekten und ihr Eigenthum, es mag solches Privatpersonen oder dem Staate anvertraut worden sein, weder der Beschlagnahme oder Sequestration unterliegen, noch anderen Ansprüchen als solchen unterworfen sein, welche an gleichnamige Effekten oder gleichnamiges Eigenthum, gemacht werden, das den Landeseinwohnern der respectiven Staaten gehört."" [...]"
"488","1968-05-10","Zeitung","Die Zeit, 10.05.1968","Vorerst stecken Nordvietnam und die Vereinigten Staaten noch in den Präliminarien; bis die Unterhändler zum Kern der Probleme eines Waffenstillstandes und eines Friedens durchstoßen, können viele Wochen, ja Monate ins Land gehen."
"489","1966-05-06","Zeitung","Die Zeit, 06.05.1966","Mit der Entwicklung größerer Frachter, die bis zu hundertausend Tonnen Erz und mehr fassen und daher eine günstigere Frachtenkalkulation zulassen, könnte das australische Erz vielleicht eines Tages auch für Europa und die Vereinigten Staaten interessant werden."
"490","1958-04-24","Zeitung","Die Zeit, 24.04.1958","Das ist nicht verwunderlich angesichts des Bestrebens der Regierung jedes lateinamerikanischen Staates, die Industrialisierung um jeden Preis voranzutreiben, wobei oftmals das Industrialisierungstempo, gemessen an der Leistungsfähigkeit der jeweiligen Volkswirtschaft, übersteigert wird."
"491","1963-08-23","Zeitung","Die Zeit, 23.08.1963","""Sie hassen diesen Staat"" servierte er dem CSU-Fußvolk Analysen über die Sozialdemokraten, die ihn in der Tat von dem Verdacht reinigen mußten, mit der Linken zu sympathisieren."
"492","1959-11-20","Zeitung","Die Zeit, 20.11.1959","Im vergangenen September haben die französischen Renault-Werke erstmals mehr Wagen nach den Vereinigten Staaten exportiert als die Volkswagenwerke."
"493","1962-12-14","Zeitung","Die Zeit, 14.12.1962","Föderalismus im Unternehmen ist nun allerdings nur da möglich, wo der klassische Unternehmer so abgeschafft ist wie im Staat der absolute Monarch, und wo an Stelle des ""l'état c'est moi"" die andere Einsicht tritt, daß Führung des Staates so gut wie Führung des Unternehmens nur möglich ist unter dem Aspekt des allgemeinen, des öffentlichen Interesses."
"494","1961-04-28","Zeitung","Die Zeit, 28.04.1961","Was ist denn das für ein Staat?"
"495","1969-11-14","Zeitung","Die Zeit, 14.11.1969","Der italienische Staat bekommt auf seine fünf Milliarden Mark Investitionen jährlich die klägliche Summe von rund 1,7 Millionen Mark Ausschüttung."
"496","1967-10-20","Zeitung","Die Zeit, 20.10.1967","""Laßt uns unsere Siegeshoffnungen so zusammenfassen: Vernichtung des Imperialismus durch Ausschaltung seines stärkster Bollwerks, der Vereinigten Staaten von Nordamerika, als taktische Funktion, die Übernahme der schrittweisen Befreiung der Völker, nacheinander oder in Gruppen, wobei man den Feind in einen schwierigen Kampf hineinzieht, ihn seiner Existenzgrundlagen, nämlich seiner abhängigen Gebiete, beraubt."""
"497","1965-12-24","Zeitung","Die Zeit, 24.12.1965","Sie hoben den Zeigefinger vor einer ""Politik der totalen Säuberung"" und unterstellten gleich allen, die es nicht in der Ordnung finden, daß ehemalige NS-Professoren zu Gründungsrektoren erkoren werden, die diesen Staat und die Wissenschaft repräsentieren, sie machten es wie weiland Heinrich Himmler: verlangten, wenn auch keine arische Großmutter, so doch ""makellos weiße Westen nicht nur für die Gegenwart, sondern möglichst noch vom Tage der Geburt""!"
"498","1952-11-06","Zeitung","Die Zeit, 06.11.1952","Man weiß, daß sich die britischen Kolonien sowie mehrere südamerikanische Staaten dafür interessieren."
"499","1952-10-09","Zeitung","Die Zeit, 09.10.1952","Die Amerikaner können also, wie es in einigen ihrer Staaten Schulvorschrift ist, mit Stolz von sich sagen, daß sie in direkter Linie von Menschen abstammen - von Menschen, die wahrscheinlich in sehr später Zeit von Sibirien über die Beringstraße und die Aleuten eingewandert sind."
"500","1960-03-25","Zeitung","Die Zeit, 25.03.1960","[...] Die Tatsachen, an denen Adenauer und Ollenhauer, Brentano und Wehner sich nacheinander die Köpfe eingerannt haben, sind bekannt: daß die sowjetische Deutschland-Politik eben auf die DDR setzt; daß die Sowjets mit ihrem Vorschlag des Friedensvertrags mit den ""beiden deutschen Staaten"" auf die endgültige Anerkennung des Status quo hinarbeiten (während sie gleichzeitig in Berlin das eine Element dieses Status zu eliminieren suchen, das ihnen unbequem erscheint); daß alle ""Konföderations""-Projekte nur den einen sachlichen Sinn haben, Ulbricht zum Schiedsrichter über die Gestalt eines wiedervereinigten Deutschlands zu machen; daß der sowjetische Botschafter Smirnow erst kürzlich vor seinen freidemokratischen Gästen das i-Tüpfelchen auf all diese Forderungen setzte und der Bundesrepublik nahelegte, sie solle, wenn sie die Wiedervereinigung wirklich erstrebe, erst einmal so ""friedliebend und demokratisch"" werden ""wie die DDR"" ... [...]"
