"No.","Date","Genre","Bibl","Hit"
"1","1922-03-09","Zeitung","Vossische Zeitung (Morgen-Ausgabe), 09.03.1922","Er führt aus, ein großer Teil des französischen Volkes habe Poincaré mit Freude als Vertreter einer neuen, entschieden nationalen Politik begrüßt und würde es nicht verstanden haben, wenn patriotische Organe diesen Glauben von vornherein bekämpft hätten, statt erst die Taten des neuen Ministerpräsidenten abzuwarten."
"2","1928-04-04","Zeitung","Vossische Zeitung (Abend-Ausgabe), 04.04.1928","Der Redner führte eine Reihe von Beispielen dafür an, daß die Deutschen sich als Lehrmeister fremder Völker bewährt haben, ohne die nationale Eigenart dieser Völker anzutasten."
"3","1930-12-31","Wissenschaft","Scheidt, Walter: Kulturbiologie, Jena: Fischer 1930, S. 101","Denn eine vollständige Anpassungsgeschichte eines Volkes könnte man heute selbst bei genauester Kenntnis des betreffenden Volkes und seiner Kultur nur dichterisch, aber kaum wissenschaftlich darstellen."
"4","1918-03-08","Zeitung","Berliner Tageblatt (Abend-Ausgabe), 08.03.1918","In bezug auf Rumänien sagte Bonar Law , das Unterhaus wisse genau, daß die Frage, ob Rumänien mit gutem Erfolg weiterkämpfen konnte, vollständig von Rußlands Mitwirkung am Kriege abhängig war Im Augenblick , wo Rußland ausgeschaltet war, ist das rumänische Volk und Heer in eine Lage gekommen, die man als tragisch bezeichnen könnte."
"5","1923-12-31","Wissenschaft","Schmitt, Carl: Die geistesgeschichtliche Lage des heutigen Parlamentarismus, Berlin: Duncker & Humblot 1991 [1923], S. 22","Vor einer, nicht nur in technischen, sondern auch im vitalen Sinne unmittelbaren Demokratie erscheint das aus liberalen Gedankengängen entstandene Parlament als eine künstliche Maschinerie, während diktatorische und zäsaristische Methoden nicht nur von der acclamatio des Volkes getragen, sondern auch unmittelbare Äußerungen demokratischer Substanz und Kraft sein können."
"6","1922-03-09","Zeitung","Berliner Tageblatt (Abend-Ausgabe), 09.03.1922","Die Romantik erstrebte anfangs breite Wirkung ins Volk und erreichte damit nur, ihm fremder als der Klassizismus zu werden; ihr letzter Schlachtruf gellte l`art pour l`art, ehe sie Fett ansetzte und darin erstickte."
"7","1931-03-01","Zeitung","Völkischer Beobachter (Reichsausgabe), 01.03.1931","Nachdem ein von auswärts nach Marburg abkommandierter Marxist seine Wühlarbeit gegen das erwachende Volk aufgenommen haben soll mit Geldern, deren Herkunft nicht zweifelhaft sein dürfte, macht sich ein zäher Widerstand von der sogenannten Staatspartei bis zu den Moskowitern gegen die drohende Abrechnung für ihren Verrat am Volke bemerkbar."
"8","1918-10-20","Wissenschaft","Boy-Ed, Ida: Thomas Mann: Betrachtungen eines Unpolitischen. In: Lehmstedt, Mark (Hg.) Deutsche Literatur von Frauen, Berlin: Directmedia Publ. 2001 [1918], S. 8450","Sein Bruder Thomas aber sagt: »Ich beargwöhne die steif ablehnende Kälte einer 'Vergeistigung', die sich zu vornehm dünkt, den Traum eines Volkes von Heimsuchung und notgeborener Tat einen Tag auch nur, eine Stunde lang mitzuträumen, und sich den in aller Geschichte unerhörten, auch von sehenden Feinden als beispiellos bestaunten Leistungen dieses Volkes hartnäckig verschließt - nur, weil sie sonst nicht 'recht behielte'.«"
"9","1921-03-05","Zeitung","Vossische Zeitung (Morgen-Ausgabe), 05.03.1921","Wir waren bereit, hierfür Zugeständnisse zu machen, wir waren bereit, alle berechtigten Zugeständnisse zu machen für die wirklichen Schwierigkeiten , unter denen das deutsche Volk und alle anderen infolge des Krieges leiden, aber diese Vorschläge sind offen gesagt beleidigend und erbitternd, und als ein Mann, der eifrig danach strebt, daß wirklicher Friede in Europa zwischen allen seinen Völkern hergestellt werde, beklage ich tief, daß solche Vorschläge überhaupt vorgebracht worden sind, denn sie zeigen den Wunsch, die Verpflichtungen, die Deutschland zur Last nicht sondern"
"10","1920-03-09","Zeitung","Berliner Tageblatt (Abend-Ausgabe), 09.03.1920","Denn jeder wirklich ernsthafte und wirklich vaterländisch denkende Mensch sollte denn doch vor einem Unternehmen zurückscheuen, das, wie die ""Kölnische Zeitung"" völlig zutreffend ausführt, jede Wiederausrichtung Deutschlands verhindern und das deutsche Volk in unabsehbare Katastrophen oder in dauernde Knechtschaft hineintreiben müßte."
"11","1932-12-31","Belletristik","Schenzinger, Karl Aloys: Der Hitlerjunge Quex, Berlin: Zeitgeschichte-Verl. 1932 [1932], S. 115","Frau Völker aber wagte schon gar nicht, dem Freund ihres Mannes zu widersprechen."
"12","1918-03-25","Zeitung","Vossische Zeitung (Abend-Ausgabe), 25.03.1918","""Samt seinem erhabenen Herrscher schätzt das bulgarische Volk diese Verdienste des würdigen Heerführers hoch, der den deutschen Namen auf dem Balkan mit Ruhm bedeckte, und indem er mit seinen Siegen die Waffenbrüderschaft der beiden Völker besiegelte, wirkte er mächtig für die Verwirklichung des Ideals des bulgarischen Volkes und für einen dauerhaften Frieden im Feldmarschall Mackensen sagte in seiner Dankantwort:"
"13","1932-12-31","Wissenschaft","Wind, Edgar: Humanitätsidee und heroisiertes Porträt in der englischen Kultur des 18. Jahrhunderts. In: Saxl, Fritz (Hg.), Vorträge 1930 - 1931, Leipzig: Teubner 1932, S. 163","Zwei Völker sind es, die nach Humes Auffassung die Kraft des Intellekts gelegentlich dazu mißbraucht haben, um den Enthusiasmus und den Aberglauben auf künstliche Weise zu schüren: im Altertum die Griechen, in der neueren Zeit die Franzosen."
"14","1921-03-06","Zeitung","Vossische Zeitung (Sonntags-Ausgabe), 06.03.1921","Die arbeitende Klasse in Kronstadt ist entschlossen, sich nicht mehr von den Schönredereien der kommunistischen Partei verführen zu lassen, die sich Vertreterin des Volkes nennt, aber in Wirklichkeit das Gegenteil davon ist."
"15","1932-12-31","Belletristik","Schenzinger, Karl Aloys: Der Hitlerjunge Quex, Berlin: Zeitgeschichte-Verl. 1932 [1932], S. 116","""Zimmer 63?"" wiederholt Frau Völker ohne Verständnis."
"16","1920-12-31","Wissenschaft","Weber, Max: Die protestantische Ethik und der Geist des Kapitalismus. In: Weber, Marianne (Hg.) Gesammelte Aufsätze zur Religionssoziologie, Bd. I, Tübingen: Mohr 1920 [1920], S. 38","wo einmal die Phantasie eines ganzen Volkes in der Richtung auf das rein quantitativ Große gelenkt ist, wie in den Vereinigten Staaten, da wirkt diese Zahlenromantik mit unwiderstehlichem Zauber auf die »Dichter« unter den Kaufleuten."
"17","1932-12-31","Wissenschaft","Klages, Ludwig: Der Geist als Widersacher der Seele, 3. Band, Teil 2: Das Weltbild des Pelasgertums, Leipzig: Barth 1932, S. 1406","Und ebenso wie hier ein Volk der grausamsten Opferbräuche bald wirkliche Menschen, bald bloße Abbilder darbringt, solcherweise die wesentliche Einerleiheit beider bezeugend, ebenso finden wir in zahlreichen Fällen beides nebeneinander oder sogar miteinander vermengt."
"18","1929-12-31","Belletristik","Döblin, Alfred: Berlin Alexanderplatz, Olten: Walter 1961 [1929], S. 444","Du weeßt doch, wat ein Troglodyt ist, das sind wir, wacht auf, Verdammte dieser Erde, die stets man noch zum Hungern zwingt, als Opfer seid ihr gefallen im Kampf, in heiliger Liebe zum Volke, ihr gabt euer Alles hin für das Volk und Leben und Glück und Freiheit."
"19","1919-12-31","Belletristik","Rubiner, Ludwig: Die Erneuerung. In: Deutsche Literatur von Lessing bis Kafka, Berlin: Directmedia Publ. 2000 [1919], S. 143586","Nur dies ist nicht zu vergessen, daß wir in solchem Zustande anderen Völkern (die ihn längst los sind) genauso novellistisch komisch erscheinen wie uns selbst unser halb vergessener individueller Ahn im Schlafrock mit langer Pfeife."
"20","1919-04-03","Zeitung","Berliner Tageblatt (Morgen-Ausgabe), 03.04.1919","Angesichts der Bedeutung, die dieser Behörde für das Wohl des Volkes und des künftigen Schicksals des Vaterlandes zukommt, wäre vielleicht doch von den militärischen Instanzen zu erwägen gewesen, ob diesem Wunsche nicht besser entsprochen worden wäre, wenn auch einige Matrosen noch länger hätten von der Ausübung ihres Kriegshandwerks zurückgehalten werden müssen."
"21","1925-03-21","Gebrauchsliteratur","Die Landfrau, 21.03.1925","In Europa besitzen die südlichen, in heißeren Ländern wohnenden Völker - Italiener, Spanier, Portugiesen, Südfranzosen - auch eine farbstoffreichere, dunkler pigmentierte Haut, d. h. sie sind brünett, während die nördlichen Völker blond sind."
"22","1920-12-31","Gebrauchsliteratur","Friedländer, Hugo: Der Beleidigungsprozeß des Berliner Stadtkommandanten, Generalleutnant z.D. Graf Kuno von Moltke gegen den Herausgeber der »Zukunft« Maximilian Harden. In: ders., Interessante Kriminal-Prozesse, Berlin: Directmedia Publ. 2001 [1920], S. 4271","Ein Mann, von dem wir alle gern noch Großes hoffen möchten und der das Reich, das Volk repräsentiert, hatte, ohne es zu ahnen, die sem unheilvollen Einfluß die Schleusen geöffnet."
"23","1920-12-31","Wissenschaft","Weber, Max: Die Wirtschaftsethik der Weltreligionen. In: Weber, Marianne (Hg.) Gesammelte Aufsätze zur Religionssoziologie, Bd. III, Tübingen: Mohr 1921 [1920-1921], S. 248","Dieser wird dann alle fremden Bedränger, aber nicht nur sie, sondern auch die Übeltäter im eigenen Lande vernichten: zu dieser spezifisch ethisch gewendeten Hoffnung verdichtete sich, unter dem Einfluß der besondersartigen Beziehung Jahwes zu seinem Volk kraft der berith, die Hoffnung in Israel und nur dort."
"24","1920-12-31","Wissenschaft","Delbrück, Hans: Geschichte der Kriegskunst im Rahmen der politischen Geschichte - Erster Teil: Das Altertum, Berlin: Directmedia Publ. 2002 [1920], S. 630","Fabius entfloh aus dem Lager nach Rom; der Senat legte sich ins Mittel; der Vater des Schuldigen, der selber Diktator und dreimal Konsul gewesen war, appellierte an das Volk und die Volkstribunen."
"25","1924-12-31","Belletristik","Hagenbeck, John u. Ottmann, Victor: Südasiatische Fahrten und Abenteuer, Dresden: Deutsche Buchwerkstätten 1924 [1924], S. 131","Gewiß spielen Gaukler- und Taschenspielerkünste im Schamanentum aller Völker eine Rolle, gewiß läuft namentlich der Europäer, der mit geringschätzigem, überlegenem Lächeln sich von den Leistungen der 'Zauberer' berichten läßt, die er so gut aus den Büchern zu kennen glaubt, Gefahr, betrogen zu werden, aber das berechtigt ihn noch keineswegs, alles, was er noch nie gesehen hat und nicht sofort zu erklären vermag, als Betrug zu bezeichnen."
"26","1927-12-31","Wissenschaft","Jahresberichte für deutsche Geschichte, 1927, S. 203","Die Landschaft, die Kulturwelt der deutschen Siedler des 13. Jahrhunderts, die Wesensart und Überlieferung der slawischen Einsassen Schlesiens, Kirche, Mönchsbildung, Einflüsse des Rittertums, des gelehrten Wissens, die Bildung der Nachbarländer deutscher und fremder Zunge, vor allem die schöpferische Tat der eigenen, jahrhundertelangen Kulturarbeit der Schlesier, all das ist Grundlage für Geist, Gemüt und Lebensführung des schlesischen Volkes unserer Zeit geworden und muß in einer Volkskunde Schlesiens klargestellt werden, wenn wir zur Erkenntnis der Eigenart der Schlesier kommen wollen.«"
"27","1918-12-31","Belletristik","Klabund: Bracke. In: Deutsche Literatur von Lessing bis Kafka, Berlin: Directmedia Publ. 2000 [1918], S. 111799","Volk, wach auf!"
"28","1925-12-31","Belletristik","Dominik, Hans: John Workmann der Zeitungsboy, Biberach an d. Riss: Koehler 1954 [1925], S. 30","Zum erstenmal stand er an der Schwelle zu einem Raum, in dem über die Geschichte von Völkern, von Krieg und Frieden entschieden wurde."
"29","1923-12-31","Wissenschaft","Schmitt, Carl: Die geistesgeschichtliche Lage des heutigen Parlamentarismus, Berlin: Duncker & Humblot 1991 [1923], S. 40","Eine auf dem monarchischen Legitimitätsbegriff beruhende Intervention ist für das demokratische Denken nur deshalb rechtswidrig, weil sie das demokratische Prinzip der Selbstbestimmung des Volkes verletzt."
"30","1925-03-09","Zeitung","Berliner Tageblatt (Abend-Ausgabe), 09.03.1925","Das deutsche Volk fühlt bis weit in die Kreise des gefühlsmäßig monarchistischen Bürgertums die überragende Bedeutung eines führenden Reichspräsidenten, der, so fest er gewiß im Mutterboden seiner Partei wurzelte, doch weit hinaus gewachsen war über die Bindungen des Reinfraktionellen."
"31","1929-11-05","Zeitung","Tucholsky, Kurt: Auf dem Nachttisch. In: ders., Kurt Tucholsky, Werke - Briefe - Materialien, Berlin: Directmedia Publ. 2000 [1929], S. 7024","Ich verspotte kein Volk, Mein Volk wird verspottet."
"32","1926-12-31","Belletristik","Grimm, Hans: Volk ohne Raum, München: Langen 1932 [1926], S. 1310","Denn so wenig Raum wie wir hatte nie ein anderes Volk."
"33","1919-03-27","Zeitung","Vossische Zeitung (Abend-Ausgabe), 27.03.1919","Gespräche mit einem befreundeten Journalisten und einem durch einen Ordensstern kenntlich gemachten Minister über die Freiheit des Volkes stellen einige Beziehung zur Gegenwart her."
"34","1919-07-03","Zeitung","Tucholsky, Kurt: Na, mein Sohn? In: ders., Kurt Tucholsky, Werke - Briefe - Materialien, Berlin: Directmedia Publ. 2000 [1919], S. 1367","War es die Aufgabe und der Lebenszweck der Führer, mit dieser falschen und gemachten Loyalität, die so viel Herablassung mit ebenso viel Menschenverachtung verband, zu dem niedern Volke herunterzusteigen?"
"35","1919-12-31","Belletristik","Stucken, Eduard: Die weißen Götter, Stuttgart: Stuttgarter Hausbücherei [1960] [1919], S. 176","Das Volk wußte, daß im Tecpan der Lieblingssohn des Prinzen krank darniederlag."
"36","1919-12-31","Belletristik","Rubiner, Ludwig: Die Gewaltlosen. In: Deutsche Literatur von Lessing bis Kafka, Berlin: Directmedia Publ. 2000 [1919], S. 143304","Dazu ist unser Opfer, daß ihr unter alles Volk der Erde geht und die Hingabe lehrt für die Menschheit!"
"37","1919-12-31","Belletristik","Stucken, Eduard: Die weißen Götter, Stuttgart: Stuttgarter Hausbücherei [1960] [1919], S. 549","Ich will nicht von euch verehrt sein, o ihr edlen Mexikaner, ich will die Mutter des Volkes nicht heißen, ich will nicht mehr Königin sein!"
"38","1921-06-30","Zeitung","Die Fackel [Elektronische Ressource], 2002 [1921]","Denn immer noch, wenn des Geschickes Zeiger Die große Stunde der Geschichte wies, Stand dieses Volk der Tänzer und der Geiger Wie Gottes Engel vor dem Paradies."
"39","1921-03-10","Zeitung","Vossische Zeitung (Morgen-Ausgabe), 10.03.1921","Immerhin wäre das alles noch nicht genug, um einen so unhaltbaren Zustand zu schaffen, daß nur der Appell an das Volk den Ausweg weisen könnte."
"40","1926-12-31","Belletristik","Grimm, Hans: Volk ohne Raum, München: Langen 1932 [1926], S. 210","Der kränkelnde Sultan Hamed sei soeben gestorben und Chalid, der wirkliche Thronerbe, sei eilends im Schlosse erschienen und lasse sich von den arabischen Großen und den vorverständigten Truppen und vom Volke huldigen; es geschehe aber dies alles gegen englischen Einspruch."
"41","1919-12-31","Belletristik","Stucken, Eduard: Die weißen Götter, Stuttgart: Stuttgarter Hausbücherei [1960] [1919], S. 271","Da trafen die Abgesandten des Volkes von Tezcuco ein."
"42","1925-09-15","Zeitung","Tucholsky, Kurt: Was wäre, wenn . . . In: ders., Kurt Tucholsky, Werke - Briefe - Materialien, Berlin: Directmedia Publ. 2000 [1925], S. 3880","Du stiller Dulder hast nun ausgelitten, Du, der du stets die Völker überragt, Der Zahn der Zeit nur hat dich hohlgenagt."
"43","1926-12-31","Belletristik","Grimm, Hans: Volk ohne Raum, München: Langen 1932 [1926], S. 1192","Das Volk unterwegs war auch gefällig."
"44","1926-03-05","Zeitung","Berliner Tageblatt (Abend-Ausgabe), 05.03.1926","Zu einer Zeit, in der breite Schichten des Volkes schlimmer darben als im Kriege, in der die notwendigsten Kulturaufgaben vernachlässigt werden müssen, in der es nicht möglich ist, den Wohnungslosen ein Heim, den Kranken zureichende Nahrung, den Opfern des Krieges und der Inflation die geschuldete Unterstützung zu gewähren, in einer solchen Zeit des wirtschaftlichen Tiefstandes und der allgemeinen Verarmung, wagen es die ehemaligen Fürsten."
"45","1920-07-11","Zeitung","Tucholsky, Kurt: Oskar Panizza. In: ders., Kurt Tucholsky, Werke - Briefe - Materialien, Berlin: Directmedia Publ. 2000 [1920], S. 1975","Rußland, dieses lauernde Gehirn, wird eines Tages fürchterlich hervorbrechen, und das Volk der Bakunine und Dostojewskis wird sich seine Freiheit erköpfen.«"
"46","1921-12-31","Gebrauchsliteratur","Baader, Ottilie: Ein steiniger Weg, Lebenserinnerungen einer Sozialistin. In: Simons, Oliver (Hg.) Deutsche Autobiographien 1690-1930, Berlin: Directmedia Publ. 2004 [1921], S. 3221","Das gesamte Volk war aufgerührt, der Kampf hatte die Aufmerksamkeit der Behörden auf sich gelenkt."
"47","1924-03-13","Zeitung","Berliner Tageblatt (Abend-Ausgabe), 13.03.1924","Wir sind überzeugt, daß der Industrie- und Handelstag und die Handelskammern als alte Träger guter deutscher Kaufmannsart das tun werden, was jeder im deutschen Volke tun will, jeder das Seine."
"48","1931-12-31","Wissenschaft","Bölsche, Wilhelm: Das Leben der Urwelt, Leipzig: Dollheimer 1931 [1931], S. 124","Das Volk nennt eine im Anschnitt etwas buntscheckige obere Schicht darin mit Dialektwort ""Keuper"" nach dem sogenannten Köper-Gewebe in der Baumwollindustrie, was dann die stets stark schwäbisch orientierte Vorwesenwissenschaft übernommen hat."
"49","1927-12-31","Zeitung","Tucholsky, Kurt: Ein Pyrenäenbuch. In: ders., Kurt Tucholsky, Werke - Briefe - Materialien, Berlin: Directmedia Publ. 2000 [1927], S. 4745","Draußen umlagern die Kutscher, die Chauffeure, Knechte und Volk das Arenagebäude."
"50","1920-12-31","Wissenschaft","Delbrück, Hans: Geschichte der Kriegskunst im Rahmen der politischen Geschichte - Vierter Teil: Neuzeit, Berlin: Directmedia Publ. 2002 [1920], S. 3788","Im Kriege freilich wurde dieser nationale Charakter nicht bewahrt, sondern auch viel fremdes Volk angeworben, auch Kriegsgefangene in Menge eingestellt und Offiziere fremden Geblütes angenommen."
"51","1931-03-03","Zeitung","Berliner Tageblatt (Morgen-Ausgabe), 03.03.1931","In den letzten Tagen ist, wie weiter gemeldet wird, aus Anlass des 10. Jahrestages der Besetzung Georgiens trotz der strengen Massnahmen der Sowjetbehörden heimlich im ganzen Lande eine von Jordania unterzeichnete Kundgebung an das georgische Volk verbreitet worden, die das Volk zum Durchhalten bis zur Wiederherstellung der demokratischen georgischen Republik auffordert."
"52","1930-03-01","Zeitung","Völkischer Beobachter (Bayernausgabe), 01.03.1930","Sie stehen dem Volke und seinen tiefsten Notwendigkeiten mit der ganzen Geringschätzigkeit gegenüber, die dem, an seinem Untergange interessierten Volksfremden und Volksentarteten selbstverständlich ist."
"53","1919-12-31","Belletristik","Rubiner, Ludwig: Die Erneuerung. In: Deutsche Literatur von Lessing bis Kafka, Berlin: Directmedia Publ. 2000 [1919], S. 143590","Wirkendes Volk ist die Masse."
"54","1932-09-13","Zeitung","Archiv der Gegenwart, Bd. 2, 13.09.1932, S. 484 [ff.]. Zit. n. CD-ROM-Ausgabe 2001.","-- Anläßlich einer Führerbesprechung erklärte Hitler, daß die NSDAP. den Kampf für die soziale Freiheit, die mit der nationalen Freiheit untrennbar verbunden sei, aufgenommen und sich an die Spitze des Volkes gestellt habe."
"55","1922-12-31","Wissenschaft","Gundert, Wilhelm: Schintoismus. In: Kern, Maximilian (Hg.) Das Licht des Ostens, Stuttgart: Union Deutsche Verlagsges. 1922, S. 535","Außer den täglichen Opfern der Priester bringt auch das Volk Opfergaben zum Tempel."
"56","1932-01-27","gesprochen","Hitler, Adolf, Primat der deutschen Politik: Wiederherstellung eines gesunden, nationalen und schlagkräftigen deutschen Volkskörpers?, in: Vortrag Adolf Hitlers vor westdeutschen Wirtschaftlern im Industrie-Klub Düsseldorf, München: 1932","Nein, glauben Sie mir, unser ganzes deutsches Volk, alle Schichten haben ein gerüttelt Maß von Schuld an unserem Zusammenbruch: die einen, weil sie ihn gewollt und bewußt herbeigeführt haben, die anderen, weil sie zusahen und zu schwach waren, ihn zu verhindern! ..."
"57","1931-12-31","Wissenschaft","Bölsche, Wilhelm: Das Leben der Urwelt, Leipzig: Dollheimer 1931 [1931], S. 38","Einerlei aber, jedenfalls hatte schon mit Ausgang der Steinkohlenzeit selbst dieses höhere Volk das niedere so überwuchert und ersetzt, daß die später nachkommende Saurierblüte von der tierischen Seite sich längst nicht mehr im reinen Farnwald, sondern wesentlich bereits in diesem neuen Nadelholzforst fand."
"58","1920-12-31","Wissenschaft","Delbrück, Hans: Geschichte der Kriegskunst im Rahmen der politischen Geschichte - Erster Teil: Das Altertum, Berlin: Directmedia Publ. 2002 [1920], S. 709","Terentius dagegen, wie immer um Volksgunst buhlend, äußerte: man müßte des Auftrages eingedenk bleiben, den ihnen das Volk bei ihrem Auszuge gegeben hätte und so bald als möglich eine entscheidende Schlacht wagen."
"59","1932-12-31","Wissenschaft","Klages, Ludwig: Der Geist als Widersacher der Seele, 3. Band, Teil 1: Die Lehre von der Wirklichkeit der Bilder, Leipzig: Barth 1932, S. 1204","[...] Das ""patriarchalische"" Verhältnis des früheren Großbauern zu seinen Knechten, nordischer oder griechischer Anakten zu ihrem Gesinde (Odysseus und Eumaios!), Gefolgschaftstreue der Germanen und des germanischen Mittelalters, günstigenfalls selbst der Zusammenhang von Cäsar und Volk, von ""Väterchen"" Zar und russischem Muschik: diese und zahllose Gegenseitigkeiten ähnlicher Art sind nicht zu verstehen ohne die Annahme wenigstens des Mitschwingens eines Eros zwischen wirkenden Mittelpunkten und empfangenden Gliedern der zum Kreise um sie geschlossenen Gruppen (nicht zu reden von den Primitiven, für die wir später sogar ein Übermaß der wechselseitigen Bindungen geltend zu machen haben). [...]"
"60","1927-03-03","Zeitung","Vossische Zeitung (Morgen-Ausgabe), 03.03.1927","Ministerialdirektor Dr. Klausener stellte seinen Ausführungen den Satz voran, daß die Polizei nicht gegen das Volk da sei, sondern als ein Teil des Volkes, als ein Freund des Volkes."
"61","1926-12-31","Belletristik","Grimm, Hans: Volk ohne Raum, München: Langen 1932 [1926], S. 1116","Die Angst vor den Banden hielt wiederum das Volk ab, selbst irgendwohin zu laufen und Dummheiten mitzubringen."
"62","1929-03-08","Zeitung","Völkischer Beobachter (Berliner Ausgabe), 08.03.1929","Die Menschen, die materielle Wunder sehen wollen, gehören zu dem niedrigen Volke."""
"63","1922-12-31","Belletristik","Kafka, Franz: Das Schloß. In: Deutsche Literatur von Lessing bis Kafka, Berlin: Directmedia Publ. 2000 [1922], S. 106315","[...] Beamten, und tatsächlich sollen, was Wohlleben betrifft, die Diener die eigentlichen Herren im Schloß sein, sie wissen das auch zu würdigen und sind im Schloß, wo sie sich unter seinen Gesetzen bewegen, still und würdig - vielfach ist mir das bestätigt worden -, und man findet auch hier unter den Dienern noch Reste dessen, aber nur Reste, sonst sind sie dadurch, daß die Schloßgesetze für sie im Dorf nicht mehr vollständig gelten, wie verwandelt; ein wildes, unbotmäßiges, statt von den Gesetzen von ihren unersättlichen Trieben beherrschtes Volk. [...]"
"64","1919-03-29","Zeitung","Vossische Zeitung (Morgen-Ausgabe), 29.03.1919","Diejenigen, die statt das Volk zur Arbeit aufzurufen, immer wieder neue Störungen in das Volk hineinwerfen, die ihm, während der Feind Unerhörtes fordert, sagen, die Deutschen haben sich noch lange nicht genug schuldig bekannt, also fordert noch viel mehr , die sind Verräter am Vaterlande!"
"65","1924-03-14","Zeitung","Vossische Zeitung (Morgen-Ausgabe), 14.03.1924","Angesichts dieser Sachlage kann die Regierung eine weitere Verhandlung der nach ihrer Auffassung für das Volk lebenswichtigen Fragen hier nicht mehr zulassen."
"66","1919-12-31","Belletristik","Stucken, Eduard: Die weißen Götter, Stuttgart: Stuttgarter Hausbücherei [1960] [1919], S. 168","Schüchtern wagte es Marina, Cortez vorzuhalten, daß er das gutherzige Volk durch seine Vorsichtsmaßregeln kränke."
"67","1926-12-31","Belletristik","Grimm, Hans: Volk ohne Raum, München: Langen 1932 [1926], S. 1299","Als ob durch Lohnkämpfe und Bodenverteilungen und Sozialisierungen innerhalb des ganzen eingekesselten Volkes je mehr Menschen leben könnten."
"68","1925-03-06","Zeitung","Vossische Zeitung (Morgen-Ausgabe), 06.03.1925","Das Urteil - im Namen des Volkes - geht also dahin:"
"69","1919-10-02","Zeitung","Tucholsky, Kurt: Neuer Militarismus. In: ders., Kurt Tucholsky, Werke - Briefe - Materialien, Berlin: Directmedia Publ. 2000 [1919], S. 1481","Es wird sich also auch bei uns alles das ansammeln, was beim Militär zu kapitulieren pflegte - das war nicht die Creme - und an diesem zusammengekauften Rudel werden abgetakelte Offiziere ihre alten schlechten Herrschaftsgelüste spielen lassen und das verderbliche Gift im Volk verbreiten helfen."
"70","1925-03-07","Zeitung","Vossische Zeitung (Morgen-Ausgabe), 07.03.1925","Der Antrag der demokratischen Fraktion gibt den Regierungsparteien noch einmal Gelegenheit, dem Volke zu zeigen, ob sie für oder gegen die Verschleppung der Aufwertungsfrage sind."
"71","1926-12-31","Belletristik","Grimm, Hans: Volk ohne Raum, München: Langen 1932 [1926], S. 1300","Als ob die Masse nun nicht erst recht verwandt werde, wie niemals zuvor, für etwas, das ihr selbst nichts nütze, für das sie mit dem ganzen Volke entsetzlich zu leiden haben werde."
"72","1918-03-07","Zeitung","Berliner Tageblatt (Morgen-Ausgabe), 07.03.1918","Für die historische Erkenntnis eines Volkes ist die Erforschung seiner Literatur ein unentbehrliches Hilfsmittel; nur vermöge seiner Literatur ist ein Volk überhaupt gewürdigt, eine Stellung in der Entwicklungsgeschichte der Menschheit einzunehmen."""
"73","1924-12-07","Zeitung","Münchner Neueste Nachrichten, 07.12.1924","Ehre und Ehrlichkeit, Rechtschaffenheit und Bürgertugend sind das Salz eines Volkes."
"74","1929-03-02","Zeitung","Völkischer Beobachter (Reichsausgabe), 02.03.1929","Jawohl: Man fordert Gesetze gegen ""Schmutz und Schund"", die Verbreiter dieses Schundes, die unser Volk durch ihre Presse, Romane und ""Illustrierte"" versauen, mit dem wahren Namen ""Juden"" zu nennen, wagt man nicht."
"75","1924-03-12","Zeitung","Berliner Tageblatt (Morgen-Ausgabe), 12.03.1924","Die Geschichte lehrt, daß jede revolutionäre Bewegung eine neue in sich birgt und ich glaube, jedes so zerrissene Volk wie das deutsche erträgt das auf die Dauer nicht."
"76","1929-03-08","Zeitung","Völkischer Beobachter (Berliner Ausgabe), 08.03.1929","Für uns ist der Jude der Schmarotzer am deutschen Volke, gegen den wir uns verteidigen müssen."
"77","1932-12-31","Gebrauchsliteratur","Welt und Wissen, 1932, Nr. 2, Bd. 21","Es ist trotz aller Gelecktheit der Strandanlagen St. Heliers, trotzdem die Straßen an vielen Punkten in Richmond sein könnten oder in Sutton Courteney, kein ganz so gelecktes Volk, wie man annehmen könnte."
"78","1918-03-03","Zeitung","Vossische Zeitung (Morgen-Ausgabe), 03.03.1918","Nicht nur die Vertretung des französischen Volkes sagt: ""Elsaß und Lothringen, ihr feiert die Rückkehr zu eurem Vaterlande,"" sondern auch in seiner Gesamtheit der große Bund, der sich gebildet hat, um den Störern des Weltfriedens den Weg zu verlagen und auf der Grundlage internationale Vereinigung freier Völker zu schaffen."
"79","1920-01-20","Zeitung","Kreuz-Zeitung, 20.01.1920","Hier handelt es sich nicht um Parteifragen, sondern um das Lebensinteresse des deutschen Volkes."
"80","1928-08-02","Zeitung","Münchner Neueste Nachrichten, 02.08.1928","Wenn die Völker Europas auch nach der Weltkriegskatastrophe nicht den Weg zu wirklicher, ehrlicher, friedlicher Zusammenarbeit finden, sondern weiterhin ihre Sonderinteressen ausschließlich verfolgen und dadurch nochmals Kriege hervorrufen, dann behalten bei der Maschinisierung und vervielfachten Vernichtungskraft des heutigen Kriegswesens die Leute recht, die vom Untergang des Abendlandes orakeln."
"81","1929-03-02","Zeitung","Völkischer Beobachter (Reichsausgabe), 02.03.1929","Auch kulturgeschichtlich wird der Luftkrieg entscheidende Bedeutung erhalten, indem er die Völker zwingen wird, künftig ihre Städte wieder unter dem Gesichtspunkt der Landesverteidigung zu bauen."
"82","1921-03-09","Zeitung","Vossische Zeitung (Abend-Ausgabe), 09.03.1921","Dieser Weg ist die ""Eröffnung des Tores nach Osten"", die Aufnahme der ""Handelsbeziehungen"" und ""Schutz- und Trutzbündnis mit Räterußland"", wo ein freies Volk von 150 Millionen darauf harre, mit dem arbeitenden Volk Deutschlands am wirtschaftlichen Aufbau zu helfen."
"83","1932-03-04","Zeitung","Völkischer Beobachter (Reichsausgabe), 04.03.1932","Notwendigkeit und Klugheit zwingen uns, alle weltwirtschaftlichen Möglichkeiten für uns auszunutzen, und deshalb müssen wir nicht nur den Kampf führen gegen die Reparationen, sondern auch gegen den Protektionismus . Kein Volk hat mehr Interesse daran, daß die Güteraustauschmöglichkeit erweitert wird und daß die Zollmauern verschwinden."
"84","1929-03-02","Zeitung","Völkischer Beobachter (Reichsausgabe), 02.03.1929","Die hier vordringenden Söhne des deutschen Volkes werden gestählt auf diesen Kampfesfeldern, das Volk wächst nicht nur an Zahl, sondern auch an Kraft und Selbstgefühl."
"85","1928-12-31","Gebrauchsliteratur","Wohlmuth, Alois: Ein Schauspielerleben, Ungeschminkte Selbstschilderungen von Alois Wohlmuth. In: Simons, Oliver (Hg.) Deutsche Autobiographien 1690-1930, Berlin: Directmedia Publ. 2004 [1928], S. 75609","Walter von Goethe, der letzte Enkel des Dichters, der das Haus seines großen Anherrn verschlossen hielt wie die Juden die Bundeslade, die sie nur einmal im Jahre dem Volke zeigen, »erweichte seinen harten Sinn« und öffnete, selbst ein Musiker, die geheiligten Räume seinen tagenden Berufsgenossen."
"86","1925-12-31","Gebrauchsliteratur","Petersen, Jes: Erde und Mensch, Berlin: Columbus-Verl. [1935] [1925], S. 95","Auch diese Völker benutzen aus Feuerstein zurechtgehauene Kratzer, Schaber und Klopfer, wie sie die Urmenschen von Belgien offenbar gebrauchten."
"87","1921-12-31","Gebrauchsliteratur","Baader, Ottilie: Ein steiniger Weg, Lebenserinnerungen einer Sozialistin. In: Simons, Oliver (Hg.) Deutsche Autobiographien 1690-1930, Berlin: Directmedia Publ. 2004 [1921], S. 3169","Wegen Ablehnung der Militärvorlage, dieser unberechtigten Mehrbelastung des Volkes, wurde der Reichstag aufgelöst, die sogenannten Volksvertreter nach Hause geschickt."
"88","1922-12-31","Belletristik","Winckler, Josef: Der tolle Bomberg, Rudolstadt: Greifenverl. [1956] [1922], S. 80","""Der westfälische Adel steigt nicht ins Volk herab!"""
"89","1921-01-07","Zeitung","Allgemeine Zeitung des Judentums, 07.01.1921","Er war ein vornehmer, fleißiger und charaktervoller Mann, frei von völkischer Engherzigkeit und konfessioneller Unduldsamkeit, ein treuer Diener seines kaiserlichen Herrn und gleich diesem stets bestrebt, seinem Volke zu dienen, Deutschlands Glück und Größe zu fördern."
"90","1919-12-31","Belletristik","Stucken, Eduard: Die weißen Götter, Stuttgart: Stuttgarter Hausbücherei [1960] [1919], S. 257","Die heilige Stadt neu aufzubauen, an deren Schönheit versunkene Geschlechter und sagenhafte Völker gebaut, an deren Tempeln die versteinerten Spuren einer überreichen Vorzeit dem Beschauer auf Schritt und Tritt bis zum Tage des Blutbades entgegengestrahlt hatten - das überließen die Christen den durch Verheerung verarmten, entblößten und entgötterten Bewohnern."
"91","1932-12-31","Wissenschaft","Buber, Martin: Königtum Gottes, Berlin: Schocken 1932, S. 55","Zwar können wir hier nicht, wie in Ägypten und Babylon, den Annalen, Epen und Mären, den Hymnen, Klageliedern und Sprüchen die Blutwoge des innern Lebens ablauschen, nicht erfahren, wie der König den Gott, wie der Dichter - auch der sakrale, auch noch der höfische heimlich das Herz des Volkes vertretend - beide empfindet."
"92","1927-12-31","Wissenschaft","Jahresberichte für deutsche Geschichte, 1927, S. 687","Die Rehabilitierung des anonymen Notars, den M. als einen der größten ungarischen Historiker bezeichnet, zieht sich als roter Faden durch sein -- noch nicht abgeschlossenes -- Buch über Ungarn zur Landnahmezeit (2829), das sich zur Aufgabe macht, mit Hilfe der Sprachwissenschaft festzustellen, was für Völker in der zweiten Hälfte des 9. und der ersten des 10. Jahrhunderts Ungarn bewohnt haben."
"93","1932-01-27","gesprochen","Hitler, Adolf, Primat der deutschen Politik: Wiederherstellung eines gesunden, nationalen und schlagkräftigen deutschen Volkskörpers?, in: Vortrag Adolf Hitlers vor westdeutschen Wirtschaftlern im Industrie-Klub Düsseldorf, München: 1932","Erstens der innere Wert eines Volkes, der als Erbmasse und Erbgut durch die Generationen hindurch immer und immer wieder weitergegeben wird, ein Wert, der nur dann eine Veränderung erfährt, wenn der Träger dieses Erbgutes, das Volk, sich in seiner inneren blutsmäßigen Zusammensetzung selbst verändert ..."
"94","1920-12-31","Wissenschaft","Weber, Max: Die Wirtschaftsethik der Weltreligionen. In: Weber, Marianne (Hg.) Gesammelte Aufsätze zur Religionssoziologie, Bd. III, Tübingen: Mohr 1921 [1920-1921], S. 229","Die alte Grundlage der Beziehung Jahwes zu seinem Volk war die berith."
"95","1926-12-31","Belletristik","Grimm, Hans: Volk ohne Raum, München: Langen 1932 [1926], S. 29","In derselben Zeit, vom Dreißigjährigen Kriege bis zum Frankfurter Frieden und darüber hinaus, ließ sich das deutsche Volk außerhalb und innerhalb seiner Stämme auseinanderreißen; und indem es dem Fürstengezänke und der Fürsteneifersucht und dem Fürstenehrgeize diente und glaubte, solches sei Treue, ward die Welt eingeteilt, und für die Kinder des deutschen Volkes blieb kein Stück übrig, in das sie hineinwachsen könnten, ohne ein fremdes Volk zu stören."
"96","1932-12-31","Wissenschaft","Klages, Ludwig: Der Geist als Widersacher der Seele, 3. Band, Teil 1: Die Lehre von der Wirklichkeit der Bilder, Leipzig: Barth 1932, S. 1242","Auch unter den Semiten gab es ein Volk von teilweise verwandter Seelenverfassung: die Araber, die gewiß nicht durchaus, doch aber in wichtigen Stücken zumal zum Germanentum einen polaren Gegensatz bildeten."
"97","1921-03-06","Zeitung","Berliner Tageblatt (Morgen-Ausgabe), 06.03.1921","Das Kabinett ist überzeugt, daß der Minister des Auswärtigen alle Unterhandlungsmöglichkeiten innerhalb der gezogenen Grenzen ausnutzen wird . (Abg. Adolf Hoffmann : Herr, dunkel ist der Rede Sinn!) Lassen Sie mich der sicheren Erwartung Ausdruck geben, daß das deutsche Volk die Unterschrift seiner Beauftragten einlösen wird, wenn sie eine Zusage deckt, die nach sorgsamster Prüfung die Grenze äußerster möglicher Leistungen innehält , daß das deutsche Volk aber ebenso fest hinter seinen Beauftragten stehen wird , wenn sie sich weigern , ihren Namen unter ein Schriftstück zu setzen, das Unmögliches enthält."
"98","1927-12-31","Gebrauchsliteratur","Diederichs, Eugen: Aus meinem Leben. In: Simons, Oliver (Hg.) Deutsche Autobiographien 1690-1930, Berlin: Directmedia Publ. 2004 [1927], S. 19357","Schon beginnt man wieder in breiten Schichten unseres Volkes von der 'Macht' als dem einzigen Heilmittel zur Gesundung Deutschlands zu reden und den Staat an sich zur Verkörperung des Überpersönlichen zu erheben, weil ein solches Denken jeden bei seinen alten Gewohnheiten lassen kann."
"99","1919-12-31","Belletristik","Rubiner, Ludwig: Die Gewaltlosen. In: Deutsche Literatur von Lessing bis Kafka, Berlin: Directmedia Publ. 2000 [1919], S. 143298","VOLK."
"100","1932-09-12","Zeitung","Archiv der Gegenwart, Bd. 2, 12.09.1932, S. 481 [ff.]. Zit. n. CD-ROM-Ausgabe 2001.","Sozial handle, wer durch den Kampf gegen die Arbeitslosigkeit dafür sorge, daß das soziale Gut dem Volk dauernd erhalten bleibe."
"101","1922-01-01","Zeitung","Frankfurter Zeitung (1. Morgenblatt), 01.01.1922","""Die Beratungen der letzten Wochen lassen die Hoffnung erstehen, daß der Wille unter den Völkern zur positiven Zusammenarbeit allmählich im Wachsen begriffen ist."
"102","1922-12-31","Belletristik","Winckler, Josef: Der tolle Bomberg, Rudolstadt: Greifenverl. [1956] [1922], S. 251","Darum zog er sich in weiten Zickzackringen: die Schulkinder voran, dann die Chorknaben, der Träger des großen Christuskreuzes, Küster, Geistlichkeit mit ihren Vorbetern, die, sich umdrehend, mit lauter Stimme die ersten Zeilen jedes neuen Liedes anstimmten, die Vereine und zum Schluß das Volk."
"103","1924-10-11","Belletristik","Kafka, Franz: Josefine, die Sängerin. In: Deutsche Literatur von Lessing bis Kafka, Berlin: Directmedia Publ. 2000 [1924], S. 106829","Und wenn einer auch diese Haltung in diesem Falle billigen mag, so schließt doch die bloße Vorstellung, daß sich einmal das Volk ähnlich gegen ihn selbst verhalten könnte, jede Freude aus."
"104","1927-03-01","Zeitung","Berliner Tageblatt (Morgen-Ausgabe), 01.03.1927","Es soll keine Totenklage sein, die uns hier versammelt, die still verzeihend an denen vorübergeht, die tausendfaches Unheil über unser Volk gebracht und das Wort von deutscher Treue, deutschem Wesen und deutscher Ehre schmählich besudelten, die es verächtlich machen würden vor aller Welt, wenn es von ihnen repräsentiert würde."
"105","1926-12-31","Belletristik","Grimm, Hans: Volk ohne Raum, München: Langen 1932 [1926], S. 1329","""Da die, die die Führerschaft jeweils hielten, sich immer wieder davon abbringen ließen, zu Deutschland zu führen, zum Deutschland für alle Deutschen, muß der neue Weg gefunden werden, darauf sich Führer und Volk begegnen können, und darauf kommt zuerst es an, daß er genannt wird."""
"106","1925-03-10","Zeitung","Berliner Tageblatt (Morgen-Ausgabe), 10.03.1925","[...] seines politischen Lebens überhaupt, man wei# ganz genau, daß er für die ""Bewegung"" und ihren Zusammen# halt einen unschätzbaren Faktor bildet, wenn auch seine Autori# tät in politischen Dingen in den letzten Jahren stark zerslosse# ist, und doch werden die meisten unter seinen Mitarbeiter# nicht in die geringsten Gewissenskonflikte Reichspräsidenten Zwar gilt der Prophe# selten etwas in seinem Vaterlande, die nächsten Diener kenne# die Schwächen ihres Herrn immer am meisten und sind an# wenigsten geneigt, ihnen Gerechtigkeit widerfahren zu lassen# auf der anderen Seite aber darf das deutsche Volk auch nich# darüber im unklaren gelassen werden wie der Mann aus# sehen wird , der einmal im Brennpunkt des öffentlichen un# internationalen diplomatischen Lebens stehen, der Reprä# sentant des deutschen Volkes werden soll. [...]"
"107","1921-12-31","Gebrauchsliteratur","Baader, Ottilie: Ein steiniger Weg, Lebenserinnerungen einer Sozialistin. In: Simons, Oliver (Hg.) Deutsche Autobiographien 1690-1930, Berlin: Directmedia Publ. 2004 [1921], S. 3199","Sag' o Volk, was du gewinnst?"
"108","1921-03-05","Zeitung","Berliner Tageblatt (Abend-Ausgabe), 05.03.1921","Die Alliierten scheinen sich aber noch immer in der Rolle der Richter zu gefallen, die das ""angeklagte"" Deutschland zu verhören und dem deutschen Volke unter Abweisung aller vernünftigen Gegengründe ihre Beschlüsse diktatorisch zu übermitteln haben."
"109","1932-03-02","Zeitung","Berliner Tageblatt (Abend-Ausgabe), 02.03.1932","Pabst hat, so sagt man hier, in seinem Film mit bewunderungswürdiger Eindringlichkeit zu dem natürlichen Menschenverstand des Volkes zu sprechen gewusst, und er hat die Massen mitgerissen, weil er ihnen klar zeigte, was sie dunkel ahnen und was sie selbst wollen."
"110","1932-12-31","Wissenschaft","Buber, Martin: Königtum Gottes, Berlin: Schocken 1932, S. 90","[...] Sowie vor irgendeinem Menschen in »Jeschurun« die Wahrheit seines Glaubens sich so übermächtig entfaltet hatte, daß er nicht nur, während er sagte: »Mein König und mein Gott!« (Psalm 5, 3), sondern auch danach nicht mehr fähig war, den Plural von Königsgöttern der Völker mit Realität auszustatten und also von seinem göttlichen Du sich ernstlich vorzustellen, es habe nur mehr Macht und nicht die Macht, sowie einer also der Unbedingtheit seines Gottes inne wurde, war an dem Punkt dieser gläubigen Person Jhwh als der Herr aller Wirklichkeit bezeugt, der nicht allein keine Rivalen, der auch keine Partner hatte, keinen als den glaubenden oder nichtglaubenden, richtiger (da der Begriff »an jemand glauben« nicht biblisch ist): vertrauenden oder nichtvertrauenden Menschen. [...]"
"111","1932-01-01","Zeitung","Braunschweiger Tages-Zeitung, 01.01.1932","Wir sehen voll Sorge in die Zukunft unseres Volkes, auch die Jahre der Sorgen haben nur 12 Monate; mancher freut sich dankbar, daß er in der Not der Zeit doch immer das stille Glück seine Ehe, den sturmfreien Bezirk seines Familienlebens gehabt hat, aber auch das Glück des Einzelnen versinkt in der Flucht der Jahre, wir sind Wanderer und Pilger und haben hier keine bleibende Stadt."
"112","1925-12-29","Zeitung","Tucholsky, Kurt: Das Buch vom Kaiser. In: Kurt Tucholsky, Werke - Briefe - Materialien, Berlin: Directmedia Publ. 2000 [1925]","Die Mitwirkung und Mitschuld des deutschen Volkes an diesem Stück Unglück geht aus dem Werk unzweifelhaft hervor."
"113","1925-05-23","Gebrauchsliteratur","Die Landfrau, 23.05.1925","Das Volk ist von reicher und vielseitiger Begabung und müßte bei guter Erziehung das Höchste erreichen können."
"114","1925-03-05","Zeitung","Berliner Tageblatt (Abend-Ausgabe), 05.03.1925","In dir aber, Friedrich Ebert, fand dies echte Gottesgnadentum seine besondere Erfüllung : denn dir ward die Gnade, das Volk zu erretten, das dich gebar, das Volk zu führen, dem du entstammtest, das Volk zu verkörpern, dem du gehörtest."
"115","1932-12-31","Gebrauchsliteratur","o. A.: Das Lexikon der Hausfrau, Berlin: Ullstein 1937 [1932], S. 71","Ehe zwischen erbgesunden Menschen artverwandten Blutes beste Grundlage für Wohlfahrt von Staat und Volk und Lebensglück des Einzelnen."
"116","1919-12-31","Belletristik","Rubiner, Ludwig: Die Gewaltlosen. In: Deutsche Literatur von Lessing bis Kafka, Berlin: Directmedia Publ. 2000 [1919], S. 143308","DAS VOLK hält voll Grauen die leeren Röcke, auf die es eingeschlagen hat."
"117","1925-03-05","Zeitung","Berliner Tageblatt (Abend-Ausgabe), 05.03.1925","Du gehörst zu ihnen, nicht weil diese Stadt Dich geboren, nicht bloß auch weil Dich mit diesen Dahingeschiedenen die Treue und lohnlose Hingabe an eine Idee verknüpft, die Euer aller Lebensinhalt war, sondern weil der Adel, der hier bestattet liegt und diese Stätte im Geiste heiligt, kein Adel der Privilegierten, der Geborenen, der Erblichen ist, sondern der Adel derer, die aus sich und durch sich geworden sind, was sie der Menschheit, dem Volke, dem Erkennen, dem Wirken bedeuten."
"118","1924-10-11","Belletristik","Kafka, Franz: Josefine, die Sängerin. In: Deutsche Literatur von Lessing bis Kafka, Berlin: Directmedia Publ. 2000 [1924], S. 106819","[...] Freilich, sie rettet uns nicht und gibt uns keine Kräfte, es ist leicht, sich als Retter dieses Volkes aufzuspielen, das leidensgewohnt, sich nicht schonend, schnell in Entschlüssen, den Tod wohl kennend, nur dem Anscheine nach ängstlich in der Atmosphäre von Tollkühnheit, in der es ständig lebt, und überdies ebenso fruchtbar wie wagemutig - es ist leicht, sage ich, sich nachträglich als Retter dieses Volkes aufzuspielen, das sich noch immer irgendwie selbst gerettet hat, sei es auch unter Opfern, über die der Geschichtsforscher - im allgemeinen vernachlässigen wir Geschichtsforschung gänzlich - vor Schrecken erstarrt. [...]"
"119","1932-04-11","Zeitung","Archiv der Gegenwart, Bd. 2, 11.04.1932, S. 281 [ff.]. Zit. n. CD-ROM-Ausgabe 2001.","Durch die Abschaffung dieser Angriffswaffen wird den Völkern das Gefühl der Sicherheit wiedergegeben."
"120","1924-03-14","Zeitung","Berliner Tageblatt (Morgen-Ausgabe), 14.03.1924","Wir haben nach Auswegen gesucht aus der Not für unser Volk und Vaterland."
"121","1932-12-31","Wissenschaft","Buber, Martin: Königtum Gottes, Berlin: Schocken 1932, S. 113","Zu diesem über das allgemein Apotropäische bedeutsam hinausgreifenden Opferzeremoniell tritt nun biblisch die Selbstverpflichtung - bei Jeremja die des Volkes, durch Erfüllung des göttlichen Gesetzes den Zorn zu versöhnen (das Freilassen der Leibeigenen mag überdies mit der Vorstellung, selber in die Sklaverei der Chaldäer geraten zu müssen, zusammenhängen), in der Genesis-Erzählung die des Gottes, die beschlossene Knechtschaft zu einem festgesetzten Zeitpunkt zu beenden."
"122","1926-04-09","Zeitung","Tucholsky, Kurt: Pariser Tage. In: Kurt Tucholsky, Werke - Briefe - Materialien, Berlin: Directmedia Publ. 2000 [1926]","Aber es ist eine Lüge der Historiker, zu behaupten, ein Volk sei politisiert."
"123","1932-03-03","Zeitung","Vossische Zeitung (Morgen-Ausgabe), 03.03.1932","Weil uns die vaterländische Erinnerung ein heiliges Gut ist, wollen wir als Reichspräsidenten keinen Parteipolitiker, keinen Prediger eines Zukunftsreiches, sondern den alten und doch noch jugendlich kräftigen Mann, der Mut hat, sich nur seinem Gewissen verantwortlich zu fühlen und niemand als Gott zu fürchten, der eine feindliche Welt zur Achtung und sein eigenes Volk zu ewiger Dankbarkeit gezwungen hat, der nie für etwas anderes gelebt hat und lebt als für die Ehre und Größe Deutschlands, den Generalfeldmarschall Hindenburg."
"124","1922-12-21","Zeitung","Tucholsky, Kurt: Prozeß Harden. In: ders., Kurt Tucholsky, Werke - Briefe - Materialien, Berlin: Directmedia Publ. 2000 [1922], S. 2846","Es geht um einen Mordversuch gegen einen politisch Andersdenkenden, und Grenz sagt: »Fünfzig Prozent des deutschen Volkes stehen hinter mir!«"
"125","1926-12-31","Belletristik","Grimm, Hans: Volk ohne Raum, München: Langen 1932 [1926], S. 729","Statt von Kampf habt ihr von gottgewollter Abhängigkeit geredet; vor der Not des Volkes ging euch die Fürstengunst; statt der Führerschaft war euch das Dienertum bequemer, ihr Kammerherren, ihr neuen Barone, ihr Geadelten, ihr geheimen Räte, ihr Ordensträger; und in dieser Zeit eurer Verwirrung sind die fremden Führer hereingekommen und haben sich zum Volke gestellt ..."""
"126","1932-12-31","Wissenschaft","Klages, Ludwig: Der Geist als Widersacher der Seele, 3. Band, Teil 1: Die Lehre von der Wirklichkeit der Bilder, Leipzig: Barth 1932, S. 1228","Die ""Bilder"" sind hier allerdings Bilder dessen, was tatsächlich geschieht, und vom tatsächlich sich Ereignenden, sofern wir nicht Zuschauer oder Teilnehmer sind, liegen immer nur mehr oder minder mangelhafte Berichte vor; allein es gehören zum tatsächlichen Geschehen nicht nur die Taten, sondern auch die Werke des Menschen, mit denen die wirkenden Mächte der Zeiten und Völker in nachbildlichen Bildern erscheinen."
"127","1925-03-05","Zeitung","Vossische Zeitung (Abend-Ausgabe), 05.03.1925","Und als er das Staatsschiff ein kurzes Ende Fahrt durch die ärgsten Klippen gesteuert, damals 1919, rief das Volk bis tief in die Reihen derer hinein, die ihn später wieder als eine falsche Welt auf hoher Straße verließen:"
"128","1925-08-25","Belletristik","Tucholsky, Kurt: Monolog mit Chören. In: ders., Kurt Tucholsky, Werke - Briefe - Materialien, Berlin: Directmedia Publ. 2000 [1925], S. 3855","Völker, hört die Signale!"
"129","1929-12-31","Gebrauchsliteratur","Welt und Wissen, 1929, Nr. 3, Bd. 18","Die Rekonstruktion der Anlagen, die 360 Steine als Umrandung zeigt, und die Tatsache, daß überall der Hauptstein der Kreise auf besonders wichtige Himmelspunkte weist, decken sich hier mit Berichten antiker Schriftsteller von dem Astralkult nordischer Völker in jenen Gegenden."
"130","1920-01-22","Zeitung","Tucholsky, Kurt: Militaria. In: Kurt Tucholsky, Werke - Briefe - Materialien, Berlin: Directmedia Publ. 2000 [1920]","Unfaßbar jene vollkommene Nichtachtung andrer Rassen und Völker - unfaßbar die Verständnislosigkeit dafür, daß das auch Menschen sind."
"131","1932-09-01","gesprochen","o.A., Kundgebung der NSDAP im Berliner Sportpalast, 01.09.1932","Sie haben vermieden, in das Volk hineinzugehen und zu untersuchen, ob überhaupt irgendwie von oben eine Verfassung gemacht werden kann, ob nicht zunächst das Volk in eine normale, gesunde und damit einheitliche und einmütige Verfassung gebracht werden muss."
"132","1925-03-05","Zeitung","Vossische Zeitung (Morgen-Ausgabe), 05.03.1925","Und schließlich verfügt die Sozialdemokratie auch über Männer, die im Volk Vertrauen genießen und es auch verdienen."
"133","1919-03-25","Zeitung","Vossische Zeitung (Morgen-Ausgabe), 25.03.1919","Die wirtschaftlichen Interessen verlangen genau so wie die politischen für die Zukunft ein Zusammenarbeiten der beiden kontinentalen Völker."
"134","1932-08-24","Zeitung","Münchner Neueste Nachrichten, 24.08.1932","Als reiche die verächtliche Feigheit von fünf Leuten, die sich über einen Schlafenden stürzen, überhaupt in ein Gebiet, wo von geistigen Grundlagen der Tat noch geredet werden kann, geschweige denn in jenes Gebiet, wo ein Volk von ""nationalen"" Taten spricht."
"135","1932-01-06","Zeitung","Braunschweiger Tages-Zeitung, 06.01.1932","Man kann wirklich die Frechheit bewundern, mit der ein jüdisches Blatt es wagt, die Ausweisung des Mannes zu verlangen, zu dem die überwiegende Mehrzahl des deutschen Volkes gläubig aufschaut und der 4 Jahre lang als deutscher Frontsoldat sein Leben in die Schanze schlug . [ߪ]"
"136","1922-06-01","Zeitung","Tucholsky, Kurt: Alte Schlager. In: Kurt Tucholsky, Werke - Briefe - Materialien, Berlin: Directmedia Publ. 2000 [1922]","Es ist ein Volk des ewigen Gestern, dieses deutsche."
"137","1932-12-31","Wissenschaft","Klages, Ludwig: Der Geist als Widersacher der Seele, 3. Band, Teil 1: Die Lehre von der Wirklichkeit der Bilder, Leipzig: Barth 1932, S. 1204","Man erkennt das leicht, wo brutale Gewalt des Despoten ein Volk versklavt; man übersieht dagegen zu oft nur, daß die sog. demokratischen Verfassungen, je demokratischer umso mehr, nie etwas andres waren und sind als geradeste Bahnen zur schrankenlosen Herrschaft des Geldsacks!"
"138","1932-09-01","gesprochen","o.A., Kundgebung der NSDAP im Berliner Sportpalast, 01.09.1932","Und wir sehen ja auch, wie diese aus dem Volk gewordenen und entstandenen und im Volke lebenden Auffassungen den Staat selbst bestimmten."
"139","1920-12-31","Wissenschaft","Weber, Max: Die Wirtschaftsethik der Weltreligionen. In: Weber, Marianne (Hg.) Gesammelte Aufsätze zur Religionssoziologie, Bd. III, Tübingen: Mohr 1921 [1920-1921], S. 128","Diese wußte - wie bei jedem Volk - daß andere Völker den Israeliten ungleichwertig waren und also auch dem Gott dafür gelten mußten."
"140","1932-12-31","Wissenschaft","Buber, Martin: Königtum Gottes, Berlin: Schocken 1932, S. 12","Er ist die sichtbarste Erscheinung jener Reichsdialektik, die das israelitische Volk erzog, um die Geschichte als um das Zwiegespräch von fragender Gottheit und antwortversagender, aber doch auch antwortversuchender Menschheit zu wissen, dessen Gefragtes ein Eschaton ist."
"141","1927-12-31","Wissenschaft","Jahresberichte für deutsche Geschichte, 1927, S. 289","Diese Auffassung steht ja in striktem Widerspruch zu der schon von Ranke betonten Tatsache, über die sich sonst wohl die Geschichtswissenschaft ziemlich einig ist, daß gerade erst die französische Revolution den nationalen Gedanken bewußt in das Leben der europäischen Völker eingeführt hat."
"142","1920-12-31","Belletristik","Trott, Magda: Puckis neue Streiche, Stuttgart: Titania (1951) [1920], S. 99","Wohl unterhielt er sich mit Carmen, denn der Viehhändler war ein humorvoller Mann, der das junge Volk von Herzen liebte."
"143","1930-12-31","Belletristik","Feuchtwanger, Lion: Erfolg. In: ders., Gesammelte Werke in Einzelbänden, Bd. 6, Berlin: Aufbau-Verl. 1993 [1930], S. 329","Ein Laib Brot kostete in München 15,20 Mark, ein Pfund Kakao 58 Mark, eine Lodenjoppe 1100 Mark, ein Anzug für einen Mann aus dem Volk 925 bis 3200 Mark."
"144","1922-12-31","Gebrauchsliteratur","Deussen, Paul: Mein Leben. In: Simons, Oliver (Hg.) Deutsche Autobiographien 1690-1930, Berlin: Directmedia Publ. 2004 [1922], S. 19125","Wenn er trotzdem sehr arm ist, wie die bienenkorbartigen, elenden Lehmhütten beweisen, so mag das wohl an der Regierung liegen, welche das Volk zu sehr ausbeutet; früher waren es die Türken, jetzt sind es die Engländer."
"145","1930-03-04","Zeitung","Völkischer Beobachter (Bayernausgabe), 04.03.1930","Begeisterter Vortrag von Pg . Gengler über ""Der jüdische Fememord am deutschen Volke""."
"146","1930-12-31","Wissenschaft","Freud, Sigmund: Das Unbehagen in der Kultur, Wien: Internat. Psychoanalyt. Verl. 1930, S. 28","Die Leistung der Rauschmittel im Kampf um das Glück und zur Fernhaltung des Elends wird so sehr als Wohltat geschätzt, daß Individuen wie Völker ihnen eine feste Stellung in ihrer Libidoökonomie eingeräumt haben."
"147","1932-12-31","Wissenschaft","Jahresberichte für deutsche Geschichte, 1930, S. 312","Auch die für die deutsche Kirchengeschichte des 18. Jhds. sehr belangreiche Auffassung hat alle innere Wahrscheinlichkeit für sich, daß nämlich Hontheim »die herkömmliche starre Resistenz der Kirche gegen die Forderungen des modernen Staates« aufgegeben und durch vorsichtiges Entgegenkommen eine Zusammenarbeit erstrebt hat, um mittels dieser Handlungsweise den schlimmen Folgen des ständigen Kampfzustandes zwischen Staat und Kirche für das sittlich-religiöse Leben bei Volk und Klerus »endlich abzuhelfen«."
"148","1921-12-31","Belletristik","Kolbenheyer, Erwin Guido: Das Gestirn des Paracelsus, München: J.F. Lehmanns 1964 [1921], S. 519","Ein einziger wäre in Basel gewesen, ein Franzos, und nannte sich Farel, von dem sei der Doktor Erasmus öffentlich ein Bileam genannt worden, darauf habe ihn der Doktor Erasmus auf dem Fischmarkt, da er aus dem Garten heimging, vor allem Volke beschimpft, und der Franzos sei ihm nichts schuldig geblieben, und da der Franzos auch sonst sein Maul aufgetan und nichts verhehlt, sei es dem Doktor Erasmus nicht schwer geworden, denn der wisse überall willige Freunde, auch im Rate."
"149","1932-09-01","Zeitung","Archiv der Gegenwart, Bd. 2, 01.09.1932, S. 467 [ff.]. Zit. n. CD-ROM-Ausgabe 2001.","Wenn die Regierung erkläre, daß sie die Macht besitze, müsse er erwidern, daß des Reiches Heer nicht zum Schutz einer Regierung, sondern zum Schutz des Volkes da sei."
"150","1928-12-31","Wissenschaft","Benjamin, Walter: Ursprung des deutschen Trauerspiels. In: Tiedemann, Rolf u. Schweppenhäuser, Hermann (Hgg.) Gesammelte Schriften, Bd. 1,1, Frankfurt a. M.: Suhrkamp 1980 [1928], S. 279","[...] moderne Weltanschauung denn auch über den tragischen Helden, dessen Schicksale von den wunderbaren Eingriffen einer transzendenten Macht abhängen, urteilen, daß er in eine unhaltbare, einer geläuterten Einsicht nicht standhaltende Weltordnung hineingestellt ist, und daß die von ihm dargestellte Menschlichkeit den Charakter des Eingeengten, Belasteten, Unfreien an sich trägt.«Diese so ganz vergebliche Bemühung, das Tragische als allgemeinmenschlichen Gehalt zu vergegenwärtigen erklärt zur Not, wie seiner Analyse mit Vorbedacht der Eindruck kann zugrunde gelegt werden, »den wir moderne Menschen empfangen, wenn wir die Gestalten, die alte Völker und vergangene Zeiten dem tragischen Schicksal in ihren Dichtungen gegeben haben, künstlerisch auf uns wirken lassen«. [...]"
"151","1921-03-06","Zeitung","Berliner Tageblatt (Morgen-Ausgabe), 06.03.1921","Er ist ein guter Deutscher!), den weite Kreise des deutschen Volkes als einen der schlimmsten Reichsverderber ansehen."
"152","1926-01-02","Zeitung","Frankfurter Zeitung (Abend-Ausgabe), 02.01.1926","Eine wirkliche politische Partei steht immer in Konkurrenz mit anderen; sie ist, wie der Name selber sagt, nur ein Teil des Volkes, dessen andere Teile in anderen Parteien ihren Ausdruck finden."
"153","1918-10-20","Wissenschaft","Boy-Ed, Ida: Thomas Mann: Betrachtungen eines Unpolitischen. In: Lehmstedt, Mark (Hg.) Deutsche Literatur von Frauen, Berlin: Directmedia Publ. 2001 [1918], S. 8448","»Notwendig gerät ein Volk von der unbedingten Geltung der politischen Triebe aus in die Bahn äußerster Verweltlichung usw.«"
"154","1919-12-31","Belletristik","Stucken, Eduard: Die weißen Götter, Stuttgart: Stuttgarter Hausbücherei [1960] [1919], S. 415","Beim Krönungsfest werde Prinzessin Silber-Reiher, die zweite Tochter Montezumas und Witwe des Edlen Traurigen, Königin von Mexiko werden, da der Herabstoßende Adler auf Wunsch des Volkes und der Priesterschaft - gleich nachdem er zum König erwählt war - mit ihr sich öffentlich verlobt hatte."
"155","1932-03-01","Zeitung","Völkischer Beobachter (Reichsausgabe), 01.03.1932","Sprechen politische Gründe dafür, die Einfuhrmenge von irgendeinem Lande her zu drosseln, so wird ein nationalwirtschaftlich orientiertes Volk in bestimmten Fällen auch um des höheren Zweckes willen auf gewisse Produkte verzichten müssen, wenn es eben unmöglich ist, sie durch die heimische Produktion, sei es mit oder ohne Wirtschaftsbeziehung zu einem Staate, gegen die keine Bedenken sprechen, zu ersetzen."
"156","1925-07-04","Gebrauchsliteratur","Die Landfrau, 04.07.1925","Seit der großen Verarmuung des deutschen Volkes sind die Tierschutzvereine nicht mehr in der Lage, die gute und geschmackvolle Propaganda so durchzuführen, wie vor dem Kriege, wo sie sich in Form von Ansichtskarten, Kalendern, Broschüren, Kinderbüchern an jeden empfindungsfähigen Menschen, vor allem aber an die Jugend wandten."
"157","1927-05-06","Zeitung","Vossische Zeitung, 06.05.1927","Diese Entwicklung des Nationalsozialismus in ihr Gegenteil abgebogen und unter marktschreierischem Missbrauch eines uralten mystischen Symbols einen Fremdkörper im deutschen Volke künstlich hochgezüchtet zu haben, ist das Verdienst einer Anzahl skrupelloser Hetzer und Demagogen, deren selbstische Ziele immer deutlicher werden."
"158","1930-12-31","Wissenschaft","Scheidt, Walter: Kulturbiologie, Jena: Fischer 1930, S. 66","Die Einstellung des ""Volkes"" zur Volkskunde (und die Wirkung der Volkskunde auf das ""Volk"") ist deshalb ein ernstes, nachdenkliches Kapitel des ganzen Themas."
"159","1919-03-27","Zeitung","Vossische Zeitung (Abend-Ausgabe), 27.03.1919","Dazu gehörte dann auch die Unterschätzung der eigenen Nation und die Ueberschätzung der feindlichen Völker."
"160","1932-12-31","Wissenschaft","Jahresberichte für deutsche Geschichte, 1930, S. 145","Das Wissen des Volkes ist altertümlich und lückenhaft; in der historischen Sage fehlen die eigentlichen geschichtlichen Kenntnisse, die etymologische Sage zeigt geringes sprachgeschichtliches Verständnis, in Meteorologie und Optik herrschen die Anschauungen vergangener Zeiten."
"161","1929-03-02","Zeitung","Völkischer Beobachter (Reichsausgabe), 02.03.1929","Selbst das größte Unheil, welches ein Volk, ohne sich aufzulösen ertrug, kann in der Erinnerung späterer Geschlechter ein mächtiges Bindemittel sein."
"162","1923-12-31","Gebrauchsliteratur","Dolge, Walter: Was ist Reklame? In: V.D.R.-Handbuch der Reklame, Berlin: Francken & Lang 1923, S. 45","Es wäre zu begrüßen, wenn die Mitglieder des ""Verbandes Deutscher Reklamefachleute"" sich aktiv an der Lösung der Frage ""Was ist Reklame?"" beteiligen würden, damit wir endlich zu einem Resultat kommen, daß sich der V. D. R. zu eigen machen kann, um dadurch das Ansehen der ""Reklame"" in allen Kreisen des Volkes und der Wissenschaft noch mehr zu festigen."
"163","1932-12-31","Wissenschaft","Buber, Martin: Königtum Gottes, Berlin: Schocken 1932, S. 86","[...] und den - mir durchaus echt klingenden - Jesajaspruch (19, 25) von der Gleichsetzung Israels mit Ägypten und Assyrien führt, in einer Bezeichnung beschloß, Jhwh den »König der Völker« nennen, weil er in der Volksfrühe als der »König« Israels - freilich noch nicht im Sinn des Hauptes eines Staates, den es noch nicht gab, aber im Sinn des Haupts eines landsuchenden Stämmeverbands, also in der ursprünglichen Bedeutung des westsemitischen Melekhgottes - erschienen war; weil er da so wirklich als der königliche Führer der Geschichtszeit eben dieses Volkes erschienen war, konnte Jeremja ihn als den äonischen, den Weltzeit-König überhaupt ausrufen. [...]"
"164","1919-12-31","Belletristik","Stucken, Eduard: Die weißen Götter, Stuttgart: Stuttgarter Hausbücherei [1960] [1919], S. 38","Sein Herzenswunsch sei ja ihres Volkes Wunsch wie auch Gottes Wunsch - und gewiß werde Gott ihr Volk samt seinem Retter nicht im Stiche lassen ..."
"165","1921-03-06","Zeitung","Vossische Zeitung (Sonntags-Ausgabe), 06.03.1921","Von diesem gleichen hohen Bewußtsein des Verantwortungsgefühls ist das Wohl und Wehe des deutschen Volkes umsaßt."
"166","1919-12-31","Gebrauchsliteratur","Blos, Wilhelm: Denkwürdigkeiten eines Sozialdemokraten, Bd. 2. In: Simons, Oliver (Hg.) Deutsche Autobiographien 1690-1930, Berlin: Directmedia Publ. 2004 [1919], S. 10075","Es bildet also dieses merkwürdige Urteil von nun an eine Art Rechtsboden für ähnliche Prozesse wie jener in Freiberg, so sehr die reichsgerichtliche Auffassung auch dem Rechtsbewußtsein des deutschen Volkes widerspricht."
"167","1925-12-31","Gebrauchsliteratur","Benz, Carl Friedrich: Lebensfahrt eines deutschen Erfinders, Die Erfindung des Automobils, Erinnerungen eines Achtzigjährigen. In: Simons, Oliver (Hg.) Deutsche Autobiographien 1690-1930, Berlin: Directmedia Publ. 2004 [1925], S. 4956","Die vielen Glück- und Segenswünsche aus allen Schichten des Volkes von Kapstadt bis Stockholm hatten für den einst verspotteten und verkannten Erfinder viel Versöhnliches."
"168","1919-12-31","Gebrauchsliteratur","Blos, Wilhelm: Denkwürdigkeiten eines Sozialdemokraten, Bd. 2. In: Simons, Oliver (Hg.) Deutsche Autobiographien 1690-1930, Berlin: Directmedia Publ. 2004 [1919], S. 10160","Bei der Abfahrt zum Bahnhof habe das Volk wiederum die Pferde ausgespannt und den Wagen gezogen."
"169","1918-12-31","Wissenschaft","Weber, Max: Parlament und Regierung im neugeordneten Deutschland. In: Weber, Marianne (Hg.) Gesammelte Politische Schriften, München: Drei Masken Verl. 1921 [1918], S. 132","Der Vorgang findet in den Annalen keines stolzen Volkes seinesgleichen."
"170","1929-03-05","Zeitung","Berliner Tageblatt (Morgen-Ausgabe), 05.03.1929","Bei keinem Volke"", sagte Hoover, ""sind die Einrichtungen des Fortschritts weiter gediehen, keinem Volke sind die Früchte des Erfolges mehr gesichert, bei keinem Volke geniesst die Regierung mehr Achtung, kein Land ist mehr geliebt von seinem Volke."
"171","1919-04-05","Zeitung","Berliner Tageblatt (Morgen-Ausgabe), 05.04.1919","Er sprach sich für eine möglichst kraftvolle Gestaltung des Amtes und für die direkte Wahl des Präsidenten durch das Volk aus . Die Wahlberechtigung zum Präsidenten beantragt er folgendermaßen zu fassen: Wählbar ist, wer als Deutscher geboren ist und das 35. Lebensjahr vollendet hat."
"172","1931-02-01","Zeitung","Niedersächsische Tageszeitung, 01.02.1931","Das Volk müsse zuerst politisch saniert werden, um wirtschaftlich bestehen zu können."
"173","1929-03-06","Zeitung","Vossische Zeitung (Abend-Ausgabe), 06.03.1929","Einmal, wie der alte Tacitus sagen würde, propter invidiam "" wegen des Neides, dann aber, auch weil das deutsche Volk es auf die Dauer nicht erträgt, anders als mit paragraphierter Ordnung regiert zu werden."
"174","1918-12-31","Wissenschaft","Weber, Max: Parlament und Regierung im neugeordneten Deutschland. In: Weber, Marianne (Hg.) Gesammelte Politische Schriften, München: Drei Masken Verl. 1921 [1918], S. 191","Die Rassenprobleme gehören in der internationalen Politik zu den allerschwierigsten, weil durch die Interessenkonflikte der weißen Völker komplizierten Fragen."
"175","1919-12-31","Belletristik","Rubiner, Ludwig: Die Gewaltlosen. In: Deutsche Literatur von Lessing bis Kafka, Berlin: Directmedia Publ. 2000 [1919], S. 143311","Der zweite Gefangene, die drei Revolutionärinnen und das Volk ab"
"176","1928-12-31","Wissenschaft","Jahresberichte für deutsche Geschichte, 1928, S. 645","Kaindl selbst hat als »Zweck« seiner Arbeit bezeichnet: »ich will der geschichtlichen Wahrheit zu ihrem Rechte verhelfen, die Kluft zwischen den Volksgenossen hüben und drüben überbrücken, beim deutschen Volke den großdeutsch-mitteleuropäischen Gedanken, der seit Karl dem Großen das deutsche Schicksal beherrscht, stärken, endlich darauf verweisen, daß dieser sich nur durch den Föderalismus verwirklichen läßt.«"
"177","1929-12-31","Belletristik","Döblin, Alfred: Berlin Alexanderplatz, Olten: Walter 1961 [1929], S. 129","-- Deutsche Volksgenossen, nie ist ein Volk schmählicher getäuscht worden, nie wurde eine Nation schmählicher, ungerechter betrogen als das deutsche Volk."
"178","1928-12-31","Gebrauchsliteratur","Wilamowitz-Moellendorff, Ulrich von: Erinnerungen 1848-1914. In: Simons, Oliver (Hg.) Deutsche Autobiographien 1690-1930, Berlin: Directmedia Publ. 2004 [1928], S. 73839","Vor hundert Jahren durfte man noch meinen, daß Gymnasium und Universität, wie man sie damals schuf, den Bildungsbedürfnissen des Volkes genügen würden."
"179","1920-12-31","Wissenschaft","Delbrück, Hans: Geschichte der Kriegskunst im Rahmen der politischen Geschichte - Erster Teil: Das Altertum, Berlin: Directmedia Publ. 2002 [1920], S. 1086","Scharnhorst ist vielleicht der erste gewesen, der es ausgesprochen hat, daß dies das Verdienst der stehenden Heere sei, durch die Disziplin gesittete Völker fähig zu machen, roheren zu widerstehen."
"180","1929-03-02","Zeitung","Völkischer Beobachter (Reichsausgabe), 02.03.1929","Um ihre Macht und Wissenschaft zu brechen, mußten die größten Völker der Menschheit gegen sie zu Felde ziehen."
"181","1925-11-10","Zeitung","Tucholsky, Kurt: Zwischen zwei Kriegen. In: Kurt Tucholsky, Werke - Briefe - Materialien, Berlin: Directmedia Publ. 2000 [1925]","Was sich jetzt, hinter den Kulissen, zu verbrüdern beabsichtigt, sind leider nicht die besten Teile der Völker - es sind ihre schlechten: Industrie-Raffer und die Militärs."
"182","1925-03-05","Zeitung","Vossische Zeitung (Abend-Ausgabe), 05.03.1925","Das Volk spürte ihn als Fleisch von Volkes Fleisch und Blut von Volkes Blut."
"183","1923-12-31","Wissenschaft","Schmitt, Carl: Die geistesgeschichtliche Lage des heutigen Parlamentarismus, Berlin: Duncker & Humblot 1991 [1923], S. 62","Im Kampf gegen die Geheimpolitik absoluter Fürsten ist der Gedanke des modernen Parlamentarismus, die Forderung einer Kontrolle und der Glaube an Öffentlichkeit und Publizität entstanden; das Freiheits- und Gerechtigkeitsgefühl der Menschen empörte sich gegen eine Arkanpraxis, die in geheimen Beschlüssen über das Schicksal der Völker entschied."
"184","1931-02-01","Zeitung","Niedersächsische Tageszeitung, 01.02.1931","Die Nationalsozialisten haben seit 10 Jahren die Wahrheit gesagt; das Volk benebelt und ins Unglück geführt hat die Reichsbannerregierung und ihre volksparteilichen Trabanten . Angefangen haben die Volksbeauftragten am 11. November 1918, als sie ein Reich der Schönheit und Würde mit Arbeit und Brot versprachen, gefolgt ist der ehemalige Reichskanzler Dr. Wirth, der das Wort prägte: ""Deutschland kann erfüllen"", und Herr Dr. Stresemann, als er die Verpflichtung des Dawes-Vertrages auf Zahlung einer ganz unmöglichen Summe als Silberstreifen bezeichnete und sich das Wort Walter Rathenaus zu eigen machte:"
"185","1922-01-01","Zeitung","Kölnische Zeitung (1. Morgenblatt), 01.01.1922","Ins Politische übertragen kommt das Geheimnis des Jumei mudjitsu nach dem Urteil eines japanischen Schriftstellers, den Haushofer anführt, darin zum Ausdruck, daß ""dem japanischen Volk jede Gefahr, die sein nationales Dasein bedroht, instinktiv zum Bewußtsein kommt, weil sein Land in seinem Bewußtseinsleben immer an erster Stelle gegenwärtig ist ."""
"186","1919-12-31","Belletristik","Stucken, Eduard: Die weißen Götter, Stuttgart: Stuttgarter Hausbücherei [1960] [1919], S. 191","Und selbst Prinz Kriegsmaske willigte ein, daß das Volk den neuen Glauben annahm."
"187","1924-03-14","Zeitung","Vossische Zeitung (Abend-Ausgabe), 14.03.1924","Müßte ein Sieg der Rechten nicht so teuer vom deutschen Volke bezahlt werden, so könnte man sich auf ein solches Experiment nur freuen."
"188","1925-09-05","Gebrauchsliteratur","Die Landfrau, 05.09.1925","Um ein Volk zu erhalten, müßte jedes seiner Menschenpaare mindestens vier Kinder hinterlassen."
"189","1931-12-31","Gebrauchsliteratur","Schulze, Hermann: Frohes Schaffen und Lernen mit Schulanfängern, Langensalza u. a.: Beltz 1939 [1931], S. 3","Um den deutschen Menschen heranzubilden, der sich ""dienend und opfernd"" seinem Volke verbunden fühlt, und dem die Schule soviel an Kenntnissen und Fertigkeiten mitgeben muß, daß er sich in die deutsche Kulturgemeinde als brauchbares Mitglied einfügen kann, ist nötig, daß alle im Kinde vorhandenen Anlagen und Fähigkeiten entfaltet und gepflegt werden."
"190","1926-01-01","Zeitung","Frankfurter Zeitung (2. Morgenblatt), 01.01.1926","Aber die große Mehrheit des Volkes sieht mit weniger fröhlichen Augen auf dieses Jahr zurück, und wir glauben, daß es sogar für einen erheblichen Teil der deutschnationalen Wähler im Lande ein Jahr schwerer Enttäuschungen gewesen ist."
"191","1931-03-04","Zeitung","Völkischer Beobachter (Reichsausgabe), 04.03.1931","Ich war manche Jahre im Ausland, in drei Erdteilen, und dann sieht man sein Volk deutlicher, und wenn man andere Völker gesehen hat, liebt man sein Vaterland um so mehr."
"192","1925-03-05","Zeitung","Vossische Zeitung (Morgen-Ausgabe), 05.03.1925","Er beschäftigte sich mit großer Gründlichkeit und reichem historischen Wissen vor allem mit Kolonialfragen; so schrieb er während des Krieges in der Ullsteinsammlung ""Männer und Völker"" über die Kolonialreiche der Großmächte ."
"193","1927-12-31","Gebrauchsliteratur","Ostwald, Wilhelm: Lebenslinien. Eine Selbstbiographie, 3 Teile. In: Simons, Oliver (Hg.), Deutsche Autobiographien 1690 - 1930, Berlin: Directmedia Publ. 2004 [1927], S. 50003","Siedendheiß kam der Direktor nach unten in das Laboratorium und hielt mir vor versammeltem Volk eine Rede darüber, daß die Mittel der Anstalt mir nur zur Ausstattung des Laboratoriums, nicht aber zu der meiner Privatwohnung angewiesen seien."
"194","1930-12-31","Wissenschaft","Scheidt, Walter: Kulturbiologie, Jena: Fischer 1930, S. 77","Es liegt nur bei den meisten Menschen höher zivilisierter Völker, besonders in den ""höheren"" Bildungs- und Schichtungsgruppen, unter den anderen seelischen Funktionen."
"195","1920-12-31","Wissenschaft","Weber, Max: Die Wirtschaftsethik der Weltreligionen. In: Weber, Marianne (Hg.) Gesammelte Aufsätze zur Religionssoziologie, Bd. III, Tübingen: Mohr 1921 [1920-1921], S. 415","Von allen kosmogonischen und anthropologischen Mythologemen ist eben das Pragma des überweltlichen, teils wie ein Vater, teils wie ein bald gnädiger, bald ungnädiger König die Geschicke der Welt leitenden, sein Volk zwar liebenden aber doch, wenn es ungehorsam ist hart strafenden, aber durch Gebet, Demut und sittliches Wohlverhalten wieder zu gewinnenden Einheitsgottes diejenige Konstruktion, welche alle Geschehnisse der Welt und des Lebens in einer Art rational verständlich macht, wie sie der unbefangenen, nicht durch philosophische Spekulation sublimierten Auffassung der Massen und der Kinder entspricht."
"196","1928-03-03","Zeitung","Völkischer Beobachter (Reichsausgabe), 03.03.1928","Die schlotternde Angst, daß bei weiterer Bewährung der Methoden Mussolinis der Welt die Augen darüber aufgehen könnten, daß nicht die westliche Demokratie mit ihren Auswüchsen, ihrer Korruption und Gesinnungslumperei das Allein-Heilmittel für die notleidenden, schwerbedrückten Volksmassen darstellen, sondern daß eine gesunde Diktatur, die mit all dem freimaurerischen Unfug und der Ausbeutung von Volk und Staat zugunsten der internationalen Geldhyänen aufräumt, dem herrschenden System vorzuziehen sein würde, läßt die Herren Volksvertreter nicht zur Ruhe kommen."
"197","1922-03-30","Zeitung","Die Fackel [Elektronische Ressource], 2002 [1922]","Denn wir sind klein geworden, schwach Im Rat der Völker!"
"198","1930-12-31","Wissenschaft","Scheidt, Walter: Kulturbiologie, Jena: Fischer 1930, S. 125","Zur typischen Wesensart dieses Volkes gehört Geistesgegenwart."
"199","1920-12-31","Wissenschaft","Weber, Max: Die Wirtschaftsethik der Weltreligionen. In: Weber, Marianne (Hg.) Gesammelte Aufsätze zur Religionssoziologie, Bd. III, Tübingen: Mohr 1921 [1920-1921], S. 436","Die Ruth- und Jonaslegenden waren dem Proselytismus entschieden günstig, eine so gewichtige Autorität wie Esra aber abgeneigt: die von ihm vorgenommene gentilizische Gliederung sowohl der Priesterschaft wie der neukonstituierten Polis Jerusalem standen zum mindesten dem Eintritt Einzelner in den Verband im Wege, und Esra legte für die erstrebte Absonderung des heiligen Volkes auf die Blutsreinheit als solche entscheidendes Gewicht."
"200","1920-12-31","Wissenschaft","Weber, Max: Die Wirtschaftsethik der Weltreligionen. In: Weber, Marianne (Hg.) Gesammelte Aufsätze zur Religionssoziologie, Bd. III, Tübingen: Mohr 1921 [1920-1921], S. 147","Während die Haftung des einzelnen für die Sünden seiner Vorfahren und Nächstversippten sich in babylonischen Hymnen findet, war jene Solidarhaft des ganzen Volkes für alle einzelnen - die Voraussetzung aller prophetischen Unheilsverkündigungen - in einem rein bürokratischen Staat naturgemäß gedanklich nicht entwickelt."
"201","1919-03-13","Zeitung","Tucholsky, Kurt: Wir Negativen. In: Kurt Tucholsky, Werke - Briefe - Materialien, Berlin: Directmedia Publ. 2000 [1919]","Und da stand das Volk: die alten Fahnen hatten sie ihm heruntergerissen, aber es hatte keine neue."
"202","1932-12-31","Wissenschaft","Buber, Martin: Königtum Gottes, Berlin: Schocken 1932, S. 102","Der Melekh - etwa Kamosch, der Melekh der Moabiter (vgl. II Könige 3, 26 f.) - vermißt das ihm gebührende Kindesopfer und heischt es, indem er sein kriegführendes Volk im Stich läßt; er bekommt den Erstgeborenen des Königs und wendet dem nun seine Gunst wieder zu."
"203","1920-12-31","Wissenschaft","Weber, Max: Die protestantische Ethik und der Geist des Kapitalismus. In: Weber, Marianne (Hg.) Gesammelte Aufsätze zur Religionssoziologie, Bd. I, Tübingen: Mohr 1920 [1920], S. 22","Eine Gesinnung wie sie in den zitierten Ausführungen Benjamin Franklins zum Ausdruck kam und den Beifall eines ganzen Volkes fand, wäre im Altertum wie im Mittelalter ebenso als Ausdruck des schmutzigsten Geizes und einer schlechthin würdelosen Gesinnung proskribiert worden, wie dies noch heute von allen denjenigen sozialen Gruppen regelmäßig geschieht, welche in die spezifisch moderne kapitalistische Wirtschaft am wenigsten verflochten oder ihr am wenigsten angepaßt sind."
"204","1932-12-31","Wissenschaft","Buber, Martin: Königtum Gottes, Berlin: Schocken 1932, S. 36","Die »Eckpfeiler des Volkes« kennt nur noch die Saulsgeschichte (I Samuel 14, 38) und das »Volk Gottes« nur noch die Absalom-Geschichte (II Samuel 14, 13)."
"205","1925-03-05","Zeitung","Vossische Zeitung (Abend-Ausgabe), 05.03.1925","Mit der Revolution im November 1918 wurde Ebert vom Volk zum Präsidenten der Republik erhoben und in der späteren Nationalversammlung mit überwältigender Mehrheit zum Reichspräsidenten gewählt."
"206","1924-03-14","Zeitung","Berliner Tageblatt (Morgen-Ausgabe), 14.03.1924","Der Pfarrer hielt eine Rede, wie der Herr Amtmann Eike von Olafsborg mehr als sechzig Jahre lang sein Amt geführt habe, in Güte und Gerechtigkeit, zum Segen des Volkes, zum Segen seines wohledlen Hauses."
"207","1925-03-06","Zeitung","Berliner Tageblatt (Morgen-Ausgabe), 06.03.1925","Ebenso wie es beim monarchischen System ungeschickte Fürsten gibt, so gibt es beim republikanischen Regime Völker, die nicht fähig sind, und die noch nicht die nötige Kultur besitzen, sich selbst zu regieren."
"208","1921-03-05","Zeitung","Vossische Zeitung (Abend-Ausgabe), 05.03.1921","Es stelle sich aber jetzt heraus, daß das Gelder seien, die mit dem Blut und Schweiß des russischen Volkes erworben wurden, wie alle Gelder, die Teile des Budgets des russischen Reiches bilden, und daß er infolgedessen nicht in der Lage sei, die Bitte des Fürsten zu erfüllen."
"209","1932-07-09","Zeitung","Archiv der Gegenwart, Bd. 2, 09.07.1932, S. 398 [ff.]. Zit. n. CD-ROM-Ausgabe 2001.","Die Mächte sind nicht der Ansicht, daß das in Lausanne geschaffene Werk, das vollständig den Reparationen ein Ende bereitet, genügt, um den Frieden zu erreichen, den die Völker wünschen."
"210","1929-10-06","gesprochen","o.A., Trauerfeier im Berliner Reichstag für den am 3. Oktober 1929 verstorbenen Reichsaußenminister Gustav Stresemann, 06.10.1929","Es war die Zeit des Höhepunkts des Ruhrkampfs, mit seiner furchtbaren politischen Erschütterung Deutschlands, mit seiner so schweren seelischen Belastung des deutschen Volkes, die Zeit der schwersten Leiden des besetzten Gebietes und der völligen Ohnmacht des unbesetzten Deutschland."
"211","1928-12-31","Wissenschaft","Jahresberichte für deutsche Geschichte, 1928, S. 174","»Das Wertvollste, was die Wiener Vorlesungen dem tätigen Staatsmann boten, war die Idee der freien Verbrüderung der europäischen Völker auf christlichsittlicher Grundlage und die Ansicht über den besonderen Beruf Deutschlands und Italiens, diese bündische Verfassung schon in ihrem inneren Aufbau zu verwirklichen«, Anschauungen, die 1815 tragende Pfeiler in dem System Metterrichs (cf. Srbik) wurden."
"212","1929-11-30","Gebrauchsliteratur","Kosmos, 1929, Nr. 11, Bd. 26","Auf jeden Fall ein deutliches Bild, wie ein gewisser Teil unseres Volkes heute den Naturgegenständen gegenübersteht."
"213","1929-03-08","Zeitung","Völkischer Beobachter (Berliner Ausgabe), 08.03.1929","Diese Bestimmung verrät, daß das römische Volk bereits in einem früheren Zeitpunkt seiner Kultur mit Zahnkrankheiten zu kämpfen hatte und daß die Römer auch gewisse Mittel gefunden hatten, ihren Zahnbestand zu erhalten."
"214","1930-03-02","Zeitung","Völkischer Beobachter (Bayernausgabe), 02.03.1930","Das Stück mißfiel aber dem Genossen Polizeipräsidenten von Köln, denn dieser stand auf dem Standpunkt, daß Revolutionsstücke nur dann erlaubt seien, wenn die Adligen als verruchte Bestien, die Soldaten als Henkersknechte und das Volk als eine Heerschar himmlischer Engel gezeichnet sind."
"215","1919-12-31","Belletristik","Stucken, Eduard: Die weißen Götter, Stuttgart: Stuttgarter Hausbücherei [1960] [1919], S. 42","Seit Xelhua die Sieben Höhlen und das Reiherland verlassen, seien die Totonaken immer ein freies Volk gewesen, und erst vor wenigen Jahren habe Montezuma ihnen das Joch der Dienstbarkeit auferlegt."
"216","1930-12-31","Belletristik","Feuchtwanger, Lion: Erfolg. In: ders., Gesammelte Werke in Einzelbänden, Bd. 6, Berlin: Aufbau-Verl. 1993 [1930], S. 515","Denn allmontäglich, zuerst im Kapuzinerbräu, dann in den riesigen Biersälen von drei oder vier andern Brauereien, sprach der Führer zum Volk."
"217","1930-12-31","Wissenschaft","Freyer, Hans: Soziologie als Wirklichkeitswissenschaft, Leipzig u. a.: B.G. Teubner 1930, S. 97","Das geistige Prinzip, das von einem bestimmten geschichtlichen Volk repräsentiert wird, trägt gewiß die Notwendigkeit seiner Auflösung in sich; und welches Prinzip ihm in der geschichtlichen Reihe folgen wird, ergibt sich gewiß mit Notwendigkeit aus dem System der Freiheitsstufen."
"218","1928-04-04","Zeitung","Vossische Zeitung (Morgen-Ausgabe), 04.04.1928","Das Fiasko des Ruhrkampfes , den das Volk mit den Leiden der Inflation bezahlt habe, bedeute zugleich die Bankerott-Erklärung jener romantischen Ideologie, die mit dem Schlagwort ""Lieber ein Ende mit Schrecken als ein Schrecken ohne Ende"" das Volk in dieses Abenteuer hineingehetzt habe und in weitere Abenteuer hineinhetzen wolle."
"219","1925-03-06","Zeitung","Berliner Tageblatt (Morgen-Ausgabe), 06.03.1925","Auch unsere Republikaner in Südamerika haben während eines Jahrhunderts Rückschläge erlitten, als sie die demokratischen Formen einführten, bevor sie dem Volke eine vollkommen solide, bürgerliche Kultur gegeben haben."
"220","1924-03-11","Zeitung","Berliner Tageblatt (Morgen-Ausgabe), 11.03.1924","Es ist lediglich der unpolitische Sinn des deutschen Volkes, der verhängnisvolle Hang zur Götzenverehrung, der es diesem Mann überhaupt möglich macht, eine Rolle in Deutschland zu spielen."
"221","1932-12-31","Wissenschaft","Klages, Ludwig: Der Geist als Widersacher der Seele, 3. Band, Teil 1: Die Lehre von der Wirklichkeit der Bilder, Leipzig: Barth 1932, S. 1189","[...] Denn, zöge man auch Lautwandel und Bedeutungswandel der Sprache herbei, ferner, was dazu heimliche Anstöße gibt, die Vibrationen von Sinn und Klang beim Stellentausch des Wortes in lebendiger Rede, hinzugerechnet die leisen Verschiebungen, bald sich aufhebend, bald sich häufend, durch beständig stattfindende Übertragungen von Gesprochenem durch Hörende, und brächte man sich mit alledem zum Bewußtsein, daß auch die Sprache ein Stück Geschehen sei, so genügt doch ein Blick auf das Schrifttum der Zeiten und Völker, das nur durch wenigstens relative Sprachenbeharrlichkeit möglich wurde, um einzusehen, daß zum ruhelosen Gehen und Kommen von Erscheinungen verschiedenschichtiger Wirklichkeiten bestimmt keine Sprache der Menschheit ein Seitenstück bieten könne. [...]"
"222","1927-12-31","Gebrauchsliteratur","Welt und Wissen, 1927, Nr. 2, Bd. 16","Im großen und allgemeinen ist das deutsche Volk ernster und innerlicher geworden."
"223","1924-09-12","Zeitung","Dresdner Volkszeitung, 12.09.1924","Das ist es, was die hohen und niederen Militärs nicht minder stark beschäftigt wie den deutschen Arbeiter des Ruhrgebietes und wenn die deutsche Regierung hören wollte, wie das Volk z. B. über das Vorhaben der Nautisierung der deutschen Kriegsschuld- Erklärung denkt, so hätte sie im Ruhrgebiet die Gelegenheit für einen praktischen Anschauungsunterricht."
"224","1919-12-31","Belletristik","Stucken, Eduard: Die weißen Götter, Stuttgart: Stuttgarter Hausbücherei [1960] [1919], S. 63","Auch Montezuma wäre durch diese Scheu abgehalten worden, hätte sein verängstigtes Volk ihm nicht den Beschluß abgerungen, durch ein unerhörtes Geschenk die verlorene Gunst des Himmels zurückzukaufen."
"225","1925-12-31","Belletristik","Kolbenheyer, Erwin Guido: Das dritte Reich des Paracelsus, München: J. F. Lehmanns 1964 [1925], S. 702","Ein Volk, das der natürlichen Magie des Landes trotzte, ein harter Same."
"226","1928-03-02","Zeitung","Völkischer Beobachter (Reichsausgabe), 02.03.1928","Solange das deutsche Volk sich nicht dazu aufrafft, mit dieser Erfüllungspolitik Schluß zu machen, sich seine Freiheit wieder zu erringen, sich von den politischen und wirtschaftlichen Sklavenketten von Versailles und Dawes freizumachen, solange sind alle Ihre Hilfsmittel nur Mätzchen, die ebensowenig helfen wie alles, was sie bisher schon für die Beamten und sonstige Berufsgruppen getan zu haben glauben."
"227","1932-07-09","Zeitung","Archiv der Gegenwart, Bd. 2, 09.07.1932, S. 398 [ff.]. Zit. n. CD-ROM-Ausgabe 2001.","Jedoch hoffen sie, daß ein Werk von solcher Bedeutung, das so große Anstrengungen erfordert hat, von allen friedlichen Elementen Europas und der Welt verstanden und richtig geschätzt wird und daß neue Werke folgen werden, die in dem Maße leichter durchzuführen sein werden, als die Völker diesen neuen Schritt zu einem wahren Frieden unterstützen, der, um vollständig zu sein, sich gleichmäßig auf die wirtschaftliche und politische Ordnung beziehen muß, wie sie auch jede Möglichkeit eines Appells an die Waffen oder an Gewalt zurückweisen."
"228","1932-03-01","Zeitung","Völkischer Beobachter (Reichsausgabe), 01.03.1932","Alle Bildstreifen, die geeignet sind, dem Wohle des Volkes zu schaden, d.h. gegen die nationalen Belange verstoßen oder der gesunden sittlichen Ordnung widersprechen, werden von der Filmzensur verschiedenster Länder schonungslos mit Verbot belegt."
"229","1928-11-20","Zeitung","Tucholsky, Kurt: Die Beamtenpest (III). In: ders., Kurt Tucholsky, Werke - Briefe - Materialien, Berlin: Directmedia Publ. 2000 [1928], S. 6309","Es ist eine Verkennung der Staatsaufgaben, ihre Überschätzung durch Wichtigmacher und eine Unterschätzung des Volkes, dem Popanz zuzumuten, er solle alles, alles, alles in die Hand nehmen - wozu ihm übrigens keiner der Herren Antragsteller die Mittel in die Hand gibt."
"230","1919-12-31","Gebrauchsliteratur","Klemperer, Victor: [Tagebuch] 1919. In: ders., Leben sammeln, nicht fragen wozu und warum, Berlin: Aufbau-Taschenbuch-Verl. 2000 [1919], S. 168","Im Schooß des Volkes, im Schooß der Nationalversammlung, etc. -, tat, als hätte er in einem Bezirksverein Königs Geburtstag zu feiern u. vergaß über allen Phrasen die sachliche Angabe dessen, was die neue Verfassung bestimmt, fast völlig. -"
"231","1932-12-31","Belletristik","Roth, Joseph: Radetzkymarsch, Köln: Kiepenheuer & Witsch 1978 [1932], S. 200","Der Anlaß war damals das Abschiedsfest des Statthalters, des Fürsten M., gewesen, der mit einem ehrenvollen Auftrag in die frisch okkupierten Gebiete von Bosnien und Herzegowina abgegangen war, dank seinen berühmt gewordenen Sprachkenntnissen und seiner angeblichen Kunst, »wilde Völker zu zähmen«."
"232","1926-03-06","Zeitung","Berliner Tageblatt (Abend-Ausgabe), 06.03.1926","Dann wird weiter erklärt, daß eine Restauration des Hauses Habsburg nur dann möglich sei, wenn sich der zur Regierung berufene Habsburger offen zum deutschen Volke bekenne, aber auch nur zum deutschen Volke, und als Führer seines Volkes in das große deutsche Vaterland einzutreten bereit sei ."
"233","1927-09-27","Belletristik","Tucholsky, Kurt: Saxo-Borussen. In: ders., Kurt Tucholsky, Werke - Briefe - Materialien, Berlin: Directmedia Publ. 2000 [1927], S. 5432","Und mit diesem Korpsband zieht die Blase ein ganzes Volk an seiner Nase."
"234","1930-03-04","Zeitung","Völkischer Beobachter (Bayernausgabe), 04.03.1930","Einen Grund dafür erblickt Schwertfeger in der für Deutschland bedauerlichen Tatsache, daß es so schwer möglich sei, die geradezu ungeheuerliche politische und strategische Notlage in einem Mehrfrontenkriege der Anschauungswelt der anderen Völker begreiflich zu machen."
"235","1930-12-31","Wissenschaft","Rumpf, Fritz: Zur Geschichte des Theaters in Japan. In: Glaser, Curt (Hg.), Japanisches Theater, Berlin-Lankwitz: Würfel-Verl. 1930, S. 51","An den erwähnten Festtagen traten neben Tänzern und Schauspielern noch Akrobaten, Stelzenläufer, Jongleure, Feuerfresser, Messerwerfer, Puppenspieler und anderes fahrendes Volk auf."
"236","1928-01-01","Zeitung","Frankfurter Zeitung (2. Morgenblatt), 01.01.1928","Das deutsche Volk werde sich, so sagte er, entscheiden müssen, ob die Mehrheit des künftigen Reichstages aus Männern und Frauen bestehe, die, von tiefstem Verantwortungsgefühl getragen, nur das beschlössen, was notwendig sei zur Förderung des allgemeinen Wohls, ""entschlossen, die republikanische, durch die Verfassung von Weimar geschaffene Staatsform zu ehren und zu schützen""."
"237","1919-12-31","Belletristik","Rubiner, Ludwig: Die Gewaltlosen. In: Deutsche Literatur von Lessing bis Kafka, Berlin: Directmedia Publ. 2000 [1919], S. 143300","Volk, du zögerst."
"238","1930-12-31","Belletristik","Feuchtwanger, Lion: Erfolg. In: ders., Gesammelte Werke in Einzelbänden, Bd. 6, Berlin: Aufbau-Verl. 1993 [1930], S. 518","Malte aus, wie die verrottete Stadt den Wahrhaft Deutschen in die Hände fallen werde, ohne Schwertstreich, sich schon beim Anblick der heranziehenden echten Söhne des Volkes die Hosen bekleckernd."
"239","1929-03-05","Zeitung","Vossische Zeitung (Abend-Ausgabe), 05.03.1929","Hoffentlich wird einmal das Ziel erreicht, daß das Volk seine Justiz nicht mehr als eine herzlose Maschine ansieht, die nur dazu geschaffen ist, einzelnen Volksgenossen wehe zu tun, sondern als eine notwendige und unentbehrliche und von allseitigem Vertrauen getragene Einrichtung zur Erhaltung des Staatsgefüges, die mit ihrer Arbeit der Ordnung, dem Frieden und dem Wohle des Volkes dient."
"240","1919-04-07","Zeitung","Berliner Tageblatt (Abend-Ausgabe), 07.04.1919","Sie sind dem werktätigen Volke für alle Handlungen und Unterlassungen verantwortlich."
"241","1931-03-04","Zeitung","Völkischer Beobachter (Reichsausgabe), 04.03.1931","In hinreißenden Worten zeigte der Redner auf, was die Marxisten und ihre bürgerlichen Helfershelfer am deutschen Volk begangen haben."
"242","1929-12-31","Wissenschaft","Mannheim, Karl: Ideologie und Utopie, Frankfurt a.M: Klostermann 1985 [1929], S. 32","Intellektuelle neigen leicht zu dem falschen Glauben, daß die Jahrhunderte der Aufklärung wirklich das Volk fundamental geändert hätten (obgleich doch die zwar geschwächte Religion als Ritual und Kult, in der Devotion und in ekstatischen Erlebnisweisen weiterlebte); die Stoßkraft der Aufklärung war indes mächtig genug, um das religiöse Weltbild weithin zu erschüttern."
"243","1931-03-04","Zeitung","Berliner Tageblatt (Morgen-Ausgabe), 04.03.1931","Die Regierung habe die Pflicht, auf diesem Gebiet mehr zu tun als bisher, weil auch psychologisch der Erfolg davon abhängt, dass eine Mehrheit des deutschen Volkes vertrauens- und glaubensmässig den höheren nationalen Zweck der opferreichen, inneren Anstrengungen voll erfasst."
"244","1925-03-10","Zeitung","Berliner Tageblatt (Abend-Ausgabe), 10.03.1925","Der eigentliche Held ist der alle Senator und Graf, dem der Mann aus dem Volk das Liebchen wegfischt und da am Ende doch als der Gescheiteste sich erweist."
"245","1918-12-31","Wissenschaft","Weber, Max: Parlament und Regierung im neugeordneten Deutschland. In: Weber, Marianne (Hg.) Gesammelte Politische Schriften, München: Drei Masken Verl. 1921 [1918], S. 167","In Amerika waren die vom Präsidenten ernannten Richter den vom Volk gewählten turmhoch an Tüchtigkeit und Integrität überlegen."
"246","1927-01-16","Zeitung","Berliner Arbeiterzeitung, 16.01.1927","Geboren aus der Not des Volkes, getragen von dem Willen zur sozialen Gerechtigkeit und nationalen Freiheit!"
"247","1919-12-31","Gebrauchsliteratur","Bürgel, Bruno H.: Vom Arbeiter zum Astronomen, Berlin: Ullstein 1925 [1919], S. 18","Er lag viele Abende neben mir im Grase und erzählte von Kapital und Armut, von Freiheit und Unterdrückung und von einer kommenden, großen Zeit des arbeitenden Volkes."
"248","1928-11-09","Zeitung","Tucholsky, Kurt: Was würden Sie tun, wenn Sie die Macht hätten? In: ders., Kurt Tucholsky, Werke - Briefe - Materialien, Berlin: Directmedia Publ. 2000 [1928], S. 6357","Ich glaube, daß im Volk viele Kräfte schlummern, die heute von den Juristen und den uns regierenden Bürovorstehern abgetötet und in der Entwicklung gehemmt werden - mit diesen unverbrauchten Kräften ist auch dann viel zu erreichen, wenn sie 'die Bestimmungen nicht kennen', was ihre Kraft ausmacht."
"249","1932-09-01","gesprochen","o.A., Kundgebung der NSDAP im Berliner Sportpalast, 01.09.1932","(Etwas Beifall) Damals hätten Sie Gelegenheit gehabt, für dieses Doktrin sich einzusetzen, damals mussten Sie sagen, ja, wenn das deutsche Volk im Inneren eine geistige Revolution macht, den Staat darf sie nicht berühren."
"250","1932-03-01","Zeitung","Völkischer Beobachter (Reichsausgabe), 01.03.1932","Und die Idee des Nationalsozialismus beruht darauf, dem deutschen Volke die ihm gemäße und es zum Heile führende ""Richtung zu geben""."
"251","1918-01-01","Zeitung","Der Tag, 01.01.1918","Hindenburg hat stets seinem Volke und seinem Kaiser gedient, doch keiner Partei; nur die Uneinigkeit bekämpft er fort und fort."
"252","1920-12-31","Wissenschaft","Weber, Max: Die Wirtschaftsethik der Weltreligionen. In: Weber, Marianne (Hg.) Gesammelte Aufsätze zur Religionssoziologie, Bd. III, Tübingen: Mohr 1921 [1920-1921], S. 355","Daß fremde Völker um ihrer selbst willen bekämpft werden müßten, davon ist keine Rede."
"253","1932-12-31","Wissenschaft","Buber, Martin: Königtum Gottes, Berlin: Schocken 1932, S. 125","»Jahwe sagt, 'Ihm' solle Volk und mamleket gehören«; das sagt Jhwh nicht, sondern: die Angeredeten sollten »Ihm« eine mamlakha und ein Volk werden, - was etwas ganz anderes ist)."
"254","1932-07-09","Zeitung","Archiv der Gegenwart, Bd. 2, 09.07.1932","Rumänien, Tschechoslowakei, Jugoslawien und Deutschland fest, daß die Rechtsgültigkeit des von ihnen am 20. Januar 1930 unterzeichneten Haager Abkommens (Young-Plan) nicht in Frage steht, daß sie aber in Lausanne zusammengetreten sind um eines der Probleme des Weltkrieges mit dem ehrlichen Wunsche zu regeln, zur Bildung einer neuen Ordnung beizutragen, die die Schaffung und Entwicklung des Vertrauens zwischen den Völkern im Geiste des gegenseitigen Entgegenkommens, der Zusammenarbeit und der Gerechtigkeit fördert."
"255","1931-03-02","Zeitung","Berliner Tageblatt (Abend-Ausgabe), 02.03.1931","Es kommt darauf an, dass die starken Kapitalkräfte und Kapitalmächte der Welt sich die Hand zu gemeinsamem Handeln, zur Rettung der Völker der Kulturwelt, reichen."
"256","1926-12-31","Belletristik","Grimm, Hans: Volk ohne Raum, München: Langen 1932 [1926], S. 683","Ich weiß nur, daß das deutsche Schicksal noch ganz unfertig und jung ist und daß die alte Führerschicht bei uns vor lauter Fürstendienst und Aufblick und Ehrenhoffen das Voranstehen und die oberste Majestät der Volksgemeinschaft vergaß, und ich weiß, daß das Volk selbst in Verwirrung ist."
"257","1931-09-05","Zeitung","Archiv der Gegenwart, Bd. 1, 05.09.1931, S. 21 [ff.]. Zit. n. CD-ROM-Ausgabe 2001.","Die Mandatskommission und der Völkerbundrat haben die allgemeinen Bedingungen festgelegt, die ein unter Völkerbundmandat stehendes Volk erfüllen muß, bevor es selbständiger werden kann."
"258","1925-03-05","Zeitung","Vossische Zeitung (Abend-Ausgabe), 05.03.1925","Dann aber: das Deutschlandlied das Friedrich Ebert zum Bekenntnis eines Volkes der ernsten Arbeit und der ehrlichen Pflichterfüllung gemacht hat, führt uns von dem Einen, der nun in der Erde schläft, und jetzt denen noch allein gehört, die als seine Allernächsten trauernd am Grabe stehen, fort zu dem Größeren, dem Volke, an das er glaubte, in dem und für das er lebte, an das wir glauben und für das wir leben."
"259","1919-12-31","Zeitung","Der Jude, Bd. 4, Nr. 3, 1919","Denn krankte unser Volk nicht innerlich, unbewußt und wider Willen oft an solchem Glauben, wie hätte es sich durch Monate und Jahre hindurch in die trügerische Überzeugung hineinzuleben vermocht, seine Befreiung könnte ihm von den Völkern kommen, Palästina könnte ihm als Geschenk in den Schoß fallen!"
"260","1919-04-09","Zeitung","Berliner Tageblatt (Abend-Ausgabe), 09.04.1919","Man kann den Münchenern nur empfehlen, diese Leute davonzujagen - und niemand kann verstehen, daß ein gesundes Volk diesen Schönrednern, Hysterikern und dunklen Existenzen so widerstandslos den Platz überlassen hat."
"261","1920-03-05","Zeitung","Vossische Zeitung (Morgen-Ausgabe), 05.03.1920","Wie der Temps "" meldet, hat der französische Ministerpräsident im Kammerausschuß für auswärtige Angelegenheiten am Sonnabend mitgeteilt, die Volks abstimmung in Oberschlesien solle, einem dringenden Wunsche Polens entsprechend, möglichst beschleunigt werden und sei bereits für die Zeit nach Pfingsten in Aussicht genommen."
"262","1926-12-31","Belletristik","Grimm, Hans: Volk ohne Raum, München: Langen 1932 [1926], S. 10","Weil nun in dem Leben, das in diesem Buche geschildert wird, unser gemeinsames deutsches Schicksal sein Antlitz nackend zeigt, wie es ja zuweilen geschieht, daß die Geschichte eines einfachen Mannes zugleich das Geschick seines Volkes enthüllt, weil also in unsere ungeheuerlichste Angelegenheit hier ein breiter Einblick sein wird, deshalb müssen diesem Buche Glocken voraus läuten!"
"263","1922-09-07","Zeitung","Tucholsky, Kurt: Paris an der Panke. In: ders., Kurt Tucholsky, Werke - Briefe - Materialien, Berlin: Directmedia Publ. 2000 [1922], S. 2791","Tausendfach ist vor den Bewohnern der Mietskasernen, vor Männern, die in den Geschäften aufgehen, vor Frauen, die in Körben Gemüse und Klatsch einholen, vor solchen, die Hüte und Klatsch aufprobieren, bis beides sitzt, vor Junggesellen, die gleich komisch in der Amtswürde und beim Balzen sind - vor all diesem Volk tausendfach ausprobiert ist die Wirkung des deutschen Schwanks."
"264","1927-12-31","Gebrauchsliteratur","Diederichs, Eugen: Aus meinem Leben. In: Simons, Oliver (Hg.) Deutsche Autobiographien 1690-1930, Berlin: Directmedia Publ. 2004 [1927], S. 19324","Heute ist die Bewegung im allgemeinen Bewußtsein des Volkes so gut wie versunken."
"265","1924-03-14","Zeitung","Vossische Zeitung (Morgen-Ausgabe), 14.03.1924","Wer alle geschäftsordnungsmäßigen Rechte des Parlaments in Zeiten besonderer Not bis zur Erschöpfung gebrauchen will, handelt nicht demokratisch, sondern hetzt den Gedanken der Demokratie zu Tode . Darüber muß sich das deutsche Volk im klaren sein."
"266","1927-12-31","Gebrauchsliteratur","Diederichs, Eugen: Aus meinem Leben. In: Simons, Oliver (Hg.) Deutsche Autobiographien 1690-1930, Berlin: Directmedia Publ. 2004 [1927], S. 19362","Wieder läßt sich dafür ein weisendes Wort Goethes anführen:, Wir brauchen in unserer Sprache ein Wort, das wie Kindheit sich zu Kind verhält, so das Verhältnis Volkheit zum Volke ausdrückt."
"267","1932-03-02","Zeitung","Vossische Zeitung (Abend-Ausgabe), 02.03.1932","Am 13. März wird abgerechnet mit der jüdischen Pseudodemokratie , die ohne jede innere Verbundenheit mit dem deutschen Volke nur den Zweck verfolgt, durch eine vergiftende Presse die deutschen Volksgenossen und Schaffenden Deutschlands gegeneinander zu hetzen, um sie in diesem Zustand der Zerrissenheit und Schwäche auszubeuten."
"268","1932-04-04","Zeitung","Archiv der Gegenwart, Bd. 2, 04.04.1932, S. 266 [ff.]. Zit. n. CD-ROM-Ausgabe 2001.","Das Volk von Australien würde es tief beklagen, wenn durch Meinungsverschiedenheiten die Einigkeit des britischen Staatenbundes beeinträchtigt würde."
"269","1927-04-26","Zeitung","Tucholsky, Kurt: Deutsche Richter. In: ders., Kurt Tucholsky, Werke - Briefe - Materialien, Berlin: Directmedia Publ. 2000 [1927], S. 5158","Das Volk hat aber mit dieser Rechtsprechung nichts zu tun."
"270","1918-12-31","Belletristik","Klabund: Bracke. In: Deutsche Literatur von Lessing bis Kafka, Berlin: Directmedia Publ. 2000 [1918], S. 111812","»Sie sind im wesentlichen und eigentlichen ein Volk - das der Krieg spaltet."
"271","1932-12-31","Wissenschaft","Buber, Martin: Königtum Gottes, Berlin: Schocken 1932, S. 125","Ein Gott spricht, der die ganze Welt sein nennt, aber innerhalb dieses seines Besitzes sich aus dem unter den Völkern erkornen Israel, wenn es nur den Bund wahrt den er mit ihm schließen wird, ein mere proprium, ein Allod machen will: ein ausgesonderter Königsbereich soll es ihm dann werden."
"272","1925-03-05","Zeitung","Berliner Tageblatt (Abend-Ausgabe), 05.03.1925","Das Volk hat es gespürt, daß hier einer war, dem die Sterne noch leuchten durch jene tiefe Nacht, in der die Berufensten flüchteten, da die Bewährtesten die Arme sinken ließen."
"273","1922-12-31","Belletristik","Winckler, Josef: Der tolle Bomberg, Rudolstadt: Greifenverl. [1956] [1922], S. 351","Wer fragt danach, wie ganze Völker in anderen Zonen hausten oder, wenn wir tot sind, wie wir's getrieben?"
"274","1924-10-11","Belletristik","Kafka, Franz: Josefine, die Sängerin. In: Deutsche Literatur von Lessing bis Kafka, Berlin: Directmedia Publ. 2000 [1924], S. 106825","Hier in den dürftigen Pausen zwischen den Kämpfen träumt das Volk, es ist, als lösten sich dem Einzelnen die Glieder, als dürfte sich der Ruhelose einmal nach seiner Lust im großen warmen Bett des Volkes dehnen und strecken."
"275","1923-03-05","Zeitung","Vossische Zeitung (Abend-Ausgabe), 05.03.1923","Die Sozialdemokratie als Trägerin des Kampfes müsse darauf achten, daß dem deutschen Volke nicht noch einmal die Politik der verpaßten Gelegenheiten und Verständnismöglichkeiten zum Verhängnis werde."
"276","1930-01-05","Zeitung","Berliner Arbeiterzeitung, 05.01.1930","Vor kurzem hat eine amtliche Statistik erschreckende Beweise von der Ueberalterung des deutschen Volkes erbracht: in dem Zeitraum von 1910 bis 1925 - beide Male nach den Zahlen der amtlichen Volkszählung - ist die Zahl der Kinder (bis 15 Jahre) von 19,6 Millionen auf 16 Millionen zurückgegangen, während gleichzeitig allerdings die Zahl der Erwachsenen von 38,2 auf 46,3 Millionen stieg."
"277","1928-12-31","Gebrauchsliteratur","Wilamowitz-Moellendorff, Ulrich von: Erinnerungen 1848-1914. In: Simons, Oliver (Hg.) Deutsche Autobiographien 1690-1930, Berlin: Directmedia Publ. 2004 [1928], S. 73488","Sie besaßen außer der Einsicht den nötigen Mut der Unpopularität und ließen das zahlende Volk schimpfen nach Herzenslust1."
"278","1927-12-31","Gebrauchsliteratur","Diederichs, Eugen: Aus meinem Leben. In: Simons, Oliver (Hg.) Deutsche Autobiographien 1690-1930, Berlin: Directmedia Publ. 2004 [1927], S. 19341","Geht doch die Entwicklung des Verhältnisses des einzelnen zum Staat darauf hinaus, daß an Stelle überkommener Autoritäten ein durch das ganze Volk gehendes gemeinsames Empfinden treten will, das sich selbst verantwortlich fühlt."
"279","1927-12-31","Wissenschaft","Rafaeli, Max u. Le Mang, Erwin: Ueber die Liebe. In: Das große Aufklärungswerk für Braut- und Eheleute, Dresden: Buchversand Gutenberg o.J. 1933 [1927], S. 84","Auch in der Liebesdichtung aller Zeiten und Völker hat die unbezwingliche Macht der Liebe einen unendlich wandlungsreichen Ausdruck gefunden."
"280","1932-02-23","Belletristik","Tucholsky, Kurt: Recht muß Recht bleiben -! In: ders., Kurt Tucholsky, Werke - Briefe - Materialien, Berlin: Directmedia Publ. 2000 [1932], S. 8792","Ein Volk sei frei?"
"281","1930-03-01","Zeitung","Vossische Zeitung (Abend-Ausgabe), 01.03.1930","Nach der Absingung des Luther-Liedes entwickelte Domprediger D. Döhring die Rolle, die der Dom in den vergangenen 25 Jahren angesichts des wechselnden Geschicks des deutschen Volkes gespielt hat."
"282","1932-03-01","Zeitung","Völkischer Beobachter (Reichsausgabe), 01.03.1932","Um die Seele unseres Volkes !"
"283","1921-06-30","Zeitung","Die Fackel [Elektronische Ressource], 2002 [1921]","So unmittelbar ist die Wirkung, daß sie, ganz entgegen dem Fibelpathos, das die große Stunde der Geschichte pries und wies, heute an die Tragik eines Volkes rührt, dem es bei Gott besser erspart geblieben wäre, aus dem lockeren Gefüge in die Habtachtstellung von Erzhausengeln zu geraten."
"284","1928-12-27","Zeitung","Münchner Neueste Nachrichten, 27.12.1928","Doch drinnen, so erzählt sich das römische Volk unter der Bronze im Innern ist wieder Gold und wenn einst das Gold vom Innern außen wieder sichtbar wird dann wird sich der Glanz des alten Nom erneuern."
"285","1927-12-31","Wissenschaft","Jahresberichte für deutsche Geschichte, 1927, S. 574","Die Elsässer sind jetzt völlig auf sich selbst angewiesen und müssen zeigen, was sie sich für eine Zukunft als eigenes Volk erobern können."
"286","1918-10-17","Zeitung","Tucholsky, Kurt: Macchiavelli. In: Kurt Tucholsky, Werke - Briefe - Materialien, Berlin: Directmedia Publ. 2000 [1918]","»Entweder will das Volk sich die Herrschaft des Gesetzes überhaupt noch nicht gefallen lassen . . . so ist in diesem Fall Krieg zwischen dem Fürsten selbst und dem Volke . . . und der Fürst erhält, da ja schlechthin, und ob es dem Volke gefalle oder nicht, Gesetzmäßigkeit und Friede sein soll, in diesem Falle das göttliche Recht des Krieges gegen ein solches Volk . . ."
"287","1922-03-10","Zeitung","Vossische Zeitung (Morgen-Ausgabe), 10.03.1922","[...] einberufen haben, geteilt wird, daß solange man noch auf die Herstellung der unbedingt notwendigen Sicherheiten für Rußlands Produktivität wartet, auf die in der am 25. März 1921 veröffentlichten Erklärung der Regierung der Vereinigten Staaten hingewiesen wird, und ohne die, wie die Regierung der Bereinigten Staaten glaubt, jede Prüfung eines wirtschaftlichen Wiederauflebens wertlos ist, nichts unternommen werden sollte mit dem Ziele, Rußland wirtschaftliche erlangen Vielmehr sollten die Hilfsquellen des russischen Volkes von einer derartigen Ausbeutung freigehalten werden, und eine unparteiische und billige Möglichkeit zur wirtschaftlichen Betätigung sollte sowohl im Interesse des russischen Volkes wie in dem aller Mächte sichergestellt werden. [...]"
"288","1926-12-31","Belletristik","Grimm, Hans: Volk ohne Raum, München: Langen 1932 [1926], S. 1230","Als die deutschen Kriegsschiffe noch fuhren mit der leuchtenden Fahne, und als es noch ein deutsches Heer und einen deutschen Kaiser gab, da hatte die Freiheit unter den Völkern eine Stütze."
"289","1929-12-31","Belletristik","Döblin, Alfred: Berlin Alexanderplatz, Olten: Walter 1961 [1929], S. 129","-- Deutsche Volksgenossen, nie ist ein Volk schmählicher getäuscht worden, nie wurde eine Nation schmählicher, ungerechter betrogen als das deutsche Volk."
"290","1920-12-31","Wissenschaft","Weber, Max: Die Wirtschaftsethik der Weltreligionen. In: Weber, Marianne (Hg.) Gesammelte Aufsätze zur Religionssoziologie, Bd. III, Tübingen: Mohr 1921 [1920-1921], S. 76","Theologische Konsequenzmacherei schuf sie, unter Anknüpfung an Reminiszenzen aus der Vergangenheit, für ein Jahwe heiliges Volk«, ein Volk von »Metöken Jahwes« auf dem diesem gehörigen heiligen Boden, auf welchen man von ihm zurückgeführt zu werden hoffte."
"291","1924-07-26","Zeitung","Tucholsky, Kurt: Das falsche Plakat von Paris. In: ders., Kurt Tucholsky, Werke - Briefe - Materialien, Berlin: Directmedia Publ. 2000 [1924], S. 3106","Alles, was hier heute geschrieben wird, ist meilenweit von diesen Dingen entfernt - man 'trägt' hier kein Kokain mehr, und wenn man weiß, daß es auch andere Kraftäußerungen gibt als den schwellenden Bizeps, dann erkennt man, daß auch dieses Volk gesund und ganz unausgehöhlt ist."
"292","1921-03-08","Zeitung","Vossische Zeitung (Abend-Ausgabe), 08.03.1921","Dieser Rechtsbruch wird auch nicht besser gemacht dadurch, daß er als Drohung bereits in dem Moment angekündigt war, wo die Gutente ihre unmöglichen Forderungen an das deutsche Volk formuliert hat."
"293","1927-03-02","Zeitung","Berliner Tageblatt (Morgen-Ausgabe), 02.03.1927","Welch ein Volk, diese Kölner im Karneval!"
"294","1932-12-31","Wissenschaft","Klages, Ludwig: Der Geist als Widersacher der Seele, 3. Band, Teil 2: Das Weltbild des Pelasgertums, Leipzig: Barth 1932, S. 1258","[...] Die eine besteht aus den echten Dichtern aller Völker und Zeiten, insofern sie nicht so sehr Persönlichkeiten als Empfangsorgane sprachfähiger Wellen der Seele waren; die zweite aus den außergeschichtlichen ""Naturvölkern"", wenn nicht der Gegenwart, wo es sie kaum mehr gibt, so doch der allerjüngsten Vergangenheit, teilweise hinzugerechnet alle Reste ungebrochener Volkstumsschichten innerhalb der Bildungsgrenzen; die dritte aus den vorgeschichtlichen Ahnen zumal der europäischen Bildungsvölker, deren Wesen erschlossen wird aus Götterbildern, Kulten, Symbolen, Mysterien und Mythen, außerdem aber nachlebt in nicht wenigen geschichtlich bezeugten Tatsachen des (prometheischen) Altertums, von dem daher manche Züge, seelisch gefaßt, zur Vorgeschichte gehören. [...]"
"295","1930-03-02","Zeitung","Vossische Zeitung (Sonntags-Ausgabe), 02.03.1930","Aehnlich liegen die Dinge in der Schweiz, wo der mehrgliedrige Bundesrat zwar nicht direkt vom Volk, sondern vom Nationalrat gewählt wird, aber während dieser Wahlperiode sehr unabhängig regiert und außerdem durch den direkten Appell an das Volk auf dem Wege des Referendum ein weiteres Mittel besitzt, seine Macht zu stabilisieren."
"296","1925-12-31","gesprochen","Hitler, Adolf, Kampf der Teufelsmacht ... dem Juden?, in: Die Rede Adolf Hitlers in der ersten großen Massenversammlung anläßlich der Wiederaufrichtung der Nationalsozialistischen Deutschen Arbeiterpartei, München: 1925","Unsere Aufgabe soll es nun sein, in den Morast wieder hineinzufahren und diesem Volke zu sagen, was ihm gesagt werden muß."
"297","1919-12-31","Belletristik","Rubiner, Ludwig: Die Gewaltlosen. In: Deutsche Literatur von Lessing bis Kafka, Berlin: Directmedia Publ. 2000 [1919], S. 143263","Und das Volk?"
"298","1932-12-31","Wissenschaft","Jahresberichte für deutsche Geschichte, 1930, S. 156","Als hauptsächlich Ackerbau treibendes Volk ließ es sich in den fruchtbaren Lößebenen der oberen Oder und oberen Weichsel nieder."
"299","1931-12-31","Gebrauchsliteratur","Klemperer, Victor: [Tagebuch] 1931. In: ders., Leben sammeln, nicht fragen wozu und warum, Berlin: Aufbau-Taschenbuch-Verl. 2000 [1931], S. 232","Wir saßen eine ganze Weile in einem kleinen Café zwischen dem Volk."
"300","1932-03-02","Zeitung","Völkischer Beobachter (Reichsausgabe), 02.03.1932","Das Spanien vor dem Umsturz war, wenn auch nicht gerade absolutistisch, so doch so regiert worden, daß das Volk eigentlich kaum Anteil und Einfluß auf die Gestaltung seiner Geschicke hatte, In weiten Kreisen bestand allerdings auch nicht das geringste Bedürfnis hiernach."
"301","1920-12-31","Belletristik","Jacques, Norbert: Dr. Mabuse, der Spieler, Gütersloh: Bertelsmann 1961 [1920], S. 15","In dem Spielerprozeß hatte er erlebt, welche Gefahr dem Volk durch das Spiel drohte."
"302","1932-09-01","gesprochen","o.A., Kundgebung der NSDAP im Berliner Sportpalast, 01.09.1932","Das heißt am Ende, er sieht selbst ein, dass das Wesen eines Staates einst bedingt war durch eine, sagen wir, Bildung des Volkes, die nicht ihren Ausgang vom Staat genommen hat."
"303","1932-12-31","Wissenschaft","Jahresberichte für deutsche Geschichte, 1930, S. 201","Der Verf. betont den praktischen Wert solcher historischen Betrachtungen für das Studium des internationalen Rechts und zugleich ihren erzieherischen Wert; er will diesen Überblick nicht vom Standpunkt eines Volkes, sondern sozusagen von internationalem Gesichtspunkt aus geben; doch soll auch der Einfluß der inneren Politik und der Wirtschaft nicht vernachlässigt werden."
"304","1927-12-31","Wissenschaft","Jahresberichte für deutsche Geschichte, 1927, S. 202","Die Fülle der Äußerungen Arndts über sein Volk ist der Baustoff der Arbeit."
"305","1930-03-02","Zeitung","Völkischer Beobachter (Bayernausgabe), 02.03.1930","Im übrigen war es noch immer in der Politik der Völker und auch der Staaten so, daß ein schwacher Staat, wie es der deutsche Staat heute ist, keine starke Wirtschaft schaffen kann, daß niemals in einem schwachen Staat die Wirtschaft das Primäre sein kann, sondern daß nur ein starker Staat, der sich den andern gegenüber behaupten kann, auch vernünftige wirtschaftliche Bedingungen und damit auch für die Landwirtschaft schaffen kann."
"306","1932-12-31","Wissenschaft","Buber, Martin: Königtum Gottes, Berlin: Schocken 1932, S. 56","Ihre eine Seite ist die Übergabe der in einer Reihe siegreicher Feldzüge, über die die Urkunde berichtet, eroberten Länder an den Gott und an das Volk."
"307","1922-01-01","Zeitung","Kölnische Zeitung (1. Morgenblatt), 01.01.1922","Ein andres Gesicht wird freilich dieses Wirtschaftsgesetz erhalten, wenn erst die gelbe und die schwarze Rasse als Gleichberechtigte Eintritt in die Gemeinschaft der weißen Völker fordern."
"308","1927-03-03","Zeitung","Berliner Tageblatt, 03.03.1927","Er erklärte Berichterstattern gegenüber, seiner Ansicht nach seien 99 Prozent des russischen Volkes sowjetfeindlich . Trotzdem habe der Bolschewismus dem russischen Volke mehr Gutes getan als der Zarismus."
"309","1932-03-02","Zeitung","Völkischer Beobachter (Reichsausgabe), 02.03.1932","Ohne das Zentrum säße heute kein sozialdemokratischer Minister mehr auf seinem Sessel, säßen nicht 100000 marxistische Bonzen an hervorragenden Stellen zum Unheil des deutschen Volkes."
"310","1921-03-07","Zeitung","Vossische Zeitung (Abend-Ausgabe), 07.03.1921","Die Masse der Unzufriedenen und Verärgerten, der politisch Unerfahrenen und historisch Ungebildeten ist nur zu geneigt, auf dies Rattensängerlied hineinzufallen und die Lehren der Geschichte in den Wind zu schlagen. daß in allen Zeiten Blüte und Verfall von Völkern und Staaten ebenso unter republikanischer wie unter monarchistischer Staatsform zu verzeichnen waren."
"311","1927-03-02","Zeitung","Vossische Zeitung (Morgen-Ausgabe), 02.03.1927","Nicht nur, weil sie Menschen zu gemeinsamer Kunstfreude versammelt, sondern, weil man, seit es eine Bühne gibt, von ihr eine gewisse Repräsentation dessen erwartete, was an großen Bewegungen durch ein Volk hindurchflutete."
"312","1932-12-31","Wissenschaft","Klages, Ludwig: Der Geist als Widersacher der Seele, 3. Band, Teil 1: Die Lehre von der Wirklichkeit der Bilder, Leipzig: Barth 1932, S. 1242","Was die Indogermanen betrifft, so genügt nun ein Blick auf die vier epischen Völker, nämlich Inder, Perser, Griechen, Germanen, um die Vitalität des Wirkens in zwei Äußerungsformen sich gabeln zu sehen: die heldische und die dichterische, eingerechnet die bildnerische."
"313","1927-12-31","Gebrauchsliteratur","Wien, Wilhelm: Ein Rückblick. In: Simons, Oliver (Hg.), Deutsche Autobiographien 1690 - 1930, Berlin: Directmedia Publ. 2004 [1927], S. 73209","Wenn man dem Kaiser mit Recht vorwerfen muß, durch Bismarcks Entlassung und das persönliche Regiment schwere Schuld seinem Volke gegenüber auf sich geladen zu haben, so muß man andererseits sagen, daß weder sein Volk noch das Ausland etwas taten, um ihm die Augen zu öffnen."
"314","1928-04-05","Zeitung","Vossische Zeitung (Morgen-Ausgabe), 05.04.1928","Dabei war es sehr heikel für Benesch , den übereifrigen Denis zu zügeln, denn Denis` Liebe galt allen unterdrückten slawischen Völkern Oesterreich-Ungarns, insbesondere den Südslawen ."
"315","1925-03-05","Zeitung","Vossische Zeitung (Morgen-Ausgabe), 05.03.1925","Im demokratischen Staat, den er als einzig mögliche Form der Wiederherstellung aufrichten half, hat die Nationalversammlung ihn zum Präsidenten der Republik gewählt, und dankbar erkennt heute die erdrückende Mehrheit des deutschen Volkes an, wie er dieses hohe Amt verwaltet hat."
"316","1924-03-11","Zeitung","Vossische Zeitung (Abend-Ausgabe), 11.03.1924","Wissen Sie, daß es im Deutschen Reich viele Tausende gegeben hat, die nicht verstehen konnten, warum die Autorität des Deutschen Reiches nicht längst manu militari "" wie in Sachsen, so auch in Bayern zur Geltung gebracht und ein mißleitetes und durch hohes Beispiel irregeführtes Volk ""zur Vernunft bekehrt"" wurde?"
"317","1923-08-30","Zeitung","Wettiner Zeitung, 30.08.1923","In Summa seien die ganzen Berichte der offiziösen französischen Presse über den Willen der Rheinländer, sich von Preußen oder gar dem Reich zu trennen, nichts als ein Betrugsversuch, der nur zum Schaden des französischen Volkes und der französischen Politik ausschlagen könnte."
"318","1932-12-31","Wissenschaft","Jahresberichte für deutsche Geschichte, 1930, S. 154","Außerdem ist Mitteldeutschland von Urzeiten an ein Tummelplatz verschiedener Völker und Kulturen gewesen, deren Sonderung infolge starker Mischungen und Wechselbeziehungen recht erschwert ist."
"319","1920-03-24","Zeitung","Neue preussische Kreuz-Zeitung (Abend), 24.03.1920","Die Partei nimmt nach den Erklärungen der neuen Regierung als selbstverständlich an, daß auch diese Regierung das Ziel hat, unverzüglich verfassungsmäßige Zustände wieder herzustellen, daß sie also innerhalb der in der Verfassung festgelegten Frist von 60 Tagen auf Grund des Nationalversammlungs-Wahlrechts (Verordnung vom 30. November 1918) durch Neuwahlen dem Volke Gelegenheit geben wird, seinen Willen, bei dem die letzte Entscheidung über das Schicksal von Volk und Vaterland steht, zum Ausdruck bringen."
"320","1927-03-03","Zeitung","Vossische Zeitung (Morgen-Ausgabe), 03.03.1927","Ministerialdirektor Dr. Klausener stellte seinen Ausführungen den Satz voran, daß die Polizei nicht gegen das Volk da sei, sondern als ein Teil des Volkes, als ein Freund des Volkes."
"321","1930-03-01","Zeitung","Völkischer Beobachter (Bayernausgabe), 01.03.1930","Im Namen des Volkes"" vergewaltigt man das Volk . Das ist beinahe grotesk."
"322","1926-12-31","Belletristik","Grimm, Hans: Volk ohne Raum, München: Langen 1932 [1926], S. 1113","Und das ist das einzige, wie wir jetzt im Kriege unserem Volke gutzutun vermögen."""
"323","1920-12-12","Wissenschaft","Hofmannsthal, Hugo von: Rede auf Beethoven. In: Bertram, Mathias (Hg.) Deutsche Literatur von Lessing bis Kafka, Berlin: Directmedia Publ. 2000 [1920], S. 94017","Aus den Tiefen des Volkes war das Tiefste und Reinste tönend geworden; es waren Töne der Freude, ein heiliger, beflügelter, leichter Sinn sprach aus ihnen, kein Leichtsinn; seliges Gefühl des Lebens; die Abgründe sind geahnt, aber ohne Grauen, das Dunkel noch durchstrahlt von innigem Licht, dazwischen die Wehmut wohl - denn Wehmut kennt das Volk -, aber kaum der schneidende Schmerz, niemals der Einsamkeit starrendes Bewußtsein."
"324","1921-12-31","Belletristik","Kolbenheyer, Erwin Guido: Das Gestirn des Paracelsus, München: J.F. Lehmanns 1964 [1921], S. 538","Oft hatte er die gemeine Kraft gefühlt und wirksam gesehen, wenn er unter dem Volke gestanden war, da man einen armen Sünder zur Richtstatt führte, manch ein Schelm hatte einen letzten Trost und freudige Zuversicht für das frühe Sterben aus der Andacht gewonnen, die ihn aus allem Volk umgab."
"325","1932-12-31","Belletristik","Mayer, Anton: Der Spielmann Gottes, Berlin: Deutsche Buch-Gemeinschaft 1932, S. 188","""Ein furchtbares Volk"", sagte er, ""sei nicht böse, Liebste, daß ich dich dem ausgesetzt habe ... Elende, neidische Kreaturen ... nichts gönnen sie jemand anderem - du hast aber doch deinen Erfolg ... durch mich ..."""
"326","1929-12-31","Gebrauchsliteratur","Welt und Wissen, 1929, Nr. 4, Bd. 18","Ebenso finden wir schon sehr früh in Sagen, Sprichwörtern und Gesängen der altgermanischen Völker deutliche Hinweise auf den Schneeschuh, und ein alter Skalde im zehnten Jahrhundert nennt in einem seiner Gesänge das Schiff ""Swanevangens Ski"", des Meeres Schneeschuh."
"327","1923-12-31","Gebrauchsliteratur","Schultze-Pfaelzer, Gerhard: Propaganda, Agitation, Reklame, Berlin: Stilke 1923, S. 149","Denken wir an das ""Selbstbestimmungsrecht der Völker"", die ""selfdetermination"", das aus der propagandistischen Hexenküche Wilsons stammt."
"328","1932-09-01","gesprochen","o.A., Kundgebung der NSDAP im Berliner Sportpalast, 01.09.1932","Die Kapelle [??] begleitet das deutsche Berliner Volk hinaus."
"329","1932-12-31","Wissenschaft","Klages, Ludwig: Der Geist als Widersacher der Seele, 3. Band, Teil 1: Die Lehre von der Wirklichkeit der Bilder, Leipzig: Barth 1932, S. 1221","Das Strafrecht mehr oder minder aller zivilisierten Völker bewacht mit teilweise noch grausamer Strenge das Eigentum, nicht jedoch das Eigentum überhaupt, sondern was darunter von einer kapitalistischen Gesellschaft verstanden wird, die bekanntlich die kleinen Diebe hängt und die großen - legitimiert; davon abgesehen geht es dort schneller, hier langsamer der - Auflösung entgegen."
"330","1925-12-31","Belletristik","Kolbenheyer, Erwin Guido: Das dritte Reich des Paracelsus, München: J. F. Lehmanns 1964 [1925], S. 609","Die Seelenangst der letzten schlaflosen Nächte war so offenbar von den gekrümmten Leibern, den bleichen, schlaffen Gesichtern, den geröteten Lidern zu lesen, daß es einer Abwehr der beiden Ratsherren Sebald Pfinzing und Endres Imhof, die von der Äbtissin zu Zeugen gerufen worden waren, kaum bedurfte, um die Familien und das Volk, das nachdrängte, zurückzuhalten."
"331","1930-12-31","Wissenschaft","Freyer, Hans: Soziologie als Wirklichkeitswissenschaft, Leipzig u. a.: B.G. Teubner 1930, S. 162","Der Staat ist ""das Volk in seinem einheitlich geordneten Zusammenleben""; die Gesellschaft ist das System der ""mannigfachen Sonderbestrebungen der Volksglieder, jenes Netz von Abhängigkeiten aller Art, das durch den Verkehr entsteht"" (S. 81)."
"332","1919-12-31","Belletristik","Stucken, Eduard: Die weißen Götter, Stuttgart: Stuttgarter Hausbücherei [1960] [1919], S. 307","Wißt ihr denn nicht, daß ich meinem Volke heilig bin wie einer der Himmelsgötter?"
"333","1921-12-31","Gebrauchsliteratur","Baader, Ottilie: Ein steiniger Weg, Lebenserinnerungen einer Sozialistin. In: Simons, Oliver (Hg.) Deutsche Autobiographien 1690-1930, Berlin: Directmedia Publ. 2004 [1921], S. 3175","Genossinnen und Genossen, konzentrieren wir unsere Kräfte, um durch planmäßige Arbeit die Frauen und Töchter des werktätigen Volkes in Massen dem Heere des für seine Befreiung kämpfenden Proletariats zuzuführen, um sie zum Ansturm gegen die widersinnig gewordene kapitalistische Gesellschaft zu rufen.«"
"334","1930-03-04","Zeitung","Völkischer Beobachter (Bayernausgabe), 04.03.1930","Damit fand ein ungeheuer tragisches Schicksal seinen Abschluß, wobei das Bitterste war, daß Karl Peters den schlimmsten Kampf mit dem eigenen Volke zu bestehen hatte."
"335","1932-12-31","Belletristik","Schenzinger, Karl Aloys: Der Hitlerjunge Quex, Berlin: Zeitgeschichte-Verl. 1932 [1932], S. 94","Bis dann heute Völker zu ihm gekommen sei und ihm alles erklärt habe."
"336","1926-03-03","Zeitung","Berliner Tageblatt (Morgen-Ausgabe), 03.03.1926","Der Rat des Völkerbundes ist keine abgeschlossene Organisation, sondern eine Institution, die der Verföhnung der Völker dienen soll und ihre Beschlüsse einstimmig fassen muß."
"337","1932-12-31","Gebrauchsliteratur","o. A.: Das Lexikon der Hausfrau, Berlin: Ullstein 1937 [1932], S. 352","Volkswohlfahrt, NS.-, Zentralorganisation der NSDAP. für Gesundheitsführung des Volkes."
"338","1918-01-09","Zeitung","Kölnische Zeitung (2. Morgenblatt), 09.01.1918","Das ganze Volk in Stadt und Land muß zusammenstehen , eine Bevölkerungsklasse die andre verstehen, ihre Leistungen für das gemeinsame Ganze würdigen und die Not eines Krieges als eine gemeinsame auf dem Herzen tragen."
"339","1924-12-07","Zeitung","Münchner Neueste Nachrichten, 07.12.1924","Frei kann nur ein Mann sein, nicht das Fragment einer Masse, frei kann nur ein Volk sein, nicht eine Masse."
"340","1927-03-22","Zeitung","Tucholsky, Kurt: Des deutschen Volkes Liederschatz. In: ders., Kurt Tucholsky, Werke - Briefe - Materialien, Berlin: Directmedia Publ. 2000 [1927], S. 5100","Schon Gneisenau, Regierungsrat bei der Filmzensur, hat in seinem ziemlich unsterblichen 'Wolfgang von Goetz' darauf hingewiesen, daß das deutsche Volk als das sangesfreudigste der Welt mit Fug angesehen werden kann."
"341","1922-08-03","Zeitung","Tucholsky, Kurt: Aus großer Zeit. In: ders., Kurt Tucholsky, Werke - Briefe - Materialien, Berlin: Directmedia Publ. 2000 [1922], S. 2716","Ein Volk, dessen gesammelte Kraft heute - wie oft zuvor - dem Seeraub, dem Diebstahl von Privateigentum und der Vergewaltigung am Krieg unbeteiligter Neutraler dient, kann kaum Männer von Ehrsinn und Anstandsgefühl haben! Nein! kein Engländer ist fair."
"342","1930-12-31","Wissenschaft","Scheidt, Walter: Kulturbiologie, Jena: Fischer 1930, S. 123","Selbstverständlich gilt das nicht nur vom Schmuck der primitiven Völker, sondern ebenso von der Dame der großen Gesellschaft, die in prächtiger Toilette, mit einem Brillantkollier angetan, die Loge des Opernhauses vor ganz anderen Menschen betritt, als im schlichten unscheinbaren Kleid."
"343","1921-03-10","Zeitung","Vossische Zeitung (Morgen-Ausgabe), 10.03.1921","Das Gesetz über den Volksentscheid stehe vor allen Dingen noch aus und müsse schon deshalb verlangt werden, damit das deutsche Volk Gelegenheit bekomme, über die Abfindung der Hohenzollern durch Abstimmung zu entscheiden."
"344","1926-12-31","Belletristik","Grimm, Hans: Volk ohne Raum, München: Langen 1932 [1926], S. 1285","In der Folge hoffte Grimm auch in den Stoffen ein deutscher Schriftsteller sein zu dürfen, wie die Griechen griechisch waren, die Engländer englisch, die Russen russisch, der also sein Volk so zu spiegeln vermöchte, daß es bei Herkunft und Hingang, bei Gemeinsamkeit und Ziel sich erkenne und liebe und erhöhe."
"345","1919-04-07","Zeitung","Berliner Tageblatt (Abend-Ausgabe), 07.04.1919","Die Eisenbahnen, die Nahrungs-, Wasser-, Licht- und Heizbetriebe versorgen das Volk weiter."
"346","1921-12-31","Wissenschaft","Jung, Carl Gustav: Psychologische Typen. In: ders., Gesammelte Werke, Bd. VI, Zürich u. a.: Rascher 1967 [1921], S. 315","Worringer sagt mit Recht: «Von dem verworrenen Zusammenhang und dem Wechselspiel der Außenwelterscheinungen gequält, beherrschte solche Völker ein ungeheures Ruhebedürfnis."
"347","1920-03-09","Zeitung","Berliner Tageblatt (Abend-Ausgabe), 09.03.1920","Noch schlimmer aber, und in dieser Zeit gänzlicher Machtlosigkeit noch gefährlicher für Volk und Land ist das andere Extrem, die Knüppelpolitik radaulustiger Schwärmer für das Deutschland der Generäle von einst."
"348","1918-12-31","Wissenschaft","Spengler, Oswald: Der Untergang des Abendlandes, München: Beck 1929 [1918], S. 193","Das Tragische im Leben Napoleons - noch unentdeckt für einen Dichter, der groß genug wäre, es zu begreifen und zu gestalten - liegt darin, daß er, dessen Dasein im Kampf gegen die englische Politik, die vornehmste Repräsentantin des englischen Geistes, aufging, eben durch diesen Kampf den Sieg dieses Geistes auf dem Kontinent vollendete, der dann mächtig genug war, in der Gestalt ""befreiter Völker"" ihn zu überwältigen und in St. Helena sterben zu lassen."
"349","1932-12-31","Wissenschaft","Klages, Ludwig: Der Geist als Widersacher der Seele, 3. Band, Teil 2: Das Weltbild des Pelasgertums, Leipzig: Barth 1932, S. 1445","Unter den Völkern sind ihm Hauptträger des sozusagen niederen Geistes, also des Verstandes, der Ratio, der aufklärerischen Superklugheit, der bloßen Zerlegungskunst, die Franzosen."
"350","1918-12-31","Belletristik","Klabund: Bracke. In: Deutsche Literatur von Lessing bis Kafka, Berlin: Directmedia Publ. 2000 [1918], S. 111821","»Wir wollen unser Recht, des Volkes Recht, über sein eigen Leben und Sterben zu bestimmen."
"351","1930-03-04","Zeitung","Völkischer Beobachter (Bayernausgabe), 04.03.1930","Niemals zuvor haben sich in Deutschland unsinnigere Kapitalien in unwürdigeren Händen angesammelt, während ein Großteil unseres Volkes vor Hunger buchstäblich stirbt."
"352","1918-12-31","Wissenschaft","Spengler, Oswald: Der Untergang des Abendlandes, München: Beck 1929 [1918], S. 74","Taten und Gesinnungen, Religion und Staat, Künste und Wissenschaften, Völker und Städte, wirtschaftliche und gesellschaftliche Formen, Sprachen, Rechte, Sitten, Charaktere, Gesichtszüge und Trachten."
"353","1929-03-02","Zeitung","Völkischer Beobachter (Reichsausgabe), 02.03.1929","Die dem Volke abgepreßten Eingänge der direkten und besonders der indirekten Steuern müssen dem Staate dazu dienen, die vielen Gläubiger zu befriedigen."
"354","1932-12-31","Wissenschaft","Buber, Martin: Königtum Gottes, Berlin: Schocken 1932, S. 83","Mose nimmt nicht an, das Volk werde ihn, wenn er den Gott der Väter als seinen Auftraggeber nennt, fragen:"
"355","1918-03-18","Zeitung","Berliner Tageblatt (Montags-Ausgabe), 18.03.1918","In den Zeiten der Agrarwirtschaft wurden die Kriege geführt um Acker, Wald und Weideflächen, in unserer Epoche kämpfen die Völker außerdem und hauptsächlich um Rohprodukte und um Absatzmärkte und um die Sicherstellung dieser beiden Faktoren durch die politische Macht . Selbst wenn die Mittelmächte alle von ihnen okkupierten Gebiete behalten wollten, und selbst wenn es ihnen gelänge, mit Rußland und sogar mit Frankreich ein einheitliches Wirtschaftsgebiet. zu bilden, dann würden sie dennoch des englischen Imperiums auf die Dauer als Rohproduktenmarkt und als Absatzgebiet nicht mit Vorteil entbehren können."
"356","1926-12-31","Belletristik","Grimm, Hans: Volk ohne Raum, München: Langen 1932 [1926], S. 680","Es gebe deutsches Volk, das sei zufrieden mit seinem Geldverdienste und sei für das übrige nicht mehr empfindlich und nehme das übrige stumpf hin."
"357","1919-12-31","Belletristik","Stucken, Eduard: Die weißen Götter, Stuttgart: Stuttgarter Hausbücherei [1960] [1919], S. 130","Montezuma soll keine Länder mehr erobern, damit sie Länder erobern können; Montezuma soll keine Völker knechten, damit sie Völker knechten können."
"358","1920-12-31","Wissenschaft","Weber, Max: Die Wirtschaftsethik der Weltreligionen. In: Weber, Marianne (Hg.) Gesammelte Aufsätze zur Religionssoziologie, Bd. III, Tübingen: Mohr 1921 [1920-1921], S. 316","Es gibt nämlich schon nach Amos Unrecht, welches Jahwe als Weltmonarch auch an anderen, namentlich den Israel benachbarten, Völkern ahndet."
"359","1924-06-30","Zeitung","Die Fackel [Elektronische Ressource], 2002 [1924]","Es hat ihn sehr gefreut, es war sehr schön, er hat g'lacht, Wie das Volk so den stillen Beobachter macht."
"360","1931-09-28","Zeitung","Archiv der Gegenwart, Bd. 1, 28.09.1931, S. 39 [ff.]. Zit. n. CD-ROM-Ausgabe 2001.","Wenn auch eine Rüstungsverminderung eine dringende Notwendigkeit für die Völker ist, so wollen diese doch ihre Sicherheit nicht gefährden."
"361","1927-12-31","Gebrauchsliteratur","Schalcher, Traugott: Die Reklame der Straße, Wien: C. Barth 1927, S. 107","Wenn wir seine Holzschnitte neben die Zeichnungen Zilles halten, können wir ersehen, welche Geschmacksentwicklung das deutsche Volk in der dazwischen liegenden Zeit durchgemacht hat."
"362","1927-12-31","Gebrauchsliteratur","Welt und Wissen, 1927, Nr. 2, Bd. 16","Jetzt erst ist es allen Bevölkerungsschichten so recht zum Bewußtsein gekommen, daß wir infolge des großen verlorenen Krieges ein armes Volk geworden sind."
"363","1924-07-26","Zeitung","Tucholsky, Kurt: Das falsche Plakat von Paris. In: ders., Kurt Tucholsky, Werke - Briefe - Materialien, Berlin: Directmedia Publ. 2000 [1924], S. 3106","Wohl ungefähr das törichtste, was man überhaupt über dieses Volk sagen kann."
"364","1930-03-04","Zeitung","Völkischer Beobachter (Bayernausgabe), 04.03.1930","Damit zerteilt man das Volk in immer unseligerer Weise, die Landwirtschaft aber wird damit nicht gerettet."
"365","1932-01-01","Zeitung","Archiv der Gegenwart, Bd. 2, 01.01.1932","Reichspräsident von Hindenburg erklärte beim Neujahrsempfang der Diplomaten, daß kein Volk der Welt das Ende der kriegerischen Rüstungen aufrichtiger herbeiwünsche als das deutsche."
"366","1919-12-31","Belletristik","Rubiner, Ludwig: Die Gewaltlosen. In: Deutsche Literatur von Lessing bis Kafka, Berlin: Directmedia Publ. 2000 [1919], S. 143305","DAS VOLK plötzliche Angst."
"367","1919-03-27","Zeitung","Vossische Zeitung (Morgen-Ausgabe), 27.03.1919","Rumänien wird vom fortschreitenden Bolschewismus wie von einer Zange umsaßt, da er einerseits in Beßarabien , andererseits in Galizien vordringt Wenn die Entente die Politik fortsetzen will, das deutsche Volk aus der Reihe der großen Staaten zu streichen, kommt Man kann sagen, die Entente hat wirklich den Frieden verloren ."
"368","1919-12-31","Belletristik","Stucken, Eduard: Die weißen Götter, Stuttgart: Stuttgarter Hausbücherei [1960] [1919], S. 545","Durfte er sich und seinem Volke die Schmach eines schimpflichen, ausrottenden Friedens aufbürden?"
"369","1931-10-11","Zeitung","Archiv der Gegenwart, Bd. 1, 11.10.1931, S. 51 [ff.]. Zit. n. CD-ROM-Ausgabe 2001.","50 % des Volkes erblicken die Rettung des Staates in der nationalen Organisation, 50 % in der Vorherrschaft einer Klasse über die anderen, 50 % halten die Verteidigung des Staates für eine sittliche Pflicht und 50 % sehen in der Verteidigung eine Dummheit."
"370","1930-07-30","gesprochen","Severing, Carl, Rundfunkansprache für die SPD zur Reichstagswahl am 31. Juli 1932, 30.07.1930","Und ich muss sagen, es ist ein Mangel an nationalem Stolz, an nationaler Scham, sich hinzustellen und zu sagen, dass das deutsche Volk, ein Volk ohne Analphabeten, ein Volk mit den gewaltigsten Leistungen in Wissenschaft und Wirtschaft, ein Volk, das zwischen 1914 und 1918 gekämpft, geblutet und geduldet hat wie nur eins, ein solches Volk sei nicht so reif, nicht so mündig, nicht so fähig seine ureigenste Sache zu führen, wie die Franzosen oder die Engländer."
"371","1918-07-02","Gebrauchsliteratur","Brief von Otto Brian vom 02.07.1918. In: Witkop, Philipp (Hg.), Kriegsbriefe gefallener Studenten, München: Müller 1928 [1918], S. 354","Und daß wir unseren Feinden nicht auch noch die andere Backe darbieten, das geht nicht, weil unsere Führer nicht für sich persönlich dastehen, sondern weil sie im Auftrag und als Vertreter des Volkes handeln und auf ihnen die Verantwortung für die Erhaltung all seiner Güter: kultureller, ethischer und religiöser, liegt."
"372","1928-12-31","Wissenschaft","Jahresberichte für deutsche Geschichte, 1928, S. 179","Seine »Ideen über die Politik, den Verkehr und den Handel der vornehmsten Völker der alten Welt« bedeuten den Versuch, im Geiste Herders (besser wohl: in Anknüpfung an Herder) Geschichte zu schreiben."
"373","1929-07-03","Zeitung","Tucholsky, Kurt: Mauserzeit in geflügelten Worten. In: Kurt Tucholsky, Werke - Briefe - Materialien, Berlin: Directmedia Publ. 2000 [1929]","Denn das geistige Gut eines Volkes ist stets im Wandel begriffen, es versinken ganze Gesteinsschichten, die man für »ewig« gehalten hat, ewig sind aber u. a. nur die Dummheit und die Bücherlaus, der Rest hält sich nicht so gut."
"374","1929-12-31","Belletristik","Döblin, Alfred: Berlin Alexanderplatz, Olten: Walter 1961 [1929], S. 467","Ein Ofen brennt, ein Ofen brennt, vor einem Ofen steht eine Mutter mit sieben Söhnen, das Stöhnen des Volkes ist hinter ihnen, sie sollen dem Gott ihres Volkes abschwören."
"375","1932-12-31","Belletristik","Schenzinger, Karl Aloys: Der Hitlerjunge Quex, Berlin: Zeitgeschichte-Verl. 1932 [1932], S. 17","Seit einer Stunde sieht Heini Völker diesem erregenden Schauspiel zu."
"376","1926-12-31","Belletristik","Grimm, Hans: Volk ohne Raum, München: Langen 1932 [1926], S. 1332","Es kann niemand lange kaufen mit Schulden, der Einzelne nicht und kein Volk; es kann einer auf die Dauer nur kaufen mit dem, was er besonders herzugeben vermag."
"377","1920-03-09","Zeitung","Berliner Tageblatt (Morgen-Ausgabe), 09.03.1920","Wir legen gerade großen Wert darauf, daß wenigstens die Kinder des deutschen Volkes vier Jahre hindurch innerhalb der Schule ohne Klassen unterschiede zusammenleben . Wir bitten, die Ausschußberatung bei aller Gründlichkeit nicht unnötig hinauszuschieben."
"378","1927-12-31","Gebrauchsliteratur","Schalcher, Traugott: Die Reklame der Straße, Wien: C. Barth 1927, S. 32","Eine gewisse sinnierende Behäbigkeit ist ihr eigen, eine dem deutschen Volke adäquate Eigenschaft."
"379","1926-09-07","Zeitung","Tucholsky, Kurt: L'Esprit. In: ders., Kurt Tucholsky, Werke - Briefe - Materialien, Berlin: Directmedia Publ. 2000 [1926], S. 4525","Kolonialreichs Ende, das neue Asien, zwei Völker, die jung geblieben sind: Rußland und Italien - dann die große Totenklage um das Weltbild, das nicht da ist."
"380","1926-03-04","Zeitung","Vossische Zeitung (Abend-Ausgabe), 04.03.1926","Begehrt das Volk, das dieses Gesetz in diesem Wortlaut vom Reichstag angenommen wird?"
"381","1930-12-31","Wissenschaft","Scheidt, Walter: Kulturbiologie, Jena: Fischer 1930, S. 125","Damit sind wir auch auf dem Weg zum zweckmäßigsten Verfahren psychologischer Beobachtungen ""im Volk""."
"382","1931-11-20","Zeitung","Archiv der Gegenwart, Bd. 1, 20.11.1931, S. 84 [ff.]. Zit. n. CD-ROM-Ausgabe 2001.","Die Cortes haben ihren Urteilsspruch gefällt, wonach König Alfons der Verletzung der Verfassung und des Hochverrates an der Majestät des Volkes bei der Ausübung seines Amtes schuldig gesprochen wird."
"383","1930-12-31","Wissenschaft","Scheidt, Walter: Kulturbiologie, Jena: Fischer 1930, S. 125","Inhaltlich ist es dasselbe, ob man z. B. sagt, ein Volk sei ""sensationslüstern"", oder ob man sagt, in seiner typischen Umwelt befinden sich besonders Dinge von der Art aufregender, außergewöhnlicher, spannender Ereignisse."
"384","1927-12-31","Gebrauchsliteratur","Schalcher, Traugott: Die Reklame der Straße, Wien: C. Barth 1927, S. 65","Diese Bewegung ging ganz gewiß nicht nur von dem idealen Bestreben aus, dem Volke uneigennützig Schöneres als bisher in den Plakaten vorzusetzen, sondern hauptsächlich von der realen und reklametechnisch richtigen Vorstellung, daß das Schöne anziehend, werbend sei."
"385","1926-12-31","Belletristik","Grimm, Hans: Volk ohne Raum, München: Langen 1932 [1926], S. 1299","Als ob nicht ein Größeres, viel Schwereres fortwährend im Hintergrunde lauerte als nur armseliges Leben bei niederen Löhnen, nämlich jene schauervolle Zukunft, in der es für die Gesamtheit des deutschen Volkes auch zu niederen Löhnen und bei armseligem Leben keinen Verdienst mehr geben werde, sondern die niederen Löhne und das armselige Leben nur reichen würde für des Volkes Hälfte."
"386","1930-12-31","Wissenschaft","Scheidt, Walter: Kulturbiologie, Jena: Fischer 1930, S. 68","Man hat gefunden, daß Lebensäußerungen, die heute für die unteren Bildungsschichten und für das Landvolk typisch sind, früher den Ausdruck anderer, höherer Schichten des Volkes ausmachten."
"387","1919-12-31","Belletristik","Stucken, Eduard: Die weißen Götter, Stuttgart: Stuttgarter Hausbücherei [1960] [1919], S. 269","Das Volk stürmte die Tempel und nach dem Sieg über den Adel beschloß es die Absetzung sowohl des Edlen Traurigen wie der Schwarzen Blume: statt ihrer sollte Prinz Ohrring-Schlange die Stirnbinde aus Türkismosaik tragen."
"388","1920-12-31","Wissenschaft","Weber, Max: Die Wirtschaftsethik der Weltreligionen. In: Weber, Marianne (Hg.) Gesammelte Aufsätze zur Religionssoziologie, Bd. III, Tübingen: Mohr 1921 [1920-1921], S. 361","Eine Zunahme des Drucks unter König Nabunahi im Gegensatz zu der Behandlung unter Evil-Merodach, wie sie Klamroth als wahrscheinlich ansieht, wäre nicht erstaunlich, da aus den Inschriften des Kyros hervorgeht, daß jener König die Fronlasten auch für das eigene Volk gesteigert hat."
"389","1918-03-25","Zeitung","Vossische Zeitung (Abend-Ausgabe), 25.03.1918","Es macht mich glücklich einen so zielbewußt geleiteten, zukunftsreichen Volke wie dem der Bulgaren bei Erfüllung feiner nationalen Wünsche als Soldat haben dienen zu können."""
"390","1921-01-07","Zeitung","Allgemeine Zeitung des Judentums, 07.01.1921","Doch weit trauriger als allen anderen Völkern der unglücklichen Welt erging es der Weltjudenheit; nicht nur in den alten Pogromländern, sondern auch in den Ländern, deren Bevölkerung, auf der Höhe der Kultur stehend, wenn auch von feindlichen Anwandlungen gegen die Juden nicht immer völlig frei, blutige Ausschreitungen gegen sie bisher als rohe Akte des Barbarismus zu bezeichnen pflegte."
"391","1932-12-31","Wissenschaft","Buber, Martin: Königtum Gottes, Berlin: Schocken 1932, S. 43","Die Leserschaft empfing an der Gesamtheit des Buches in allerlei Abstufungen zwischen Dumpfheit und Klarheit einen Geschichtsaspekt oder wurde in einem bekräftigt und unterwiesen, der etwa der Aussage moderner Historiographie entsprach, ein Volk sei in einer bestimmten Epoche nicht »reif« gewesen, eine ihm zugedachte, d. h., empirisch gesprochen, ihm von seinen geistigen Führern zugedachte Struktur zu verwirklichen."
"392","1919-12-31","Belletristik","Rubiner, Ludwig: Die Gewaltlosen. In: Deutsche Literatur von Lessing bis Kafka, Berlin: Directmedia Publ. 2000 [1919], S. 143271","Du, Volk, bist weich, und sie machen mit dir in ihren Händen, was sie mögen!"
"393","1926-12-31","Belletristik","Grimm, Hans: Volk ohne Raum, München: Langen 1932 [1926], S. 25","Sie verlernten die adlige Bedeutung und die adlige Verpflichtung des freien Mannes, und sie vergaßen, daß Fürsten wohl gerufen werden, einem Volke zu dienen durch Führerschaft, aber daß ein Volk nur dem heiligen Wohle seiner Kinder dienen darf und nie einem Fürsten."
"394","1925-12-31","Gebrauchsliteratur","Petersen, Jes: Erde und Mensch, Berlin: Columbus-Verl. [1935] [1925], S. 95","Überhaupt geben uns die heute noch existierenden primitiven Völker wichtige Aufschlüsse über Lebensweise und Entwicklung der ersten Menschen."
"395","1922-12-31","Gebrauchsliteratur","Deussen, Paul: Mein Leben. In: Simons, Oliver (Hg.) Deutsche Autobiographien 1690-1930, Berlin: Directmedia Publ. 2004 [1922], S. 19089","Die berühmten Matadore stehen etwa auf derselben Stufe wie bei uns die Jockeis und Zirkushelden; man wird keine Neigung spüren, ihnen näherzutreten, vom Volke werden sie vergöttert. -"
"396","1926-03-04","Zeitung","Vossische Zeitung (Morgen-Ausgabe), 04.03.1926","Und wie er, statt in der Arbeit und dem Wettbewerb mit den besten Köpfen und Charakteren seines Volkes die Berechtigung seines Anspruches auf Zurechnung zur Führerschicht zu beweisen, sich durch gesellschaftliche und politische Normen von der Gesamtheit absondert und sich mit der jämmerlichen Reverenz begnügt, die ihm bürgerliche Snobs und subalternes ""Volk"" erweisen."
"397","1921-03-08","Zeitung","Berliner Tageblatt (Abend-Ausgabe), 08.03.1921","Seit fünf Jahren hat man den Völkern versprochen, das sei der letzte Krieg, und schließlich, als die Stunde gekommen war, um den Frieden aufzurichten, und nachdem man den Völkern die Tür der Konferenz verschlossen hatte, was hat man den Völkern da gesagt?"
"398","1920-12-31","Wissenschaft","Weber, Max: Die Wirtschaftsethik der Weltreligionen. In: Weber, Marianne (Hg.) Gesammelte Aufsätze zur Religionssoziologie, Bd. III, Tübingen: Mohr 1921 [1920-1921], S. 248","Daraus folgte aber: daß das Kommen des Tages Jahwes Unheil auch über die Sünder im eigenen Volk bringen werde."
"399","1918-03-16","Zeitung","Vossische Zeitung (Abend-Ausgabe), 16.03.1918","Nach den Zeitungsstimmen, die hier vorliegen, scheint man in England unseren tapferen und treuen Verbündeten zu ermutigen, sich auf einen Weg zu begeben, der ihn unvermeidlich isolieren und seiner wirklichen Freunde unter den freien Völkern der Welt berauben muß."
"400","1923-03-08","Zeitung","Vossische Zeitung (Abend-Ausgabe), 08.03.1923","Das von Loucheur inspirierte ""Petit Journal"" glaubt versichern zu dürfen, daß Stresemann die Durchschnittsansicht des deutschen Volkes wiedergiebt, wenn er eine Verständigung als wünschenswert bezeichnet ."
"401","1923-03-07","Zeitung","Vossische Zeitung (Morgen-Ausgabe), 07.03.1923","Während durch diesen Teil der Kanzler-Rede und durch den Hinweis auf die weiteren Besetzungen dem deutschen Volke noch einmal vor Augen geführt wurde, worum es in dem Kampf um die Ruhr eigentlich geht, war von gleich guter Wirkung die Ablehnung großsprecherischer Worte und nationalistischer Hetzereien."
"402","1921-03-09","Zeitung","Vossische Zeitung (Morgen-Ausgabe), 09.03.1921","Pfälzer Ihr seit vor allen anderen deutschen Stämmen berufen, der Welt zu zeigen, daß nichts imstande ist, im deutschen Volk den Willen zur nationalen Einheit, die Reichstreue und Reichsfreudigkeit zu zerstören."
"403","1918-12-31","Wissenschaft","Spengler, Oswald: Der Untergang des Abendlandes, München: Beck 1929 [1918], S. 419","Gerade daß die Renaissance, diese vermeintliche Wiedergeburt der - so gar nicht exklusiven, in ihrem Publikum so gar nicht wählerischen - Antike keine Ausnahme macht; daß sie durch und durch die Schöpfung eines Kreises und einzelner erlesener Geister war, ein Geschmack, der die Menge von vornherein abwies, daß im Gegenteil das Volk von Florenz gleichgültig, erstaunt oder unwillig zusah und gelegentlich, wie im Falle Savonarolas, mit Vergnügen die Meisterwerke zerschlug und verbrannte, beweist, wie tief diese Seelenferne geht."
"404","1932-12-31","Wissenschaft","Buber, Martin: Königtum Gottes, Berlin: Schocken 1932","Denn die »eschatologische« Hoffnung - in Israel, dem »geschichtlichen Volk schlechthin« (Tillich), aber nicht in Israel allein - ist zuvor immer Geschichtshoffnung; sie eschatologisiert sich erst durch die wachsende Geschichtsenttäuschung."
"405","1927-03-04","Zeitung","Berliner Tageblatt (Morgen-Ausgabe), 04.03.1927","Sie wirkten in dem Sinne auf den Reichspräsidenten ein, daß sie den Reichskanzler Luther und den Außenminister Stresemann als am Ende ihrer Leistungsfähigkeit angelangt schilderten und dabei insbesondere darauf hinwiesen, daß die steigende Radikalifierung des Volkes durch die Behandlung der Fürstenabfindung ein Kabinett der nationalen Rechten erforderlich mache, - ein Kabinett, das die Propaganda in der Fürstenabfindung zu unterbinden verstehe . Dabei wurde dem Reichspräsidenten verschwiegen, daß dieses Kabinett natürlich nicht die Billigung des Reichstages hätte finden können und daß nach der zu erwartenden Auflösung des Reichstags eine Diktatur notwendig hätte eintreten müssen."
"406","1919-12-31","Belletristik","Rubiner, Ludwig: Die Gewaltlosen. In: Deutsche Literatur von Lessing bis Kafka, Berlin: Directmedia Publ. 2000 [1919], S. 143308","VOLK."
"407","1918-01-01","Zeitung","Der Tag, 01.01.1918","Wenn G. Freytag sagt: ""Der Krieg verkündet durch den Donnerton seiner Geschütze, daß der einzelne und sein Leben verschwindend wenig sei gegen das Leben seines Volkes"", so übersieht er den großen Führer im Kampf; der bürgt an erster Stelle für das Leben seines Volkes, er offenbart vor den anderen die Arbeit für sein Volkstum durch seine Taten."
"408","1932-12-31","Wissenschaft","Jahresberichte für deutsche Geschichte, 1930, S. 221","Die Antithese von Vernichtungs- und Ermattungsstrategie wird so ausschließlich auf das große Völkerringen angewendet, daß Ziekursch den Weltkrieg in eine bedenklich weitgeführte Parallele zu den Kriegen der absolutistischen Epoche setzt, die die Härte des großen Entscheidungskampfes, den ganze Völker um Sein und Nichtsein führten, zu verdunkeln droht."
"409","1926-08-01","Zeitung","Tucholsky, Kurt: Der Sultan im Theater. In: ders., Kurt Tucholsky, Werke - Briefe - Materialien, Berlin: Directmedia Publ. 2000 [1926], S. 4477","Und aber in dreihundert Jahren will ich desselben Weges fahren - und dann wird vielleicht ein weißer Sultan zu einem gelben Volk huldvollst eingeladen, darf dort ein Museum einweihen, bekommt ein Festessen, und abends sitzt er im Theater, und ein freundlicher Japaner hält einem kleinen weißen Prinzen aus dem Abendlande einen Apparat ans Ohr."
"410","1919-12-31","Wissenschaft","Weber, Max: Die Wirtschaftsethik der Weltreligionen. In: Weber, Marianne (Hg.), Gesammelte Aufsätze zur Religionssoziologie, Bd. I, Tübingen: Mohr 1920 [1916-1919], S. 325","Es findet sich eine von den Edlen abweichende politische Stellungnahme des »Volks«."
"411","1924-01-02","Zeitung","Kölnische Zeitung (Morgenblatt), 02.01.1924","Groß ist die wirtschaftliche Not in weiten Schichten unsers Volkes."
"412","1932-03-02","Zeitung","Völkischer Beobachter (Reichsausgabe), 02.03.1932","In Zehntausenden von Versammlungen wird von Mann zu Mann dem Volke gesagt, worauf es ankommt, um was es geht."
"413","1919-03-20","Zeitung","Tucholsky, Kurt: Der Untertan. In: ders., Kurt Tucholsky, Werke - Briefe - Materialien, Berlin: Directmedia Publ. 2000 [1919], S. 1243","Empörung war hier dasselbe wie Verbrechen, das Bestehende, Legitime ward glanzvoll gefeiert, auf Adel und Gottesgnadentum höchster Wert gelegt, und das Volk, ein von den Ereignissen ewig überraschter Chor, schlug sich willig gegen die Feinde seiner Herren«) -, und vor allem zeigt Heinrich Mann, wonach eben das Buch seinen Namen führt: die Unfreiheit des Deutschen."
"414","1926-12-31","Belletristik","Grimm, Hans: Volk ohne Raum, München: Langen 1932 [1926], S. 28","Wo in der Fremde eine starke königliche Einrichtung verblieb, oder wo in der Fremde, wie in England, die alte Anschauung von der Bedeutung des freien Mannes nicht ganz vergessen ging, wurden die Staaten, die nicht weniger aus Stämmen bestanden als das Reich, zu einigen Völkern, und diese Völker griffen hinein in die leere Welt und errafften sich Fläche und Raum, darauf und darin ihre Kinder und Kindeskinder sich frei bewegen und frei leben und frei atmen könnten, ohne bei jeder Armbewegung an den Nachbarn anzustoßen."
"415","1919-12-31","Belletristik","Rubiner, Ludwig: Die Gewaltlosen. In: Deutsche Literatur von Lessing bis Kafka, Berlin: Directmedia Publ. 2000 [1919], S. 143292","Volk, Volk! Greif die Betrüger!"
"416","1925-03-05","Zeitung","Vossische Zeitung (Abend-Ausgabe), 05.03.1925","Dawes hat nun in der ersten Senatssitzung mit größtem Nachdruck angekündigt, er werde dafür kämpfen, daß diese ""tyrannische"" Geschäftsordnung aufgehoben werde; im Notfall müsse ein Appell an das Volk gemacht werden."
"417","1932-12-31","Wissenschaft","Buber, Martin: Königtum Gottes, Berlin: Schocken 1932, S. 116","Der Gottesbund mit den Patriarchen, der dieses Ritus entbehrt, bedeutet wohl eine Gegenseitigkeitsbindung, aber nicht wie der Sinaibund eine Verbindung und Umschränkung zu einer Gemeinschaft, die ein Amt des Gottes am Volk und ein Amt des Volkes am Gott umfaßt."
"418","1927-12-31","Wissenschaft","Jahresberichte für deutsche Geschichte, 1927, S. 576","Denn die französische Rheinpolitik ist so alt wie das französische Volk."
"419","1925-03-05","Zeitung","Vossische Zeitung (Abend-Ausgabe), 05.03.1925","denn dir ward die Gnade, das Volk zu erretten, das dich gebar, das Volk zu führen, dem du entstammtest, das Volk zu verkörpern, dem du gehörtest."
"420","1922-05-07","Wissenschaft","Hofmannsthal, Hugo von: Rede auf Grillparzer. In: Bertram, Mathias (Hg.) Deutsche Literatur von Lessing bis Kafka, Berlin: Directmedia Publ. 2000 [1922], S. 94032","Wie sollte der Landsmann Haydns und Schuberts zwischen Volk und Künstler unterscheiden, der Verehrer und Schüler Mozarts zwischen Frömmigkeit und Verstand!"
"421","1926-03-03","Zeitung","Berliner Tageblatt (Morgen-Ausgabe), 03.03.1926","Laßt uns unerschütterlich an Deutschland glauben , aber laßt uns mit festem deutschen Willen darauf vertrauen, daß positive und hingebungsvolle Arbeit im Völkerbund die Welt weiter voranführen wird zu einer Gestaltung, in der zum Segen der ganzen Menschheit die starken Kräfte des deutschen Volkes und der deutschen Kultur sich in voller Freiheit wieder entfalten können!"
"422","1922-03-10","Zeitung","Berliner Tageblatt (Morgen-Ausgabe), 10.03.1922","Sie nehmen sich heraus, dem deutschen Volke und mir unter Berufung auf Kant Vorlesungen über Wahrheit und Lüge zu halten."
"423","1928-12-31","Wissenschaft","Jahresberichte für deutsche Geschichte, 1928, S. 475","[...] Hinzuweisen ist aber auf die Rolle, die Kalkoff (2407) den Justus Jonas in Erfurt spielen läßt; ihm schreibt er auch den als Intimatio Erphurdiana pro M. Luthero bekannten, bisher als eine amtliche Erklärung der Universität aufgefaßten Aufruf gegen die Bannbulle zu, der die energische Ablehnung Ecks und der Bulle seitens Erfurts zur Folge gehabt hat. -- Auch das Verhör Matthäus Albers vor dem Reichsregiment in Eßlingen über 52 ihm vorgelegte Fragen, 1525, das Volk (2241) behandelt, ist für die Art des Vorgehens gegen evangelische Prediger allgemein interessant; Volk druckt das Protokoll des Verhörs ab. -- Für die innere Verbindung, die zwischen den Reformatoren einerseits und humanistisch, reformerisch, irenisch eingestellten Gliedern der alten Kirche anderseits vorhanden war, und die gleichwohl vorhandene innere und äußere Distanz ist die Gestalt des Wittenberger Pädagogen Veit Amerbach, über den L. Fischer (2200) geschrieben hat, typisch; wenn F., wie schon Döllinger, ihn als Konvertiten bezeichnet, so kann demgegenüber gesagt werden, daß A. doch wohl nie an einen Bruch mit der alten Kirche gedacht hat. -- Für den starken melanchthonischen Einschlag [...]"
"424","1928-12-31","Gebrauchsliteratur","Wilamowitz-Moellendorff, Ulrich von: Erinnerungen 1848-1914. In: Simons, Oliver (Hg.) Deutsche Autobiographien 1690-1930, Berlin: Directmedia Publ. 2004 [1928], S. 73272","Dann kam erst der Kronprinz, als er Gouverneur von Pommern war, zur Inspektion der Truppen seines Armeekorps und kehrte in vielen, doch nur rein deutschen Häusern ein10, aber seine glänzende Erscheinung imponierte doch allem Volk; es ließen sich ihm wohl auch vornehme Polen melden."
"425","1919-12-31","Belletristik","Stucken, Eduard: Die weißen Götter, Stuttgart: Stuttgarter Hausbücherei [1960] [1919], S. 134","Und darum hat ihr Fürst, der große König des Ostens, sie ausgesandt, daß sie die Völker befreien, auch euch Tlascalteken befreien von der Gewaltherrschaft Montezumas und vom Blutdurst der falschen Götter Anahuacs."
"426","1920-12-31","Wissenschaft","Delbrück, Hans: Geschichte der Kriegskunst im Rahmen der politischen Geschichte - Erster Teil: Das Altertum, Berlin: Directmedia Publ. 2002 [1920], S. 992","Weder ist diese Landschaft besonders geeignet, von da aus Gallien zu beherrschen, noch, wenn die Helvetier wegen Übervölkerung neue Sitze suchten, war es nötig, daß das ganze Volk auswanderte und das prächtige, bisher bewohnte Land leer ließ."
"427","1918-03-11","Zeitung","Berliner Tageblatt (Montags-Ausgabe), 11.03.1918","Nur die Worte, daß das alles zum Glück und zur Befreiung der Völker geschehe, behielt man bei."
"428","1927-03-03","Zeitung","Berliner Tageblatt (Morgen-Ausgabe), 03.03.1927","Doch ist es nicht so viel, um ihn beliebt werden zu lassen - ein Symbol, ein Gleichnis seines Volkes und menschlichen Schicksals."
"429","1920-02-24","Zeitung","Tucholsky, Kurt: Der Knochenzerschlager. In: Kurt Tucholsky, Werke - Briefe - Materialien, Berlin: Directmedia Publ. 2000 [1920]","»Wenn einige Tausend einem Volk von sechzig Millionen die Gurgel zudrücken wollen, dann habe ich als Reichswehrminister keine Bedenken, ihnen die Knochen entzweizuschlagen.«"
"430","1920-03-08","Zeitung","Berliner Tageblatt (Morgen-Ausgabe), 08.03.1920","Der Völkerbund soll in ein Rechtsmittel der vereinigten Völker umgestaltet werden."
"431","1932-09-01","gesprochen","o.A., Kundgebung der NSDAP im Berliner Sportpalast, 01.09.1932","Da sind wir dann nicht konservativ, sondern hier ist dann wohl die Trennung, hier sind wir, weil wir das Volk erhalten wollen, absolut dann revolutionär gegen diese (Zustimmung, starker Beifall) gegen diese zertrennenden und zerreißenden Begriffe."
"432","1928-10-28","Zeitung","Tucholsky, Kurt: Wie war es -? So war es -! In: ders., Kurt Tucholsky, Werke - Briefe - Materialien, Berlin: Directmedia Publ. 2000 [1928], S. 6321","Allein wichtig ist vor allem, was Sie in Ihren Schriften und im ganzen Archiv niemals finden werden: die Klagen und die Tränen eines unterdrückten Volkes, dessen guter Wille zu groß und dessen revolutionäre Kraft immer zu klein gewesen ist."
"433","1925-12-31","Gebrauchsliteratur","Petersen, Jes: Erde und Mensch, Berlin: Columbus-Verl. [1935] [1925], S. 177","Die Ureinwohner Australien stehen kulturell und vom Rassenstandpunkt aus betrachtet am tiefsten von allen Völkern der Erde; es sind die Buschmänner."
"434","1929-03-03","Zeitung","Völkischer Beobachter (Reichsausgabe), 03.03.1929","` Bedeutsam sei, daß die Völker diesen Pakt unterzeichnet hatten."
"435","1929-12-17","Zeitung","Tucholsky, Kurt: Zeitungsdeutsch und Briefstil. In: Kurt Tucholsky, Werke - Briefe - Materialien, Berlin: Directmedia Publ. 2000 [1929]","Es ist rätselhaft, wie dieses Volk, das angeblich so unter seinen Beamten leidet, sich nicht genug tun kann, ihnen nachzueifern - im Bösen, versteht sich."
"436","1932-12-31","Wissenschaft","Buber, Martin: Königtum Gottes, Berlin: Schocken 1932, S. 115","[...] Die Fremdgötter, die es - dennoch, wie die Jakob-Sippe - in seiner Mitte behalten hatte, entfernt es nun wie jene (Genesis 35, 2ff.); ein Argument gegen den Sinaibund oder gegen seinen volkumfassenden Charakter ist dies ebensowenig, wie daß Josua dem Volk »Satzung und Recht aufstellt« (24, 25), obgleich es die »nach der traditionellen Auffassung doch schon längst am Sinai erhalten haben müßte«, denn mit dem gleichen Terminus wird in einem der gleichen Textschicht angehörenden Bericht (Exodus 15, 25) eine »Gesetzesstation« bezeichnet, er bedeutet also für den Erzähler nicht »das Gesetz« schlechthin, sondern einen Komplex von Verordnungen, - hier wohl eine mit der Bundeserneuerung verknüpfte neue institutionelle Befestigung des Stämmeverbands und seine kultisch-territoriale Zentralisierung. [...]"
"437","1927-12-31","Gebrauchsliteratur","Diederichs, Eugen: Aus meinem Leben. In: Simons, Oliver (Hg.) Deutsche Autobiographien 1690-1930, Berlin: Directmedia Publ. 2004 [1927], S. 19402","Ich bin mir wohl bewußt und sage es in aller Bescheidenheit mit dem Gefühl der unvollkommenen Leistung, daß die Autoren meines Verlages in ihrer Wirkung auf das geistige Leben des Volkes aus der Geistesgeschichte um die Jahrhundertwende nicht wegzudenken sind und ebenso, daß vom Verlag aus auch eine gewisse Wirkung auf den Buchhandel ausgegangen ist, nicht nur in Ausstattungsfragen, sondern auch in der Auffassung der inneren Verpflichtung unseres Berufes."
"438","1918-12-31","Belletristik","Stehr, Hermann: Der Heiligenhof, München: List 1952 [1918], S. 451","Inzwischen war die Straße, zu deren Bau einst der Sintlinger halb ernst, halb spielerisch verstellt den letzten Anstoß gegeben hatte, vollkommen fertig geworden, und weil der Heiligenbauer trotz aller Zurückhaltung nicht nur bei dem Volk, sondern auch bei den Behörden als der eigentliche Vater dieses Unternehmens galt, ergab es sich mit Notwendigkeit, daß ihm bei der feierlichen Einweihung eine besonders ehrenhafte Rolle zugedacht war."
"439","1918-12-31","Belletristik","Klabund: Bracke. In: Deutsche Literatur von Lessing bis Kafka, Berlin: Directmedia Publ. 2000 [1918], S. 111834","Der Henker hob die Kurfürstin, die in Ohnmacht dahingesunken war, auf seine Arme und trug sie, ohne seiner Last innezuwerden, durch das Volk, das ihm Spalier bildete, zurück auf den Schinderkarren, setzte sich selbst darauf, ergriff die Zügel, schnalzte mit der Zunge und fuhr mit ihr nach Trebbin."
"440","1919-12-31","Belletristik","Rubiner, Ludwig: Die Gewaltlosen. In: Deutsche Literatur von Lessing bis Kafka, Berlin: Directmedia Publ. 2000 [1919], S. 143307","Volk, nun brauchst du nicht Führer mehr."
"441","1929-03-05","Zeitung","Vossische Zeitung (Abend-Ausgabe), 05.03.1929","In wachsendem Maße stellt man sich drüben darauf ein, den Arbeitsertrag möglichst weiten Kreisen des Volkes zugänglich zu machen und ein wirkliches Einvernehmen zwischen den mannigfachen Gliedern des Produktionsprozesses herbeizuführen."
"442","1920-12-31","Belletristik","Schaeffer, Albrecht: Helianth I, Bonn: Weidle 1995 [1920], S. 30","Und damals waren die Völker anders von einander getrennt als heut und waren nicht gesättigt mit dem sozialen Element, wie sie es heute sind, wenn auch Niemand es sehn will - ich seh es.«"
"443","1931-03-02","Zeitung","Vossische Zeitung (Abend-Ausgabe), 02.03.1931","Es komme darauf an, daß die starken Kapitalkräfte der Welt sich die Hand zu gemeinsamem Handeln, zur Rettung der Völker der Kulturwelt reichen."
"444","1932-12-31","Belletristik","Roth, Joseph: Radetzkymarsch, Köln: Kiepenheuer & Witsch 1978 [1932], S. 171","Die Pfaffen gehn schon mit dem Volk, man predigt tschechisch in den Kirchen."
"445","1919-12-31","Belletristik","Stucken, Eduard: Die weißen Götter, Stuttgart: Stuttgarter Hausbücherei [1960] [1919], S. 243","Sein Idealismus sträubte sich, an die Tücke eines Volkes zu glauben, das den Überbringer der weißen Schminke auf so ritterliche Weise unversehrt gelassen."
"446","1932-12-31","Wissenschaft","Buber, Martin: Königtum Gottes, Berlin: Schocken 1932, S. 56","[...] Die »kultisch und politisch sakrale Handlung«, die der Fürst - es ist der mächtige Kariba-ilu Watar, um 700 regierend, also ein Zeitgenosse Hiskijas von Juda etwa - vollzieht, enthält zwar einen einmaligen, außergewöhnlichen, durchaus historisch zu verstehenden Staatsakt, aber der ist anscheinend mit einem periodisch wiederkehrenden Fest verknüpft, in dessen Mitte die Erneuerung des Bundes zwischen Gott, Herrscher und Volk steht; alles öffentlich Staatliche ist von je und so auch in jeder festlichen Wiederkehrsweihe Erfüllung dieses Bundes zwischen dem Gott und seinem Volk, eines Bundes, dessen Mittler der Priesterfürst ist. [...]"
"447","1919-03-22","Zeitung","Vossische Zeitung (Morgen-Ausgabe), 22.03.1919","Darüber hinausgehende Zugeständnisse könnte auch die Regierung auf Grund der Vollmachten, die sie selbst besitzt, gar nicht machen, und es muß auf alle Fälle von ihr verlangt werden, daß sie keinen Frieden abschließt, der diesem Vorvertrage nicht entspricht, ohne die Entscheidung der Nationalversammlung und des deutschen Volkes herbeizuführen."
"448","1918-11-03","Zeitung","Neue badische Landeszeitung (Morgen), 03.11.1918","Der Reichstag wird künftig auf allen Gebieten des deutschen öffentlichen Lebens zu bestimmen haben und wird die wahre Stimme der Mehrheit des deutschen Volkes zum Ausdruck bringen."
"449","1927-06-19","Zeitung","Tucholsky, Kurt: Besuch bei J. V. Jensen. In: ders., Kurt Tucholsky, Werke - Briefe - Materialien, Berlin: Directmedia Publ. 2000 [1927], S. 5226","So spricht Intuition, und so kann man freilich keinen Wirtschaftsbericht über die Petroleumquellen in Baku machen - aber man kann, was vielleicht mehr ist, von der Seele fremder Völker etwas sagen."
"450","1927-12-31","Gebrauchsliteratur","Ostwald, Wilhelm: Lebenslinien. Eine Selbstbiographie, 3 Teile. In: Simons, Oliver (Hg.), Deutsche Autobiographien 1690 - 1930, Berlin: Directmedia Publ. 2004 [1927], S. 51174","Daß beim Friedensschluß Männer maßgebend wurden, welche vom diplomatischen Handwerk nichts verstanden, hat jenen ungeheuerlichen »Frieden« über uns gebracht, dessen Zweck eine Fortsetzung der Feindseligkeiten gegen das Deutsche Volk mit unblutigen Mitteln ist."
"451","1925-12-31","Gebrauchsliteratur","Petersen, Jes: Erde und Mensch, Berlin: Columbus-Verl. [1935] [1925], S. 171","Diese neue strahlende Zukunft verdanken wir einem wunderbaren Manne, dessen grenzenlose Vaterlandsliebe alle Energien des Volkes wachrütteln konnte, Adolf Hitler."
"452","1926-12-31","Gebrauchsliteratur","Eberhard, D. Otto: Pestalozzi ein Klassiker der Seelenführung. In: Bausteine zur Arbeit im Kindergottesdienst, Sonderhefte der Monatsschrift ""Der Kindergottesdienst"", Nr. 4, 1926, S. 43","[...] Wohl packt auch ihn aus dem philanthropischen Zuge seiner Zeit das rein menschliche Empfinden des natürlichen Mitfühlens und Mitleidens seit seinen Jugendjahren immer wieder, dem Volke aus seiner wirtschaftlich gedrückten und sozialpolitisch ungerechten Lage zu ""helfen"", aber das Verständnis seines Wesens und seines Werkes liegt nicht in diesem individualpsychologischen Zuge - das beweisen schon seine ersten praktisch-pädagogischen Unternehmungen zu Neuhof und Stans -, und das tiefste Motiv seines Strebens und Schaffens wehrt sich vielleicht sogar gegen diese Art der Hilfeleistung, zu der ihn das glühende Herz und das unbegrenzte Wohlwollen seiner Natur tagtäglich hinzog. [...]"
"453","1929-11-05","Zeitung","Tucholsky, Kurt: Auf dem Nachttisch. In: ders., Kurt Tucholsky, Werke - Briefe - Materialien, Berlin: Directmedia Publ. 2000 [1929], S. 7024","Ich verspotte kein Volk, Mein Volk wird verspottet."
"454","1920-12-31","Wissenschaft","Weber, Max: Die Wirtschaftsethik der Weltreligionen. In: Weber, Marianne (Hg.) Gesammelte Aufsätze zur Religionssoziologie, Bd. III, Tübingen: Mohr 1921 [1920-1921], S. 85","Wenn auch das Alter unsicher bleibt, so besteht angesichts ihres Zusammenhangs mit den Vorschriften des Bundesbuchs doch die größte Wahrscheinlichkeit, daß der »Bundesbaal« derjenige Funktionsgott war, welcher auf Grund der offenbar regelmäßig wiederholten Verfluchungen diese vom Volk feierlich auf sich genommenen Satzungen schützte."
"455","1922-12-31","Belletristik","Winckler, Josef: Der tolle Bomberg, Rudolstadt: Greifenverl. [1956] [1922], S. 81","""Der westfälische Adel steigt nicht ins Volk herab!"""
"456","1919-12-31","Belletristik","Stucken, Eduard: Die weißen Götter, Stuttgart: Stuttgarter Hausbücherei [1960] [1919], S. 5","Von Volk zu Volk war es geraunt worden."
"457","1920-02-28","Zeitung","Die Fackel [Elektronische Ressource], 2002 [1920]","Aber das größte Sprachwunder aller Zeiten und Völker, der Schluß des Chores der »Helena«, wäre nicht entstanden, wenn die Menschheit nicht wüßte, wie der Wein schmeckt."
"458","1928-05-23","Zeitung","Tucholsky, Kurt: 'Siegfried' oder der geleimte Mann. In: ders., Kurt Tucholsky, Werke - Briefe - Materialien, Berlin: Directmedia Publ. 2000 [1928], S. 5979","Sogar der Kammerdiener knallt (und flöge doch im hohen Bogen, wenn ers je in Wirklichkeit täte); die Einzelheiten stimmen nicht, und dergleichen macht mich immer mißtrauisch, denn, denke ich mir, wenn er schon die Äußerlichkeiten nicht gesehen hat, wie will er einem fremden Volk ins Herz sehen?"
"459","1927-03-03","Zeitung","Berliner Tageblatt (Morgen-Ausgabe), 03.03.1927","Kaum läßt sich irgendwo der Operateur mit der Kamera sehen, schon strömt das Volk in hellen Scharen; eine undurchdringliche Mauer bildet sich, und oftmals kann man selbst mit polizeilicher Gewalt die Passage nicht frei bekommen."
"460","1919-11-30","Zeitung","Tucholsky, Kurt: Eine neue Bücherzensur. In: ders., Kurt Tucholsky, Werke - Briefe - Materialien, Berlin: Directmedia Publ. 2000 [1919], S. 1597","Obwohl sich der Börsenverein auf den Boden der gegebenen Tatsachen gestellt hat, können wir es nicht mit den Aufgaben seines Organs vereinbaren, durch Aufnahme von Anzeigen bei dem Vertrieb von Büchern mitzuwirken, die auf eine Herabsetzung unseres Volkes oder auf die Beschimpfung (nicht Beurteilung!) einzelner, vielen Deutschen noch heute verehrungswürdigen Männer gerichtet sind und keinen anderen Zweck verfolgen, als Deutschland noch tiefer in den Sumpf zu ziehen und seinem Ansehen in der Welt zu schaden."
"461","1926-12-31","Belletristik","Grimm, Hans: Volk ohne Raum, München: Langen 1932 [1926], S. 832","""Nur, wenn das englisch wäre, die großen englischen Geldleute zeigten gleich Mut; aber in England haben die großen Geldleute gelehrt bekommen, daß sie englisch sein müssen, in England haben die großen Geldleute gelernt, daß sie, die am Volke und durch das Volk verdienten, im entscheidenden Augenblicke eines wagen und ihrem Volke dienlich sein müssen."
"462","1930-12-31","Wissenschaft","Scheidt, Walter: Kulturbiologie, Jena: Fischer 1930, S. 105","Die vor- und frühgeschichtlichen Quellen für das Volk am Untersee, etwa bis zum 4. Jahrhundert nach Christus, geben bis jetzt, mehr durch die Ergänzung seitens der übrigen südwestdeutschen Funde, nur ein grobes Bild von der bronze- und eisenzeitlichen Besiedlung des Landes und der Besetzung durch die Römer."
"463","1921-11-28","Zeitung","Tucholsky, Kurt: Taschenpolizei. In: Kurt Tucholsky, Werke - Briefe - Materialien, Berlin: Directmedia Publ. 2000 [1921]","man denke nur an die Schnüffeleien in den Hotels, an die polizeiliche Auslegung des Kuppeleiparagraphen, an die Nichtachtung der wirtschaftlichen und sittlichen Anschauungen eines Volkes, das gut genug war, sich die Knochen in Schützengräben zerschießen zu lassen, aber nicht reif genug, darüber zu bestimmen, was Unzucht ist und was nicht, und das es sich von einer kleinbürgerlich gerichteten Beamtenklasse vorschreiben lassen soll. -"
"464","1931-03-02","Zeitung","Vossische Zeitung (Abend-Ausgabe), 02.03.1931","Wörtlich erklärte der Reichsbank-Präsident: ""Die Aengstlichen und Ueberängstlichen im Ausland sollten sich vor allen die Leistungen des deutschen Volkes und Staatswesens vor Augen halten."
"465","1919-12-31","Belletristik","Stucken, Eduard: Die weißen Götter, Stuttgart: Stuttgarter Hausbücherei [1960] [1919], S. 337","Gehört hatte er nichts, behauptete aber, der Knabe habe vor, das Volk Tezcucos zu den Waffen zu rufen."
"466","1922-06-24","Zeitung","Neue preussische Kreuz-Zeitung (Abend), 24.06.1922","Just in dem Augenblicke, in dem das deutsche Reichskabinett über die Antwort auf das vm 31. Mai 1922 abgelaufene Ultimatum beriet, also gerade zur rechten Zeit, hat der äußerst eifrige Verlag von Hans Robert Engelmann in Berlin, der es sich zu seiner Lebensaufgabe gemacht hat, die literarischen Waffen für den Kampf gegen die Lüge von der deutschen Schuld am Weltkriege zu liefern, ein neues Werk herausgebracht, dessen Inhalt wie ein Fanal wirken wird, berufen, dem deutschen Volke auf seinem Wege aus der Finsternis der Verleumdung zum Lichte der Wahrheit voranzuleuchten."
"467","1927-12-31","Wissenschaft","Jahresberichte für deutsche Geschichte, 1927, S. 200","Die Volkskunde wird auch ihrem Begriff entsprechend überwiegend das Kulturbild der breiten Schichten des Volkes der vergangenen Perioden zu erfassen suchen, also vornehmlich die Züge, die von H. Naumann als primitive Gemeinschaftskultur bezeichnet worden sind, ohne natürlich die Schichten des Volkes grundsätzlich auszuschließen, aus denen ununterbrochen Kulturgut herabgesunken ist."
"468","1922-12-31","Belletristik","Winckler, Josef: Der tolle Bomberg, Rudolstadt: Greifenverl. [1956] [1922], S. 105","Und noch lange blieb das radaulustige junge Volk vor den Fenstern und versuchte in die Gaststube hineinzuschauen, bis der Hausknecht mit dem Besenstiel kam und die Neugierigen in die Flucht jagte."
"469","1919-11-20","Zeitung","Tucholsky, Kurt: Tollers Publikum. In: Kurt Tucholsky, Werke - Briefe - Materialien, Berlin: Directmedia Publ. 2000 [1919]","Wenigstens für unsre Zeit Neues - denn es scheint, daß ostasiatische Völker ein solch stilisiertes Theater, das nicht vortäuscht, sondern eine selbständige Sache ist, schon längst haben."
"470","1932-12-31","Wissenschaft","Klages, Ludwig: Der Geist als Widersacher der Seele, 3. Band, Teil 1: Die Lehre von der Wirklichkeit der Bilder, Leipzig: Barth 1932, S. 1184","[...] Das gelingt unsern Klassikern meist nur zum Teil (wovon es eines der untrüglichen Zeichen ist, daß da und dort die Persönlichkeit des Dichters sei es mit Gefühlsausbrüchen, sei es mit Sentenzen sich einmischt); es gelingt dagegen wieder sehr vielen Märchen aller Zeiten und Völker, es gelingt dem Homer, gelingt dem Shakespeare im ""Julius Cäsar"", und es sind offenbar ebenso viele Welten, in die wir solcherart uns hineinverwandeln, unvereinbar unter sich und vollends unvereinbar mit der Welt der existierenden Dinge, deren Gegenwart uns stündlich meistert und deren Vergangenheit uns vorgelegt wird von den Aufzeichnungen der Geschichtsschreiber, den Schlüssen der Vorzeitforscher und Geologen, den Berechnungen der Physiker und Astronomen. [...]"
"471","1920-03-24","Zeitung","Neue preussische Kreuz-Zeitung (Abend), 24.03.1920","Schon will die Mehrheit die Wahl des Reichspräsidenten nicht durch die Gesamtheit des Volkes, sondern durch das Parlament vornehmen."
"472","1922-12-31","Gebrauchsliteratur","Deussen, Paul: Mein Leben. In: Simons, Oliver (Hg.) Deutsche Autobiographien 1690-1930, Berlin: Directmedia Publ. 2004 [1922], S. 19066","Doch konnte ich jeden Morgen ein Seebad nehmen, auf die Gefahr hin, von Haifischen angefallen zu werden, auch ließ ich mir täglich aus Korfu eine griechische Zeitung kommen, die einzige auf dem Inselchen, und da unsere Leidensgenossen, meist armselige Schiffbrüchige und anderes geringes Volk, auf Nachrichten begierig waren, so pflegte ich meine Zeitung vor versammeltem Volke vorzulesen, wodurch ich mir sehr schön die neue griechische Aussprache einüben konnte."
"473","1927-12-31","Gebrauchsliteratur","Wien, Wilhelm: Ein Rückblick. In: Simons, Oliver (Hg.), Deutsche Autobiographien 1690 - 1930, Berlin: Directmedia Publ. 2004 [1927], S. 73192","Bethmann- Hollweg, ein einsichtiger und wohlmeinender Mann, hatte keine von den Eigenschaften, die dem Führer eines Volkes in einem solchen Kriege notwendig sind."
"474","1919-12-31","Wissenschaft","Weber, Max: Die Wirtschaftsethik der Weltreligionen. In: Weber, Marianne (Hg.), Gesammelte Aufsätze zur Religionssoziologie, Bd. I, Tübingen: Mohr 1920 [1916-1919], S. 325","In einer andern werden »Edle, Beamte und Volk« unterschieden."
"475","1928-12-31","Wissenschaft","Jahresberichte für deutsche Geschichte, 1928, S. 360","Abgesehen von seiner Leistung als Organisator des Rohstoffwesens, hat Rathenau im Kriege nicht im politischen Zentrum gestanden; seine immer schärfere Kritik an der ungenügenden Führung des deutschen Volkes wird daher aus ähnlicher Distanz gegeben wie die verwandten Sorgen Ballins; zu immer größerer Schärfe gegen das herrschende System anschwellend, präludiert sie bereits Rathenaus späterer politischer Wirksamkeit, mit der sie auch das gemeinsam hat, daß sie sich nicht in die starren Grenzen einer bestimmten Partei eingliedern läßt."
"476","1924-01-02","Zeitung","Kölnische Zeitung (Morgenblatt), 02.01.1924","Nicht in dem Widerstreit der Interessen und Ideen, nicht in dem täglichen Betonen der bestehenden Gegensätze liegt der Weg zur Zukunft unsers Volkes, sondern im Hervorheben des Gemeinschaftlichen , im Willen zur Volkszugehörigkeit, die unsrer aller Schicksalsgemeinschaft ist."
"477","1920-12-31","Wissenschaft","Weber, Max: Die Wirtschaftsethik der Weltreligionen. In: Weber, Marianne (Hg.) Gesammelte Aufsätze zur Religionssoziologie, Bd. III, Tübingen: Mohr 1921 [1920-1921], S. 389","»Wir hielten ihn dafür«, heißt es, - so daß hier, je nachdem, das verachtete Israel oder dessen vom eigenen Volk verschmähte Propheten personifiziert sein könnte."
"478","1932-03-02","Zeitung","Vossische Zeitung (Abend-Ausgabe), 02.03.1932","Am 13. März wird abgerechnet mit dem scheinheiligen Zentrum und der Bayrischen Volkspartei, die um volksfremder Ziele willen konfessionelle Zwietracht säen, und auf dem besten Wege sind, die Totengräber des deutschen Volkes zu werden, wenn ihnen nicht endlich das Handwerk gelegt wird."
"479","1927-03-04","Zeitung","Vossische Zeitung (Morgen-Ausgabe), 04.03.1927","Die Gelehrsamkeit aller Völker soll an diesen 54 Bänden sich wetzen, bis man diese 54 Bände einst wegstellen kann, weil über ihnen sich die Hände gefunden und ineinander gelegt haben."
"480","1930-12-31","Wissenschaft","Freyer, Hans: Soziologie als Wirklichkeitswissenschaft, Leipzig u. a.: B.G. Teubner 1930, S. 253","was heute soziologisch ein Volk sei, ergibt sich, wie gesagt, aus der konkreten Situation der gegenwärtigen Wirklichkeit, besonders der europäischen."
"481","1918-03-05","Zeitung","Berliner Tageblatt (Morgen-Ausgabe), 05.03.1918","Wenn die deutschen Interessenten auf Garantien für eine unparteiische Rechtsprechung so großen Wert legen, liegt darin keinerlei Mißtrauen gegen die künftigen ukrainischen Gerichte . Der ehrliche Wille der beiden Staaten, in Frieden und Freundschaft miteinander zu leben, das Bewußtsein, daß das deutsche und das ukrainische Volk niemals feindliche Gefühle gegeneinander hatten, wird die Rechtsprechung gerecht und frei von Leidenschaft lassen."
"482","1925-03-21","Gebrauchsliteratur","Die Landfrau, 21.03.1925","In Europa besitzen die südlichen, in heißeren Ländern wohnenden Völker - Italiener, Spanier, Portugiesen, Südfranzosen - auch eine farbstoffreichere, dunkler pigmentierte Haut, d. h. sie sind brünett, während die nördlichen Völker blond sind."
"483","1919-12-31","Gebrauchsliteratur","Blos, Wilhelm: Denkwürdigkeiten eines Sozialdemokraten, Bd. 2. In: Simons, Oliver (Hg.) Deutsche Autobiographien 1690-1930, Berlin: Directmedia Publ. 2004 [1919], S. 10197","»Die Republik ist die Form, die Demokratie ist die Methode, durch welche sich die Elemente des Volkes entwickeln und um die politische Macht kämpfen können."
"484","1919-12-31","Belletristik","Stucken, Eduard: Die weißen Götter, Stuttgart: Stuttgarter Hausbücherei [1960] [1919], S. 372","Das Volk wirft mit Steinen nach seinem Gott - das ist eure Erlösung!"
"485","1918-12-31","Gebrauchsliteratur","Schlipf, Johann Adam: Schlipfs populäres Handbuch der Landwirtschaft, Berlin: Parey 1918, S. 537","Das Ablegen oder Teilen ist ein Vorgang, bei welchem der Imker zwecks Vermehrung seiner Volkszahl aus ein oder mehreren Völkern Brutwaben entnimmt und daraus neue Völker bildet."
"486","1919-12-31","Belletristik","Stucken, Eduard: Die weißen Götter, Stuttgart: Stuttgarter Hausbücherei [1960] [1919], S. 143","Denn bei den Völkern Anahuacs waren Nachtkämpfe verpönt, seit uralters von den Göttern verboten."
"487","1927-03-01","Zeitung","Berliner Tageblatt (Morgen-Ausgabe), 01.03.1927","Der Sache des Volkes galt sein Leben."
"488","1927-12-31","Wissenschaft","Jahresberichte für deutsche Geschichte, 1927, S. 684","Braun (S. 675) sucht in Ausdehnung der Monographie Platonows über »Moskau und den Westen im 16. und 17. Jahrhundert« bis ins 13. Jahrhundert durch Betrachtung der russischen Familiennamen und kritische Durchsicht der Traditionen des russischen Hochadels Spuren alter deutscher Einwanderung im gegenwärtigen russischen Volk nachzuweisen."
"489","1925-03-09","Zeitung","Berliner Tageblatt (Abend-Ausgabe), 09.03.1925","Die großartige, unvergeßliche Huldigung, mit der ein Volk den aus seiner Mitte zur Führerschaft aufgestiegenen Mann ehrte, ist vorüber und das Kopfzerbrechen, das Parteigeflüster, das Herumsuchen nach dem besten und aussichtsreichsten Kandidaten hat begonnen."
"490","1920-12-31","Wissenschaft","Delbrück, Hans: Geschichte der Kriegskunst im Rahmen der politischen Geschichte - Erster Teil: Das Altertum, Berlin: Directmedia Publ. 2002 [1920], S. 1086","Das Volk, sagt Cäsar (VI, 13), wird wie Sklaven behandelt: durch Schulden, Steuern und Drangsale bringen die Mächtigen den gemeinen Mann dahin, sich als Hörigen zu bekennen."
"491","1926-11-08","Zeitung","Münchner Neueste Nachrichten, 08.11.1926","Jedes Volk verdient die Gesetze, die es bekommt."
"492","1927-12-31","Wissenschaft","Jahresberichte für deutsche Geschichte, 1927, S. 688","Vor allem aber spricht nichts dafür, daß der Anonymus Bulgaren und Slawen für zwei ethnisch voneinander verschiedene Völker gehalten hat:"
"493","1926-12-31","Belletristik","Traven, B.: Das Totenschiff, Berlin: Büchergilde Gutenberg 1929 [1926], S. 90","Ich glaube nicht daran, daß es irgendeine Feindschaft zwischen Völkern gäbe, wenn sie nicht künstlich erzeugt und dann tüchtig geschürt würde."
"494","1931-02-01","Zeitung","Niedersächsische Tageszeitung, 01.02.1931","Weil sie das größere Ziel aufstellen und größere Einigkeit und ganzen Mut fordern, strömen die besten Elemente des Volkes zu ihren Fahnen."""
"495","1924-03-14","Zeitung","Vossische Zeitung (Morgen-Ausgabe), 14.03.1924","Das deutsche Volk muß sich jetzt entschließen, ob es mit uns in stiller harter Arbeit Ordnung und Ruhe sichern, ob es den Weg ernster Pflichterfüllung weitergehen will zu dem Ziele, unsere bedrückten Brüder an Rhein, Ruhr und Saar wieder mit uns zu vereinigen und Deutschland frei zu machen, oder ob es sich an haltlosen Versprechungen und billigen Schlagworten berauschen, im wilden Drängen nach trügerischen Zielen sich in Zwietracht zerreiben und in Haß verzehren will."
"496","1924-10-11","Belletristik","Kafka, Franz: Josefine, die Sängerin. In: Deutsche Literatur von Lessing bis Kafka, Berlin: Directmedia Publ. 2000 [1924], S. 106818","Nun spricht aber doch noch anderes mit herein, das schwerer aus diesem Verhältnis zwischen Volk und Josefine zu erklären ist."
"497","1929-03-02","Zeitung","Völkischer Beobachter (Reichsausgabe), 02.03.1929","Es müsse im Auslande einen außerordentlich üblen Eindruck erwecken ( Allerdings !), wenn man eine Partei, die ein Drittel des Volkes umfasse, als Landesverratspartei hinstelle."
"498","1918-10-17","Zeitung","Tucholsky, Kurt: Macchiavelli. In: Kurt Tucholsky, Werke - Briefe - Materialien, Berlin: Directmedia Publ. 2000 [1918]","»Entweder will das Volk sich die Herrschaft des Gesetzes überhaupt noch nicht gefallen lassen . . . so ist in diesem Fall Krieg zwischen dem Fürsten selbst und dem Volke . . . und der Fürst erhält, da ja schlechthin, und ob es dem Volke gefalle oder nicht, Gesetzmäßigkeit und Friede sein soll, in diesem Falle das göttliche Recht des Krieges gegen ein solches Volk . . ."
"499","1921-12-31","Wissenschaft","Jung, Carl Gustav: Psychologische Typen. In: ders., Gesammelte Werke, Bd. VI, Zürich u. a.: Rascher 1967 [1921], S. 248","Die mystische Deutung liebte es aber, die Braut als Israel und den Bräutigam als Jahve aufzufassen, und zwar aus einem richtigen Instinkte, nämlich um auch das erotische Gefühl in das Gottesverhältnis des ganzen Volkes überzuführen."
"500","1928-02-01","Gebrauchsliteratur","Reklame-Praxis, 1928, Nr. 6, Bd. 4","Und um so angenehmer überrascht es, um so begeisterter ist das Volk, wenn er sich in der Vorstellung persönlich zeigt."
