"No.","Date","Genre","Bibl","Hit"
"1","1969-04-25","Zeitung","Die Zeit, 25.04.1969","Und noch ein zweites Argument für den Entschluß der Reformer auszuharren: die Solidarisierung der Arbeiter mit den Ideen der Januar-Revolution, die das ganze Volk nach jahrelanger Apathie plötzlich in äußerste politische Aktivität versetzte."
"2","1963-11-01","Zeitung","Die Zeit, 01.11.1963","Das heitere Temperament des Volkes und die schwerelose Ausgeglichenheit, durch das Klima begünstigt, tragen mit dazu bei, den Alltag mit einem weinenden und einem lachenden Auge zu ertragen."
"3","1967-02-03","Zeitung","Die Zeit, 03.02.1967","Wir können ihnen helfen, ihnen Rüstungsmaterial zur Verfügung stellen, unsere Leute als Berater hinschicken - aber gewinnen müssen sie ihn, das Volk von Vietnam."""
"4","1969-11-21","Zeitung","Die Zeit, 21.11.1969","Das arme Volk schleppt geduldig den Karren, worauf die Fürsten und Liberalen ihre Affenkomödie spielen."""
"5","1957-01-31","Zeitung","Die Zeit, 31.01.1957","[...] An der österreichischen Situation jenes Jahres nimmt der philosophierende Oberst nicht einmal gedanklichen Anteil, wiewohl das immerhin die Zeit war, in der das Volk trotz stärksten sowjetischen Terrors bei der Wahl im November 1945 den Kommunisten eine Abfuhr erteilte, wie sie sie nirgendwo sonst erfahren hatten; die Zeit, in der in den Wiener Spitälern reihenweise die Kinder starben, weil es an den primitivsten Heil- und Nährmitteln fehlte; die Zeit, in der trotz der Barbarei aller vier Besatzungsmächte ein Staat aufgebaut wurde, der sich bislang als stabiler erwiesen hat als mancher von seinen eigenen Phrasen aufgeblähte Siegerstaat von damals. [...]"
"6","1968-12-13","Zeitung","Die Zeit, 13.12.1968","Ich fühlte mich überrieselt von herrlichen Worten über praktische Ziele und ethische Grundsätze: Toleranz, Hilfsbereitschaft, Verständigung der Völker, Abbau der Rassenschranken, Freundschaft, Aufgeschlossenheit, Verantwortungsbewußtsein, Brückenschlag zwischen den Generationen, Verpflichtung, all denen zu helfen, die bedürftig sind und angewiesen auf die Hilfsbereitschaft ihrer Mitmenschen ..."
"7","1962-11-02","Zeitung","Die Zeit, 02.11.1962","Und die katholische Zeitschrift ""Mann in der Zeit"" prophezeite unter der diffamierenden Überschrift ""Schul-Kolchosen?"", daß die Zentralschule dazu beitragen werde, ""unser ganzes Volk der Tingeltangelkultur städtischer Geschäftemacher"" auszuliefern."
"8","1964-06-26","Zeitung","Die Zeit, 26.06.1964","Chemie bringt Brot, wissenschaftlich-technischen Fortschritt, hohe Arbeitsproduktivität und Wohlstand für das ganze Volk."""
"9","1965-04-02","Zeitung","Die Zeit, 02.04.1965","Was so fachhistorisch klingt, ist tatsächlich ein Musterbeispiel politisch-historischer Analyse der Beziehungen zwischen zwei Völkern, in der sich wirtschaftliche, psychologische, machtpolitische und persönliche Faktoren vielfältig ergänzen."
"10","1965-01-01","Zeitung","Die Zeit, 01.01.1965","Für uns als Volk und Staat geht es darum, auf einem vor Erregung zitternden Boden der Weltpolitik unseren sicheren Weg zu finden."
"11","1957-07-25","Zeitung","Die Zeit, 25.07.1957","Sie bilden in den zum großen Teil erst werdenden und noch tief zerklüfteten Völkern das einzig zuverlässige Ordnungselement."
"12","1950-05-18","Zeitung","Die Zeit, 18.05.1950","Dieser Vorgang ist noch ohne Tradition, sonst würde von der Menge spontan die Hungerhymne angestimmt werden, die ja dermaleinst, kommen wird, wenn das neue Ideal erst Gemeingut des Volkes und der Volksdemokratie ist; einstweilen aber verharrt die Menge noch in ehrfürchtigem Schweigen, und niemand bemerkt es, wenn hier und da ein junger, strebender Mensch ganz still für sich versucht, dem Großen da im Kasten nachzueifern."
"13","1951-03-29","Zeitung","Die Zeit, 29.03.1951","Sehen Sie sich doch einmal unser Volk an, wie es auf den Straßen herumlungert, nichts tut, bettelt und nur dann etwas arbeitet, wenn der Hunger es unbedingt dazu zwingt."
"14","1967-03-03","Zeitung","Die Zeit, 03.03.1967","In den Untersuchungen, die Bloch jetzt mit dem Titel ""Judentum in der Krise"" herausgibt, geht er von der Tatsache aus, daß Israel als Volk seine Identität bewahrt hat, und zwar als ein Volk ""eigener Kategorie"", da sich diese Identität nicht auf Land, Staat oder Sprache gründet."
"15","1966-04-29","Zeitung","Die Zeit, 29.04.1966","Was hier auf so häßliche Weise beendet wurde, betraf ein ganzes Volk, ja eigentlich ganz Europa."
"16","1961-12-08","Zeitung","Die Zeit, 08.12.1961","""Eine stärkere Strangulierung der Freiheit der Repräsentanten des Volkes läßt sich insoweit kaum mehr denken, man sieht sie geradezu zu Lorbeerbäumen im Vestibül des Koalitionsausschusses degradiert."
"17","1957-02-14","Zeitung","Die Zeit, 14.02.1957","Wo in den Demokratien eine schlichte Mehrheit genügt, muß es in den Diktaturen das ganze Volk sein -"
"18","1961-12-08","Zeitung","Die Zeit, 08.12.1961","Sie stellten ihrem Volke die Frage, ob dies alles notwendig gewesen sei, ob nicht Fahrlässigkeit, ja sogar Böswilligkeit den blutigen Krieg herbeigeführt habe, und ob nicht am Ende neben Japan auch Amerika als Besiegter treten müsse."
"19","1969-05-23","Zeitung","Die Zeit, 23.05.1969","Nach dem Zusammenbruch und nach der Währungsreform hat Erhard im Rahmen des liberalen Grundgesetzes dieses Volk mit großem Geschick an den Wiederaufbau herangeführt."
"20","1946-03-21","Zeitung","Die Zeit, 21.03.1946","""Die im Kriege Gefallenen sind bei Göttern geehrt und Menschen""; ungezählt bleiben die Worte der Bibel, die die Völker aller Epochen und Sprachen ihren gefallenen Kriegern zum Gedächtnis in Stein meißelten."
"21","1952-08-07","Zeitung","Die Zeit, 07.08.1952","Es wird auch nicht besser dadurch, daß er in seinen Begriff der communis opinio, der öffentlichen Meinung, zwei Elemente hineingeheimnißt: das Recht und das Allgemeinwohl, letzteres im Sinne der Nützlichkeit, womit dann in peinlicher Weise die Erinnerung an die Definition, Recht ist, was dem Volke nutzt, wieder wach wurde."
"22","1960-06-03","Zeitung","Die Zeit, 03.06.1960","""Der französische Kolonialismus führt seit fünf Jahren Krieg gegen das algerische Volk, das heroisch um seine Unabhängigkeit kämpft."""
"23","1947-12-11","Zeitung","Die Zeit, 11.12.1947","So viel uns auch von mancher Seite im Ausland, auch aus den Reihen unserer ehemaligen Kriegsgegner, in manchen Punkten Verständnis und Wohlwollen entgegengebracht wird, so sind wir doch prinzipiell völlig schutzlos, Jeder im Ausland und im Inland jeder, der der inländischen Gerichtsbarkeit nicht unterworfen ist, ist grundsätzlich nicht gehindert, uns als ein ganzes Volks ohne Unterschied zwischen Schuldigen und Unschuldigen, nach Belieben zu beschuldige, m. beleidigen, zu beschimpfen."
"24","1969-11-14","Zeitung","Die Zeit, 14.11.1969","Diese Formulierungen legen eine Frage nahe: Hat der Zustand ohne Krieg seine Ursache in dieser Koexistenz zweier Imperien, die sich mit einem modus vivendi abgefunden haben, der vielleicht sogar dem Willen der Völker widerspricht?"
"25","1968-07-26","Zeitung","Die Zeit, 26.07.1968","Ceaucescu sagte, das gesamte rumänische Volk sei ""ein Herz und eine Seele"" mit dem tschechoslowakischen Volk."
"26","1964-11-20","Zeitung","Die Zeit, 20.11.1964","Und ebenso wird sich das deutsche Volk an die latente Krise seiner gegenwärtig noch größten Partei zu gewöhnen haben, was noch nichts darüber besagt, wie es sich daran gewöhnt."
"27","1959-03-27","Zeitung","Die Zeit, 27.03.1959","An diesem Vorschlag entzündeten sich nun die Gemüter, die sich darüber erbost zeigten, daß der Kleinaktionärsvertreter nicht aus ihrer Mitte benannt worden war, daß nicht auch das zweite Mandat einem ""Mann aus dem Volke"" - wie man sich ausdrückte - vorbehalten war, daß ein ""Kapitalist"" wie der Unternehmer Werhahn angeblich kein Vertreter der Aktionärsinteressen sein könnte, daß überhaupt eine Neuwahl angesetzt worden sei, obwohl der günstige Verlauf des Berichtsjahres doch gezeigt habe, daß das Geschäft auch so floriere u. a. m."
"28","1946-05-23","Zeitung","Die Zeit, 23.05.1946","Sie treffen die Substanz dieses Volkes, bevor sie noch bekannt sind."
"29","1949-11-10","Zeitung","Die Zeit, 10.11.1949","Früher waren es vornehmlich die Schluchten und Untiefen der menschlichen Seele, die mit goldenen Dichterworten ausgefüllt wurden, und das Volk ging hin und kaufte die Werke und beweinte sie."
"30","1969-10-31","Zeitung","Die Zeit, 31.10.1969","""Wir haben sowenig Bedarf an blinder Zustimmung, wie unser Volk Bedarf hat an gespreizter Würde und hoheitsvoller Distanz"", und hinzugefügt hatte, das Selbstbewußtsein seiner Regierung werde sich als Toleranz zu erkennen geben."
"31","1953-02-12","Zeitung","Die Zeit, 12.02.1953","Sie werden sich darauf stützen, daß die Abkommen von den Sowjets verletzt seien und zur Versklavung anderer Völker geführt hätten."
"32","1951-04-05","Zeitung","Die Zeit, 05.04.1951","Er sagte, daß niemand der Kirche die Verantwortung für die Lebensfragen des deutschen Volkes abnehmen könne, daß aber auch nicht der Eindruck entstehen dürfe, als wollte oder könnte die Kirche den berufenen Führern des Staates ihre Verantwortung abnehmen."
"33","1965-07-02","Zeitung","Die Zeit, 02.07.1965","""Denn Volk will zu Volk und kommt zu Volk."""
"34","1966-10-21","Zeitung","Die Zeit, 21.10.1966","Daß Konfessionsschulen zur Unwahrhaftigkeit erziehen, ist mit Punkt 5), daß sie die Erziehung zum Staatsbürger erschweren, wohl noch etwas mehrals eine krasse Beleidigung eines großen Teiles unseres deutschen Volkes."
"35","1959-07-17","Zeitung","Die Zeit, 17.07.1959","Aber wenn man früh genug unterwegs ist, kann man sehen, wie tief die buddhistische Religion in diesem Volk verwurzelt ist."
"36","1960-02-19","Zeitung","Die Zeit, 19.02.1960","Wir hoffen, daß die Herren des Kremls dem russischen Volk nach und nach die Freiheiten gewähren, die einer zivilisierten Nation zustehen."
"37","1950-06-01","Zeitung","Die Zeit, 01.06.1950","Nur: für diese Erkenntnis mußte nun gestritten werden, denn alsbald nach der Niederlage spaltete sich das deutsche Volk in die beiden Lager, das nationalistische und das republikanische."
"38","1965-05-07","Zeitung","Die Zeit, 07.05.1965","Aber was ich in Gesprächen mit Belgradern immer wieder habe feststellen können, ist die wahrlich erstaunliche Tatsache, daß weder die faschistische Okkupation noch die zählebige antifaschistische Propaganda nach dem Krieg das deutsche Ansehen, das prodeutsche Vorurteil, den Mythos vom ""Volk der Dichter und Denker"" haben austilgen können."
"39","1957-10-17","Zeitung","Die Zeit, 17.10.1957","Das Heilmittel hieß ""Gelenkte Demokratie"", was in der Praxis bedeutete, daß Sukarno mit Hilfe einer von ihm ernannten Vertretung aller Stände und politischen Gruppen des Volkes selber - und zwar ohne parlamentarische Verantwortung - regieren wollte."
"40","1955-11-24","Zeitung","Die Zeit, 24.11.1955","An dieser Küste, erklärte Manuelo, wohnten Romanen, ein Mittelmeervolk (die Küste von Casablanca gehört freilich zum Atlantik!), das auch ebenso in Monako wie in Beirut, in Alexandria wie in Cadiz zu finden sei; ob Griechen oder Algerier, Marokkaner oder Levantiner - überall das gleiche Volk."
"41","1959-04-03","Zeitung","Die Zeit, 03.04.1959","Man gesteht es in vertrauten Gesprächen ohne weiteres ein, daß der vielgeschmähte Status quo heute nicht mehr die schlechteste, sondern die beste aller denkbaren Lösungen der deutschen Frage, für absehbare Zukunft sei, aber man hat nie den Mut gehabt, dies dem Volk ganz klar und ganz hart zu sagen."
"42","1961-05-19","Zeitung","Die Zeit, 19.05.1961","Wie oft hatte man dem Volk versprochen, mit der grassierenden Korruption aufzuräumen - und wie wenig ist in den bald acht Jahren seit dem Sturze Mossadeghs aus diesen Versprechungen geworden!"
"43","1967-12-01","Zeitung","Die Zeit, 01.12.1967","""Die Zukunft unseres Volkes zeigt sich als ein Opfer- und Leidensweg sondergleichen."
"44","1946-04-11","Zeitung","Die Zeit, 11.04.1946","Die getroffene Regelung ist darüber hinaus eine Manifestation des Willens aller Völker, künftig gemeinsam den Aufbau der zerschlagenen Welt durchzuführen."
"45","1948-09-09","Zeitung","Die Zeit, 09.09.1948","Feind und Partner - niemand kann beides: zu gleicher Zeit sein, weder von Mensch zu Mensch, noch von Volk zu Volk."
"46","1953-11-19","Zeitung","Die Zeit, 19.11.1953","Alles bisher Berichtete erklärt, daß, sich der Charakter unseres Volkes immer in ""Personen"", nie aber in der Gesellschaft ausgedrückt hat."
"47","1964-03-06","Zeitung","Die Zeit, 06.03.1964","Wer das anstrebt - und nur dann hat es überhaupt Sinn, den jungen Völkern enorme Hilfsgelder für den industriellen Aufbau zu zahlen -, muß logischerweise bereit sein, diesen neuen Industrien Absatzmärkte beispielsweise in Europa zu öffnen und damit gewisse europäische Industriezweige auf den Weg weiterer Spezialisierung zu drängen - oder sie absterben zu lassen."
"48","1968-01-12","Zeitung","Die Zeit, 12.01.1968","Was für viele andere Völker Asiens nach Kriegsende Unabhängigkeitskampf war, wurde für Kambodscha, mit und dank Sihanouk, mehr Unabhängigkeitsdiplomatie."
"49","1955-07-14","Zeitung","Die Zeit, 14.07.1955","""Man muß sehen, daß das Volk nicht auf einen Haufen komme."""
"50","1946-11-14","Zeitung","Die Zeit, 14.11.1946","Die Völker der Welt wüßten, so sagte er ebenfalls, daß es keinen wahren Frieden ohne Gerechtigkeit für alle geben könne - Gerechtigkeit für die kleinen wie die großen Nationen."
"51","1965-02-26","Zeitung","Die Zeit, 26.02.1965","Das Kuratorium Unteilbares Deutschland hat das deutsche Volk attfgerufen, den 17. Juni auch in diesem Jahr wieder trnst und wiirdig zu begehen."
"52","1966-08-19","Zeitung","Die Zeit, 19.08.1966","In diesem speziellen Fall das des deutschen Volkes in den Augen der Italiener."
"53","1961-01-06","Zeitung","Die Zeit, 06.01.1961","Wenn die Niederlande freiwillig und pfleglich ihren großen Kolonialbesitz in die Hände des indonesischen Volkes gegeben hätten, so wäre heute ohne Zweifel Holländisch die vorherrschende westliche Sprache in Indonesien."
"54","1969-06-20","Zeitung","Die Zeit, 20.06.1969","""Wie steht es mit dem Europa der Völker?"""
"55","1964-09-25","Zeitung","Die Zeit, 25.09.1964","Die beiden frühesten Massenmedien, das Lied und der Witz, haben dies gemeinsam, daß sie vom Ursprung her das Volk im Wappen führen, aber so wie ein einzelner, und ein großer Dichter dazu, das sogenannte Volkslied vom Schnitter Tod erdacht hat, so muß auch beim Volkswitz jedesmal einer der erste gewesen sein, der - sprachschöpferisch - von Schusters Rappen redete oder das Kraftwort gebrauchte, das wir ein Goethe-Zitat nennen."
"56","1960-11-18","Zeitung","Die Zeit, 18.11.1960","Das liegt gewiß auch daran, daß die anderen nur das Indien des zwanzigsten Jahrhunderts besuchten, die politische Großmacht unter den Neutralen oder den wirtschaftlich wichtigen Handelspartner, während Professor Heuss auch die Begegnung mit der jahrtausendealten indischen Vergangenheit sucht, die Begegnung mit den unvergleichlichen Kunstdenkmälern der religiösen Kultur dieses Volkes."
"57","1949-09-15","Zeitung","Die Zeit, 15.09.1949","Alfred Döblin: ""November 1918, Verratenes Volk""."
"58","1954-02-25","Zeitung","Die Zeit, 25.02.1954","Aber auch bei dem wahrhaft freundschaftlichen Empfang auf den Freundschaftsinseln bei der netten großen Königin Salote von Tonga und ihrem dunklen fröhlichen Volk erschließt sich Sinn und Symbolkraft der britischen Krone."
"59","1949-06-23","Zeitung","Die Zeit, 23.06.1949","Es kam nämlich schließlich dabei heraus, daß ein Großteil der Beamten nicht aus Berufsinteresse, sondern nur und lediglich der gesicherten Pension halber ihren Platz ausfüllte, und es kam auf der anderen Seite heraus, daß weite Teile unseres Volkes gerade in dieser Sicherheit den Krebsschaden des Beamtentums erblicken, weil hier eben in den meisten Fällen nicht die Leistung entscheidet, sondern,, wie es ein Einsender drastisch schrieb, die Anzahl der durchgescheuerten Hosenböden."
"60","1963-05-24","Zeitung","Die Zeit, 24.05.1963","Gewiß ist es für die Reproduktion des Volkes entscheidend, daß die Kinderreichen den Ausgleich für die Kinderlosen und Kinderarmen besorgen."
"61","1958-09-04","Zeitung","Die Zeit, 04.09.1958","Vielen erschien des spannungsgeladene Verhältnis zwischen den aber und den jungen Völkern nur als Folge eines bedauerlichen Mißverständnisses - bis dann, ziemlich am Ende der Seminarwochen, der Asienfachmann Tibor Mende, Professor am Pariser ""Institut für Politische Wissenschaften"", manche ihrer Verstellungen ins Wanken brachte."
"62","1948-09-30","Zeitung","Die Zeit, 30.09.1948","Denn damit wäre gerade das Gegenteil von dem erreicht worden, was Außenminister Marshall als eine der wichtigsten Prinzipien der amerikanischen Außenpolitik unterstrich: die USA würden niemals in grundsätzlichen Fragen Kompromisse schließen und niemals zulassen, daß mit den Rechten und Freiheiten anderer Völker Kuhhandel getrieben werde."
"63","1969-05-23","Zeitung","Die Zeit, 23.05.1969","Wir erstreben, daß das südvietnamesische Volk Gelegenheit erhält, seine politische Zukunft ohne Einmischung von außen selbst zu bestimmen."
"64","1959-06-19","Zeitung","Die Zeit, 19.06.1959","Ihn, den Präsidentschaftskandidaten, dem Volke näherzubringen, bemühte sich der Chronist, Aussprüche zu finden, in denen er sein Wesen offenbarte, seinen Mut, temperamentvoll einzugreifen ins Geschehen, seine Klugheit, seinen Weitblick, oder wenigstens seine Kunst, sich populär zu machen."
"65","1965-10-29","Zeitung","Die Zeit, 29.10.1965","""Die Erkenntnis, daß Preußen Deutschlands Unglück ist, kann dem bayerischen Volk nicht nachdrücklich genug zu Bewußtsein gebracht werden ."
"66","1967-04-21","Zeitung","Die Zeit, 21.04.1967","Rühmkorf macht kein Hehl daraus, daß er mit einem Volk, welches sich dieses Vermögen bewahrt hat, zufrieden ist."
"67","1966-09-30","Zeitung","Die Zeit, 30.09.1966","Jaspers sieht auch nicht, daß das von ihm ersehnte Europa mit einem lebensgefährlichen Makel behaftet sein wird, wenn ein Volk darin gespalten bleibt, wenn die große Familie der Deutschen nicht zusammenkommen darf."
"68","1947-07-31","Zeitung","Die Zeit, 31.07.1947","Herrscht hier etwa das Volk?"
"69","1969-01-31","Zeitung","Die Zeit, 31.01.1969","Allein diese Tatsache rechtfertigt das Verhalten der Reformer, die, wohl wissend, daß sie zu Handlangern der Okkupanten werden würden, diese Rolle bewußt auf sich nahmen, um Schlimmeres zu verhüten und dem Volk wenigstens ein gewisses Maß an Freiheit zu erhalten."
"70","1959-10-02","Zeitung","Die Zeit, 02.10.1959","""Volk ohne Raum"", der Titel seines bekanntesten, aus der Stimmung nach dem Versailler Friedensvertrag entstandenen Romans, ist der dunkle Stern seines Lebens geworden."
"71","1969-12-19","Zeitung","Die Zeit, 19.12.1969","Oder, wie der Dramaturg Klaus Völker, der Löffler schon vorweg abgeschossen werden sollte, es formulierte:"
"72","1969-05-23","Zeitung","Die Zeit, 23.05.1969","Die gab es deshalb nicht, weil die überwiegende Mehrheit der kommunistischen Partei und des ganzen Volkes mit dem im Januar angefangenen Kurs grundsätzlich übereinstimmte."
"73","1962-04-13","Zeitung","Die Zeit, 13.04.1962","Die heilige Expedition, die unser Volk retten und die Verräter ihrer Strafe zuführen wird, kann jederzeit beginnen Es war Generalissimus Tschiang Kaischek, der greise Herrscher über Formosa, der in der vorigen Woche so starke Worte gebrauchte."
"74","1951-12-06","Zeitung","Die Zeit, 06.12.1951","Das schier Unheimliche an seinem Buche ist, daß nicht allein der des Mordes angeklagte Jon Hreggviddson oder der Skaldaforscher Arnas Arnaeus und die schöne ""Snaefridur Islandsonne"" Hauptfiguren des Geschehens sind, sondern daß eine Schuldverstrickung des ganzen Volkes durch Missetaten und Unterlassungen sichtbar gemacht wird, in der der einzelne desto mehr bedeutet, je einflußreicher gesellschaftliche Position, Verstand und Verantwortungsgefühl sind:"
"75","1966-03-18","Zeitung","Die Zeit, 18.03.1966","Ungelöste politische Spannungen zwischen Völkern, besonders ungeregelte Gebiets- und Grenzfragen bilden eine Gefahr für den Frieden."
"76","1966-07-01","Zeitung","Die Zeit, 01.07.1966","Grundsatz der Demokratie, wenn sie wahrhaftig ist, ist das Vertrauen zum Volk, nicht etwa, daß es schon klug und weise und unfehlbar, oder gar Gottes Stimme wäre, keineswegs, sondern daß alles Heil auf der Selbsterziehung des Volkes beruhe."
"77","1967-05-19","Zeitung","Die Zeit, 19.05.1967","Sie können es mit der Proklamation von zwei deutschen Staaten und Völkern nicht lösen."
"78","1968-09-20","Zeitung","Die Zeit, 20.09.1968","Die Autoren dieses Entwurfes von 1962 meinten, das Straf recht habe eine ""sittenbildende Kraft""; es dürfe nicht nur bestimmte, eindeutig umschreibbare Rechtsgüter schützen, sondern müsse auch solche Handlungen unter Strafe stellen, die nach den ""sittlichen Grundanschauungen des deutschen Volkes"" strafwürdig seien."
"79","1969-12-05","Zeitung","Die Zeit, 05.12.1969","Ein Volk im Schutzanzug"
"80","1965-12-24","Zeitung","Die Zeit, 24.12.1965","Wir streben und werden immer nach einem wohlwollenden Kontakt mit diesen vernünftigen deutschen Kreisen streben; wir anerkennen dabei, daß ihre Aktivität Grund zur Hoffnung auf eine bessere Zukunft zwischen unseren Völkern gibt."
"81","1961-08-11","Zeitung","Die Zeit, 11.08.1961","Da hat sich der Präsident der Deutschen Bundesrepublik, Professor Heuss, nun soviel Mühe um eine neue von Schröder und Reutter verfaßte Hymne gemacht, wobei das Volk sich teilnahmslos verhielt."
"82","1962-03-30","Zeitung","Die Zeit, 30.03.1962","Für Leser, die sich die Beschäftigung mit der Geschichte eines anderen Volkes noch bequemer machen wollen, gibt es historische Romane."
"83","1957-05-09","Zeitung","Die Zeit, 09.05.1957","Ein voller kriegerischer Einsatz der modernen Waffen kann die Erde radioaktiv so verseuchen, daß ganze Völker vernichtet würden."""
"84","1951-03-22","Zeitung","Die Zeit, 22.03.1951","Und voller Aufmerksamkeit hörten sie schließlich Herrn W. von der ""Volkserhebung in Deutschland und Europa"" zu, der mit dem Zeigefinger durch die Luft fahrend, verkündete, daß er nicht das Volk für sich, sondern sich für das Volk opfern wolle; sie hörten ihm zu, während in einem kleinen Nebenraum vor der Garderobe ungleich interessantere Dinge getuschelt wurden."
"85","1952-08-07","Zeitung","Die Zeit, 07.08.1952","Weither suchen die Völker sie auf und wandern die Menschen, denn für die Waren der Welt ist sie ein wimmelnder Markt."""
"86","1968-05-17","Zeitung","Die Zeit, 17.05.1968","Warum ist dieser ""Marsch des armen Volkes"" in einer Zeit der Vollbeschäftigung und der seit zwei Jahrzehnten unaufhaltsam steigenden Einkommen in Bewegung geraten?"
"87","1963-05-17","Zeitung","Die Zeit, 17.05.1963","... versuchte de Gaulle ... sich dem Volke zwischen den sich verschärfenden Gegensätzen von Rechts und Links als Retter der Einheit Frankreichs anzubieten."
"88","1956-11-22","Zeitung","Die Zeit, 22.11.1956","""Wir sind durch die Ereignisse in Ungarn zurückgeworfen, weil sie die Wand des Mißtrauens zwischen dem Osten und der freiheitlichen Welt höher getürmt haben"", klagt ein politischer Leitartikler und stößt mit diesem Ausspruch dem ungarischen Volk tausendfältig den Dolch in den Rücken."
"89","1969-10-10","Zeitung","Die Zeit, 10.10.1969","Denn während Rumänen, Bulgaren und Finnen ihre Waffen erst gegen die Deutschen kehrten, als die Sowjetarmeen bereits tief in ihren Ländern standen, erhob sich das kleine Volk der Slowaken, das damals 2,7 Millionen Menschen zählte, ein halbes Jahr, bevor die Sowjetpanzer durch die Täler und Dörfer seiner Heimat rollten."
"90","1963-04-05","Zeitung","Die Zeit, 05.04.1963","Es sei empörend, behauptete Pawlow, wenn einige sowjetische Schriftsteller und Dichter im Ausland ""für ein Foto im 'Life', ein Interview mit dem 'Stern' oder ein 'dort' verlegtes Buch bereit sind, das Heiligste zu vergessen - das Volk, das ihnen buchstäblich alles gegeben hat, die großen Errungenschaften des Kommunismus""."
"91","1947-11-13","Zeitung","Die Zeit, 13.11.1947","Präsident Truman übermittelte dem russischen Volk anläßlich der dreißigjährigen Wiederkehr des Revolutionstages die Glückwünsche des amerikanischen ""Volkes."
"92","1968-09-20","Zeitung","Die Zeit, 20.09.1968","[...] Mehr aber, und das in dieser Materialfülle zum erstenmal, blickt einen der andere Hitler an: Aus der Frühzeit der Gernegroß in Lederhose und Zopfstrümpfen, den Mund unter dem Schnauzbart zusammengekniffen, sodann, als Masseneintreiber vor der ""Machtergreifung"", der Viehhändler mit Filzhut und Hundepeitsche am Handgelenk, später nacheinander der Gaukler in Frack und Zylinder, der ""erste Soldat des deutschen Volkes"" mit SA-Mütze und Schulterriemen, der Schausteller, der Mädchenköpfe streichelt, betörten Frauen die Hand reicht, sich im ""Heil""-Gebrüll Nürnberger Parteitagsekstase aufrichtet, breitbeinig, die Linke am Koppel, die schwarze Strähne in der Stirn. [...]"
"93","1959-05-01","Zeitung","Die Zeit, 01.05.1959","Nicht Großbritannien hat seine Grenzen vorgeschoben und dabei souveräne Völker absorbiert."
"94","1966-04-15","Zeitung","Die Zeit, 15.04.1966","Aus dieser Einsicht aber die Konsequenz zu ziehen, ist nicht ganz, leicht für einen Politiker, der sein ganzes Leben lang unter einem Mann gedient hat, der diese Entwicklung nicht sah, weil er sie nicht sehen wollte, der aber stark genug war, seinem Volk die eigene Vorstellung aufzuzwingen, solange er regierte."
"95","1961-07-21","Zeitung","Die Zeit, 21.07.1961","Kennedy muß sein Volk aufrütteln."
"96","1953-01-01","Zeitung","Die Zeit, 01.01.1953","Seit jenen Tagen genossen die Deutschen bei den farbigen Völkern verstärkte Sympathien, die sie jetzt allerdings verloren haben durch den Vertrag, den Bonn mit Israel - ohne irgendeine Sondierung bei den arabischen Nationen - abgeschlossen hat und der der Bundesregierung von israelischer Seite nicht einmal die staatliche Anerkennung geschweige denn einen Handelsvertrag eingetragen hat."
"97","1967-03-10","Zeitung","Die Zeit, 10.03.1967","Auch ein geschlagenes Volk behält legitime Rechte und nationale Interessen, zumal in Zeiten, die durch eine, nationalistische Politik aller anderen Mächte gekennzeichnet sind."
"98","1969-06-20","Zeitung","Die Zeit, 20.06.1969","Einer Betrachtung wert? Kaum - wären da nicht die Minister und Admiräle gewesen, nicht die Männer, die verstohlen NPD-Zeitungen aus den Taschen kramten, nicht die Schilder ""Wer kennt den Unteroffizier Kurt Bettermann?"", nicht die verhärmten Frauengesichter über den Vermißtenkarteien des Roten Kreuzes, nicht das Funktionärsvokabular von vorgestern (""In dieser Feier spiegelt sich erneut die wahre Seele des deutschen Volkes""), nicht das Grußtelegramm des Vertriebenenpräsidenten Reinhold Rehs vom Schlesiertreffen (""Wir sind zur Stunde im gleichen Bekenntnis vereint"")..."
"99","1958-05-08","Zeitung","Die Zeit, 08.05.1958","Das deutsche Volk, das 1914 vielleicht nicht überall mit rauschender Begeisterung, aber doch einig und festen Muts in einen Krieg ging, den es als Verteidigungskrieg auffaßte, kam vier Jahre später müde, uneins und seiner selber unsicher geworden aus diesem Krieg zurück."
"100","1963-07-12","Zeitung","Die Zeit, 12.07.1963","[...] Bobrowskis Lyrik führt nach mehr als hundertfünfzig Jahren manches weiter, was im späten Hölderlin seinen Ursprung hat, aber nie zur Tradition werden konnte: das Deuten des Bestehenden (wozu auch das einst Bestehende gehört), wenn man das Deuten nicht als Kommentar, sondern als dichterische Wiedergabe versteht; die ""poetische Ansicht der Geschichte"", sogar die ""Popularität"" Hölderlins, die Verbundenheit mit dem Volk ohne jeden Nationalismus und ohne jene Herablassung, die die Popularität vulgär macht; ganz besonders ""das Karakteristische der Wälder und das Zusammentreffen von verschiedenen Karakteren der Natur"", wozu auch das Zusammentreffen der verschiedenen Kulturen und Nationalitäten gehört; und jene ""Architektonik"", welche die Verhältnisse zwischen den landschaftlichen und menschlichen Bestandteilen im Raum des Gedichts bestimmt. [...]"
"101","1963-11-22","Zeitung","Die Zeit, 22.11.1963","Monnet ist zu alt und zu spezialisiert auf ökonomische Fragen, Mendès France als außerordentlich geistvoller Mann zu unpopulär für die Massen, unpopulärer als Mollet, der Sozialist, oder als Pflimlin, der katholisch-bürgerliche Parteiführer; der Sozialist Mitterand ist zwar effektvoll als Redner, aber als politische Figur zu wenig solide im Angesicht des Volkes."
"102","1966-11-25","Zeitung","Die Zeit, 25.11.1966","Vieles bleibt undurchsichtig, weil die rumänische Führungsschicht den inneren Mechanismus ihrer Machtausübung erfolgreicher gegen ein schwatzfrohes Volk abschirmt als andere Partei-Eliten in Osteuropa."
"103","1951-02-01","Zeitung","Die Zeit, 01.02.1951","Das Volk steht auf! -"
"104","1959-04-17","Zeitung","Die Zeit, 17.04.1959","Er sah wieder Baracken und die Hungernden und die Sterbenden und die zehntausend unbestatteten Leichen, sah die sechs Millionen Toten seines Volkes, Der Wind peitschte Regen über die Denkmäler und Gräber."
"105","1969-08-08","Zeitung","Die Zeit, 08.08.1969","Damals herrschte die Meinung, das russische Volk sei auserwählt, der Welt eine reine und unverdorbene Kultur zu bescheren, frei von der Verdorbenheit und Fäulnis des Westens."
"106","1949-12-01","Zeitung","Die Zeit, 01.12.1949","Von den 24 Millionen Bürgern der Rzeczpospolita Polska hat Stalin nicht mehr als maximal drei Millionen wirklich erobert, die restlichen 21 Millionen, rund 88 v. H. des polnischen Volks, sind gegen seine Ideologie immun, weil sie eine andersgeartete, der seinigen diametral entgegengesetzte Bindung aufrechterhalten, die zur katholischen Kirche."
"107","1947-08-07","Zeitung","Die Zeit, 07.08.1947","Ohne daß es deswegen erforderlich wäre, für die eine oder für die andere Seite-Partei zu nehmen, müssen wir uns mit der Tatsache abfinden, daß die sowjetische Staatsführung sich gezwungen sieht, ihren ermüdeten und enttäuschten Völkern auf irgendeine Weise so schnell wie möglich etwas zu geben, ohne jedoch dadurch die Abwehrbereitschaft gegen die kapitalistische Aggression, die man befürchten zu müssen glaubt, zu beeinträchtigen."
"108","1968-12-20","Zeitung","Die Zeit, 20.12.1968","Dann wird unsere bisher so fürchterliche Lage zwischen den Völkern für uns das reine Pläsier."
"109","1959-08-28","Zeitung","Die Zeit, 28.08.1959","Das Volk aber ist teils amüsiert - Grivas sei vor allem deswegen so erbost, kolportieren die Hellenen, weil ihm sein Leibadjutant entzogen worden ist -, teils gleichgültig, teils aufgebracht gegen den Helden außer Dienst, der jetzt erfahren muß, was vor ihm in Athen schon klassischere Heroen entdeckten:"
"110","1967-11-10","Zeitung","Die Zeit, 10.11.1967","Die Kirche wacht darüber, daß der Staat in ihre Bastionen nicht eindringt, und das Volk der Katholiken steht ihr bei; der Staat ist gezwungen, die Refugien begrenzter Freiheit zu achten."
"111","1950-09-21","Zeitung","Die Zeit, 21.09.1950","""Das einfache Volk von Hanoi bezeichnet Ho Chi Minh (den Führer der Unabhängigkeitsbewegung) als Heiligen."
"112","1958-12-11","Zeitung","Die Zeit, 11.12.1958","Eine besorgte Bulgarin, die in Frankfurt wohnt und die Uraufführung des Films in Wien erlebt hat, schrieb mir, daß sie Shaw nicht verzeihen könne, in die schmerzliche Geschichte des bulgarischen Volkes eingegriffen zu haben, das kaum von der türkischen Herrschaft befreit, durch die Politik der Großen im Jahre 1885 in einen Krieg mit Serbien getrieben wurde."
"113","1964-02-14","Zeitung","Die Zeit, 14.02.1964","So sehr geliebt, daß die anti-monarchistischen und anticarlistischen Sozialisten die Segel streichen mußten, als sie sahen, daß dieses Volk für das Königshaus ist."
"114","1948-06-03","Zeitung","Die Zeit, 03.06.1948","Nur dauerte diese ""Beteiligung des Volkes an der Ausarbeitung der Verfassung"" in der Sowjetunion seinerzeit (1936) volle fünf Monate."
"115","1950-07-13","Zeitung","Die Zeit, 13.07.1950","Malaparte steckt in einer italienischen Haut, in der Haut eines Volkes, das sowohl besiegt als befreit wird, das in sich selbst unter Mitsieger und Geschlagene zerfällt und das Bild erbarmungswürdiger Zerrissenheit und Demütigung bietet."
"116","1950-06-08","Zeitung","Die Zeit, 08.06.1950","Wer hat es sich heute wirklich bis in die letzten Konsequenzen klargemacht, daß in der Zeit seit 1945 nach Westdeutschland ein Volk in der Größe etwa des belgischen oder holländischen eingewandert ist, unter Zurücklassung aller für ein solches Volk vorhandenen Lebensgrundlagen!"
"117","1966-06-10","Zeitung","Die Zeit, 10.06.1966","Um das Verhältnis der beiden Völker ging es dem Politiker Stinnes in seinem hartnäckigen Bemühen, eine wirtschaftlich für beide Seiten angemessene Lösung des Reparationsproblems zu finden."
"118","1950-03-02","Zeitung","Die Zeit, 02.03.1950","Man darf jetzt mit Sicherheit annehmen, daß die Sowjetunion und China formelle Vorschläge für die Einberufung einer japanischen Friedenskonferenz machen werden, die die Vereinigten Staater nicht ablehnen können, ohne sich in den Augen der asiatischen Völker mit dem Odium einer friedensfeindlichen Haltung zu belasten."
"119","1960-06-17","Zeitung","Die Zeit, 17.06.1960","Das israelische Volk hat gleichsam den Gerichtsstand und die naturrechtlichen Rechtsnormen auf seiner ahasverischen Wanderung mitgenommen."
"120","1949-03-10","Zeitung","Die Zeit, 10.03.1949","Der italienische Außenminister Graf Sforza bat ein neues Buch mit dem Titel ""Föderalismus oder neue Kriege"" vorgelegt, in dem die überragende Bedeutung des föderalistischen Gedankens als Grundbedingung eines friedlichen Zusammenlebens der Völker untersucht wird."
"121","1961-04-28","Zeitung","Die Zeit, 28.04.1961","Dieser erscheint erst nach den hitzigen Debatten, nach der Abstimmung über die Entschließungen, um sich wie ein Monarch seinem Volke zur Huldigung darzubieten."
"122","1968-05-24","Zeitung","Die Zeit, 24.05.1968","""Die China umgebenden barbarischen Völker konnten sich entscheiden, ob sie die chinesische Kultur annehmen wollten oder nicht."
"123","1957-08-01","Zeitung","Die Zeit, 01.08.1957","Das mexikanische Volk, jetzt etwa 32 Millionen, wächst jährlich um etwa eine Million Menschen."
"124","1967-04-14","Zeitung","Die Zeit, 14.04.1967","Regieren heißt"", so hat Kiesinger es formuliert, ""das Volk überzeugen."""
"125","1948-10-21","Zeitung","Die Zeit, 21.10.1948","Wenn das gequälte Volk trotzdem noch jahrelang auf den Frieden warten mußte, so hatte das mehrere Gründe."
"126","1959-10-30","Zeitung","Die Zeit, 30.10.1959","Zwei weitere Losungen drücken die Hoffnung aus, daß sich die Freundschaft und Zusammenarbeit mit den Völkern Frankreichs und Englands festige."
"127","1965-05-21","Zeitung","Die Zeit, 21.05.1965","Ich spreche von einem beiden Völkern gemeinsamen, aber gegensätzlich gerichteten Menschenideal."
"128","1958-09-04","Zeitung","Die Zeit, 04.09.1958","Der Briefwechsel zwischen ihm und dem Bischof von Chichester, der in diesem Band vollständig abgedruckt ist, zeigt eine verhängnisvolle Identifizierung zwischen Nationalsozialismus und deutschem Volk und zudem die nicht minder verhängnisvolle These, ""daß ihnen (den Männern der Opposition) niemand glauben wird, bis sie aktive Schritte getan haben, ihr gegenwärtiges System zu beseitigen""."
"129","1967-09-01","Zeitung","Die Zeit, 01.09.1967","""Wenn ein Dichter lebenslang bemüht war, täglich Vorurteile zu bekämpfen, engherzige Ansichten zu beseitigen, den Geist eines Volkes aufzuklären, dessen Geschmack zu reinigen und dessen Gesinnung und Denkweise zu veredeln, was soll er denn Besseres tun?"
"130","1951-06-21","Zeitung","Die Zeit, 21.06.1951","Die dritte stimmte das Lob der Litauer und die Klage über das Schicksal dieses Volkes an."
"131","1962-11-09","Zeitung","Die Zeit, 09.11.1962","Zu einer Demokratie aber gehört, daß Macht und Geltung unsicher werden, weil die Macht vom Volke ausgeht und von Wahlen und von der öffentlichen Meinung abhängt."
"132","1955-06-16","Zeitung","Die Zeit, 16.06.1955","Diesem Wunsch der deutschen Jugend, England, sein Volk, seine Gebräuche und Eigentümlichkeiten in kurzer Ferienzeit unter Aufwendung bescheidener Mittel möglichst gründlich kennenzulernen, kommen die Englandreisen des Deutschen Gewerkschaftsbundes entgegen, der seit kurzem im Rahmen seines Berufsbildungswerkes für eine jedermann erschwingliche Summe laufend 14tägige und vierwöchige Londonreisen organisiert."
"133","1966-03-25","Zeitung","Die Zeit, 25.03.1966","Bereits 1844 hat Marx beklagt, daß das deutsche Volk ""die Restaurationen der modernen Völker geteilt habe, ohne ihre Revolutionen zu teilen""."
"134","1965-12-17","Zeitung","Die Zeit, 17.12.1965","Das Volk hält zusammen, soweit ich das zu beurteilen vermochte."
"135","1963-03-15","Zeitung","Die Zeit, 15.03.1963","Seine Rückkehr an die Macht unter den riskanten Umständen der ungarischen antikommunistischen Revolution, der Suez-Krise, des Machtkampfes um Chruschtschow, der gärenden Unruhe unter Polens Arbeitern und Intellektuellen - das war in jenem Oktober 1956 eine Art ""Schilderhebung"" durch das Volk."
"136","1961-06-30","Zeitung","Die Zeit, 30.06.1961","Leider muß man unter der Wirkung der schweren politischen Gegensätze ausdrücklich daran erinnern, daß jene Völker und Staaten im Osten zu Europa, eben zu Osteuropa, gehören."
"137","1959-07-24","Zeitung","Die Zeit, 24.07.1959","Es ist anzunehmen, daß diese Begabung auch heute noch in unserem Volke lebt; es ist ja Wenig wahrscheinlich, daß wir in dieser Hinsicht so ganz anders sein sollten als unsere Großväter."
"138","1969-08-01","Zeitung","Die Zeit, 01.08.1969","Gleichzeitig bat er das ""Volk von Massachusetts"", das ihn 1964 mit einer Mehrheit von einer Million Stimmen in den Senat entsandt hatte, um ""Rat und Hilfe"", ob er denn nun zurücktreten solle."
"139","1968-09-20","Zeitung","Die Zeit, 20.09.1968","""Das Volk bleibt ohne Gewinn."""
"140","1967-06-16","Zeitung","Die Zeit, 16.06.1967","Der zweite Faktor, der das Mißtrauen lebendig hält, ist die mehr oder minder eingestandene Angst, die Deutschen könnten sich eines Tages über den Kopf der Polen hinweg mit den Russen verständigen, und der Leidtragende solcher Verständigung könnte wiederum das kleinere Volk in der Mitte sein."
"141","1968-07-26","Zeitung","Die Zeit, 26.07.1968","Nie zuvor stand das Volk der ÄCESSR so geschlossen hinter seiner KP, noch nie waren Tschechen und Slowaken so einig wie derzeit unter dem Druck Moskaus."
"142","1956-11-01","Zeitung","Die Zeit, 01.11.1956","Jetzt, wo es darauf ankommt, wo der Frieden des ungarischen Volkes verlorenging, wo die Menschlichkeit verhöhnt wird und die ungarische Freiheit mit sowjetischen Panzern niedergewalzt wurde, was geschieht da?"
"143","1955-09-29","Zeitung","Die Zeit, 29.09.1955","Als das ""Gemeinschaftswerk aller Vertriebenen, dem ganzen deutschen Volk gewidmet"" stellt eine Schlagzeile auf dem Schutzumschlag das Buch"
"144","1968-08-30","Zeitung","Die Zeit, 30.08.1968","Er scheiterte an dem totalen Widerstand eines ganzen Volkes, das in sechs Monaten der Freiheit ein unbeugsames Selbstvertrauen entwickelt hat, das sich einig wußte mit seinen politischen Repräsentanten."
"145","1965-09-03","Zeitung","Die Zeit, 03.09.1965","Fast die ganze republikanische Geschichte dieses unglücklichen Volkes ist ja eine Geschichte von wilden Partisanenkämpfen."
"146","1954-05-06","Zeitung","Die Zeit, 06.05.1954","Jetzt, nachdem Ostpakistan, und das ist die Majorität des Volkes, eine neue Partei an die Regierung gebracht hat, erhebt sich die Frage, ob die alten Vertreter in der verfassunggebenden Versammlung, die bei der umgeschlagenen Volksmeinung nicht mehr repräsentativ sind, dort weiter amtieren können."
"147","1948-07-01","Zeitung","Die Zeit, 01.07.1948","Im Zusammenhang mit dem eigentümlichen Schicksal des Volkes, das seit zwei Jahrtausenden in der ganzen Welt zerstreut lebt und in seinen kulturellen Bestrebungen überall Berührungspunkte mit anderen Völkern findet, hat sich die jüdische Musik zu einem Erscheinungskomplex herausgebildet, der mannigfaltigste Elemente, Ausdrucksformen und Inhalte umfaßt."
"148","1958-07-03","Zeitung","Die Zeit, 03.07.1958","Man denke nur, wie viele der gemeinsamen Aufgaben und Möglichkeiten die technische Entwicklung geschaffen hat, an die ""Eisernen Vorhänge"", mit denen sich die Völker umgeben, an Vorstellungen, Vorurteile und Affekte, die im Mittelalter vielleicht ihre Berechtigung hatten, heute aber immer wieder scheitern."
"149","1961-12-22","Zeitung","Die Zeit, 22.12.1961","Bis auf einige wenige Wahnsinnige glaubte niemand mehr an den Endsieg, den Hitler seinem geschundenen Volk noch immer versprach, und trotzdem tat jeder seine unmenschliche Pflicht, als sei seine sture Haltung das Selbstverständlichste auf dieser irr gewordenen Welt."
"150","1953-09-10","Zeitung","Die Zeit, 10.09.1953","Obwohl die Sehnsucht nach einer Wiedervereinigung des heute zerrissenen Deutschland allgemein ist, besteht in vielen Kreisen unseres Volkes, auch unter den Flüchtlingen, die Sorge, daß mit dem Zusammenschluß und den dann erforderlich werdenden großen wirtschaftlichen Anstrengungen eine unerträgliche Senkung des Lebensstandards verbunden sein würde und viele wirtschaftliche Existenzen sowohl von Flüchtlingen im Bundesgebiet als vor allem auch von Gewerbetreibenden in der Ostzone notleidend werden könnten."
"151","1947-12-11","Zeitung","Die Zeit, 11.12.1947","Demokratie, so sollte man meinen, heißt; Herrschaft des Volkes, durch das Volk und für das Volk."
"152","1963-03-15","Zeitung","Die Zeit, 15.03.1963","Die Führung, so erklärten sie, sage dem Volk nicht die Wahrheit - aus Angst, bei den Wählern unpopulär zu werden."
"153","1949-02-10","Zeitung","Die Zeit, 10.02.1949","Ihr Vertrauen wird mir die Kraft geben, immer der erste zu sein, wenn es gilt, Bekenntnis und Zeugnis abzulegen für den neuen Lebensgrundsatz des deutschen Volkes: Freiheit und Recht!"""
"154","1969-07-18","Zeitung","Die Zeit, 18.07.1969","Die Reliefskulptur der Triumphbögen und Gedenksäulen ist offizielle römische Kunst, im Dienst politischer Propaganda, Kunst fürs Volk, um ihm die Leistungen der Armee und ihrer Führer einzuhämmern; die Reliefs hatten nach Picard eine ähnliche."
"155","1968-09-20","Zeitung","Die Zeit, 20.09.1968","Wenn er von seinem Manuskript aufblickt und sein Volk an die Parole der letzten Monate erinnert, ""Wir denken an euch - denkt ihr an uns"", dann meint man, seine Entschlossenheit zu spüren, sich zu behaupten."
"156","1967-06-16","Zeitung","Die Zeit, 16.06.1967","Doch gibt es heute in der Bundesrepublik eine ganze Reihe von Menschen, die von einer Sympathie zu dem Schicksal des polnischen Volkes während und nach dem Kriege geleitet - unverfälscht durch alte oder neue Romantizismen - aufrichtig daran interessiert sind, mit dem polnischen Volk sehr viel mehr in Kontakt zu kommen, sowohl politisch, wie kulturell, wie menschlich."
"157","1965-11-26","Zeitung","Die Zeit, 26.11.1965","In dem Jahrbuch ""Ostkunde im Unterricht"" bemängelte er, daß man in den Schulen den Begriff Volk nur noch im Sinne von Bevölkerung verwende."
"158","1967-03-03","Zeitung","Die Zeit, 03.03.1967","Das liegt auch daran, daß die christliche Theologie jahrhundertelang vom ""Ende Israels"" sprach und es als ein totes Volk behandelte."
"159","1947-01-02","Zeitung","Die Zeit, 02.01.1947","Gewiß gibt es so wenig eine Kollektivschuld der Generationen wie der Völker."
"160","1964-01-17","Zeitung","Die Zeit, 17.01.1964","Man weiß, daß Nkrumah sie nicht nur zur ""Erziehung der Partei und des Volkes zum Nkrumahismus"" einsetzt, sondern sie auch dazu verwendet, seine Kabinettskollegen, Abgeordnete, Parteifunktionäre und Beamte unter Druck zu setzen."
"161","1969-03-07","Zeitung","Die Zeit, 07.03.1969","Die Juden, ein Volk von Sklaven, hat er aus der Knechtschaft geführt."
"162","1969-04-18","Zeitung","Die Zeit, 18.04.1969","Eben erst aus stalinistischem Gefängnis gekommen, als Vertreter des ""eigenen polnischen Weges zum Sozialismus"" im Lande bekannt, von den Russen - wie sich erwies, unberechtigt - rechtsnationaler Abweichungen verdächtigt, brachte er alle Voraussetzungen mit, um vom Volk einen Vertrauenskredit zu bekommen."
"163","1958-02-13","Zeitung","Die Zeit, 13.02.1958","Zweimal innerhalb einer Generation haben das britische Volk und seine Alliierten die Schrecken der deutschen Kriegsmaschine erfahren."
"164","1961-06-23","Zeitung","Die Zeit, 23.06.1961","Zar Peter I. wird als Mann des Volkes vorgestellt, dem das Los der Leibeigenen mehr am Herzen liegt als die Gunst der mächtigen fürstlichen Neider."
"165","1961-08-18","Zeitung","Die Zeit, 18.08.1961","Ich halte das deutsche Volk nicht für korrupt."""
"166","1969-11-21","Zeitung","Die Zeit, 21.11.1969","Das Funktionieren der Abschreckung beruht darauf, daß die Völker - gleichsam auf Entfernung - in Geiselhaft genommen werden."
"167","1956-11-29","Zeitung","Die Zeit, 29.11.1956","Das Verhalten der Deutschen während des Krieges gegenüber unseren Völkern hat uns erst recht zusammengeschweißt."
"168","1949-09-08","Zeitung","Die Zeit, 08.09.1949","In den nördlichsten, von den Deutschen unter General Rendulic total zerstörten und nach der Befreiung unter großen Opfern des ganzen Volkes wiederaufgebauten Provinzen Troms und Finnmark ist der Wahlkampf bereits in vollem Gange."
"169","1962-03-02","Zeitung","Die Zeit, 02.03.1962","Mit dieser Frage unterstellte Strauß, daß die Staatsanwälte entgegen der beamtenrechtlichen Bestimmung ""Der Beamte dient dem ganzen Volk, nicht einer Partei"" als Parteidiener gehandelt hätten."
"170","1956-06-14","Zeitung","Die Zeit, 14.06.1956","""Spitzbart, Bauch und Brille sind nicht Volkes Wille!"" las man auf einer großen weißen Tafel auf dem Marktplatz von Halle."
"171","1967-02-03","Zeitung","Die Zeit, 03.02.1967","Zu Fernaus Einsichten in die Natur seines Volkes gehört auch diese (""Disteln"", Seite 16):"
"172","1964-10-09","Zeitung","Die Zeit, 09.10.1964","Das gedankenlose und träge Mitschwimmen mit jedem aktuellen Vorurteil und jeder aktuellen Strömung im Volke kann sich aber das amerikanische Volk, angesichts der kritischen Weltlage, nicht leisten:"
"173","1959-09-18","Zeitung","Die Zeit, 18.09.1959","Ein so vernünftig investiertes Kapital wird, wenn der Film nur Neues bringt und nicht das wiederkäut, was man voller Verachtung für den Wunsch des Volkes hält."
"174","1966-11-18","Zeitung","Die Zeit, 18.11.1966","""Die historischen Ereignisse, die wir mit diesen Jubiläen verknüpfen, gehören zur progressiven humanistischen und revolutionären Tradition unseres Volkes."""
"175","1964-02-07","Zeitung","Die Zeit, 07.02.1964","Diese Kräfte beeinflussen die herkömmlichen zwischenmenschlichen Beziehungen sowohl innerhalb der Völker wie auch zwischen den Nationen."
"176","1964-08-14","Zeitung","Die Zeit, 14.08.1964","""Damals war es der Kaiser; jetzt bin ich es ..."" Überaus schicksalsträchtig sind seine Beziehungen zu Ludendorff, in dessen angeregtem und wirren Kopf die Eliminierung des Unterschiedes zwischen politischer Führung und Kriegsführung, zwischen Zivilisten und Soldaten schon 1916 spukte, der später in seinem Buch über den ""totalen Kireg"", zumal im Kapitel über den ""Feldherrn"", genau das Amt beschrieb, das Hitler einnehmen sollte - einschließlich des letzten Hitlerschen Aperçus, wonach der Feldherr für sein Volk zu groß sein könnte."
"177","1965-12-03","Zeitung","Die Zeit, 03.12.1965","Aus dem Parteianhänger Penkowsky, der - als 22jähriger - die anfänglichen Niederlagen der Sowjets im Jahre 1941 kaum glauben wollte, bis er Stalin seine Rundfunkansprache vom 3. Juli mit den Worten ""Brüder und Schwestern"" beginnen hörte - ""Stalin hatte das Volk so niemals zuvor angeredet"" -, muß irdgendwann Ende der fünfziger Jahre der russische Patriot Penkowsky geworden sein."
"178","1951-11-01","Zeitung","Die Zeit, 01.11.1951","So bildet sich allmählich eine Summe von Elementarvorstellungen, die, für jedes Volk spezifisch, die Sternen weit seines ""Nationalgefühls"" aufbauen."
"179","1946-11-07","Zeitung","Die Zeit, 07.11.1946","Großbritannien wird in seiner Stellungnahme, wie die Erklärung von Cripps und andere Verlautbarungen vermuten lassen, in diesem Ausschuß wenig von den Exportsorgen der eigenen Textilindustrie, jedoch mehr von den volkswirtschaftlichen Gegebenheiten Japans ausgehen, das als ein Volk von 80 Millionen und bei dem Mangel an Rohstoffen durch Export seine Rohstoffeinfuhr bezahlen müßte."
"180","1953-03-19","Zeitung","Die Zeit, 19.03.1953","Und wenn heute das japanische Volk mit Ernst und in aller Stille die Reformen und die fortschrittlichen Maßnahmen wieder abschafft, die ihm die Besatzungsbehörden aufzunötigen versucht hatten, wenn es sich wieder mit seiner Liebe um den Kaiser Hirohito schart, der damals als einziger den bitteren Entschluß zur letzten noch möglichen Rettung vor der Ausrottung faßte, so sagt man, daß es den Anami tuschki wo michi gehe, den ""Weg des Generals Anami...!"""
"181","1964-10-02","Zeitung","Die Zeit, 02.10.1964","Sollte sich da der Bundestag dieses Mediums, das er aus dem politischen Leben kaum eliminieren kann, nicht doch als eines Instrumentes versichern, das Parlament dem Volke wieder nahezubringen?"
"182","1967-03-24","Zeitung","Die Zeit, 24.03.1967","Meine Mahnungen sind überdies auch nie dahin gegangen, das deutsche Volk möge im einzelnen oder im ganzen weniger verbrauchen als ihm für Zwecke notwendiger Investitionen und des Konsums zur Verfügung steht - das heißt um des Sparens willen zu sparen."
"183","1956-11-01","Zeitung","Die Zeit, 01.11.1956","Schon die Zeitgenossen haben ihn entweder als Halbgott, Helden, Feldherrn, Vollender oder Zerstörer der Revolution bewundert oder als Despoten, Unterdrücker fremder Völker, ja als Teufel und Antichrist gehaßt."
"184","1947-07-31","Zeitung","Die Zeit, 31.07.1947","Wir sagten, daß die Holländer das Malaiische als Schul- und Umgangssprache eingeführt 'hatten: die Jugend und die politischen Aktivisten fanden ihren Vorteil darin, aber ein Volk besteht nicht nur aus jungen und politisch interessierten-Leuten."
"185","1967-02-10","Zeitung","Die Zeit, 10.02.1967","Das Vertrauen des indischen Volkes in seine Führung war schwer erschüttert, und es erlitt weiteren Schaden, als der außenpolitischen Katastrophe eine permanente Wirtschaftskrise folgte."
"186","1963-12-20","Zeitung","Die Zeit, 20.12.1963","Aber wie werden wir, meine verehrten Leser, ein Volk von Aktionären?"
"187","1958-11-06","Zeitung","Die Zeit, 06.11.1958","Ich bin sicher, daß seine Stimme im Chorus der lateinamerikanischen Völker, die uns von Jahr zu Jahr mit erstaunlicheren Wortschöpfungen überraschen, immer vernehmlicher werden wird, da sie sich in der wundervollen Anstrengung der Reinheit zugleich konzentriert und verstärkt."
"188","1966-03-18","Zeitung","Die Zeit, 18.03.1966","Dieser Entschluß, dessen Tragweite damals vielen Menschen durch die Hoffnung auf einen Zusammenbruch des russischen Herrschaftssystems verborgen blieb, und der seine Überzeugungskraft im übrigen vor allem aus jenem antikommunistischen Affekt unseres Volkes zog und bis heute zieht, läßt sich nicht mehr ungeschehen machen, selbst wenn wir es wollten."
"189","1954-12-16","Zeitung","Die Zeit, 16.12.1954","Eine Denkschrift des Sportbundes, die allen Abgeordneten des Bundestages zugeleitet wurde und in der Willy Daume einen ""Bundessportplan"" zur Erhaltung der Gesundheit des deutschen Volkes entwickelte, hat endlich Erfolg gehabt."
"190","1967-04-07","Zeitung","Die Zeit, 07.04.1967","Etwas viel Wichtigeres tut not: ein Volk kann sich wandeln, und unser Autor ist davon überzeugt, daß sich das deutsche Volk, daß sich insbesondere die Jugend gewandelt hat."
"191","1962-10-19","Zeitung","Die Zeit, 19.10.1962","""Wenn das so weitergeht, werden wir uns statt mit Konjunkturproblemen bald mit der nackten Existenzfrage unseres Volkes beschäftigen müssen."""
"192","1969-04-11","Zeitung","Die Zeit, 11.04.1969","In einem Volk, in dem Frau Saubermann und der weiße Riese Hochzeit halten, kann auch Geschlechtlichkeit nur als schmutzig erlebt werden, selbst heute noch."
"193","1949-08-11","Zeitung","Die Zeit, 11.08.1949","""Mögen die Radiobastarde in den Hinterhöfen New Yorks sich noch so anstrengen"", schrieb das Gewerkschaftsblatt ""Trud"" ""sie werden den Fortschritt der befreiten Völker nicht aufhalten können."
"194","1965-11-26","Zeitung","Die Zeit, 26.11.1965","Die Bundesrepublik spielt im Welthandel eine wichtige Rolle: 1964 importierte sie 9,2 Prozent und exportierte 10,7 Prozent aller Güter, die zwischen den Völkern der Erde gehandelt wurden."
"195","1969-01-24","Zeitung","Die Zeit, 24.01.1969","Die Mai-Revolution hat ihn, wie alle Argentinier in Paris, besonders stark beeindruckt, und so versinken am Ende die tanzenden Adligen unter dissonanten Tönen in den Abgrund, wie eine Art Kollektiv-Don-Juan in die Hölle - unter den Ha-Rufen des werktätigen Volkes von Messina."
"196","1963-01-18","Zeitung","Die Zeit, 18.01.1963","Findet der Kanzler sich dazu nicht bereit, so wird das Parlament, so wird das Volk ihn die Gefolgschaft versagen."
"197","1955-05-12","Zeitung","Die Zeit, 12.05.1955","Der Bundeskanzler sagte bei den Aufnahmefeierlichkeiten im Palais de Chaillot in Paris, daß die Ziele der NATO, insbesondere ihre rein defensive Aufgabenstellung, angesichts der politischen Spannung in der Welt vollständig den natürlichen Interessen des deutschen Volkes entsprechen, das sich nach den schrecklichen Erfahrungen zweier Weltkriege wie kaum ein anderes Volk nach Sicherheit und Frieden sehne."
"198","1962-12-14","Zeitung","Die Zeit, 14.12.1962","Das größte Geheimnis, das allen Regierenden gemeinsam ist - nämlich: daß die Völker mit wenig Verstand regiert werden - ist schon seit langem verbreitet."""
"199","1947-10-02","Zeitung","Die Zeit, 02.10.1947","[...] So war das Irrtum, was sich unsere Kameraden ersehnten. und was sie aufrecht hielt? Nein! denn sie hätten, wenn sie noch lebten, nicht vergessen, daß alles Leid, das wir jetzt durchzustehen haben, in der von ihnen bekämpften Vergangenheit begründet Heißt doch die Firma, in der das deutsche Volk sich heute abplagt, ""Hitlers Erben"",Sie würden es im Gegenteil als ausgesprochenen Vertrat an ihrem Opfer empfinden, wenn sehen müßten, wie dieses Volk, für das-sie dieses Opfer brachten, in weiten Schichten bereits vergessen hat, was war, und tut und redet, als wäre das alles nicht gewesen. [...]"
"200","1965-09-03","Zeitung","Die Zeit, 03.09.1965","""Ich spreche nicht zu den Krakeelern, sondern zu dem redlichen deutschen Volk."""
"201","1952-06-26","Zeitung","Die Zeit, 26.06.1952","Auf der Erinnerung unserer beiden Völker lasten viele schlimme Erfahrungen, Mißverständnisse und Irrtümer."
"202","1968-04-12","Zeitung","Die Zeit, 12.04.1968","Mag sein, daß ich nicht zusammen mit euch dorthin gelange, aber heute abend will ich euch sagen, daß wir als ein Volk das Gelobte Land erreichen werden."
"203","1951-08-02","Zeitung","Die Zeit, 02.08.1951","Schafft Heimstätten für unser Volk!"
"204","1966-12-02","Zeitung","Die Zeit, 02.12.1966","In dieser Situation war der deutsche Wirtschaftsdirektor der Bizone an einem Sonntag im Frankfurter Rundfunkhaus ans Mikrophon gegangen und hatte, ohne die Besatzungsmächte zu fragen, dem deutschen Volk eine gründliche Wirtschaftsreform verkündet."
"205","1955-08-18","Zeitung","Die Zeit, 18.08.1955","Darüber aber haben letzten Endes nicht die Ausländer zu entscheiden, sondern diejenigen Franzosen - und sie bilden die Mehrheit ihres Volkes -, welche die Zeche für die ästhetisch so schätzenswerte Stagnation ihres Landes inmitten unserer durchmobilisierten Welt zu bezahlen haben."
"206","1947-03-20","Zeitung","Die Zeit, 20.03.1947","Die kräftig auftragende Regie führte Wolf Völker, die musikalische Leitung hatte der tüchtige junge Dirigent Georg C. Winkler."
"207","1951-09-06","Zeitung","Die Zeit, 06.09.1951","Wenn es schon nicht ohne uns gehen kann, was der Mehrheit des deutschen Volkes immer noch das liebste wäre, dann kann auch nichts, was uns mit betrifft, ohne uns entschieden werden."
"208","1964-05-22","Zeitung","Die Zeit, 22.05.1964","Dennoch: ""Der Wille zur Zusammenarbeit muß auch den osteuropäischen Völkern sichtbar gemacht werden."
"209","1947-10-09","Zeitung","Die Zeit, 09.10.1947","Aber es bleibt zu hoffen, daß sie ihn wenigstens menschlich und sachlich achten werden und daß sie damit auch einem geschlagenen Volke den Spielraum zwischen Kollaboration und Nicht-Kollaboration zuerkennen, den wir haben müssen, wenn unsere geistige Freiheit und unsere sittliche Würde wiedergewonnen werden soll."
"210","1950-07-06","Zeitung","Die Zeit, 06.07.1950","Kein Beispiel aus wüster Zeit, aus Epochen der Anarchie unter den Völkern verfängt, wenn man sie beschreiben will."
"211","1966-03-04","Zeitung","Die Zeit, 04.03.1966","Aber auch das Volk, obwohl eines der gutmütigsten in Afrika, fing an zu murren."
"212","1960-03-18","Zeitung","Die Zeit, 18.03.1960","Gerügt wird vor allem, daß die sowjetische Propaganda die Unterschiede im Alter, Beruf, Bildungsgrad, sowie die nationalen Besonderheiten der verschiedenen Völker der UdSSR nicht genügend berücksichtigen: Sie sei nicht genügend differenziert, nicht konkret und zielstrebig genug, ihre Darlegungen nicht immer verständlich und außerdem mir traten überladen."
"213","1962-05-11","Zeitung","Die Zeit, 11.05.1962","Ihre Vorlagen werden dann abgelehnt, wenn die gesetzgebenden Organe des souveränen Volkes die Vorstellungen der Regierung nicht teilen."
"214","1961-06-16","Zeitung","Die Zeit, 16.06.1961","Er ist in den kommunistischen Ländern verboten, und zwar nach dem Prinzip, daß ohnehin alles dem Volk gehört."
"215","1954-09-16","Zeitung","Die Zeit, 16.09.1954","Vergleicht man mit der Raumnot der höheren Schule die sonst allenthalben entstandenen und entstehenden öffentlichen Gebäude, muß man annehmen, unser Volk ist so hoffnungslos dem Materialismus verfallen, daß es dieses Problem wirklich nicht erkennt."
"216","1969-07-11","Zeitung","Die Zeit, 11.07.1969","Denn im Falle einer weiteren Ausbreitungder anarchistischen Unruhe und einer zunehmenden Schwächung des demokratischen Staates könnte schneller als erwartet der Tag kommen, an dem sich die Kommunistische Partei dem Volk als die einzige noch intakte Ordnungsmacht offeriert."
"217","1969-11-28","Zeitung","Die Zeit, 28.11.1969","Ein unter der Annahme überraschungsfreier wirtschaftlicher Entwicklungen angestellter Vergleich zwischen der Bundesrepublik und den Vereinigten Staaten zeigt, daß sich das Pro-Kopf-Einkommen beider Völker nahezu gleich entwickeln würde, wenn man der Prognose gleiche Wachstumsraten zugrunde legt."
"218","1964-11-06","Zeitung","Die Zeit, 06.11.1964","Rußland war noch ein unentwickeltes Land, und der Unterschied im Lebensstandard zwischen den Russen und den asiatischen Völkern war nicht so erheblich."
"219","1958-03-27","Zeitung","Die Zeit, 27.03.1958","Vielleicht sollte man anders sagen: ""Jedes Volk hat das Parlament, das es bezahlt!"""
"220","1948-08-05","Zeitung","Die Zeit, 05.08.1948","Es wird viel von einem Lastenausgleich gesprochen, doch noch mehr darüber geschwiegen, die einen denken an ihn Tag und Nacht, die anderen suchen ihn aus ihren Gedanken zu verdrängen, er verkörpert Hoffnung und Furcht zugleich und manche fühlen sich verleitet zu glauben, daß durch ihn die bestehende Spaltung des deutschen Volkes in zwei feindliche Lager nicht ausgeglichen, sondern verschärft werden könnte."
"221","1950-01-05","Zeitung","Die Zeit, 05.01.1950","Das State Department geht von der Überlegung aus, daß Rußland den farbigen Völkern nur wenig zu bieten hat."
"222","1968-11-08","Zeitung","Die Zeit, 08.11.1968","In jeder anderen Zeit jedoch ist es die Hauptaufgabe des Schriftstellers, das, was das Volk denkt und nicht sagen kann oder darf, zu formulieren und laut in die Welt hinauszuschreien."
"223","1949-12-15","Zeitung","Die Zeit, 15.12.1949","Bei einer Parlamentarisierung des zwischenstaatlichen Lebens werden sich immer Völker finden, die sich durch Mehrheitsbeschlüsse in ihrem guten Recht beeinträchtigt fühlen."
"224","1969-03-21","Zeitung","Die Zeit, 21.03.1969","Das ""große Sieb ist geschüttelt, die Spreu vom Weizen getrennt"" - 329 Einsendungen erhielt die Jury des diesjährigen Schlagerwettbewerbs der DDR, 28 Titel wurden ausgewählt, nun soll des Volkes Stimme entscheiden."
"225","1946-08-08","Zeitung","Die Zeit, 08.08.1946","Der Austausch wird sich nicht darauf beschränken, vorhandene Mengen besser zu verteilen, sondern die Erzeugung zu beleben und, auf den Stand zu heben, der dem deutschen Volke wieder Hoffnung und den Glauben an die Zukunft gibt."
"226","1957-07-25","Zeitung","Die Zeit, 25.07.1957","Der Kommunismus wird von den Israels durchaus abgelehnt, da sie ihn als extremen Gegensatz zum Zionismus empfinden, der zwar auch die Revolutionierung eines ganzes Volkes unternommen hat, aber nicht aus bloß ökonomischer Sicht."
"227","1968-03-01","Zeitung","Die Zeit, 01.03.1968","""Sie deuteten an, daß im Bewußtsein des Volkes Nationalismus und Kommunismus kaum zu unterscheiden sind."
"228","1964-08-28","Zeitung","Die Zeit, 28.08.1964","Damit beleuchtet das Buch die Zwangslage jener kleinen Völker, die seit mehr als einem Jahrhundert zwischen den Interessen der Großmächte eingeklemmt sind, ohne die Möglichkeit einer eigenständigen Außenpolitik."
"229","1967-10-20","Zeitung","Die Zeit, 20.10.1967","Während man sich nämlich anstrengte, Euroland-Aktien zu 110 Prozent unters Volk zu bringen, verwies die Contracta Gesellschaft für Auslandsbesitz & Co KG Bauträgerunternehmen, Stuttgart, gleichzeitig einen Euroland-Aktionär, der einen Käufer für seine Papiere suchte, an Transacta in Lugano, ""die für einen Großaktionär Euroland-Aktien zum Kurs von 85 Prozent ankauft""."
"230","1969-10-31","Zeitung","Die Zeit, 31.10.1969","Und immer die bösen Kräfte, die ihn verfälschen möchten, den Willen, und dort zu rechnen anfangen, wo das gute Volk, das wählt und will, angeblich längst entschieden hat!"
"231","1966-01-21","Zeitung","Die Zeit, 21.01.1966","Es mag vielleicht stimmen, was Bundesminister Stoltenberg vor kurzem stolz sagte - daß nämlich ""das deutsche Volk"" wieder ""wissenschaftsbewußt"" geworden sei."
"232","1955-10-20","Zeitung","Die Zeit, 20.10.1955","Die südamerikanischen Völker, die fast zehn Jahrelang ohne Industrieimporte auskommen mußten, waren gezwungen worden, sich auf ihre eigenen technischen Fähigkeiten zu besinnen."
"233","1967-04-07","Zeitung","Die Zeit, 07.04.1967","Deshalb möchte ich die Mahnung des Papstes so verstehen, daß bei diesen Völkern zunächst der innere Friede hergestellt werden muß."
"234","1947-01-16","Zeitung","Die Zeit, 16.01.1947","In diesem dritten Bilde ist das Volk nicht Summe und ganz gewiß nicht Masse."
"235","1969-06-27","Zeitung","Die Zeit, 27.06.1969","Die Romantik war auf dem Kontinent eine Wiederbesinnung auf die geschichtlichen Ursprünge des eigenen Volkes."
"236","1956-11-22","Zeitung","Die Zeit, 22.11.1956","""Die fremden Völker"", schreibt er auf Seite 18, ""beurteilen die deutsche Einheit kaltblütig nach ihren Auffassungen von ihrer eigenen Staatsräson."
"237","1960-08-12","Zeitung","Die Zeit, 12.08.1960","Das an eine jahrelange schleichende Inflation gewöhnte amerikanische Volk vermag die positiven Folgen eines stabilen Lebenshaltungskosten-Indexes noch nicht recht zu würdigen."
"238","1960-04-01","Zeitung","Die Zeit, 01.04.1960","Bestimmte Bälle der Cité Universitaire - laut Absicht der Stifter ein Ort der Begegnung für Jugend aller Völker und Rassen - gelten als verrufen, weil sie von vielen afrikanischen Studenten besucht werden."
"239","1960-05-20","Zeitung","Die Zeit, 20.05.1960","Einmal hat uns einer vom Kreis den Plan des Volkes für die Wiedervereinigung erläutert."
"240","1956-12-13","Zeitung","Die Zeit, 13.12.1956","Wer aber soll feststellen, welche Auswirkungen die technische Auswertung neuer wissenschaftlicher Erkenntnisse auf den Menschen, auf die Gesellschaft, auf den Staat, auf das Zusammenleben der Völker haben könnte?"
"241","1968-09-20","Zeitung","Die Zeit, 20.09.1968","Die amerikanische Revolution ist daher in Wirklichkeit der bedeutendste antikolonialistische Befreiungskrieg, der sich in der neueren Geschichte je zwischen zwei weißen Völkern abgespielt hat, aber kein sozialrevolutionäres Ergebnis des inneren Umsturzes wie die Französische Revolution, welche die Herrschaft der absoluten Monarchie und des Adels stürzte und das Bürgertum als neue Herrschaftsschicht etablierte."
"242","1952-10-02","Zeitung","Die Zeit, 02.10.1952","Nach Artikel 24 des Bonner Grundgesetzes kann der Bund durch Gesetz Hoheitsrechte auf zwischenstaatliche Einrichtungen, also etwa den Europarat, übertragen (Abs. 1) oder nach Abs. 2 der gleichen Bestimmung ""zur Wahrung des Friedens sich einem System kollektiver Sicherheit einordnen"" und hierbei ""in die Beschränkung seiner Hoheitsrechte einwilligen, die eine friedliche und dauerhafte Ordnung in Europa und zwischen den Völkern der Welt herbeiführen und sichern""."
"243","1968-08-30","Zeitung","Die Zeit, 30.08.1968","Die sowjetischen Truppen verteidigen nicht, wie vorgegeben wird, den Sozialismus gegen Konterrevolution; sie verteidigen lediglich das heutige sowjetische Establishment, das Furcht hat vor einer Evolution des Sozialismus, die unabwendbar ist auf die Dauer, unabwendbar auch für die Sowjetunion; ihr militärischer Aufmarsch ist eine Manifestation dieser Furcht, die aber nicht die Furcht des russischen Volkes ist, sondern die Furcht der Funktionäre vor dem eigenen Volk."
"244","1963-07-19","Zeitung","Die Zeit, 19.07.1963","Alkohol, Opium, Koffein, Cocain, das Schnupfpulver Cohoba und Haschisch sind nur einige aus einer großen Zahl, die uralter Besitz der Völker sind."
"245","1955-12-01","Zeitung","Die Zeit, 01.12.1955","Er darf aber nicht mit dem Nationalgefühl verwechselt werden, das bei jedem Volk - auch bei den Deutschen - ehrenhaft ist."
"246","1966-03-11","Zeitung","Die Zeit, 11.03.1966","Anders als der listige Volksrichter Adzdak bei Brecht, der mit seiner abstrusen Rechtsprechung in einer Bürgerkriegssituation doch immer Agent des Volkes bleibt, ist Simon Eyre bei Dorst eine durchaus zwielichtige Figur, die vor allem, sei es auch mit schmutzigen Geschäften, Richter von London werden will, aber zugleich das Volk, das doch vielleicht Leidensträger seiner Manipulationen ist, nicht vergißt und zudem das feudal-bürgerliche Liebespaar auch noch unterstützt."
"247","1965-07-09","Zeitung","Die Zeit, 09.07.1965","Israel hat sich einen festen Platz in der Gemeinschaft der Völker erobert."
"248","1952-06-26","Zeitung","Die Zeit, 26.06.1952","Wir wissen auch aus der Geschichte, daß sich die Mentalität der Völker nicht schnell zu ändern vermag."
"249","1957-11-21","Zeitung","Die Zeit, 21.11.1957","Der erste Präsident der Deutschen Bundesbahn, Prof. Dr. Oefterding, konnte in seiner Rede mit gutem Recht behaupten, daß jede Verkehrsverdichtung und jedes Verbessern einer Verkehrsverbindung zwischen den Ländern unseres Kontinents das Zusammenwachsen der Völker, das gegenseitige Verstehen und das Gefühl der Verbundenheit beschleunigen."
"250","1967-12-01","Zeitung","Die Zeit, 01.12.1967","Doch wenn man ein Neger in Watts oder Harlem ist und weiß, warum man dort ist, und weiß, daß man verurteilt ist, dort lebenslänglich zu bleiben, kann man nicht umhin, den amerikanischen Staat und das amerikanische Volk als seine Unterdrücker zu sehen."
"251","1956-07-12","Zeitung","Die Zeit, 12.07.1956","Hierfür braucht das indische Volk den Frieden."
"252","1949-09-08","Zeitung","Die Zeit, 08.09.1949","Hieß es erst, Religion sei Opium für das Volk, offenbart man jetzt, die orthodoxe Kirche solle leben!"
"253","1960-04-01","Zeitung","Die Zeit, 01.04.1960","""Mächtige Nationen haben die Pflicht, den weniger begünstigten Völkern soziale, technische und wirtschaftliche Hilfe zu leisten, damit diese dem Atheismus der Armut entrinnen; denn die Armut kann Atheisten aus uns allen machen."""
"254","1947-08-28","Zeitung","Die Zeit, 28.08.1947","Vergil: ""Unsicher wie ein Kind ist das Volk, furchtsam und fluchtbereit, wenn es im Stiche gelassen wird, gefährlichem seiner Unsicherheit, Unzugänglich jeglichem Zuspruch, unzugänglich jeglicher Überlegung, fern aller Menschlichkeit, gewissenlos, unbeständig, sprunghaft, unerläßlich und grausam, und doch auch wieder freigebig und großherzig, aufopterungsfähig und mutig wenn es sich selber findet, erfüllt von der ganzen Sicherheit des Kindes, in dem die Ahnung des richtigen Weges aufgedämmert ist, und das nun wie schlafwandelnd seinem Ziele zustrebt."
"255","1966-06-24","Zeitung","Die Zeit, 24.06.1966","""Vive de Gaulle"" rief das Volk, während es sich eilig zerstreute und der General in den Schutz des Sitzungssaales flüchtete."
"256","1964-02-28","Zeitung","Die Zeit, 28.02.1964","Wo also die wahre Gerechtigkeit mangelt, kann es keine durch Rechtsübereinkunft verbundene Menschenvereinigung und also auch kein Volk geben ..."
"257","1960-11-25","Zeitung","Die Zeit, 25.11.1960","Sind wir nicht in der Lage, es zu lösen, so werden jene Völker sich zweifellos und im vollen Bewußtsein dessen, was es bedeutet, der kommunistischen Methode zuwenden."
"258","1958-07-03","Zeitung","Die Zeit, 03.07.1958","Von wie wenig Völkern ist eine Geschichte möglich!"
"259","1947-03-13","Zeitung","Die Zeit, 13.03.1947","Das deutsche Volk aber hätte sie verstanden, und die Besatzungmacht hätte wohl den Ernst der Forderung eingesehen und Abhilfe geschaffen."
"260","1966-07-29","Zeitung","Die Zeit, 29.07.1966","Der Parteichef will klarmachen, daß Zentralismus Unglück über die Völker bringt."
"261","1961-07-07","Zeitung","Die Zeit, 07.07.1961","So könnte Luther gewesen sein, fühlt man - mit diesem nicht wohlklingenden, aber explosiven Organ, mit dieser proletenhaften ringenden Rauheit des aus dem Volk Geborenen und zum Volk Gehörenden, mit dieser stierhaft abwartenden Stärke, mit dieser Raserei plötzlicher Wut - so könnte Luther gewesen sein, oder doch ein Stück, ein Stückchen von Luther."
"262","1968-02-09","Zeitung","Die Zeit, 09.02.1968","Ein einheitliches Rechtsgefühl des Volkes gebe es nicht."
"263","1965-07-02","Zeitung","Die Zeit, 02.07.1965","Wir, das einfache Volk, sind gezeigt, aufs Wort zu glauben, was die Redner sagen."
"264","1962-11-23","Zeitung","Die Zeit, 23.11.1962","Die andere Einstellung, mit der es Kennedy und sein Kreis offenbar versuchen wollen, liefe darauf hinaus: der russische Kommunismus hat seine militante Phase hinter sich; die neue Ordnung ist soweit stabilisiert, daß man sich im Innern auf die freie und verantwortliche Mitarbeit des Volkes verlassen kann, aber das Volk, vor allem die jüngere Generation, ist auch so kritisch und anspruchsvoll, daß man es heranziehen muß; es ist interessiert am inneren Aufbau, aber nicht an der Weltrevolution."
"265","1953-07-30","Zeitung","Die Zeit, 30.07.1953","Dieser Plan, der doch jedem nüchternen Menschen - vorsichtig gesagt - ungeheuerlich vorkommen muß, würde also dem deutschen Volke einige hundert Millionen DM an Fehlinvestitionen kosten."
"266","1968-02-02","Zeitung","Die Zeit, 02.02.1968","Stökl macht deutlich, daß jedes osteuropäische Volk im Laufe von Jahrhunderten seine Erfahrungen mit den Deutschen gemacht hat."
"267","1950-06-29","Zeitung","Die Zeit, 29.06.1950","Wenn man zum Beispiel das thüringische Zentralorgan der SED ""Das Volk"" ansieht, so findet man darin (in der uns vorliegenden Ausgabe) insgesamt 64 Zeilen Meldungen aus dem Ausland und zehn Zeilen aus Westdeutschland."
"268","1949-11-24","Zeitung","Die Zeit, 24.11.1949","Die Informationsquellen des Volks sind das in Polentraditionelle ""Gerücht"" mit seinen oft hanebüchenen Behauptungen und der Londoner Rundfunk."
"269","1948-04-08","Zeitung","Die Zeit, 08.04.1948","Der Kuchen mit Marken und Schaum für das Volk, der Kaffee mit aufsteigendem Duft und Bohnen für die Kämpfer, nein, die Spieler, nein, für die Männer eben, nur die Männer."
"270","1962-03-23","Zeitung","Die Zeit, 23.03.1962","Chruschtschows Ziel ist es, den Weltraum zu erobern; sein Ehrgeiz, den Lebensstandard des sowjetischen Volkes zu erhöhen, ist nicht ganz so himmelstürmend."
"271","1967-10-27","Zeitung","Die Zeit, 27.10.1967","Das deutsche Volk muß ein Volk von Luftschutzmännern werden!"
"272","1958-03-06","Zeitung","Die Zeit, 06.03.1958","Sowjetrußland kann Sputniks bauen, aber es ist nicht in der Lage, das russische Volk mit Hausrat, Schuhen, Bekleidung und den tausend kleinen Dingen, die den Menschen erfreuen, nach Quantität und Qualität so zu versorgen, wie es einem menschenwürdigen Dasein im Besitz moderner Technik entspricht."
"273","1958-06-12","Zeitung","Die Zeit, 12.06.1958","Am Ende der Tage steht ein ""großer schweigender Mann"": ""ein Volk, das untergeht, muß Lieder singen"" - in der Anerkennung der Fatalität liegt Wert und Würde des Menschen."
"274","1950-07-06","Zeitung","Die Zeit, 06.07.1950","Als Michelangelo den Palazzo Farnese mit einem kühnen und neuartigen Hauptgesimse bekrönte, drängte sich an dem Tag, an dem die Gerüste endlich entfernt wurden, das Volk zu Tausenden auf dem weiten Platz vor der Baustelle und erging sich in lebhaften Debatten darüber, ob die Proportionen des weit ausladenden Gesimses nun auch wirklich den harmonischen Abschluß des mächtigen Palastes bildeten oder nicht;"
"275","1957-07-25","Zeitung","Die Zeit, 25.07.1957","Was nun das Verhältnis zwischen den Juden und dem deutschen Volk jetzt und in Zukunft betrifft, so besteht ein, wie man zuversichtlich glaubt, begründetes Vertrauen, aber deshalb doch kein Illusionismus."
"276","1951-12-06","Zeitung","Die Zeit, 06.12.1951","Sittliche und nationale Appelle mögen zu Zeiten ihre Wirkung haben und gegenläufige Kräfte kompensieren, aber sie werden nicht auf die Dauer durchschlagen, und das am wenigsten bei einem Volk, das mit kategorischen Imperativen dieser Art in der Vergangenheit geradezu gefüttert worden ist."
"277","1950-12-28","Zeitung","Die Zeit, 28.12.1950","""Durch den Beschluß, den verbrecherischen deutschen Militarisnus wieder aufzurichten, haben die Konferenzteilnehmer in Brüssel nicht nur einen Verrat am Frieden, sondern auch an ihren eigenen Völkern begangen."""
"278","1953-08-06","Zeitung","Die Zeit, 06.08.1953","Viele Mißverständnisse zwischen den Völkern beruhen darauf, daß niemand sich vorstellen kann, die berechtigten eigenen Forderungen könnten je an der öffentlichen Meinung des anderen Landes auf unüberschreitbare Grenzen stoßen."
"279","1960-11-04","Zeitung","Die Zeit, 04.11.1960","tritt vor sein Volk:"
"280","1958-09-25","Zeitung","Die Zeit, 25.09.1958","Dann blätterte er in einem Katalog, bis er die zutreffende Rubrik fand, und verkündete im Namen des Volkes:"
"281","1969-06-27","Zeitung","Die Zeit, 27.06.1969","Er wird nämlich bemerken, daß - ungeachtet aller Einsprüche von des Schriftstellers Seite - der Politiker die eigene Position mit dem Wohl und dem Interesse des Volkes identifiziert: einem Volk, dem er schmeichelt, indem er ihm einen bestimmten Willen zubilligt, einem Volk - er nennt es ständig das ganze und deutsche -, das er als letzte und höchste Einheit beschwört, als eine Art organischen Gebildes:"
"282","1966-02-04","Zeitung","Die Zeit, 04.02.1966","Die Germanen: unmittelbar nach Kriegsende schon ist de Gaulle einer der ersten, die dieses Volkes respektvoll und mit Mäßigung Erwähnung tun."
"283","1965-03-05","Zeitung","Die Zeit, 05.03.1965","Man könnte sagen, daß zur selben Zeit das Volk in seiner Masse sich um diese Prozesse nicht mehr und nicht weniger bekümmert als damals um den ersten Hitlergruß."
"284","1965-04-02","Zeitung","Die Zeit, 02.04.1965","[...] von den ewigen Schätzen der deutschen Seele... Wir erkennen in der Führung des deutschen Volkes durch Adolf Hitler, durch den im Leibes- und Seelenkampf geläuterten Soldaten des alten und des neuen deutschen Reiches, die leidenschaftliche Liebe nicht allein zum zeitlich sichtbaren Volksgenossen, dem durch Gesundung und Kraft, durch die endliche Wiederherstellung seiner Ehre das Leben als das Leben in einem wahren Vaterlande wieder teuer und köstlich gemacht werden muß, sondern auch zu jenen uralten, immer neuen Reichtümern der Seele, die in heiligem Wechselspiel als letzter Gewinn allem Handeln und Trachten des deutschen Volkes entsprossen sind, um zu Segen und Aufwärtssteigerung immer wieder auf den einzelnen zurückzukehren."" [...]"
"285","1968-03-08","Zeitung","Die Zeit, 08.03.1968","[...] Ilja Ehrenburg: ""Die ungewöhnlichen Abenteuer des Julio Jurenito und seiner Jünger: Monsieur Delhaie, Mister Cool, Karl Schmidt, Ercole Bambucci, Alexej Tischin, 11 ja Ehrenburg und des Negers Ayscha in den Tagen des Friedens, des Krieges und der Revolution in Paris, Mexiko, Rom, am Senegal, in Moskau, Kineschma und anderen Orten, ebenso verschiedene Urteile des Meisters über Pfeifen, über Leben und Tod, über Freiheit, über Schachspiel, das Volk der Juden und einige andere Dinge"", aus dem Russischen von Alexander Eliasberg; Kindler Verlag, München; 297 S., 19,80 DM. [...]"
"286","1967-03-10","Zeitung","Die Zeit, 10.03.1967","Und wie könnte das in der uns hier beschäftigenden Frage anders geschehen, als in einer Verkündigung, die dem Christen ein neues Verständnis der Heilsgeschichte erschließt, in welchem die Schlüsselstellung des jüdischen Volkes, das Judentum Christi, seine Davidsohnschaft wieder zu ihrem Rechte kommen."
"287","1957-02-14","Zeitung","Die Zeit, 14.02.1957","Was nun die dämonisch-tragische Figur des Präsidenten Getulio Vargas angeht (Arnau behandelt ihn ausführlich), so halte ich es mit der erdrückenden Mehrheit des Volkes und der großen Masse der Enterbten, die in ihrem Gêgê einen Vater des Vaterlandes und einen Freund und Bruder aller Armen verehrten."
"288","1966-09-30","Zeitung","Die Zeit, 30.09.1966","Aber vor allem hat de Gaulles Unternehmen vom Oktober 1962, nämlich mit Hilfe eines Volksentscheids die Verfassung so zu ändern, daß fortan der Staatspräsident unmittelbar vom Volke gewählt werde, Reynauds Empörung erregt."
"289","1958-05-01","Zeitung","Die Zeit, 01.05.1958","Er sollte den ""Steffi"" besteigen und im ""Griechenbeisl"" oder ""Gösserkeller"" Schnitzel und Gulasch essen, er sollte unters Volk, in das urkomische ""Simpl""-Kabarett gehen und mit Muße im Kaffeehaus sitzen."
"290","1946-08-29","Zeitung","Die Zeit, 29.08.1946","Schonungslos wird die Bilanz des Nationalsozialismus gezogen, der die ""Existenz dieses bloß gehorsamen und treuen, aber verantwortungsscheuen Volkes in Frage"" stellte."
"291","1967-04-28","Zeitung","Die Zeit, 28.04.1967","Und: ""Das Volk ist blöd und stinkt, das war immer so."""
"292","1953-09-03","Zeitung","Die Zeit, 03.09.1953","Die Spiele sagen aber nichts oder wenig mehr über die 'Sportlichkeit' des Volkes, das die Sieger stellt."
"293","1949-06-09","Zeitung","Die Zeit, 09.06.1949","Ob das Bewußtsein der Einheit im Zwist und der Brüderlichkeit im Krieg aus den Höhen des geschichtlichen, philosophischen und religiösen Denkens je in die Herzen der Völker herabsteigt? - ob es, wenn schon nicht den unerbittlichen Ernst, so doch die unmenschliche Gehässigkeit der Kämpfe zu mildern vermag?"
"294","1946-11-21","Zeitung","Die Zeit, 21.11.1946","An diesem Tag feiert die Nationalregierung seit ihrem Bestehen ihren größten Festtag mit Reden, Aufmärschen, Ehrungen"" des ""Vaters der Republik"" - Sun-Ya-Tsen und Pailous, großen gezimmerten Ehrenbögen über den Straßen, die mit Girlanden, Blumen und Sprüchen verziert sind Während des achtjährigen Krieges stand dieser Tag im Zeichen nationaler Besinnung, an dem die Völker Chinas zu einem weiteren Ausharren aufgerufen wurden."
"295","1964-11-06","Zeitung","Die Zeit, 06.11.1964","""Pretend to be happy, make believe to be glad -"" dieser Radiosong beschreibt akkurat die seelische Situation eines ganzen Volkes - des ganzen nordamerikanischen Kontinents."
"296","1950-09-14","Zeitung","Die Zeit, 14.09.1950","Jährlich verlassen ungefähr 3000 Absolventen, Chinesen, Japaner, Inder, Koreaner, Perser, Araber und die Angehörigen aller übrigen Völker Asiens diese Hochschule."
"297","1949-02-17","Zeitung","Die Zeit, 17.02.1949","Weite Kreide unseres Volkes wollen auf dieses Grundrecht nicht verzichten und sind der Meinung, daß der Besonderheit unserer heutigen Lage in einem Zusatz zum Gesetz Rechnung getragen werden: könnte."
"298","1950-11-09","Zeitung","Die Zeit, 09.11.1950","Ich wünsche, daß er seine Kräfte dem Volk zur Verfügung stellt, denn das ist notwendig...'"
"299","1967-12-01","Zeitung","Die Zeit, 01.12.1967","Schnell wurde die allzu deutsche, aber symptomatische Stimme aus dem Volk ins Diplomatische übersetzt und auch der Katholischen Studentengemeinde (KSG) zu Gehör gebracht."
"300","1947-06-26","Zeitung","Die Zeit, 26.06.1947","Diese Geschlossenheit wird durch die Lebensgestaltung des Volkes nach den Erkenntnissen meiner Frau bewirkt."""
"301","1946-05-23","Zeitung","Die Zeit, 23.05.1946","Ob Umberto, Generalstatthalter und nunmehr Nachfolger seines Vaters, ohne Umstände beiseite treten wird, wenn die Stimme des Volkes gegen ihn entscheiden sollte?"
"302","1955-08-25","Zeitung","Die Zeit, 25.08.1955","So beschränken sie sich auf die Feststellung, daß dieser ""Ben-Jussef-Mythos"" den normalen Emanzipationsweg ihres Volkes um zwanzig Jahre abgekürzt habe."
"303","1947-03-20","Zeitung","Die Zeit, 20.03.1947","Es gibt keinen Fußbodenbelag; der Boden ist mit Kuhdung bedeckt und dient zugleich als Schlafstelle, Einige Lehmtöpfe zum Kochen und eine Frau, die dem Warli angetraut sein kann oder auch nicht, vervollständigen den Durchschnittshaushalt dieses Volkes."
"304","1968-04-26","Zeitung","Die Zeit, 26.04.1968","""Worin sehen Sie den Hauptfeind des griechischen Volkes?"""
"305","1967-01-20","Zeitung","Die Zeit, 20.01.1967","Prinz Wolfgang, ein Büdericher Holzhändler, kennt sein närrisches Volk: ""Immer wenn die Zeiten schlecht waren in Düsseldorf, dann hat sich der Karneval verdoppelt."
"306","1955-12-01","Zeitung","Die Zeit, 01.12.1955","Doch habe ich Hoffnung, daß das französische Volk den verlorenen Sinn der Größe wiederfinden wird."
"307","1965-04-02","Zeitung","Die Zeit, 02.04.1965","Andere Völker kräftigen sich stillhaltend auf engem Raum, brechen plötzlich auf, treiben Keile in Kontinente, überqueren Meere, setzen sich fest, wachsen zu bedrohlicher Macht, Schließlich beginnt der unausbleibliche Kampf der großen Zwei."
"308","1964-11-27","Zeitung","Die Zeit, 27.11.1964","Es ist lange her, seit Gordon Walker in der Opposition darauf drang, der Bundesrepublik endlich dieselben Rechte in der westlichen Allianz einzuräumen wie allen anderen, die Deutschen nicht mehr ""als zweitklassiges Volk"" zu behandeln, ihnen ""dasselbe Recht wie uns selbst bei der nuklearen Kontrolle"" einzuräumen."
"309","1965-12-03","Zeitung","Die Zeit, 03.12.1965","Er hat aber zweifellos auch das Gefühl - und der jetzige Wahlkampf mußte es ihm wieder vermitteln -, daß auch sein eigenes, das französische Volk, die außenpolitischen Aufgaben,' die er ihm stellt, nur zögernd akzeptiert."
"310","1952-10-16","Zeitung","Die Zeit, 16.10.1952","Die Überalterung eines Berufsstandes, ja, eines ganzen Volkes, ist das Ergebnis der sich kumulierenden Wirkung zweier Kriege und der ungeahnten Verbesserung der Sterblichkeitsverhältnisse vor allem in den sehr hohen Altersklassen."
"311","1950-09-07","Zeitung","Die Zeit, 07.09.1950","Wenn die Nation einheitlich den Tag beginge und das ganze deutsche Volk daran beteiligt wäre, wäre es ein ""Nationaler Gedenktag des deutschen Volkes""."
"312","1956-11-29","Zeitung","Die Zeit, 29.11.1956","Gewiß, es wurde mir alles durch die rosa Brille des Kommunismus gezeigt, und ich sah nicht das tatsächliche Geschick unseres Volkes."
"313","1964-10-02","Zeitung","Die Zeit, 02.10.1964","Man müßte hinzufügen: Französiche Lebensfreude, deutscher Eigensinn, holländische Gründlichkeit, italienischer Leichtsinn und ein Dutzend typische Eigenschaften anderer Völker."
"314","1947-01-02","Zeitung","Die Zeit, 02.01.1947","Als Stalin in seiner im Ausland kaum beachteten Rede vom 9. Februar die Nachkriegspolitik der UdSSR umriß, machte er dem russischen Volk mit brutaler Offenheit klar, daß erst nach dem Erfolg weiterer drei Fünfjahrespläne eine Erleichterung eintreten könne."
"315","1955-12-08","Zeitung","Die Zeit, 08.12.1955","Von den erwähnten 90 Prozent Nichtkommunisten unter den Zgodamitgliedern sind etwa ein Viertel politisch harmlos und nur an Gratisvorstellungen und kostenlosen Speisen und Getränken interessiert, während drei Viertel sich darauf besannen, daß sie einem bewunderungswürdigen Volk angehören, dessen Sprache und Tradition erhalten bleiben müssen, glanz gleich, wer in der Heimat gerade am Ruder ist."
"316","1967-09-01","Zeitung","Die Zeit, 01.09.1967","Früher oder später werde das chinesische Volk dafür sorgen, daß ganz Hongkong zum Mutterland zurückkehrt."
"317","1948-04-15","Zeitung","Die Zeit, 15.04.1948","Eben weil das deutsche Volk im Krieg unmenschliche Opfer gebracht hat, durch ihn um seine elementarsten Ansprüche an das Leben gebracht worden ist, nunmehr aber sich die Voraussetzung für eine Fortexistenz auf einer neuen ideologischen Grundlage zu schaffen hat, bringt es für die Forderung nach?"
"318","1966-06-10","Zeitung","Die Zeit, 10.06.1966","Die Wiedervereinigung der Menschen in der Bundesrepublik und der DDR stellen sie über die Wiedererlangung der Grenzen von 1937; Volk ist ihnen wichtiger als Raum."
"319","1946-06-20","Zeitung","Die Zeit, 20.06.1946","Die Besatzungbehörden, die kaum Möglichkeiten zum Eingreifen hatten, seitdem die deutschen Truppen zum größten Teil an die Ostfront abgezogen worden waren, mußten zugeben, daß etwa 80 v. H. des serbischen Volkes hinter Mihailowitsch standen und bereit waren, ihn im entscheidenden Augenblick zu unterstützen."
"320","1966-04-22","Zeitung","Die Zeit, 22.04.1966","Die SPD wird nicht müde werden, Schritte auf dieses Ziel hin vorzuschlagen und durch eigene Beiträge die Voraussetzungen für positive Lösungen zum Wohle unseres Volkes zu schaffen."
"321","1955-01-20","Zeitung","Die Zeit, 20.01.1955","Für Werfel freilich ist das jüdische, Volk der ewige Märtyrer der Weltgeschichte - geistvolle und absurde theologiche Gründe bietet er auf, um diese Schiefheit zu stützen."
"322","1957-07-25","Zeitung","Die Zeit, 25.07.1957","Posselt - selbst Vertriebener und langjähriger Insasse tschechischer Zuchthäuser - ließ den Abgeordneten Dr. Becher inzwischen schriftlich wissen, daß er, Posselt, ""Reporter, aber kein Propagandafunktionär"" sei, daß er ferner aus seinem Vertriebenenschicksal ""keinen Beruf"" zu machen gedenke und darüber hinaus verhüten wolle, daß solche ""Propagandisten"" wie der Briefempfänger noch ein zweites Mal Unglück über das deutsche Volk heraufzubeschwören vermöchten."
"323","1955-06-02","Zeitung","Die Zeit, 02.06.1955","Im Rahmen der Buchreihe ""Geschichte der Völker und Staaten"" als Ergebnis jahrelanger Arbeit unter Berücksichtigung aller zur Zeit benutzbaren Quellen von vier Wiener Historikern unter der Leitung des Univ.-Professors der Neueren Geschichte, Heinrich Benedikt, herausgegeben, darf diese erfreulich sachliche Darstellung der österreichischen Geschichte von 1914 bis 1945 wohl Anspruch darauf erheben, ein möglichst objektives Bild der Entwicklung in dem Land zu geben, das 1918 von der Habsburger Monarchie als republikanisches Österreich übrigblieb und das jetzt wieder frei wurde."
"324","1961-06-02","Zeitung","Die Zeit, 02.06.1961","Willy Brandt vorzuzeigen, ihn dem Volk einzuprägen, war denn auch das Wichtigste im SPD-Vorwahlkampf."
"325","1964-11-13","Zeitung","Die Zeit, 13.11.1964","Jacques Benoist-Méchin wollte nicht nur die Person des Königs, sondern das ganze arabische Volk unseren Vorstellungen und unserem Verständnis näherbringen."
"326","1964-04-03","Zeitung","Die Zeit, 03.04.1964","Wie aber sollen sich die Beziehungen jemals bessern, wenn Russen wie Pavel Naumov ihre Intelligenz und ihr besseres Wissen unterdrücken und ihrem Volk eine Karikatur unserer Verhältnisse zeigen!"
"327","1968-11-01","Zeitung","Die Zeit, 01.11.1968","Sonst werden sich die Parteien nicht wundern dürfen, daß sich das Volk immer weiter von ihnen entfernt."
"328","1965-11-05","Zeitung","Die Zeit, 05.11.1965","Eben aber dieser Begriff vom Volk verführt Hacks, den komplizierten Denker Marx der gleichen naiven Stilisierung zu überantworten."
"329","1957-07-25","Zeitung","Die Zeit, 25.07.1957","Als die Armeeführung ebenfalls an der Erhebung des Volkes teilnahm, war das Schicksal der hundertjährigen Rana-Autarkie besiegelt."
"330","1950-10-26","Zeitung","Die Zeit, 26.10.1950","Was die Deutschen, als das in die tiefste Krise gestürzte Volk, für das übrige Europa bedeuten, das bedeuten die um all ihre Voraussetzungen in Tradition, Besitz und Heimatbindung gebrachten, zum Umdenken von Grund auf gezwungenen Vertriebenen."
"331","1948-07-08","Zeitung","Die Zeit, 08.07.1948","Auch vom Osten her wird die Schicksalsfrage von Leben und Tod an die europäischen Völker gestellt:"
"332","1965-06-04","Zeitung","Die Zeit, 04.06.1965","Sie wollten mit Hilfe der Architektur eine Ideologie ausdrücken und die Bedeutung hervorheben, die darin liegt, daß dieses Haus Dokumente bergen soll, die für das israelische Volk eine organische Verbindung zwischen dem zweiten und dritten Weltreich herstellen."
"333","1963-06-07","Zeitung","Die Zeit, 07.06.1963","Hiergegen hat das Volk, vertreten durch Parlament und Regierung, nur ein Mittel in der Hand: hohe Steuern."
"334","1965-03-19","Zeitung","Die Zeit, 19.03.1965","Sie haben sich nie um Beliebtheit bei den unter ihrem Einfluß stehenden oder von ihnen beherrschten Völkern bemüht, sondern nur um Achtung."
"335","1968-03-01","Zeitung","Die Zeit, 01.03.1968","Bei jener ""Spaziergang-Demonstration"" am 17. Dezember 1966, die mit der neugelernten Taktik des Sich-Zerstreuens und Sich-Wiederfindens die ""Fisch-im-Wasser-des Volkes""-Methode Maos anwandte und sich gegen die Polizeireaktionen der Vorwoche richtete, benahm die Polizei sich so, wie es der Kreis um Dutschke vorhergesagt hatte."
"336","1968-01-05","Zeitung","Die Zeit, 05.01.1968","Es betrifft selbstverständlich das gesamtdeutsche Volk."""
"337","1968-02-16","Zeitung","Die Zeit, 16.02.1968","""Die Tätigkeit der sogenannten liberalen Presse war Totengräber arbeit am deutschen Volk und Deutschen Reich"" (Adolf Hitler, 1925)."
"338","1968-07-26","Zeitung","Die Zeit, 26.07.1968","Hitlers Selbstmord hätte vielleicht einen historischen Sinn haben können, wenn er - beizeiten vollzogen - dazu bestimmt gewesen wäre, einem andern das Regiment zu überlassen, damit das deutsche Volk vor dem Schlimmsten bewahrt bliebe."
"339","1952-10-16","Zeitung","Die Zeit, 16.10.1952","In der kommenden Woche wird das deutsche Volk der Kriegsgefangenen, die noch immer in Konzentrationslagern oder Gefängnissen zurückgehalten werden, gedenken."
"340","1947-10-23","Zeitung","Die Zeit, 23.10.1947","Ist es doch der Versuch, in einem jugendlich-idealistischen Volk der alten, in Demokratien von jeher unliebsamen Tatsache zur Anerkennung zu verhelfen, daß es in erster Linie die außenpolitischen Not-Wertigkeiten sind, die das Handeln eines jeden Staates bestimmen müssen!"
"341","1950-08-24","Zeitung","Die Zeit, 24.08.1950","Beide Teile lehnen die Anerkennung einer Kollektivschuld und des aus ihr fließenden Rachegedankens ab, ""verlangen aber die Wiedergutmachung der Schäden, die das tschechische Volk und das sudetendeutsche Volk erlitten haben, und die Bestrafung der geistigen Urheber und der ausführenden Organe der begangenen Verbrechen"", die nach Ansicht beider Teile durch eigene Volksgenossen erfolgen sollte."
"342","1956-03-15","Zeitung","Die Zeit, 15.03.1956","Und auch das ist gewiß nicht einfach ein Zufall: daß in späteren Jahrhunderten der Eigenname Cäsar als Herrschertitel gerade in den Sprachen jener Völker fortlebt, deren Herrscher auf die Würde des Weltmonarchen Anspruch erhoben."
"343","1946-10-24","Zeitung","Die Zeit, 24.10.1946","Das deutsche Volk sei sich bei der verständlichen Entrüstung über den Freispruch der Verführer des großen Geschenkes noch gar nicht bewußt geworden, das ihm durch diesen Rechtsspruch, zugefallen sei."
"344","1952-07-31","Zeitung","Die Zeit, 31.07.1952","Die Unzufriedenheit im Volke über die steigenden Lebenskosten, über das Ausbleiben einer Säuberungsaktion und über die erfolglosen Verhandlungen mit den Engländern nahm ständig zu und garantierte jedem Unterstützung, der mit Entschlossenheit die Macht an sich zu reißen gewillt war."
"345","1948-01-29","Zeitung","Die Zeit, 29.01.1948","""Recht ist, was dem Volke nützt, Unrecht ist, was ihm schadet"", Verfehlt diesem Grundsatz,von seinen sonstigen Konsequenzen abgesehen, zunächst ganz einfach die Eignung zur Rechtsidee."
"346","1955-12-29","Zeitung","Die Zeit, 29.12.1955","Schon nach dem ersten Weltkrieg gab es in Deutschland eine Hochflut historischer Filme, die man bezeichnenderweise ""Kostümfilme"" nannte und damals auf das Verlangen eines armen Volkes zurückgingen, das stets Paradeglanz geliebt hat, das Verlangen nach Prunk."
"347","1969-07-04","Zeitung","Die Zeit, 04.07.1969","Ich möchte alles, was ich tun kann, in den Dienst der Bemühungen um eine Friedensregelung stellen, die unser ganzes Volk einschließt."
"348","1953-02-05","Zeitung","Die Zeit, 05.02.1953","Präsident Eisenhower hat in seiner ersten State of t he Uniongreß hielt, angekündigt, daß er die Geheimabkommen mit ausländischen Regierungen, ""die die Versklavung von Völkern erlaubten"", kündigen werde (Diese Geheimabkommen betreffen Gebietserweiterungen der Sowjetunion im Fernen Osten ) Ferner teilte er mit, er habe die siebente amerikanische Flotte, die zwischen Korea und dem chinesischen Festland operierte, zurückgezogen."
"349","1946-03-14","Zeitung","Die Zeit, 14.03.1946","Wer an die Zukunft unseres Volkes glaubt, muß auch an dem guten und gesunden Sinn unseres Bauern glauben, der am besten weiß, was dem Hofe nützt"
"350","1966-12-02","Zeitung","Die Zeit, 02.12.1966","Wir wissen, daß wir Zähigkeit und Kraft und Nüchternheit brauchen, damit der Schritt der SPD unserem Volk nützt und Ihre Sorgen nicht Wirklichkeit werden."
"351","1950-09-21","Zeitung","Die Zeit, 21.09.1950","In dem Augenblick, da das Morden seinen Höhepunkt erreicht, tritt die Göttin Pallas Athene vor den Göttervater Zeus in der Sorge, diese Art von politischer Säuberung könne das ganze Volk verderben und ausrotten."
"352","1955-04-07","Zeitung","Die Zeit, 07.04.1955","Wenn es so ist, daß Gerechtigkeit ein Volk erhöht, dann haben die Engländer Anlaß, dem Londoner Anwalt und Historiker F. J. P. Veale dankbar zu sein, der in seinem Buch ""Der Barbarei entgegen"" (H. H. Nölke Verlag, Hamburg) entschlossen gegen die Vorurteile angeht, mit denen die Kriegspropaganda das Bild der Deutschen entstellte."
"353","1948-03-18","Zeitung","Die Zeit, 18.03.1948","Der 18. Januar 1871 war ein großer Tag für das deutsche Volk, aber kein Tag des deutschen Volkes."
"354","1949-06-30","Zeitung","Die Zeit, 30.06.1949","""Das deutsche Volk kann und wird das deutsche Gebiet jenseits von Oder und Neiße nicht freigeben."
"355","1953-10-29","Zeitung","Die Zeit, 29.10.1953","Das erste Spiel gegen die Nationalmannschaft eines fremden Volkes fand 1901 statt, und der Gegner war - Deutschland."
"356","1952-07-24","Zeitung","Die Zeit, 24.07.1952","Das unglückselige Schicksal, des litauischen Volkes seit 1940 - das ist der Hintergrund der dokumentarischen Hörfolge ""Wanderjahre ohne Lehre, ein litauisches Abenteuer""."
"357","1968-01-05","Zeitung","Die Zeit, 05.01.1968","Immerhin schien diese Auslegung durch die Präambel des Grundgesetzes gedeckt, in der es heißt, das verfassunggebende Volk habe ""auch für jene Deutschen gehandelt, denen mitzuwirken versagt war""."
"358","1968-08-23","Zeitung","Die Zeit, 23.08.1968","""Wenn dies das Volk tut, dann würden wir natürlich die Macht der neuen Regierung übergeben."""
"359","1949-01-13","Zeitung","Die Zeit, 13.01.1949","Ein Volk genießt nicht deshalb geringe Sympathien, weil es abstoßende Eigenschaften hat, sondern deshalb, weil ihm anziehende Eigenschaften fehlen."
"360","1966-04-08","Zeitung","Die Zeit, 08.04.1966","Das aber ist nicht nur für die Aibeiterklasse, sondern für das ganze Volk der Deutschen Demokratischen Republik untragbar."
"361","1967-03-03","Zeitung","Die Zeit, 03.03.1967","Aber ""Erwählung"" sei hier ja im harten, kritischen Sinn der Bibel ein Anspruch, der sich an eine menschliche Gemeinschaft richtet, die Bestimmung zu einer Sendung für alle und darum zu einem Sonderdasein, dem dieses Volk offenbar nicht entrinnen kann."
"362","1960-01-01","Zeitung","Die Zeit, 01.01.1960","Immerhin, auch das Schillerjahr hat sich nicht in Festreden erschöpft; seine Wirkungen sind tief ins Volk gedrungen."
"363","1965-11-12","Zeitung","Die Zeit, 12.11.1965","""Ich glaube, es ist an der Zeit, unseren Völkern die Wahrheit zu sagen"", resignierte der rhodesische Premierminister Ian Smith am Dienstag."
"364","1956-01-26","Zeitung","Die Zeit, 26.01.1956","In tiefster Trauer verneigt sich das deutsche Volk ..."
"365","1960-03-25","Zeitung","Die Zeit, 25.03.1960","Die Hymne soll die nigerische Seele ausdrücken, soll den energischen Rhythmus des Schrittes der Jäger haben und die Tugenden des nigerischen Volkes preisen."
"366","1968-08-09","Zeitung","Die Zeit, 09.08.1968","Die Welt wird die Bücherverbrennungen auf den Plätzen deutscher Städte, die hysterischen Reden der faschistischen ""Führer"" und ihre Pläne zur Ausrottung ganzer Völker einschließlich des russischen nie vergessen."
"367","1968-12-13","Zeitung","Die Zeit, 13.12.1968","Der Staat habe gefälligst als Gendarm diese Insel der Kultur vor jeder Profanierung durch das niedere Volk zu bewahren."
"368","1950-02-02","Zeitung","Die Zeit, 02.02.1950","Nur das Volk den Staat, oder nicht auch, und vielleicht noch mehr: der Staat das Volk?"
"369","1952-04-03","Zeitung","Die Zeit, 03.04.1952","Zwar die Kultur der konventionellen ""Gezelligheid"" und der Gourmandise ging zurück, aber ein ursprünglicher und allgemeiner Bildungshunger des ganzen Volkes ist geweckt."
"370","1949-06-02","Zeitung","Die Zeit, 02.06.1949","Die Vereinigten Staaten senden die Bilder, die sie ""größerer Sicherheit"" halber hierher gebracht hatten, an den Eigentümer, das deutsche Volk, zurück, weil der kulturelle Besitz eines Volkes von der besetzenden Macht nicht requiriert oder konfisziert werden darf."
"371","1963-01-18","Zeitung","Die Zeit, 18.01.1963","Einst protzig ""Bund des Volks"" genannt."
"372","1965-05-07","Zeitung","Die Zeit, 07.05.1965","Ein Volk von Fellachen?"
"373","1957-08-08","Zeitung","Die Zeit, 08.08.1957","""Besiegtes und unterdrücktes Volk hat weder Raum für eine international denkende und handelnde Wirtschaft noch für eine international denkende und handelnde Arbeiterschaft."
"374","1959-10-23","Zeitung","Die Zeit, 23.10.1959","Denn er glaubt nicht wie die im Kielwasser de Gaulles schwimmenden ""Technokraten"", daß man die in Frankreich notwendigen Strukturreformen einseitig von oben oktroyieren könne - er meint, man müsse dafür zum mindesten einen Teil des Volkes auf seiner Seite haben."
"375","1958-01-30","Zeitung","Die Zeit, 30.01.1958","Es gab in Kaschmir keinen Politiker, der auch nur annähernd so populär war wie er, der seinem Volke mit beispielloser Unerschrockenheit die Freiheit von einem despotischen Maharadscharegime erkämpft hatte."
"376","1952-03-06","Zeitung","Die Zeit, 06.03.1952","Die Schwierigkeiten, denen die junge Indonesische Republik gegenübersteht, entspringen der Tatsache, daß man ein Volk von 75 Millionen der verschiedensten Sprachen, Sitten, Lebensgewohnheiten und primitiven sozialen Zuständen durch einen plötzlichen Umbruch von einer zwar fremden, aber gut funktionierenden Verwaltung losgerissen und sich selbst überlassen hat."
"377","1969-03-21","Zeitung","Die Zeit, 21.03.1969","Wir denken nur an die olympische Idee und haben uns überlegt, wie wir Ihnen helfen können..."" Rund 1200 Tage vor Beginn der Spiele der XX. Olympiade zu München kann das Organisationskomi tee aus zahlreichen Briefen und Angeboten entnehmen, daß die olympische Flamme im Volk gezündet hat."
"378","1969-03-07","Zeitung","Die Zeit, 07.03.1969","In seiner ""Härte"" erkennt die Zeitung ""eine Art von barockem und rassischem Romantizismus, der bei diesem Volk immer wieder hochkommt, ob es nun Kriege gewinnt oder verliert, ob es sich als Künstler, Industrieller oder Soldat betätigt""."
"379","1964-02-14","Zeitung","Die Zeit, 14.02.1964","(Wie denn in mancher Hinsicht die Könige dort, wo heute wirklich Demokratie herrscht, weniger die Regenten als die Gefangenen ihres Volkes sind.)"
"380","1960-09-23","Zeitung","Die Zeit, 23.09.1960","In den Jahren 1824, 1876 und 1888 wurden die Kandidaten, die vom Volk die meisten Stimmen erhalten hatten, schließlich doch geschlagen."
"381","1947-01-30","Zeitung","Die Zeit, 30.01.1947","Dies allerdings ist ein ""Erfolg"", wie ihn nur ein Massenterror erreichen konnte, an dem nicht etwa bloß eine bestimmte Kaste, sondern - mit verschwindenden Ausnahmen - ein ganzes Volk beteiligt war."
"382","1963-11-15","Zeitung","Die Zeit, 15.11.1963","Seine Politik des Ausgleichs mit der Sowjetunion wird von der großen Mehrheit des Volkes unterstützt."
"383","1969-08-29","Zeitung","Die Zeit, 29.08.1969","Diese Gesetze gehören in eine Reihe mit-den schlimmsten Ukassen Stalins und in die unmittelbare Nachbarschaft von Hitlers Gesetz zum Schutz von Volk und Staat."
"384","1958-02-27","Zeitung","Die Zeit, 27.02.1958","Schilling Kapital 28 v. H., also 1,4 Mill. (knapp 250000 DM), als stimmberechtigte ""Volksaktien"" angeboten, davon 400 Stück à 1000 Schilling der Belegschaft, 1000 Stück dem ganzen anderen österreichischen Volk, und zwar für jeden Bewerber - soweit der Vorrat reicht - ein Stück, für das zunächst 6 v. H. Dividende garantiert werden; der Mehrheitsaktionär muß aber gegebenenfalls von der Minderheit angebotene Aktien mindestens zum Begebungskurs zurückkaufen."
"385","1957-07-25","Zeitung","Die Zeit, 25.07.1957","Als es darum ging, ein Volk ohne Land in ein Land ohne Volk zu verpflanzen-, war die Form der westlichen Demokratie von Anfang an das Ideal der zionistischen Bewegung, und demgemäß vollzog sich auch die Realisation in westlichen Formen."
"386","1964-05-01","Zeitung","Die Zeit, 01.05.1964","""Ich bin doch einer der Ihren, herausgewachsen unter Millionen aus dem deutschen Volk, und weil ich kein Felsblock bin, sondern ein fühlender Mensch mit Verstand, mit Hirn und mit Herz, brauche ich die Zustimmung des deutschen Volkes."
"387","1958-06-19","Zeitung","Die Zeit, 19.06.1958","Im Hanser-Verlag sind zwei Bände mit Gedichten afrikanischer und südamerikanischer Autoren erchienen, übertragen von Janheinz Jahn: Schwarzer Orpheus, Moderne Dichtung afrikanischer Völker beider Hemisphären (195 S., 9,80 DM), und: Rumba Macumba, Afrocubanische Lyrik (80 S., 5,80 DM)."
"388","1952-12-11","Zeitung","Die Zeit, 11.12.1952","Die Iren, ein Volk der mündlichen Erzähler, haben in diesem Jahrhundert eine große Romanliteratur hervorgebracht."
"389","1965-06-04","Zeitung","Die Zeit, 04.06.1965","Es steht völlig außer Frage, daß die Bundesrepublik in der westlichen Gemeinschaft der Völker einen hervorragenden Platz einnimmt - zum Besten sowohl der Gemeinschaft als auch der Bundesrepublik selbst."
"390","1964-04-10","Zeitung","Die Zeit, 10.04.1964","John Kennedy sagte im vorigen Herbst, des Menschen erster Flug zum Monde dürfe doch nicht Sache nationaler Konkurrenz werden; die Sowjet-Union und die USA sollten sich doch ""die immense Duplizierung"" von Forschung, Konstruktion und Kosten ersparen; beide Nationen, ja alle Völker, sollten doch trachten, den Weltraum gemeinsam zu erobern und eines Tages Menschen - nicht als Vertreter eines einzigen Landes, sondern der ganzen Menschheit - zum Mond schicken."
"391","1969-03-21","Zeitung","Die Zeit, 21.03.1969","Angespielt wird damit auf die meist gescheiterten Versuche, das Volk mit seiner Armee auszusöhnen."
"392","1955-03-24","Zeitung","Die Zeit, 24.03.1955","Das mindert nicht, was beiden Völkern an Schuld oder Verantwortung zu tragen bleibt, aber es ebnet den Weg des brüderlichen Verstehens. V. v. Zühlsdorff"
"393","1964-10-16","Zeitung","Die Zeit, 16.10.1964","Es gibt Amerikaner - und es sind durchaus nicht immer reaktionäre Segregationisten -, die einmal erfahren möchten, wie die Integration der Farbigen ohne schwere Erschütterung vor sich gehen soll; da sind schließlich viele Amerikaner - und nicht nur bigotte oder bornierte Mitglieder des Wohlstands-Bürgertums -, die meinen, in Washington werde doch ein wenig zu clever regiert; das amerikanische Volk bedürfe, um seiner großen Aufgaben Herr zu werden, auch einiger ethischer Impulse."
"394","1947-05-08","Zeitung","Die Zeit, 08.05.1947","Dieser Ausgang der drei verschiedenen Wahlgänge hat den vollen Beifall des Oberbefehlshabers der Alliierten Mächte in Japan gefunden, inwieweit der Wunsch. des autoritätsgläubigen Volkes aber, diesen Beifall zu erringen, das Ergebnis der Wahl beeinflußt haben mag, sei dahingestellt."
"395","1964-11-27","Zeitung","Die Zeit, 27.11.1964","In Karlsruhe wandte sie sich an das ganze Volk."
"396","1961-09-08","Zeitung","Die Zeit, 08.09.1961","Es werde ""mit oder ohne Hilfe der Aufständischen"" eine provisorische algerische Regierung errichtet werden, die das Volk zur Selbstbestimmung und zu freien Wahlen führen solle."
"397","1959-07-03","Zeitung","Die Zeit, 03.07.1959","Kein Staat kann seinen Ärzten zumuten, vier Fünftel des Volkes zu den Honorarsätzen einer für einkommensschwache Erwerbstätige gedachten Versicherung zu behandeln."
"398","1948-04-08","Zeitung","Die Zeit, 08.04.1948","Frans Tireur meinte, die europäischen Völker sollten lieber auf den Marshall-Plan verzichten, als Spanien zulassen:"
"399","1963-05-03","Zeitung","Die Zeit, 03.05.1963","Im Gegensatz zur sowjetischen These, die Kunst müsse sich in erster Linie nach dem Geschmack des Volkes richten, meinte Carlo Levi: ""Die neue Kunst wird im Mut und in der Phantasie der Freiheit entstehen."""
"400","1963-09-27","Zeitung","Die Zeit, 27.09.1963","""Wir glauben, daß das kubanische Volk frei sein sollte, die Früchte seiner Revolution zu sichern, die verraten wurde von innen und ausgebeutet von außen.."""
"401","1959-08-28","Zeitung","Die Zeit, 28.08.1959","Der Grundtenor aller Bonner Äußerungen vor Eisenhowers Ankunft war jedoch der Ausdruck des Vertrauens zu dem amerikanischen Verbündeten - die Überzeugung, ""daß die Lebensinteressen des geteilten deutschen Volkes bei den bevorstehenden Besprechungen der beiden Weltmächte nicht angetastet werden""."
"402","1946-06-27","Zeitung","Die Zeit, 27.06.1946","Die Völker Europas selbst leiden heute unter diesem Schwebezustände ebenso, wenn auch in anderem Sinne und auf einer anderen Ebene, wie wir Deutsche."
"403","1962-05-04","Zeitung","Die Zeit, 04.05.1962","Rund ein Monat ist es her seit des aufrüttelnden Erhard-Rufes an das deutsche Volk."
"404","1947-12-04","Zeitung","Die Zeit, 04.12.1947","Die Abschaffung der Zölle sowie mehrere andere in dem Abkommen getroffene Vereinbarungen stellten den Beginn eines Zusammenschlusses der beiden Völker dar."
"405","1966-10-07","Zeitung","Die Zeit, 07.10.1966","Der neue Präsident,-ein Schulkamerad Brancos, aber im Gegensatz zu ihm kein asketischer Intellektueller, hält sich für einen ""überzeugten Demokraten"". Seinem Volk - zwei Drittel leiden Hunger und bittere Not - versprach er eine ""Humanisierung"" der anti-inflationären Politik, doch weiß niemand, was er damit meint."
"406","1946-04-04","Zeitung","Die Zeit, 04.04.1946","Das Hamburger Völkerkundemuseum ist mit einer Ausstellung ""Arabische Völker"" wieder geöffnet worden, die die Arbeiten der sabäischminäischen Periode auf breitem Raum zeigt."
"407","1962-07-27","Zeitung","Die Zeit, 27.07.1962","Das läßt nicht nur vieles befürchten für den Elitenachwuchs unseres ""Volkes der Dichter und Denker' - das brandmarkt ebenso das Familienleben gerade in jenen höheren sozialen Schichten, aus denen sich die meisten der arbeitenden Oberschüler rekrutieren."""
"408","1955-05-05","Zeitung","Die Zeit, 05.05.1955","""In den Ländern, Kreisen und Gemeinden"", heißt es im Artikel 28, ""muß das Volk eine Vertretung haben, die aus allgemeinen, unmittelbaren, freien, gleichen und geheimen Wahlen hervorgegangen ist."""
"409","1961-09-22","Zeitung","Die Zeit, 22.09.1961","In jedem Volk gibt es die Geschichte vom Palast im Wasser, von dem Leben auf dem Meeresboden, das nur auserwählten Menschen ab und zu vergönnt ist."
"410","1967-11-17","Zeitung","Die Zeit, 17.11.1967","""Die Anerkennung der Oder-Neiße-Grenze ist für das polnische Volk im gleichen Grade wichtig wie für das deutsche Volk und für alle Nationen Europas"", sagte Gomulka am 28. Oktober, um dann deutlicher denn je zu machen, was er schon lange meint:"
"411","1947-02-20","Zeitung","Die Zeit, 20.02.1947","Haben wir uns nicht immer das ""Volk der Dichter und Denker"" genannt?"
"412","1956-08-09","Zeitung","Die Zeit, 09.08.1956","Er erzählt seine Erlebnisse und untermdt sie mit vielen Melodien fremder Völker."
"413","1963-05-24","Zeitung","Die Zeit, 24.05.1963","Es sind in erster Linie romanische Völker, die sich mit dem Karosseriebau als ästhetischem Ausdruck unserer Gegenwart so intensiv beschäftigen."
"414","1956-03-01","Zeitung","Die Zeit, 01.03.1956","In der Bücherei für den Frieden sollen die Kritiker und die Leser das Buch auswählen, das ihr Land am besten repräsentiert, das Werk, von dem auch die Kraft ausgeht, andere Völker zu entzünden."
"415","1965-11-26","Zeitung","Die Zeit, 26.11.1965","Eine der Voraussetzungen dafür ist es jedoch, daß ""alle Völker einen leidlich angeglichenen Standard in allen wesentlichen Gütern"" haben - also auch China - und einen ihrer tatsächlichen Macht entsprechenden Platz in der Völkergemeinschaft erhalten."
"416","1958-05-29","Zeitung","Die Zeit, 29.05.1958","Ich glaube persönlich, daß die gemeinsame Front nicht nur im internationalen, sondern im nationalen Interesse jedes einzelnen Volkes bei weitem die bessere Politik ist."
"417","1961-12-22","Zeitung","Die Zeit, 22.12.1961","Das neue ökumenische Konzil, so hieß es in einer Verlautbarung des Vatikans, ""soll nach Auffassung des Heiligen Vaters nicht nur der geistlichen Stärkung aller christlichen Völker dienen, sondern auch eine Einladung an die getrennten Gemeinschaften sein, jene Einheit zu suchen, nach der so viele in allen Teilen der Welt sich sehnen""."
"418","1961-12-29","Zeitung","Die Zeit, 29.12.1961","Die Praxis der Gerichte hat diese Bedenken wieder belebt, auch bei denen, die sie damals unterdrückten, und mancher hat sich inzwischen eines anderen und besseren besonnen; wohl in der Erkenntnis, daß das deutsche Volk gegen den Kommunismus nachgerade so wirksam geimpft ist, daß eine innere Gefahr von dieser Seite nicht besteht."
"419","1958-02-06","Zeitung","Die Zeit, 06.02.1958","Ich sagte: Ihr Volk ist ein großes Volk, und ich trinke gern mit Ihnen, es war freundlich von Ihnen, mich zu besuchen."
"420","1948-03-18","Zeitung","Die Zeit, 18.03.1948","Matseilajseblasen zweifellos dem, deutschen Volk kgendwie genützt"" hat, ob es gleich die Mauern von NS Jericho nicht zum Einsturz brachte."
"421","1964-04-24","Zeitung","Die Zeit, 24.04.1964","Aber wir verzichten nicht und können angesichts der Verantwortung vor dem deutschen Volk und der Geschichte auch nicht verzichten auf Gebiete, die die angestammte Heimat so vieler unserer deutschen Brüder und Schwestern sind."
"422","1963-03-22","Zeitung","Die Zeit, 22.03.1963","Die deutschen Spieler umarmten nach dem Sieg ihren Torwart Hobelsberger, der trotz einer schweren Verletzung zwei Stunden lang tapfer durchgehalten hatte; sie verschenkten ihre Schläger ans jubelnde Volk und vergaßen in ihrer Freude eines ganz: das Fahnenproblem ist durch den Sieg von Stockholm nicht aus der Welt geschafft worden; es besteht weiter wie zuvor."
"423","1962-03-09","Zeitung","Die Zeit, 09.03.1962","Marx: Die Regierung hört nur ihre eigene Stimme; sie weiß, daß sie nur ihre eigene Stimme hört, und fixiert sich dennoch in der Täuschung, die Volksstimme zu hören, und verlangt ebenso vom Volke, daß es sich diese Täuschung fixiere. (15)"
"424","1947-11-13","Zeitung","Die Zeit, 13.11.1947","Der Hagen muß ja dabeigewesen sein, sonst wäre das deutsche Volk kein Siegfried, und ein Siegfried soll es nun einmal sein, nach Wunsch und Willen der Wirklichkeitsflüchtlinge."
"425","1957-06-20","Zeitung","Die Zeit, 20.06.1957","Noch sind auch die Leibesübungen nicht so in unserem Volk verankert, wie es notwendig wäre."
"426","1949-03-24","Zeitung","Die Zeit, 24.03.1949","Als die Advokaten, die sich um das Dokument gedrängt hatten, endlich auseinandergegangen sind, ergeht Rudenko sich in Beteuerungen der heißen Liebe, die das russische Volk für das französische im Busen trage, besonders für die tapfere französische Fliegerstaffel Normandie-Niemen."
"427","1950-07-06","Zeitung","Die Zeit, 06.07.1950","Nur darf man ihn nicht proklamieren: nicht unter den arabischen Völkern, auch wenn fünf von ihnen den Sicherheitspakt unterzeichneten, nicht gegenüber Israel, obwohl man den gegenwärtigen Zustand bewaffneten Waffenstillstandesgern beendigt sehen würde, und nicht gegenüber der westlichen Welt, deren Unterstützung der Araber sicherer zu sein scheint, solange man den Westen über die arabische Haltung im ungewissen weiß."
"428","1967-05-19","Zeitung","Die Zeit, 19.05.1967","Im bevorstehenden Bremer Wahlkampf wird das Volk nicht mehr singen:"
"429","1953-05-14","Zeitung","Die Zeit, 14.05.1953","Der beste Fingerzeig für die Meinungsstörungen im Volke liegt in der noch nicht endgültig abgeschlossenen Analyse der Stimmenzahlen und nicht der lokalen Mandatsverschiebungen."
"430","1968-11-08","Zeitung","Die Zeit, 08.11.1968","Einziges Ziel des amerikanischen Engagements in Vietnam war es - sagt Taylor -, das Selbstbestimmungsrecht für das vietnamesische Volk zu erkämpfen."
"431","1962-07-13","Zeitung","Die Zeit, 13.07.1962","""Unser Volk würde als Nation zerbrechen, wenn auf der einen Seite russische und auf der anderen Seite portugiesische Staatsvorstellungen herrschen."""
"432","1954-06-10","Zeitung","Die Zeit, 10.06.1954","Hier war in der Tat ein ganzes Volk, und wenn der Mann, dem sie den schlichten Titel ""Der Sprecher"" gaben, durch ihre Reihen ging, fühlte man die Achtung, fast Verehrung, die sein Volk ihm entgegenbringt, als sei er das gewählte Oberhaupt eines Staates,"
"433","1962-02-02","Zeitung","Die Zeit, 02.02.1962","Wohl aber könnte ich mir ein Volk vorstellen, und wünschte ich mir in einem Volk zu leben, in dem eine Minderheit Warnungen ernst nimmt, so daß sie schließlich ihr numerisches Gewicht in die Waagschale wirft und politisch als Bremse und Korrektur wirkt."
"434","1966-11-04","Zeitung","Die Zeit, 04.11.1966","""Frankreich findet es abscheulich, daß ein kleines Volk von einem großen bombardiert wird."""
"435","1962-11-16","Zeitung","Die Zeit, 16.11.1962","Angesichts des Kampfes zwischen de Gaulle und den Parteien hadert das Volk mit sich selbst."
"436","1965-06-18","Zeitung","Die Zeit, 18.06.1965","Und was hat das Natterngezücht artfremder Décadents gegen das Volk, da es doch ""Demokratie"" (= Volksherrschaft!) auf das Banner seiner masochistischpathologischen Sensationslüsternheit geschrieben zu haben vorgibt?"
"437","1968-06-28","Zeitung","Die Zeit, 28.06.1968","Aber wir befinden uns in einem jener seltenen Augenblicke, da sich die Denkweise eines Volkes schnell ändert, und dann ist es die Aufgabe verantwortlicher Männer, wenn das Volk sie gewählt und ihnen den Auftrag dazu erteilt hat, die Bewegung so zu steuern, daß sie in Auswege mündet und nicht in Sackgassen."
"438","1967-04-28","Zeitung","Die Zeit, 28.04.1967","Da die Polen, von den Tschechen und Ungarn abgesehen, das europäische Volk mit der engsten Bindung an Westeuropa sind, ist die Sowjetunion an dieser Sperrfunktion der Zone außerordentlich interessiert."
"439","1968-12-13","Zeitung","Die Zeit, 13.12.1968","Und eben diese Legenden bestimmen schließlich auch die menschliche Einstellung zu den Völkern in den Nachfolgestaaten und das Verhältnis dieser Völker untereinander, die vielfach bis heute fortdauernden primitiven Animositäten."
"440","1965-07-30","Zeitung","Die Zeit, 30.07.1965","Die dritte sei die gekrönte Demokratie, Griechenlands vasilevomeni dimokratia, bei der die Regierung bloß die Zustimmung des Volkes brauche und der König dessen Wünsche auszuführen habe, wie sie durch die gewählte Regierung zum Ausdruck gebracht würden."
"441","1947-11-20","Zeitung","Die Zeit, 20.11.1947","""Wir sind in Gefahr"", sagte der Präsident, ""für immer die Möglichkeit zu verlieren, eine Weltordnung zu erlangen, in der freie Völker in dauerndem Frieden leben können, wenn der Kongreß ""nicht die notwendige Überbrückungshilfe für Europa schnell bewilligt."
"442","1949-12-22","Zeitung","Die Zeit, 22.12.1949","Seine Jugendjahre als Reisender, in allen Geschäften, die englischer Unternehmungsgeist sich im alten Rußland ausdenken konnte, hatten ihn kreuz und quer durch das ganze Reich geführt, immer in Berührung mit dem genuinsten Teil des russischen Volkes oder, richtiger gesagt, der mannigfaltigen Völkerschaften Rußlands."
"443","1963-11-29","Zeitung","Die Zeit, 29.11.1963","Nicht um die Sklaverei zu beenden, hatte Lincoln den Krieg begonnen, sondern um die Einheit seines Volkes zu bewahren."
"444","1958-03-27","Zeitung","Die Zeit, 27.03.1958","Ich kenne jenen Typ seiner (jüdischen) Blutsgenossen, die unser Volk und die Welt aussaugen und hetzen..."""
"445","1946-07-25","Zeitung","Die Zeit, 25.07.1946","Sie müssen sich heute über das innere und äußere Schicksal ihres Volkes und aller Völker, über Staatskunst, Wirtschaft und Kultur ihre Gedanken mächen."
"446","1967-06-02","Zeitung","Die Zeit, 02.06.1967","Ob es in der Tat so ""einfach"" ist, mag die Diskussion erweisen, die durch die Attacken der Enzyklika gegen das freie Spiel wirtschaftlicher Kräfte in der Entwicklung der Völker, der Mehrheit der armen Völker, entfacht worden ist."
"447","1951-09-13","Zeitung","Die Zeit, 13.09.1951","Dieses ungeheure, antäushafte Volk, es ist heute zum windungsreichen Transformator der Religiosität geworden... Lenin war einer der großen Geburtshelfer der neuen universalen Religion, der Wegbereiter der Wiedergeburt des gesamten Christentums ..."
"448","1964-02-28","Zeitung","Die Zeit, 28.02.1964","Es wird mehr Kaufkraft in den Händen des Volkes bleiben, die Güternachfrage wird steigen, und infolgedessen kann die Produktion vergrößert werden."
"449","1958-06-05","Zeitung","Die Zeit, 05.06.1958","Sie, die seit Jahren einen Mandatsverlust nach dem anderen hatte hinnehmen müssen und mit sehr schmalen Chancen in den Wahlkampf gezogen war, hat nach 25jähriger Regierungszeit erneut die Vollmacht des schwedischen Volkes erhalten."
"450","1965-02-26","Zeitung","Die Zeit, 26.02.1965","Aber zu den Tugenden des polnischen Volkes gehört, daß es nicht für lange Zeit zu hassen versteht."
"451","1946-05-16","Zeitung","Die Zeit, 16.05.1946","Die Völker waren verarmt wie seit Jahrhunderten nicht mehr."
"452","1955-09-15","Zeitung","Die Zeit, 15.09.1955","Faure hat in ihnen endlich Gesprächspartner gefunden, die nicht bloßkleine Personenklüngel (und mächtige wirtschaftliche Interessen) repräsentieren, sondern mit einem gewissen Recht als Sprecher des marokkanischen Volkes auftreten können."
"453","1962-10-26","Zeitung","Die Zeit, 26.10.1962","Auch er habe in seinen Opfern ""Gegner und Feinde des russischen Volkes"" gesehen."
"454","1951-09-06","Zeitung","Die Zeit, 06.09.1951","Das deutsche ""Volk"" in Gestalt seiner ""besten Vertreter"" sollte selbst den Plan entwerfen und ihn der SMA zur Prüfung und Bestätigung vorlegen."
"455","1956-11-29","Zeitung","Die Zeit, 29.11.1956","Ebenso offensichtlich ist, daß die Regierung Kadar keine freie, sondern eine dem Volk von den Russen aufgezwungene Regierung ist ...."
"456","1967-09-08","Zeitung","Die Zeit, 08.09.1967","Gerade wir Deutschen sind nach den Entsetzlichkeiten des Nationalsozialismus verpflichtet, dem ungeteilten Recht für alle Völker, Konfessionen und Menschen zu dienen."""
"457","1960-02-19","Zeitung","Die Zeit, 19.02.1960","Kreisky ist viel zu klug und zu sensibel, um nicht zu spüren, daß diese Einwände gegen seine Person einen Widerhall im Volke haben, aber auch zu einsichtig, um jenen seiner Anhänger zu glauben, die alle Kritik an dem Minister auf eine böse ""Kampagne"" zurückführen wollen."
"458","1964-04-10","Zeitung","Die Zeit, 10.04.1964","Aber hinter dem Schleier der Ideologie und der Nebelwand dogmatischer Phrasen tauchen doch die Grundstrukturen der Auseinandersetzung auf - und siehe da, es sind die alten Grundstrukturen aller Geschichte: Interessen und Lebensräume, der Stolz der Völker und die Überheblichkeit der Rassen, Besitzerglück und Besitzneid, Führungsanspruch und Führungsabwehr."
"459","1956-05-24","Zeitung","Die Zeit, 24.05.1956","In dem Glückwunschtelegramm Bulganins an den Ministerpräsidenten der Sowjetzone, Grotewohl, zum 11. Jahrestag der ""Befreiung des deutschen Volkes"", wird der kommunistische Parteichef der Sowjetzone Walter Ulbricht mit keinem Wort erwähnt."
"460","1956-03-08","Zeitung","Die Zeit, 08.03.1956","Daher wächst als Abwehr heute die durch alle Schichten des Volkes gehende unheimlich anmutende Flucht vor der Zivilisation."
"461","1967-04-14","Zeitung","Die Zeit, 14.04.1967","Daß die CDU-Abgeordneten sich solcherart unters Volk mischen, ist eine Novität, insbesondere in Rheinland-Pfalz, wo die Union bisher im Geruch stand, eine langweilige Honoratiorenpartei zu sein, nach Meinung der SPD sogar die reaktionärste CDU im Bundesgebiet überhaupt."
"462","1963-03-08","Zeitung","Die Zeit, 08.03.1963","Sanfte Ironie drängt sich auf, wenn man sieht, wie die hektisch stampfende Regierungsmaschine die Familien der Maschinisten durcheinander bringt und die Ehe als ""Zelle"" von Staat und Volk gerade bei den höheren Dienern des demokratischen Staatswesens unter Atemnot leidet - aber Ironie ist hier nicht am Platze, höchstens milde Melancholie."
"463","1958-07-24","Zeitung","Die Zeit, 24.07.1958","Aber ein Band hielt sie alle in einer unsichtbaren Gemeinschaft über Zeit und Raum hinweg verbunden: der Wille, das Leben dafür einzusetzen, daß vom deutschen Volke die Schande genommen werde, in die es die Gewaltherrschaft des Unmenschen so lange gestürzt hatte."
"464","1946-05-09","Zeitung","Die Zeit, 09.05.1946","Wahrhaftig, ein rätselhaftes Volk, das in seiner langen, dunklen Geschichte immer wieder Gefahren, Unduldsamkeit und Drangsal gleichmütig und pfiffig überdauerte, wenn es zuletzt auch schien, als sollte es bestialisch in den Gaskammern enden, weil die Zigeuner auf der Liste der ""Asozialen"" und nicht auf der Liste der Arier standen."
"465","1949-06-16","Zeitung","Die Zeit, 16.06.1949","- Natürlich wurde dieser Sketch niemals aufgeführt und wird es auch niemals werden, aber er soll - wenn auch in sehr paradoxer Form - die moralische Verwirrung des italienischen Volkes gegenüber den anderen Völkern und gegenüber sich selber zeigen."
"466","1967-05-12","Zeitung","Die Zeit, 12.05.1967","""Hitler war für das deutsche Volk viel zu schade"", ""Ausrottung der Volkszersetzer in den eigenen Reihen"", ""Die Juden sind unsere Todfeinde""."
"467","1965-04-30","Zeitung","Die Zeit, 30.04.1965","""Wenn hinten weit in der Türkei die Völker aufeinanderschlagen"" - dieser Biedermeier-Bürgermaßstab ist noch immer der unsere."
"468","1966-11-04","Zeitung","Die Zeit, 04.11.1966","Auch ein Richter darf Ungepflegtheit abstoßend finden, aber ästhetische Urteile ergehen nicht im Namen des Volkes."
"469","1969-12-05","Zeitung","Die Zeit, 05.12.1969","Der Sportler begibt sich durch die derart weitgehende Unterordnung unter das hysterische Medaillengeschrei des Volkes einen .weiteren entscheidenden Schritt (der erste war die Bezahlung der sportlichen Leistung) auf das Gladiatorentum zu."
"470","1964-11-13","Zeitung","Die Zeit, 13.11.1964","Sollte aber dem Film als einem ""Volkserziehungsmittel"" soviel an Bedeutung beigemessen werden, wäre es noch viel wichtiger, die Arbeit von Pädagogen, Lehrern und Hochschulprofessoren auszuzeichnen, denen in erster Linie die Erziehung des Volkes in die Hand gegeben ist."
"471","1969-11-07","Zeitung","Die Zeit, 07.11.1969","Die Übersetzung dürfte allerdings nicht ganz den Anforderungen entsprechen, ist doch kaum anzunehmen, daß der Philosophieprofessor aus Poitiers, Roger Garaudy, die unrichtige populäre Formulierung ""Religion ist Opium für das Volk"" anstatt der korrekten Formulierung ""Religion ist das Opium des Volkes"" verwendet."
"472","1951-11-01","Zeitung","Die Zeit, 01.11.1951","Sie wollen statt dessen versuchen, die potentiellen Energien des Volkes wieder zu wecken."
"473","1961-01-27","Zeitung","Die Zeit, 27.01.1961","""Den Staat Polen ztrschlug die Wehrmacht des Führers - Volk aber kann nur durch ein anderes Volk überwunden werden."
"474","1966-06-10","Zeitung","Die Zeit, 10.06.1966","Die Lüneburger ""Landeszeitung"" trug den Streit um den Regionalklassiker ins Volk."
"475","1969-02-07","Zeitung","Die Zeit, 07.02.1969","Volkes Stimme"
"476","1953-02-26","Zeitung","Die Zeit, 26.02.1953","Kulturell aber wird allein die deutsche Musik über den Rundfunk (namentlich über den Staatssender), das Teatro Colin und die Konzertsäle dem argentinischen Volk nahegebracht."
"477","1954-08-05","Zeitung","Die Zeit, 05.08.1954","Zum Abschluß der dritten Jahrestagung der abendländischen Akademie - sie stand unter dem Thema ""Staat - Volk - Übernationale Ordnung"" - wurde das ""Ludus de adventu et interitu de antichristo"", abgekürzt ""Spiel vom Antichrist"", aufgeführt."
"478","1954-07-15","Zeitung","Die Zeit, 15.07.1954","Aber er ist eine Kämpfernatur und fühlt sich zweifellos gekränkt durch die - wie er meint - Undankbarkeit des italienischen Volkes und seiner Partei."
"479","1952-11-27","Zeitung","Die Zeit, 27.11.1952","Mussolini stellte das italienische Volk ""als ein Volk von Dichtern, Helden, Heiligen und Seefahrern"" dar und erfand ein Klischee, das seine Mitbürger mit nackter Brust, geschwellten Muskeln, den römischen Helm auf dem Haupte und Pflug und Schwert in den Händen darstellte."
"480","1952-06-19","Zeitung","Die Zeit, 19.06.1952","Statt sich einem extremen ""Retter"" an den Hals zu werfen, wozu andere Völker neigen, vertraut sich das im Grunde stockkonservative französische Volk in Stunden der Gefahr lieber einem Poincaré, Queuille oder Pinay an."
"481","1956-08-30","Zeitung","Die Zeit, 30.08.1956","Dieses ewige Gerede über den Krieg ist Narrheit und macht die Völker wahnsinnig."
"482","1946-07-18","Zeitung","Die Zeit, 18.07.1946","Ihren schärfsten Ausdruck aber finden die Gegensätzlichkeiten, die jetzt aus dem Dunkel der anonymen Gerüchte in die Arena der realen politischen Diskussion tauchen, in der Frage, wieweit sich der wirkliche Wille des Volkes in der Postenbesetzung der wichtigen Berliner Schlüsselpositionen ausdrückt."
"483","1958-03-13","Zeitung","Die Zeit, 13.03.1958","Man braucht nur einmal in die Geschichte Japans, in seine Dichtung, seine bildenden Künste hinabgetaucht zu sein, muß nur einmal auf japanisch gelebt, gewohnt, gelacht und geschwärmt haben - und man wird sich dieses Landes stets als einer einzigartig vollkommenen Einheit von Volk und Landschaft, Geist und Geschichte erinnern."
"484","1969-03-21","Zeitung","Die Zeit, 21.03.1969","Ich hatte Disziplin erwartet, militärische Organisation, ein hingebungsvolles und eingeschüchtertes Volk, das genau zur Zeit am Arbeitsplatz eintrifft und dort streng an die Kandare genommen wird."
"485","1950-08-17","Zeitung","Die Zeit, 17.08.1950","Es hat sie selbst eine geraume Zeit gekostet, bis sie ihren eigenen Völkern klarmachen konnten, daß Stalin nicht - wie sie vorher immer gesagt hatten - der gute alte Onkel Joe ist."
"486","1963-09-20","Zeitung","Die Zeit, 20.09.1963","Sie bekamen tatsächlich manchen tiefen Einblick in die geistige und in die moralische Verfassung des besiegten Volkes."
"487","1952-01-10","Zeitung","Die Zeit, 10.01.1952","Oyama den Friedenspreis verliehen, obwohl er nicht Kommunist ist, und schließlich hat Stalin an das japanische Volk eine Neujahrsbotschaft gerichtet, in der er ihm die baldige Befreiung von dem ""elenden Zustand fremder Besetzung"" wünscht."
"488","1964-02-21","Zeitung","Die Zeit, 21.02.1964","""Es muß dem deutschen Volke bewußt sein, daß die Aufgaben der Bildung und Forschung für unser Geschlecht den gleichen Rang besitzen wie die soziale Frage für das 19. Jahrhundert"", da keimte die Hoffnung, es würden nunmehr in der Bundesrepublik die zukunftsträchtigen technisch - wissenschaftlichen Entwicklungen die Förderung erfahren, die ihnen in allen anderen vergleichbaren Industrieländern schon seit vielen Jahren zuteil wird."
"489","1967-09-29","Zeitung","Die Zeit, 29.09.1967","Das sollte die Masse des deutschen Volkes jenen Leuten entfremden, die die Alliierten mit dem Tode bestrafen werden, sollte Massenhinrichtungen verhindern und zur Beruhigung des einfachen Mannes dienen."""
"490","1969-03-21","Zeitung","Die Zeit, 21.03.1969","Der Rassismus ist stets ein Maßstab für die soziale Haltung des Volkes."
"491","1958-04-03","Zeitung","Die Zeit, 03.04.1958","Seid ihr bereit, für die Freundschaft der Völker einzutreten und mit dem Sowjetvolk und allen friedliebenden Menschen der Welt den Frieden zu sichern und zu verteidigen, so antwortet mir:"
"492","1968-12-06","Zeitung","Die Zeit, 06.12.1968","Die äußerlich justizmäßigen Formen hatten den politischen Zweck, die gottgewollte Verwirkung des Lebens dieses Königs, der sich gegen das Parlament gestellt hatte, möglichst anschaulich vor dem Volk zu demonstrieren."
"493","1948-01-29","Zeitung","Die Zeit, 29.01.1948","Nicht nur werden dies die wirtschaftlichen und strategischen Interessen Amerikas' und Europas nicht zulassen, auch die wachsende Teilnahme, mit der die islamischen Völker Asiens den Prestigekampf der Araber verfolgen, deutet auf eine Ausbreitung des Konflikts hin."
"494","1964-05-22","Zeitung","Die Zeit, 22.05.1964","Macht, das ist ohne allen Übermut hinzuzufügen, besitzt die Gemeinschaft dank ihres Erfolges und ihrer Schlüsselposition im friedlichen Ringen der wirtschaftlichen Interessen der Völker damit auch."
"495","1963-12-20","Zeitung","Die Zeit, 20.12.1963","Dort hat er nicht nur begriffen, sondern vorgelebt, was es heißt, internationaler Sozialist und Patriot seines Landes zu,sein: ein Mensch, der sich verantwortlich weiß für sein Volk und sein Land, weil sein Volk die Verantwortung aller Völker für die Rechte mitmenschliche Ordnung in dieser Welt mitzutragen hat."
"496","1948-01-22","Zeitung","Die Zeit, 22.01.1948","Im Jahre 1948 sollte man andere Wege gehen unddas deutsche Volk wirklich einmal befragen, ob es das Parteienmonopol bejaht oder ablehnt."
"497","1949-12-22","Zeitung","Die Zeit, 22.12.1949","Der Physiologe sagt, die inneren und äußeren Unruhen, denen die Völker überall ausgesetzt sind, beeinflussen die Mütter ungünstig, so daß nur der weniger anspruchsvolle männliche Organismus zur Ausbildung gelangt."
"498","1952-04-17","Zeitung","Die Zeit, 17.04.1952","Die Leichtfertigkeit, mit der dieses Volk sich immer wieder an den Rand des Abgrunds gleiten läßt, hat bisher noch immer ihr Gegenstück in wunderbaren Rettungsaktionen gefunden."
"499","1963-04-05","Zeitung","Die Zeit, 05.04.1963","Die Franzosen, so weiß man es in unserem Land, sind ein höfliches Volk."
"500","1965-07-09","Zeitung","Die Zeit, 09.07.1965","""Das algerische Volk hat seine Revolution wiederentdeckt, die durch Ben Bella in andere Richtungen abgelenkt worden ist."""
