"No.","Date","Genre","Bibl","Hit"
"1","1934-11-27","Zeitung","Archiv der Gegenwart, Bd. 4, 27.11.1934, S. 1744 [ff.]. Zit. n. CD-ROM-Ausgabe 2001.","Ley, daß der Nationalsozialismus erstmalig eine große Umwälzung vollzogen habe, ohne daß das Volk materielle Forderungen gestellt habe."
"2","1942-11-29","Zeitung","Archiv der Gegenwart, Bd. 12, 29.11.1942, S. 5735 [ff.]. Zit. n. CD-ROM-Ausgabe 2001.","""Erst wenn der deutsche Volksboden nach Osten durch ein starkes deutsches Bauerntum erweitert worden ist, wird die entscheidende Aufgabe gelöst sein, die das 20. Jahrhundert unserem Volk und Europa gestellt hat."
"3","1938-06-04","Zeitung","Archiv der Gegenwart, Bd. 8, 04.06.1938, S. 3589 [ff.]. Zit. n. CD-ROM-Ausgabe 2001.","Wir bezeugen vor der ganzen Welt und vor der Öffentlichkeit der Heimat und des Auslandes, daß die Slowaken in der Tschechoslowakischen Republik mit allen Rechten eines selbständigen Volkes leben wollen und nicht aufhören werden, für ihre natürlichen und vertraglich zugesicherten Rechte zu kämpfen."
"4","1934-03-04","Zeitung","Völkischer Beobachter (Berliner Ausgabe), 04.03.1934","Wotan, die ihn umkreisende Götterwelt, der germanische Kult, dessen wesentlichstes Merkmal die Erkenntnis der Natur und ihrer Kräfte war, sie haben keinen Einfluß mehr auf das äußere Lebensbild unseres Volkes."
"5","1939-12-31","Wissenschaft","Elias, Norbert: Über den Prozeß der Zivilisation - Soziogenetische und psychogenetische Untersuchungen Bd. 2, Frankfurt a. M.: Suhrkamp 1992 [1939], S. 141","Und was man so oft als den ""unkriegerischen"" Charakter des chinesischen Volkes bezeichnet hat, das ist nicht der Ausdruck irgendeiner ""Naturanlage"", sondern produziert dadurch, daß die Schicht, von der das Volk, in ständigem Kontakt, viele seiner Modelle erhielt, seit Jahrhunderten nicht mehr eine Kriegerschicht, ein Adel, sondern eine friedliche und gelehrte Beamtenschaft war."
"6","1933-09-01","Zeitung","Archiv der Gegenwart, Bd. 3, 01.09.1933, S. 1009 [ff.]. Zit. n. CD-ROM-Ausgabe 2001.","Es sei schön und vorteilhaft, die Macht in so starken Fäusten zu wissen, es sei aber schöner und beglückender, die Liebe und die Zuneigung seines Volkes sein Eigen nennen zu können."
"7","1945-10-05","Zeitung","Archiv der Gegenwart, Bd. 15, 05.10.1945, S. 466 [ff.]. Zit. n. CD-ROM-Ausgabe 2001.","Da Jugoslawien die Dienste berücksichtige, welche das italienische Volk der alliierten Sache leistete, fordere es nicht die Wiedergutmachung des gesamten Schadens."
"8","1933-10-18","Zeitung","Archiv der Gegenwart, Bd. 3, 18.10.1933","Dieser wird direkt vom Volk gewählt, ernennt die Regierung und kann die Gesetze über die Parlamentsordnung, Ministerverantwortlichkeit und Budgetgebarung abändern."
"9","1936-12-31","Gebrauchsliteratur","Gütt, Arthur: Volksgesundung und Wehrkraft. In: Archiv f. Rassen- u. Gesellschafts- Biologie einschließlich Rassen- u. Gesellschafts- Hygiene, Bd. 30, Nr. 3, 1936, S. 196","Zwei gleichgroße Völker, wovon das eine 15 a. T., das andere 30 a. T. Geburten aufweist, lassen in 2 bis 3 Jahrzehnten noch keinen besonders auffallenden Unterschied in ihrer Bevölkerungszahl erkennen - besonders, wenn das ""Kultur"" volk mit den 15 a. T. seine Absterbeziffer vorläufig klein halten kann."
"10","1943-10-05","Zeitung","Archiv der Gegenwart, Bd. 13, 05.10.1943, S. 6123 [ff.]. Zit. n. CD-ROM-Ausgabe 2001.","Unser alleiniges Heil liegt in der Erringung eines siegreichen Friedens der uns Lebens- und Entwicklungsmöglichkeiten gibt, wie sie der Größe und dem Ausdehnungsbedürfnis unseres Volkes entsprechen."
"11","1934-08-15","Zeitung","Archiv der Gegenwart, Bd. 4, 15.08.1934, S. 1577 [ff.]. Zit. n. CD-ROM-Ausgabe 2001.","Damit sei aber wieder ein Versprechen des Führers erfüllt, jedes Jahr einmal das Volk zu befragen."
"12","1945-01-25","Zeitung","Archiv der Gegenwart, Bd. 15, 25.01.1945","Das chinesische Volk erwartet im gegenwärtigen Augenblick von der Nationalregierung die sofortige Auflösung der Einparteiendiktatur und die Schaffung einer Koalitionsregierung."
"13","1935-07-25","Zeitung","Archiv der Gegenwart, Bd. 5, 25.07.1935, S. 2151 [ff.]. Zit. n. CD-ROM-Ausgabe 2001.","Ebensowenig aber wolle man sich ein Jahr nach der Ermordung Dollfuß durch Nationalsozialisten und dem Versuch Österreich im Wege der Gewalt gleichzuschalten in eine verweichlichende Friedensstimmung einlullen und den Kampfwillen vermindern lassen, der es im vorigen Jahre ermöglichte, gegen einen übermächtigen Feind Volk und Vaterland sowie die Zukunft Österreichs zu verteidigen und zu retten."
"14","1942-10-02","gesprochen","Hitler, Adolf, Wenn wir Stalingrad berennen und es auch nehmen werden ..., in: Völkischer Beobachter (Berliner Ausgabe), 02.10.1942 [30.09.1942], o.S.","In meinen Augen haben wir im Jahre 1942 die schicksalhafteste Prüfung unseres Volkes schon hinter uns."
"15","1939-12-31","Wissenschaft","Jahresberichte für deutsche Geschichte, 1939, S. 529","Die beherrschende Stellung, die Rasse und Abstammung im Gedankengut des neuen Deutschland einnehmen, haben auch der Frage nach der Herkunft des schwäbischen Volks die rege Anteilnahme weiter Volkskreise gesichert."
"16","1935-03-01","Zeitung","Völkischer Beobachter (Berliner Ausgabe), 01.03.1935","Am entscheidendsten aber hat der wichtige Abschnitt deutscher Geistesentwicklung, die Romantik, in Norwegen und Finnland gewirkt, denn in diesen beiden Ländern ist durch die Ideen der Romantik das eigene Nationalgefühl erwacht . Erst seit dem 19. Jahrhundert können wir wieder von einem eigenen norwegischen Volk und auch von einem norwegischen Staatswesen sprechen."
"17","1939-12-31","Gebrauchsliteratur","Klemperer, Victor: [Tagebuch] 1939. In: ders., Ich will Zeugnis ablegen bis zum letzten, Berlin: Aufbau-Taschenbuch-Verl. 1999 [1939], S. 174","Täglich »Freundschaft« und »gemeinsame Friedensziele mit Rußland«, Reden Molotows vor dem großen Sowjetrat, täglich Anklagen gegen die Gemeinsamkeit der Juden und Engländer, täglich das arme französische Volk."
"18","1943-12-24","Zeitung","Archiv der Gegenwart, Bd. 13, 24.12.1943, S. 6218 [ff.]. Zit. n. CD-ROM-Ausgabe 2001.","Im Bund unseres Volkes liegt unsere Kraft, auf die wir uns in dieser Stunde des großen Getrennt-, aber auch des großen Verbundenseins besinnen wollen."
"19","1935-11-17","gesprochen","o.A., Schlusssitzung des Dritten Reichsbauerntages in Goslar, 17.11.1935","Ich weiß auch, dass jeder ehrenhafte Volksgenosse - und nach den letzten Wahlen wissen wir, dass dies über 90 Prozent des deutschen Volkes sind - es sich zur Ehre anrechnet, im Kampfe gegen internationale Kräfte, die ihn vernichten wollen, freiwillig eine zeitlang auf zehn vom Hundert etwa seines normalen Fettbedarfs zu verzichten."
"20","1933-12-31","Belletristik","Goote, Thor [d.i. Langsdorff, Werner von]: Die Fahne Hoch!, Berlin: Zeitgeschichte-Verlag 1933 [1933], S. 13","Walter Rathenau aber sagt: 'Wir sind und bleiben ein Volk von sechzig Millionen, und die Welt soll wissen, daß dieses Volk sich seiner Kraft bewußt ist."
"21","1943-05-04","Zeitung","Archiv der Gegenwart, Bd. 13, 04.05.1943, S. 5926 [ff.]. Zit. n. CD-ROM-Ausgabe 2001.","Deshalb ist der Jude auch der unversöhnliche Gegner alles Nationalen, weil er den nationalen Zusammenschluß der Völker nicht gebrauchen kann."
"22","1940-10-15","Zeitung","Archiv der Gegenwart, Bd. 10, 15.10.1940, S. 4737 [ff.]. Zit. n. CD-ROM-Ausgabe 2001.","Vor nicht langer Zeit wurden die gleichen Versicherungen auch den Völkern Hollands und Belgiens gegeben."
"23","1942-02-28","Zeitung","Archiv der Gegenwart, Bd. 12, 28.02.1942, S. 5414 [ff.]. Zit. n. CD-ROM-Ausgabe 2001.","Keinerlei Machenschaften, Intrigen oder Verschwörungen der Agenten des anglo-amerikanischen Imperialismus, an welch hervorragendem Plätze sie auch stehen und welcher Nationalität sie auch angehören mögen, können dem indischen Volk Sand in die Augen streuen oder es vom Wege der patriotischen Pflicht abbringen."
"24","1939-10-06","Zeitung","Archiv der Gegenwart, Bd. 9, 06.10.1939, S. 4264 [ff.]. Zit. n. CD-ROM-Ausgabe 2001.","Das Volk geht dorthin, mein Führer, und wird dorthin marschieren wo Sie ihm die Richtung weisen, sei es zum erwünschten Frieden sei es aber auch zum entschlossensten Widerstand."
"25","1940-02-09","Zeitung","Archiv der Gegenwart, Bd. 10, 09.02.1940","Dazu gehören Grundfächer, wie Außenpolitik und ihre Rechtsgrundlagen, Außenwirtschaftskunde, Kolonialgeschichte und Kolonialpolitik, politische Geographie und Geopolitik, Volkstumskunde und Volksgruppenfrage, Staats- und Kulturphilosophie usw. sowie die Fächer der speziellen Auslandwissenschaften, die sich mit Geschichte und Gegenwartsleben bestimmter Völker oder Volksgruppen befassen."
"26","1945-12-04","Zeitung","Süddeutsche Zeitung, 1995 [1945]",""" - dieses Stieren nach dem eigenen Schicksal, dieses Beschleunigen der Katastrophe aus dem wahnwitzigen Grund, weil einer seine Lebenszeit als Mensch gleichsetzen will mit der Schicksalsstunde seines Volkes."
"27","1943-05-19","Zeitung","Archiv der Gegenwart, Bd. 13, 19.05.1943","Das nationale Spanien stehe gefaßt, stark und geeint inmitten des Völkerringens, um den Kampf mit dem aufzunehmen, was das Schicksal noch an Prüfungen für das spanische Volk bereit halte."
"28","1940-05-31","Zeitung","Archiv der Gegenwart, Bd. 10, 31.05.1940, S. 4556 [ff.]. Zit. n. CD-ROM-Ausgabe 2001.","""Das belgische Volk von 1940 ist das gleiche geblieben wie das Belgien des Jahres 1914."
"29","1935-12-31","Gebrauchsliteratur","Schuhmann, Otto: Meyers Opernbuch, Leipzig: Bibliograph. Inst. 1938 [1935], S. 511","Auf der Bühne erscheint wieder der schlichte Mensch des Volkes, der sich durch die nach Märchenart verkörperten Versuchungen und Widerwärtigkeiten des Lebens unerschrocken und treuherzig hindurchbeißt."
"30","1943-11-30","Zeitung","Archiv der Gegenwart, Bd. 13, 30.11.1943, S. 6185 [ff.]. Zit. n. CD-ROM-Ausgabe 2001.","Am 16. November gab ""United Press"" bekannt, daß Hull am 15. November bei einer Pressekonferenz u.a.. erklärte, daß in Moskau keine Geheimabkommen geschlossen und Schritte unternommen worden seien, um eine enge wirtschaftliche Zusammenarbeit der Völker nach dem Kriege zu ermöglichen."
"31","1945-03-01","Zeitung","Archiv der Gegenwart, Bd. 15, 01.03.1945","Ich bin jedoch in dem Augenblick, als das rumänische Volk für die Rettung seines Vaterlandes kämpft, zum Schlüsse gekommen, daß ich nicht abseits stehen kann, und habe daher beschlossen, meine Pflicht als rechtschaftener Rumäne zu erfüllen, in dem ich durch meine Zeugenschaft mithelfe, die jüngsten Ereignisse (110 A, 111 F, 114 A) so darzustellen, wie sie sich in Wirklichkeit abgespielt haben."
"32","1936-09-11","Zeitung","Archiv der Gegenwart, Bd. 6, 11.09.1936, S. 2721 [ff.]. Zit. n. CD-ROM-Ausgabe 2001.","Eine Frau, die Kinder habe, habe mehr für das Volk geleistet als eine weibliche Juristin."
"33","1945-01-30","Zeitung","Archiv der Gegenwart, Bd. 15, 30.01.1945, S. 6676 [ff.]. Zit. n. CD-ROM-Ausgabe 2001.","Daß diese Verteidigung mit namenlosem Unglück, Leid und Schmerzen sondergleichen verbunden ist, läßt uns nur noch mehr an diesem Volk hängen."
"34","1934-09-02","Zeitung","Archiv der Gegenwart, Bd. 4, 02.09.1934, S. 1600 [ff.]. Zit. n. CD-ROM-Ausgabe 2001.","Der Zeitpunkt, wann das österreichische Volk zum Bekenntnis gerufen werde -- ganz gewiß nicht in den Formen der alten Parlamentswahlen -- werde von den Österreichern selbst bestimmt werden."
"35","1943-12-31","Belletristik","Blunck, Hans Friedrich: Sage vom Reich II, Hamburg: Hanseatische Verlagsanstalt 1943, S. 69","Dies Volk wird dich Abschütteln, Lohber, wie's dich einst verwarf."
"36","1939-01-14","Zeitung","Archiv der Gegenwart, Bd. 9, 14.01.1939","""Alle Menschen in Rom, von Seiner Majestät dem König und Kaiser bis zum Regierungschef, von den Ministern bis zum Volke, haben mir, wo immer ich war, einen Empfang bereitet, den ich niemals vergessen werde."
"37","1938-05-01","Zeitung","Berliner Illustrirte Zeitung, 1938","In der neubesiedelten Ostmark behält das Volk seine Stammeseigenart, nur daß hier, auf dem Vorposten, die Sinne schärfer werden, aufgeschlossener für das Neue; der Mut verbissener, der Schaffensdrang noch zielbewußter."
"38","1945-12-14","Zeitung","Süddeutsche Zeitung, 1995 [1945]","Denn gerade im Hinblick auf die später zu verhandelnde Gesamtschuld der angeklagten Verbände (OKW., SA., SS. und so weiter) - im Hinblick ferner auf die moralische Mitverantwortung des deutschen Volkes, ja überhaupt der Massenseele in der Menschenbrust, wird es höchst wichtig sein, wie dieser Film verstanden wird."
"39","1942-09-21","Zeitung","Archiv der Gegenwart, Bd. 12, 21.09.1942, S. 5640 [ff.]. Zit. n. CD-ROM-Ausgabe 2001.","Wir dachten dabei nicht nur an die Gegenwart, sondern auch an die Zukunft, und unser Allianzvertrag im Kriege gegen Hitler-Deutschland und für die Zusammenarbeit und gegenseitige Unterstützung in der Periode nach dem Kriege, der anläßlich des kürzlichen Besuches Außenkommissars Molotow in England abgeschlossen wurde (5528 A, 5619 A), ist vom britischen Volk so aufrichtig willkommen geheißen worden, wie, dessen bin ich gewiß, er dem russischen Volke willkommen war."
"40","1941-09-13","Zeitung","Archiv der Gegenwart, Bd. 11, 13.09.1941, S. 5187 [ff.]. Zit. n. CD-ROM-Ausgabe 2001.","In diesem Kampf hätten sich die Völker entschieden, ihr Wohl und auch ihr Leben für einen noch größeren Wert: die Ehre zu opfern, denn im Kämpfe gegen den Bolschewismus gehe es um die Ehre der Menschheit."
"41","1936-03-03","Zeitung","Völkischer Beobachter (Berliner Ausgabe), 03.03.1936","Je mehr sich die Völker auf sich selbst besinnen und je geringer der Einfluß der ewigen internationalistischen Zerstörung ist, um so sicherer können die Völker auch miteinander in Fühlung treten."
"42","1933-12-31","Belletristik","Werfel, Franz: Die Vierzig Tage des Musa Dagh I, Stockholm: Bermann - Fischer 1947 [1933], S. 432","Die Verwirrung unter dem Volk war ebenso groß wie das Unheil."
"43","1942-02-01","Zeitung","Archiv der Gegenwart, Bd. 12, 01.02.1942, S. 5381 [ff.]. Zit. n. CD-ROM-Ausgabe 2001.","Hierzu überbringe ich Ihnen die herzlichen Wünsche des Führers, denen ich mich für Sie persönlich, für Ihre Bewegung und für das gesamte norwegische Volk aus ganzem Herzen anschließe."
"44","1943-09-29","Zeitung","Archiv der Gegenwart, Bd. 13, 29.09.1943","4. Das italienische Volk hat nicht die Deutschen verraten, es ist vielmehr durch die nationalsozialistische Verschwörung verraten worden."
"45","1940-08-01","Zeitung","Archiv der Gegenwart, Bd. 10, 01.08.1940, S. 4644 [ff.]. Zit. n. CD-ROM-Ausgabe 2001.","Sie zeigten daß die herrschenden Kreise Frankreichs mit dem Volk nicht verbunden waren und sich nicht nur nicht auf ihr Volk stützten sondern ihr Volk fürchteten, das in dem verdienten Ruhm eines freiheitliebenden Volkes mit ruhmreichen revolutionären Traditionen steht."
"46","1940-07-13","Zeitung","Archiv der Gegenwart, Bd. 10, 13.07.1940, S. 4618 [ff.]. Zit. n. CD-ROM-Ausgabe 2001.","Die Arbeit des französischen Volkes ist die oberste Hilfsquelle des Landes und muß geheiligt werden."
"47","1944-06-24","Zeitung","Archiv der Gegenwart, Bd. 14, 24.06.1944, S. 6422 [ff.]. Zit. n. CD-ROM-Ausgabe 2001.","Wir Deutschen waren am meisten gezwungen, nicht aus theoretischen Erwägungen heraus, sondern aus der schreienden Not unseres Volkes heraus, das im Chaos der Arbeitslosigkeit und des Wirtschaftsverfalls zu versinken drohte, die Probleme des Marktes, den Anspruch des Kapitals auf Beherrschung der Produktion und die Theorie der internationalen Freizügigkeit zu überprüfen."
"48","1940-03-13","Zeitung","Völkischer Beobachter (Berliner Ausgabe), 13.03.1940","""Dieses außerordentliche Volk (die Juden!) hat etwas wie ein Wunder zustandegebracht."
"49","1940-07-19","Zeitung","Archiv der Gegenwart, Bd. 10, 19.07.1940","Sie alle haben ihr Höchstes geleistet, ihre Fähigkeiten und ihren Fleiß dem deutschen Volk geweiht."
"50","1944-04-20","Zeitung","Archiv der Gegenwart, Bd. 14, 20.04.1944, S. 6346 [ff.]. Zit. n. CD-ROM-Ausgabe 2001.","Was wir als Volk und Führung in diesem Kriege durchgemacht und gemeistert haben, kann mit solchen Mitteln überhaupt nicht bezwungen werden."
"51","1944-11-25","Zeitung","Archiv der Gegenwart, Bd. 14, 25.11.1944, S. 6604 [ff.]. Zit. n. CD-ROM-Ausgabe 2001.","Auch der totale Kriegseinsatz des deutschen Volkes (6462 B) diene diesem Ziel."
"52","1938-02-06","Zeitung","Völkischer Beobachter ( Norddeutsche Ausgabe), 06.02.1938","Dieses große Richtmaß bestimmt heute das politische Leben unseres Volkes und gibt damit die Möglichkeit zu einer Zusammenfassung der Kräfte, wie sie bisher unbekannt gewesen ist."
"53","1939-06-25","Zeitung","Archiv der Gegenwart, Bd. 9, 25.06.1939, S. 4115 [ff.]. Zit. n. CD-ROM-Ausgabe 2001.","Letzten Endes gehört das Leben den Völkern die bereit sind, für ihr Dasein und ihre Zukunft, wenn notwendig, auch das Letzte einzusetzen."
"54","1939-01-15","gesprochen","o.A., Kundgebung im Berliner Sportpalast mit Gauleiter Streicher und dem italienischen Minister Farinacci zur Judenfrage, 15.01.1939","[...] Aber eines wissen wir, wer bis in die tiefe Nachtstunde hinein sich mit uns hier versammelt und auf irgendeinen Verdienst verzichtet, der ist ein Gottsucher, mag er sich katholisch oder protestantisch nennen, und wer sich mit uns auch heute wieder zum Führer und zu seinem neuen Deutschland bekennt mit all seinen Opfern, die noch vielleicht kommen mögen, der hat Religion, der hat einen Herrgott (Bravorufe und Beifall) . Wir können nicht dafür, dass es Millionen Deutsche gibt, die da heute sagen, wo bleiben die anderen im deutschen Volke, die eigentlich das Volk führen müssten, von der Kanzel herab führen müssten in die große Zeit hinein. [...]"
"55","1938-11-12","Zeitung","Archiv der Gegenwart, Bd. 8, 12.11.1938, S. 3804 [ff.]. Zit. n. CD-ROM-Ausgabe 2001.","Das gerechte Fühlen unseres Volkes ist die beste Bürgschaft für die Entwicklung der Minderheiten, deren Sprache, Glaube und Kultur bei uns den notwendigen Schutz finden werden."
"56","1945-08-23","Zeitung","Archiv der Gegenwart, Bd. 15, 23.08.1945, S. 390 [ff.]. Zit. n. CD-ROM-Ausgabe 2001.","Durch Intrigen und Kulissenspiel streben diese Kreise danach, Zwietracht zwischen der Regierung und dem Volk einerseits und dem Staatsoberhaupt andererseits zu säen."
"57","1937-10-03","Zeitung","Archiv der Gegenwart, Bd. 7, 03.10.1937, S. 3240 [ff.]. Zit. n. CD-ROM-Ausgabe 2001.","Trotzdem bleibe die restlose heimische Versorgung des deutschen Volkes ein schweres Problem, das nur mit Unterstützung der Konsumenten gemeistert werden könne."
"58","1935-03-02","Zeitung","Völkischer Beobachter (Berliner Ausgabe), 02.03.1935","Die fremden Fahnen sind von den Masten heruntergegangen. und hochgegangen ist das stolze Banner der deutschen Revolution , das stolze Banner des neuerwachten deutschen Volkes."
"59","1942-12-02","Zeitung","Archiv der Gegenwart, Bd. 12, 02.12.1942, S. 5738 [ff.]. Zit. n. CD-ROM-Ausgabe 2001.","Mussolini betonte sodann, daß dem italienischen Volk die Wahrheit gesagt werde, während man in den USA. einen Kult der Lüge treibe."
"60","1933-11-20","Zeitung","Aschaffenburger Zeitung, 20.11.1933","Ein Volk, das seine Nerven verliere, sei für den Untergang reif."
"61","1945-08-15","Zeitung","Archiv der Gegenwart, Bd. 15, 15.08.1945, S. 373 [ff.]. Zit. n. CD-ROM-Ausgabe 2001.","Die neue verheerende Waffe (369 C), die von der Wissenschaft in die Hände der Menschheit gegeben wurde, sollte allen Völkern eine Mahnung sein, daß die Nationen der Welt entweder auf das Mittel des Krieges verzichten oder durch gegenseitige Zerstörung zugrunde gehen müssen."
"62","1936-09-11","Zeitung","Archiv der Gegenwart, Bd. 6, 11.09.1936, S. 2720 [ff.]. Zit. n. CD-ROM-Ausgabe 2001.","Adolf Hitler wies in seiner Ansprache u. a. darauf hin, daß in den vier Jahren seit der Machtergreifung sich das Wunder der Wiederaufrichtung eines zu tiefst geschlagenen gedemütigten und getretenen Volkes vollzogen habe."
"63","1944-09-28","Zeitung","Archiv der Gegenwart, Bd. 14, 28.09.1944, S. 6539 [ff.]. Zit. n. CD-ROM-Ausgabe 2001.","Er erklärt, daß die Programme der beiden Parteien mit ihrem Gelöbnis einen wahrhaften Frieden zu schaffen, nur dazu angetan seien das amerikanische Volk hinter das Licht zu führen."
"64","1940-03-12","Zeitung","Völkischer Beobachter (Berliner Ausgabe), 12.03.1940","Hält das deutsche Volk in allen seinen Schichten und Altersstufen in dieser Schicksalszeit, schließt eine einzige Idee der Volkskameradschaft uns alle zusammen, dann wird keine Macht der Welt mehr über Deutschland triumphieren können."
"65","1940-04-20","Zeitung","Archiv der Gegenwart, Bd. 10, 20.04.1940, S. 4502 [ff.]. Zit. n. CD-ROM-Ausgabe 2001.","Inzwischen allerdings habe man auch in England eingesehen, daß man mit diesen alten, abgedroschenen Phrasen gar nichts erreichen könne, da sich das deutsche Volk im klaren darüber sei, daß es nun einen Schicksalskampf auszufechten habe."
"66","1933-12-31","Belletristik","Toller, Ernst: Eine Jugend in Deutschland, Reinbek bei Hamburg: Rowohlt 1985 [1933], S. 8","Sie haben das Volk vertröstet von Tag zu Tag, von Monat zu Monat, von Jahr zu Jahr, bis es, müde der Vertröstungen, Trost in der Trostlosigkeit suchte."
"67","1944-01-16","Zeitung","Archiv der Gegenwart, Bd. 14, 16.01.1944, S. 6244 [ff.]. Zit. n. CD-ROM-Ausgabe 2001.","Die Griechen waren einst zahlenmäßig ein kleines Volk gegenüber den Millionen Syriens und des damaligen Kleinasien, trotzdem sind sie in die Weltgeschichte als die schöpferischen Gestalter der Antike eingegangen, während die anderen Völker fast nur geschichtliche, aber keine von tiefer fortwirkender Kultur zeugende Erinnerungen hinterlassen haben."
"68","1942-07-30","Zeitung","Archiv der Gegenwart, Bd. 12, 30.07.1942","Diese Verpflichtungen haben wir nicht nur gegenüber den britischen und amerikanischen Kräften in Indien, sondern auch gegenüber dem indischen Volk."
"69","1934-03-04","Zeitung","Völkischer Beobachter (Berliner Ausgabe), 04.03.1934","Das ist für ein gesundes Volk eine so selbstverständliche Zusammenfügung, daß es die Frage kaum aufwirst , wie es denn anders gehalten werden könnte."
"70","1944-10-04","Zeitung","Archiv der Gegenwart, Bd. 14, 04.10.1944, S. 6545 [ff.]. Zit. n. CD-ROM-Ausgabe 2001.","Weder von dem einen noch von dem anderen Gegner könnte das deutsche Volk Gnade oder Schonung erwarten, wenn es sich in seine Gewalt begebe."
"71","1940-01-02","Zeitung","Archiv der Gegenwart, Bd. 10, 02.01.1940, S. 4370 [ff.]. Zit. n. CD-ROM-Ausgabe 2001.","Auch die finanziellen Lasten des Kampfes müssen von der Gesamtheit des Volkes getragen werden."
"72","1937-09-27","gesprochen","o.A., Reportage vom Besuch Mussolinis in Essen, 27.09.1937","Es ist eigenartig, dieses Bild, ganz neu! Nachdem der Staatsbesuch in München der Partei und bei den Manövern der Wehrmacht einen Besuch abgestattet hat, wird nun heute Mussolini dem werktätigen Volk Deutschlands in der Kruppstadt seinen Besuch abstatten."
"73","1940-08-01","Zeitung","Archiv der Gegenwart, Bd. 10, 01.08.1940","Die verschiedenen Industriezweige, besonders die chemische, die Maschinen- und Schwerindustrie sowie der Verkehr und die Landwirtschaft sollen gefördert und die allgemeine Lebenshaltung des Volkes der gegenwärtigen nationalen Krise angepaßt werden."
"74","1945-09-23","Zeitung","Archiv der Gegenwart, Bd. 15, 23.09.1945, S. 446 [ff.]. Zit. n. CD-ROM-Ausgabe 2001.","Daß die slawischen Völker für die Sowjetunion und Generalissimus Stalin eine besondere Zuneigung hegen, ergebe sich aus der Tatsache, daß die Rote Armee diese Völker vom Joch des Faschismus befreit hat."
"75","1943-12-28","Zeitung","Archiv der Gegenwart, Bd. 13, 28.12.1943","Die Außenpolitik sei bis ins einzelne durchdacht und werde von 99% des bulgarischen Volkes gebilligt."
"76","1934-03-27","Zeitung","Archiv der Gegenwart, Bd. 4, 27.03.1934, S. 1353 [ff.]. Zit. n. CD-ROM-Ausgabe 2001.","-- Die rücksichtslose, gegen die nationale Einheit und Existenz Jugoslawiens gerichtete Propaganda habe glücklicherweise keinen Erfolg gezeitigt, weil sie auf die einmütige Verachtung des gesamten jugoslawischen Volkes gestoßen wäre."
"77","1936-09-11","gesprochen","o.A., Parteikongress der NSDAP in Nürnberg, 11.09.1936","Die wissenschaftlich nicht bestreitbaren Tatsachen der Verschiedenheit der Rassen und Völker sind die Grundlage, die Rechtfertigung und zugleich die Verpflichtung für jede Rassenpolitik, ohne die nach unserer Anschauung eine Befriedung Europas und der ganzen Welt niemals möglich sein wird."
"78","1942-01-14","Zeitung","Archiv der Gegenwart, Bd. 12, 14.01.1942, S. 5355 [ff.]. Zit. n. CD-ROM-Ausgabe 2001.","Das Ergebnis der Sammlung beweist zur Genüge, daß diesmal mehr als bei irgendeiner anderen Gelegenheit die Spendefreudigkeit unserem ganzen Volke aus dem Herzen kam."
"79","1939-03-03","Zeitung","Völkischer Beobachter (Berliner Ausgabe), 03.03.1939","Das deutsche Buch sei vor allem von uns niemals dazu bestimmt, andere Völker zu verunglimpfen."
"80","1940-10-10","Zeitung","Archiv der Gegenwart, Bd. 10, 10.10.1940","""Es war schwer vorzustellen, daß die Ungarn auf ihr aus der Geschichte der ungarischen Beherrschung anderer Volker gut bekanntes System der blutigen Unterdrückung verzichten würden und eine innerpolitische Linie einnehmen sollten, die die freie Entwicklung des rumänischen Volkes in Ungarn gewährleisten konnte."
"81","1938-09-30","Zeitung","Archiv der Gegenwart, Bd. 8, 30.09.1938","Die beiden Völker müssen sich herzlich verständigen und ich bin glücklich meine Kräfte dieser notwendigen und fruchtbaren Verständigung zu widmen."
"82","1943-06-26","Zeitung","Archiv der Gegenwart, Bd. 13, 26.06.1943, S. 5990 [ff.]. Zit. n. CD-ROM-Ausgabe 2001.","Diese Ausstellung ist aus dem Geist unseres Volkes geschaffen und deshalb auch Geist von seinem Geiste."
"83","1945-10-09","Zeitung","Süddeutsche Zeitung, 1995 [1945]","[...] einsetzen - aktiv und lebendig, vom heiligen Feuer der Uebererregung durchglüht, hier muß er unermüdlich belehren, aufklären und aufdecken, hier muß er den Mut haben unpopulär zu sein, Dinge zu sagen, die man nicht gerne hört, Illusionen zu zerstören, ein rücksichtsloses Anerkenntnis der deutschen Schuld am Krieg zu fordern und sich nicht etwa in Leitartikeln hinter patriotischen Floskeln zu verschanzen und sich gleichsam dafür zu entschuldigen, daß jetzt dem Militarismus und dem Faschismus die Maske vom Gesicht gerissen wird, hier muß er ein Vorkämpfer der Freiheit sein, der dem Volk die ersten demokratischen Gehversuche erleichtert. [...]"
"84","1944-05-13","Zeitung","Archiv der Gegenwart, Bd. 14, 13.05.1944, S. 6375 [ff.]. Zit. n. CD-ROM-Ausgabe 2001.","Ihre rasche Aufrichtung liegt im Lebensinteresse des griechischen Volkes."
"85","1940-01-30","Zeitung","Archiv der Gegenwart, Bd. 10, 30.01.1940, S. 4401 [ff.]. Zit. n. CD-ROM-Ausgabe 2001.","Diese Völker, die große Gebiete der Welt ohne jeden Sinn und Zweck einfach blockieren, ja vor wenigen Jahrzehnten dazu noch Deutschland ausraubten, stellen sich nun auf den Standpunkt der sogenannten besitzenden Klassen innerhalb der Völker."
"86","1939-05-19","Zeitung","Archiv der Gegenwart, Bd. 9, 19.05.1939, S. 4072 [ff.]. Zit. n. CD-ROM-Ausgabe 2001.","Weiter sagte Dr. Goebbels, daß England sich bemühe auch die Sowjetunion in einen Ring zur Einkreisung Deutschlands hineinzuziehen und kam dann auf die bevorstehende Unterzeichnung des Militärbündnisses zwischen Berlin und Rom zu sprechen, in dem sich nicht nur zwei Völker in gemeinsamen Interessen, sondern auch zwei Revolutionen in denselben weltanschaulichen Zielen begegneten."
"87","1945-06-23","Zeitung","Archiv der Gegenwart, Bd. 15, 23.06.1945, S. 287 [ff.]. Zit. n. CD-ROM-Ausgabe 2001.","Wir wünschen, mit dem italienischen Volk in bestem Einvernehmen zu leben."
"88","1939-10-24","Zeitung","Archiv der Gegenwart, Bd. 9, 24.10.1939","Als ich Herrn Daladier im vorigen Jahr in München an diese Begebenheit des Jahres 1933 erinnerte und darauf hinwies, wie gut es für die Verständigung zwischen den beiden Völkern gewesen wäre, wenn diese Zusammenkunft damals stattgefunden hätte, erwiderte mir Herr Daladier mit einer vielsagenden Geste der Zustimmung:"
"89","1944-08-04","Zeitung","Archiv der Gegenwart, Bd. 14, 04.08.1944","Das deutsche Volk besitze nicht zuletzt auf technischem Gebiete die Chance für den Endsieg und werde sie entschlossen und mit aller Macht ergreifen."
"90","1936-09-09","Zeitung","Archiv der Gegenwart, Bd. 6, 09.09.1936, S. 2716 [ff.]. Zit. n. CD-ROM-Ausgabe 2001.","Das Ziel der deutschen Wirtschaftspolitik sei eine Verbesserung des Lebensstandards des breiten Volkes."
"91","1934-10-30","Zeitung","Archiv der Gegenwart, Bd. 4, 30.10.1934, S. 1698 [ff.]. Zit. n. CD-ROM-Ausgabe 2001.","Das deutsche Volk könne unmöglich auf dem Standard eines chinesischen Kuli leben."
"92","1944-07-31","Zeitung","Archiv der Gegenwart, Bd. 14, 31.07.1944, S. 6471 [ff.]. Zit. n. CD-ROM-Ausgabe 2001.","Goebbels einen Appell an alle Chefs der Obersten Reichsbehörden, in eigener Initiative die Entwicklung Deutschlands zu einem wahren ""Volk im Kriege"" voranzutreiben."
"93","1933-05-01","Zeitung","Archiv der Gegenwart, Bd. 3, 01.05.1933, S. 817 [ff.]. Zit. n. CD-ROM-Ausgabe 2001.","2. Das Pflichtgefühl und das Selbstbewußtsein des Volkes neu zu erwecken und dauernd zu steigern."
"94","1936-08-01","gesprochen","o.A., Jugendfeier im Berliner Lustgarten anlässlich der Eröffnung der XI. Olympischen Spiele, 01.08.1936","Sie waren im Kampf für ihre Heimat, für ihre Völker und Länder zu Volkskameraden geworden."
"95","1939-09-19","Zeitung","Archiv der Gegenwart, Bd. 9, 19.09.1939","Ich hatte nur das große Ziel, mit dem britischen Volk ein aufrichtiges Freundschaftsverhältnis erreichen zu können."
"96","1942-03-16","Zeitung","Archiv der Gegenwart, Bd. 12, 16.03.1942, S. 5431 [ff.]. Zit. n. CD-ROM-Ausgabe 2001.","Riom ist der Prozeß des französischen Volkes, nicht der unsere."
"97","1944-08-11","Zeitung","Archiv der Gegenwart, Bd. 14, 11.08.1944","Was den Opfersinn des deutschen Volkes anlange, so werde sich der Arbeiter nicht vom Bauern und der Bauer nicht vom Arbeiter beschämen lassen."
"98","1943-08-03","Zeitung","Archiv der Gegenwart, Bd. 13, 03.08.1943, S. 6035 [ff.]. Zit. n. CD-ROM-Ausgabe 2001.","Ist diese ""begingungslose Kapitulation"", wie man sie heute vom italienischen Volk verlangt, nicht von der Leidenschaft diktiert wie man sie bisher bei einer Diktatur kritisierte?"
"99","1938-12-31","gesprochen","Hitler, Adolf, Deutsches Volk, trage auch du jetzt deine Waffe!, in: Ausgewählte Reden des Führers 1938, München 1938, S. 81-96","Wir haben kein Interesse, andere Völker zu unterdrücken."
"100","1942-09-07","Zeitung","Archiv der Gegenwart, Bd. 12, 07.09.1942","6. Die Goldbestände und die Regierungsfonds, die sich in den französischen Besitzungen befinden, werden blockiert, um später vom französischen Volk wieder benutzt zu werden."
"101","1934-12-31","gesprochen","Hitler, Adolf, Die deutsche Kunst als stolzeste Verteidigung des deutschen Volkes?, in: Die deutsche Kunst als stolzeste Verteidigung des deutschen Volkes, München 1934 [1933]","Da die Natur in einem solchen Falle nun ihren lebendigen Widerspruch anwendet, zog der Zwiespalt in jene Völker ein, in denen zwei ihrem Wesen nach verschiedene Rassenbestandteile sich nebeneinander ausleben wollten."
"102","1939-11-25","Gebrauchsliteratur","Brief von Irene G. an Ernst G. vom 25.11.1939, Feldpost-Archive mkb-fp-0270","Und dazu gehört noch ein dauerhafter Frieden unter all den Völkern."
"103","1943-10-19","Zeitung","Archiv der Gegenwart, Bd. 13, 19.10.1943, S. 6141 [ff.]. Zit. n. CD-ROM-Ausgabe 2001.","Es steht dabei fest, daß von dem grundlegenden Recht des italienischen Volkes, in freier Wahl seine eigene demokratische Regierungsform zu bestimmen, nicht abgewichen werden darf."
"104","1936-03-07","gesprochen","Hitler, Adolf, Für eine Verständigung der Völker Europas ..., in: Rede des Führers und Reichskanzlers Adolf Hitlers vor dem Reichstag am 7. März 1936","Wenn früher Armeen von Hunderttausenden für die Ziele einer imperialistischen Dynastien-, Kabinetts- oder Nationalitätenpolitik eintraten, dann sind es heute Millionenarmeen, die für neue geistige Vorstellungen, für Weltrevolutionen, Bolschewismus oder sogar »Nie wieder Krieg«-Idole zum Kriege rüsten und die Völker dafür in Bewegung setzen."
"105","1944-12-20","Zeitung","Archiv der Gegenwart, Bd. 14, 20.12.1944, S. 6634 [ff.]. Zit. n. CD-ROM-Ausgabe 2001.","Man braucht sich nur die beiden Fragen vorzulegen, wo die Völker des Abendlandes heute stehen würden, wenn sie diesen deutschen Versuch, mit den Problemen des 20. Jahrhunderts fertig zu werden, nachgeahmt hätten, und wo sie heute in Wirklichkeit stehen, da sie ihn blutig bekämpfen, um zu wissen, welches Verbrechen an der Menschheit die Schuldigen an diesem Kriege damit begangen haben."
"106","1940-03-05","Zeitung","Völkischer Beobachter (Berliner Ausgabe), 05.03.1940","? Herrn Stefan Lorant , dem Gründer und Herausgeber der englischen Massenzeitschriften ""Liliput"" und Picture Post"", die vom britischen Lügenministerium mit riesigen Geldmitteln ausgestattet sind und schon vor dem Kriege Spitzenleistungen in der Verhetzung des englischen Volkes gegen das deutsche Volk erreicht haben."
"107","1937-12-31","Gebrauchsliteratur","Bodenreuth, Friedrich [d.i. Jaksch, Friedrich]: Alle Wasser Böhmens fließen nach Deutschland, Berlin: Büchergilde Gutenberg 1938 [1937], S. 215","Es lebe mein Volk!"""
"108","1942-01-21","Zeitung","Archiv der Gegenwart, Bd. 12, 21.01.1942","Um die Errichtung der gemeinsamen Wohlstandssphäre im größeren Ostasien, die das Ziel des jetzigen Krieges bildet, möglich zu machen, ist unser Volk, das die Führung unter den ostasiatischen Völkern übernimmt, berufen, einen klaren Begriff von der wirklichen Bedeutung der gemeinsamen Prosperität auszuarbeiten, in dem es seine geistige Fassungskraft und seinen Horizont erweitert, und man richtet an unser Volk den Appell, in allen inneren Angelegenheiten eine positive Haltung einzunehmen, wie es sich für unsere große Aufgabe gehört, und die Erwartungen dieser Völker in vollem Umfange zu erfüllen."
"109","1940-03-14","Zeitung","Archiv der Gegenwart, Bd. 10, 14.03.1940","""Der heutige Tag ruft mir ins Gedächtnis, daß ich vor Jahresfrist bei Eurer Exzellenz vollstes Verständnis für das damals schwer heimgesuchte tschechische Volk gefunden habe."
"110","1945-12-22","Zeitung","Archiv der Gegenwart, Bd. 15, 22.12.1945","Es könne auch nicht gesagt werden, daß die stattgehabten Wahlen (518 F) eine Gelegenheit zur freien Bestimmung der Vertreter des Volkes bildeten und daß die Zusagen des Abkommens Tito-Subasic (Seite 32) erfüllt wurden."
"111","1944-02-03","Zeitung","Archiv der Gegenwart, Bd. 14, 03.02.1944, S. 6262 [ff.]. Zit. n. CD-ROM-Ausgabe 2001.","Voller Genugtuung könne man heute feststellen, daß sich das Verständnis für diese Schicksalsfrage in weiten Kreisen des norwegischen Volkes Bahn gebrochen habe."
"112","1943-04-11","Zeitung","Archiv der Gegenwart, Bd. 13, 11.04.1943, S. 5898 [ff.]. Zit. n. CD-ROM-Ausgabe 2001.","Das Commonwealth ist eine Freiwillige Union, verbunden durch den Willen der Völker und Rassen mit gemeinsamer Vergangenheit und gemeinsamem Vorstellungen den gleichen Weg zu schreiten."
"113","1938-03-18","gesprochen","Hitler, Adolf, Ein Volk, ein Reich. Deutschland! Sieg Heil!, in: Rede des Führers und Reichskanzlers Adolf Hitler vor dem Reichstag am 18. März 1938","Ich machte aber Herrn Schuschnigg darauf aufmerksam, daß es der letzte Versuch sein würde, der von meiner Seite aus in Betracht käme, und daß ich entschlossen sei, im Falle des Mißlingens dieses Versuches die Rechte des deutschen Volkes in meiner Heimat mit jenen Mitteln wahrzunehmen, die auf dieser Erde seit jeher immer dann allein noch übriggeblieben sind, wenn sich die menschliche Einsicht dem Gebot der normalen Gerechtigkeit verschließt; denn demokratischen Formalitäten zuliebe ist noch kein anständiges Volk gestorben."
"114","1940-01-09","Zeitung","Archiv der Gegenwart, Bd. 10, 09.01.1940, S. 4379 [ff.]. Zit. n. CD-ROM-Ausgabe 2001.","Gegenwärtig leide Finnland noch keinen wirklichen Mangel an den notwendigen Waren, das Volkseinkommen gehe aber rasch zurück, und obgleich das Volk sich, ohne zu murren, in eine Einschränkung des Lebensstandards gefunden habe, brauche man nun ausländische Kredite."
"115","1945-10-02","Zeitung","Archiv der Gegenwart, Bd. 15, 02.10.1945, S. 457 [ff.]. Zit. n. CD-ROM-Ausgabe 2001.","Die slawischen Völker, die über reiche Rohstoffquellen und Hilfsmittel verfügen, könnten durch verständnisvolle Verwendung der Naturschätze viel zur Erholung Europas beitragen."
"116","1943-06-06","gesprochen","o.A., Rechenschaftsbericht an Reichsminister Rosenberg in Kiew, 06.06.1943","Die einzige Feststellung, die wir machen, ist immer wieder die, dass wir immer wieder von neuem zu lernen haben am Erkennen und am Begreifen der Seele dieses Volkes, und das fällt uns wirklich außerordentlich schwer."
"117","1943-10-05","Zeitung","Archiv der Gegenwart, Bd. 13, 05.10.1943, S. 6123 [ff.]. Zit. n. CD-ROM-Ausgabe 2001.","Das Volk aber wird den Krieg mit einer fast vorauszuberechnenden mathematischen Sicherheit gewinnen das dafür die totalste Volkskraft einsetzt und dabei entschlossen ist, niemals und um keinen Preis seine Ehre oder seine Freiheit aufzugeben oder die Waffen niederzulegen."
"118","1943-06-05","Zeitung","Archiv der Gegenwart, Bd. 13, 05.06.1943","[...] Und das lautet: ""Totale Besetzung Deutschlands und seine Unterstellung unter ein anglo-bolschewistisch-amerikanisches Militärregime, Übernahme der gesamten deutschen Verwaltung, totale Auflösung der deutschen Industrie, alle deutschen Truppen auf unabsehbare Zeit als Arbeitsbataillone in die besetzten Gebiete, insbesondere nach Sibirien, Deutschland darf niemals mehr ein Machtfaktor werden, alle Überschüsse der landwirtschaftlichen Produktion bei sparsamster Ernährung des deutschen Volkes an die früheren Feindmächte, Deutschland darf kein Einheitsstaat bleiben, Bildung eines deutschen Nationalbewußtseins verboten, die Einkünfte der deutschen Arbeitsprodukte sollen dem deutschen Volke nur so weit zugute kommen daß es sich notdürftig ernähren kann."" [...]"
"119","1939-01-28","Zeitung","Archiv der Gegenwart, Bd. 9, 28.01.1939, S. 3910 [ff.]. Zit. n. CD-ROM-Ausgabe 2001.","Auch wenn die Gefühle der Regierungen nicht immer mit denen der Völker übereinstimmen mögen, sei es notwendig, die Freundschaft der Völker zu pflegen."
"120","1943-05-22","Zeitung","Archiv der Gegenwart, Bd. 13, 22.05.1943, S. 5946 [ff.]. Zit. n. CD-ROM-Ausgabe 2001.","""Zum heutigen Gedenktag, an dem sich die feierliche Unterzeichnung des Freundschafts- und Waffenbundes zwischen unseren beiden Völkern zum viertenmal jährt, bitte ich Eure Majestät, mit meinen herzlichsten Grüßen meine und des deutschen Volkes aufrichtigsten Wünsche für das Glück und die Zukunft Italiens und den Kampf seiner Waffen entgegennehmen zu wollen."""
"121","1940-12-31","Belletristik","Schaper, Edzard: Der Henker, Zürich: Artemis 1978 [1940], S. 61","Noch immer standen sie dort, wo die ersten ihren Fuß hingesetzt, noch immer hatte ihr Dasein die gleiche Einsamkeit, die gleiche Fragwürdigkeit, die jeder Mission von Völkern an anderen Völkern innewohnt, und immer noch hatten sie das Bewußtsein einer Sendung."
"122","1945-11-13","Zeitung","Süddeutsche Zeitung, 1995 [1945]","Doch aus dem Volke selbst sprießen die Triebe zu einem neuen Geschlechte, das Gott aus dem Schutt des Antichrists ausgraben und der Wahrheit und der Liebe aus dem Trümmerfeld der Lüge zur Auferstehung verhelfen will."
"123","1944-06-24","Zeitung","Archiv der Gegenwart, Bd. 14, 24.06.1944, S. 6422 [ff.]. Zit. n. CD-ROM-Ausgabe 2001.","Das Recht auf Arbeit für das Individuum und das Recht auf Arbeit für das ganze Volk bilden dabei eine unteilbare Einheit."
"124","1945-11-22","Zeitung","Archiv der Gegenwart, Bd. 15, 22.11.1945, S. 534 [ff.]. Zit. n. CD-ROM-Ausgabe 2001.","Die Regierung betrachtet sich als Treuhänderin des hessischen Volkes und verspricht, eine demokratische Verfassung vorzubereiten."
"125","1933-03-23","Zeitung","Archiv der Gegenwart, Bd. 3, 23.03.1933, S. 757 [ff.]. Zit. n. CD-ROM-Ausgabe 2001.","Unter Hinweis auf Österreich betonte der Reichskanzler, daß sich die Reichsregierung der Verbundenheit des Schicksals aller deutschen Völker voll bewußt sei."
"126","1941-06-16","Zeitung","Archiv der Gegenwart, Bd. 11, 16.06.1941, S. 5065 [ff.]. Zit. n. CD-ROM-Ausgabe 2001.","Die so geeinte Demokratie könnte die Quellen und Hilfsmittel erfassen, die einen Sieg herbeiführten, und gleichzeitig darauf hinweisen, wie die Völker im Frieden zusammenarbeiten könnten."" (L.B. England: Außenpolitik 5062 D, Wehrmacht 5062 D; Naher Osten 5030 C, Mittelmeer 5035 A.)"
"127","1942-12-31","Gebrauchsliteratur","Wiehle, Hermann u. Harm, Marie: Lebenskunde für Mittelschulen - Klasse 5 für Mädchen, Halle u. a.: Schroedel u. a. 1942, S. 150","Am 3. Sonntag im Mai feiert das ganze deutsche Volk den Muttertag."
"128","1945-01-01","Zeitung","Archiv der Gegenwart, Bd. 15, 01.01.1945, S. 5 [ff.]. Zit. n. CD-ROM-Ausgabe 2001.","Das polnische Volk grüßt den Soldaten der Volksarmee, der sich mit dem Soldaten der polnischen Armee in der UdSSR zusammengeschlossen hat."
"129","1944-07-21","Zeitung","Archiv der Gegenwart, Bd. 14, 21.07.1944, S. 6456 [ff.]. Zit. n. CD-ROM-Ausgabe 2001.","mein Leben ist nur Sorge und ist nur Arbeit für mein Volk - , sondern ich danke ihm nur deshalb, daß er mir die Möglichkeit gab, diese Sorgen weiter tragen zu dürfen und in meiner Arbeit weiter fortzufahren, so gut ich das vor meinem Gewissen verantworten kann."
"130","1945-10-12","Zeitung","Süddeutsche Zeitung, 1995 [1945]","Ihm genügt die eine Partei, die durch die Mehrheit des Volkes auf vier Jahre zur Führung der politischen Geschicke berufen ist, und die Oppositionspartei, die in Verbindung mir einer freien, demokratischen Presse die Sünden und Fehler der Partei, die am Staatsruder sitzt, geißelt, um es bei der nächsten Wahl besser zu machen, so das Volk es will."
"131","1944-02-05","Zeitung","Archiv der Gegenwart, Bd. 14, 05.02.1944, S. 6266 [ff.]. Zit. n. CD-ROM-Ausgabe 2001.","Daß die englische und amerikanische Regierung zu dieser Verhöhnung der Demokratien noch Beifall klatschen müssen, beweist, in welcher Abhängigkeit sie ihre Völker von den jüdisch-bolschewistischen Weltmächten gebracht haben."
"132","1936-12-31","Wissenschaft","Jahresberichte für deutsche Geschichte, 1936, S. 265","Im Gegensatz dazu ist es Schmeidler <934> darum zu tun, in dem großen Drama der Völkerwanderungszeit den Anteil und das Wesen germanischen Heldengeistes in den Gestalten der Führer und in der Gestaltung der Völker zu vergegenwärtigen und so den Ablauf der Ereignisse vom germanischen Standort aus zu würdigen."
"133","1935-10-31","Zeitung","Prager Tagblatt, 31.10.1935","Der Aufruf Hitlers an das deutsche Volk beteuert die friedlichen Absichten der Reichsregierung."
"134","1937-01-30","Zeitung","Archiv der Gegenwart, Bd. 7, 30.01.1937, S. 2911 [ff.]. Zit. n. CD-ROM-Ausgabe 2001.","1. Es gibt im deutschen Volk seitdem nur mehr einen Träger der Souveränität und dies ist das Volk selbst."
"135","1935-01-10","Zeitung","Archiv der Gegenwart, Bd. 5, 10.01.1935, S. 1806 [ff.]. Zit. n. CD-ROM-Ausgabe 2001.","Nur wenn man die nationale Ehre eines Volkes schone, könne man von ihm verlangen, daß es für seine Unabhängigkeit kämpfe."
"136","1940-09-08","Zeitung","Archiv der Gegenwart, Bd. 10, 08.09.1940, S. 4689 [ff.]. Zit. n. CD-ROM-Ausgabe 2001.","Es ist der Wille des ganzen Volkes, und es gibt keine andere Lösung."
"137","1943-10-05","Zeitung","Archiv der Gegenwart, Bd. 13, 05.10.1943, S. 6123 [ff.]. Zit. n. CD-ROM-Ausgabe 2001.","Es liegt in der Natur eines so weltweiten Kampfes um das Leben der Völker, daß, je totaler die Zielsetzung des Krieges ist, um die es geht, desto totaler auch die Anstrengungen sein müssen, die die am Krieg beteiligten Völker für die Erreichung ihres Zieles aufzubringen haben."
"138","1945-04-16","Zeitung","Archiv der Gegenwart, Bd. 15, 16.04.1945, S. 180 [ff.]. Zit. n. CD-ROM-Ausgabe 2001.","Er versucht, Deutschland zu zertrümmern und unser Volk auszurotten."
"139","1941-11-17","Zeitung","Archiv der Gegenwart, Bd. 11, 17.11.1941","Diese Erklärung gebe ich im Namen des britischen Volkes, der britischen Regierung und auch im Namen der Regierungen der Dominions ab, die in ständiger Verbindung mit uns stehen."
"140","1934-01-01","gesprochen","Hitler, Adolf, Was soll das Ende sein?, in: Ernst Boepple (Hg.), Adolf Hitlers Reden, München: 1934 [12. April 1922]","Aber sie kann selbst mit der rücksichtslosesten Brutalität sich dauernd durchsetzen nur dann, wenn das, was sie zu erreichen sucht, wahrhaftig dem Wohl eines ganzen Volkes entspricht."
"141","1939-11-09","Zeitung","Archiv der Gegenwart, Bd. 9, 09.11.1939, S. 4308 [ff.]. Zit. n. CD-ROM-Ausgabe 2001.","Für unser deutsches Volk sind im Laufe von vielen Jahrhunderten, ja Jahrtausenden zahllose Millionen gefallen."
"142","1945-11-21","Gebrauchsliteratur","o. A.: Zweiter Tag. Mittwoch, 21. November 1945. In: Der Nürnberger Prozeß, Berlin: Directmedia Publ. 1999 [1945], S. 1370","Statt dessen weckten sie im Volke hitzige und billig zu stillende Haßgefühle gegen jene, die als »Sündenböcke« gekennzeichnet wurden."
"143","1943-07-02","Zeitung","Archiv der Gegenwart, Bd. 13, 02.07.1943, S. 5996 [ff.]. Zit. n. CD-ROM-Ausgabe 2001.","Ich hatte seither das Glück, der Überbringer der Glückwünsche aller Völker des Empires zu diesem Siege zu sein, der in der Kriegsgeschichte glanzvoll bestehen wird."
"144","1945-12-27","Zeitung","Archiv der Gegenwart, Bd. 15, 27.12.1945, S. 586 [ff.]. Zit. n. CD-ROM-Ausgabe 2001.","Zum Zweck der Wiederaufrichtung Koreas als unabhängiger Staat und zur Schaffung der Voraussetzungen für die Entwicklung des Landes nach demokratischen Grundsätzen und zur möglichst frühzeitigen Liquidierung der katastrophalen Ergebnisse der japanischen Herrschaft in Korea soll eine provisorische demokratische Regierung in diesem Land eingesetzt werden, die alle erforderlichen Maßnahmen zur Förderung der Industrie, des Transportwesens und der Landwirtschaft Koreas und der nationalen Kultur des koreanischen Volkes zu ergreifen hat."
"145","1941-12-31","Belletristik","Blunck, Hans Friedrich: Sage vom Reich I, Hamburg: Hanseatische Verlagsanstalt 1941/42, S. 93","Erdha liebt' den Sohn und rief mitunter Edle Gäste, Könige der Völker."
"146","1944-06-05","Zeitung","Archiv der Gegenwart, Bd. 14, 05.06.1944, S. 6402 [ff.]. Zit. n. CD-ROM-Ausgabe 2001.","Die Kampfentschlossenheit des deutschen Volkes sei im Gegenteil durch den feindlichen Terror nur erhärtet worden."
"147","1940-03-15","Zeitung","Völkischer Beobachter (Berliner Ausgabe), 15.03.1940","Lassen sich heute schon die endgültigen Formen des nationalen und kulturellen Lebens des tschechischen Volkes übersehen?"
"148","1940-02-24","Zeitung","Archiv der Gegenwart, Bd. 10, 24.02.1940, S. 4430 [ff.]. Zit. n. CD-ROM-Ausgabe 2001.","Heute haben wir wirklich das deutsche Volk und an seiner Spitze stehen heute überall Führer, die aus ihm hervorgegangen sind, ohne Rücksicht auf ihre Herkunft."
"149","1938-08-04","Zeitung","Archiv der Gegenwart, Bd. 8, 04.08.1938","Nur durch die begeisterte Zustimmung des Volkes sei es möglich gewesen, so viele schwierige Probleme zu lösen."
"150","1939-04-13","Zeitung","Archiv der Gegenwart, Bd. 9, 13.04.1939","Der Große Rat des Faschismus spricht dem Duce als dem Begründer des Imperiums den Dank des italienischen Volkes aus."""
"151","1933-09-03","Zeitung","Archiv der Gegenwart, Bd. 3, 03.09.1933, S. 1014 [ff.]. Zit. n. CD-ROM-Ausgabe 2001.","Der Nachwuchs sei im ganzen Volke zu suchen."
"152","1942-12-31","Gebrauchsliteratur","Klemperer, Victor: [Tagebuch] 1942. In: ders., Ich will Zeugnis ablegen bis zum letzten, Berlin: Aufbau-Taschenbuch-Verl. 1999 [1942], S. 117","Gestern, und das war das Tröstlichste dieser Tage, ein Hitler-Satz, ein Volk bewähre sich nicht so sehr im Siegen als im Durchhalten bei scheinbaren Mißerfolgen."
"153","1942-09-27","Zeitung","Archiv der Gegenwart, Bd. 12, 27.09.1942, S. 5648 [ff.]. Zit. n. CD-ROM-Ausgabe 2001.","Wenn allerdings einmal der Nebel der astronomischen Rüstungspropaganda, mit dem Amerika heute das englische Volk umgibt, verflogen sein wird, mag das große Erwachen kommen."
"154","1942-11-11","Zeitung","Archiv der Gegenwart, Bd. 12, 11.11.1942, S. 5713 [ff.]. Zit. n. CD-ROM-Ausgabe 2001.","Möge das französische Volk aber bedenken, daß es durch die Haltung einer Regierung im Jahre 1939 das deutsche Volk in einen schweren Krieg gestürzt hat, der über Hunderttausende von Familien tiefes Leid und Bekümmernis gebracht hat."
"155","1945-11-27","Zeitung","Süddeutsche Zeitung, 1995 [1945]","""Die Bewußtseinswerdung des deutschen Blutes in den Besten des Volkes, den Frontsoldaten, im besten Frontsoldaten, dem Führer!"""
"156","1939-03-01","Zeitung","Archiv der Gegenwart, Bd. 9, 01.03.1939, S. 3962 [ff.]. Zit. n. CD-ROM-Ausgabe 2001.","Durch die Maßnahmen der Partei und aller ihrer Gliederungen, durch unermüdliche Arbeit auf den Gebieten der Volkserziehung werde dieses Volk noch stärker werden und von Jahr zu Jahr wachsen."
"157","1937-12-07","Zeitung","Archiv der Gegenwart, Bd. 7, 07.12.1937","Finnland suche den Anschluß an die nordischen Völker, weil es wisse, daß die skandinavischen Länder den Frieden aufrechterhalten wollen und daß sie auch während des Weltkrieges sich von jeder Einmischung fernhalten."
"158","1935-04-24","Zeitung","Archiv der Gegenwart, Bd. 5, 24.04.1935, S. 2003 [ff.]. Zit. n. CD-ROM-Ausgabe 2001.","3. Der Präsident der Republik soll unmittelbar vom Volk gewählt werden."
"159","1945-06-27","Zeitung","Archiv der Gegenwart, Bd. 15, 27.06.1945","Wir haben guten Grund, von dieser Konferenz eine Freiheitsurkunde zu erwarten, die für alle beteligten Völker annehmbar ist; diese Freiheitsurkunde wird ebenso zu einem Teil des internationalen Lebens werden, wie unsere eigene ""Bill of Rights"" einen Teil unserer Verfassung bildet."
"160","1937-09-21","Zeitung","Archiv der Gegenwart, Bd. 7, 21.09.1937, S. 3225 [ff.]. Zit. n. CD-ROM-Ausgabe 2001.","Die Kleine Entente sei der Auffassung, daß jedes Volk das unbedingte Recht besitze, seine eigene Form des nationalen Lebens zu wählen. (L. B. Kleine Entente 3205 A, Völkerbund 3216 B.)"
"161","1940-01-30","Zeitung","Archiv der Gegenwart, Bd. 10, 30.01.1940, S. 4401 [ff.]. Zit. n. CD-ROM-Ausgabe 2001.","Die Forderungen, die wir haben tun diesen Völkern ja nicht weh, sie nehmen ihnen nichts."
"162","1939-10-24","Zeitung","Archiv der Gegenwart, Bd. 9, 24.10.1939","Die Antwort gab uns die erste Rede, die Herr Chamberlain nach seiner Rückkehr nach London hielt (3753 E) und in der er in der einen Hand den Ölzweig des Friedens heimbrachte in der andern aber dem englischen Volk ein gigantisches Aufrüstungsprogramm präsentierte."
"163","1945-12-18","Zeitung","Süddeutsche Zeitung, 1995 [1945]","Er hat den überzeugenden Darlegungen Major Brauns nicht nachgegeben und nicht den Mut gefunden, in dieser entscheidenden Stunde sich von seiner Nazivergangenheit zu lösen und den Schritt zu tun, der seinem Volke gegenüber notwendig gewesen wäre."
"164","1940-12-31","Belletristik","Schaper, Edzard: Der Henker, Zürich: Artemis 1978 [1940], S. 291","Das hatte seinen Grund im Eigensinn des Volkes, seiner Rechthaberei, seiner Böswilligkeit gegeneinander - ach Gott, man könnte sich kaum vorstellen, wie prozeßlustig sie wären!"
"165","1938-09-11","Zeitung","Archiv der Gegenwart, Bd. 8, 11.09.1938, S. 3717 [ff.]. Zit. n. CD-ROM-Ausgabe 2001.","Was hier vor ihm stehe, sei des deutschen Volkes beste politische Kampftruppe, die es je gehabt habe."
"166","1940-12-10","Zeitung","Archiv der Gegenwart, Bd. 10, 10.12.1940, S. 4805 [ff.]. Zit. n. CD-ROM-Ausgabe 2001.","Das ist im Innern der Völker und auch im Äußeren so."
"167","1933-11-20","Zeitung","Aschaffenburger Zeitung, 20.11.1933","Denn höher als materielle Werte stehen nach einem Wort unseres Ministerpräsidenten Siebert die ideellen Güter.unseres Volkes."
"168","1942-07-23","Zeitung","Archiv der Gegenwart, Bd. 12, 23.07.1942, S. 5571 [ff.]. Zit. n. CD-ROM-Ausgabe 2001.","Dann werden unsere Höfe größer und leistungsfähiger sein und auf diesen Höfen wird als Lebensgrundlage unseres Volkes ein gesundes und starkes Bauerntum wachsen."""
"169","1944-04-22","Zeitung","Archiv der Gegenwart, Bd. 14, 22.04.1944, S. 6350 [ff.]. Zit. n. CD-ROM-Ausgabe 2001.","Zu den Lasten kämen in steigendem Maße Versuche des Feindes hinzu, durch Agitation die Widerstandskraft des Volkes zum Erlahmen zu bringen, um damit das zu erreichen, was weder Waffengewalt noch Bombenterror herbeizuführen vermochten."
"170","1933-04-16","gesprochen","o.A., Germanische Osterfeier von den ""Sieben Steinhäusern"" bei Fallingbostel, 16.04.1933","Wie der Niedergang so spiegeln die Künste aber auch den Aufstieg des Volkes, der heilige Wille zur Selbstbesinnung, zur Reinigung, zum Aufbau und zum sieghaften Gestalten seines Schicksals wird in den Künsten seine Wegbereiter und seine Künder finden."
"171","1944-11-02","Zeitung","Archiv der Gegenwart, Bd. 14, 02.11.1944, S. 6581 [ff.]. Zit. n. CD-ROM-Ausgabe 2001.","Der Bolschewismus und die westlichen Plutokratien die trotz aller Großsprechereien mit rein militärischen Machtmitteln auch heute noch nicht die Niederwerfung Deutschlands sich zutrauen, versuchen angesichts dieser Lage mit allen Mitteln der politischen Intrige das tschechische Volk zum Aufstand zu verführen und erhoffen sich davon eine Schwächung des Reiches."
"172","1942-12-05","Zeitung","Archiv der Gegenwart, Bd. 12, 05.12.1942, S. 5744 [ff.]. Zit. n. CD-ROM-Ausgabe 2001.","Als Bekenntnis zum deutschen Volk sagte Dr."
"173","1943-01-06","Zeitung","Archiv der Gegenwart, Bd. 13, 06.01.1943, S. 5782 [ff.]. Zit. n. CD-ROM-Ausgabe 2001.","Das Streben des Rechtsanwalts nach Verdienst sei oft stärker als die Erkenntnis, daß er im Rechtsleben des Volkes eine Funktion auszuüben habe und häufig könne er sich nicht zu der notwendigen Höhe der Rechtsauffassung aufschwingen."
"174","1945-01-01","Zeitung","Archiv der Gegenwart, Bd. 15, 01.01.1945, S. 1 [ff.]. Zit. n. CD-ROM-Ausgabe 2001.","Ich übernehme die feierliche Verpflichtung, über meine Handlungen den Vertretern des französischen Volkes Rechenschaft zu geben, die in der Lage sind, darüber frei zu bestimmen."""
"175","1945-11-21","Gebrauchsliteratur","o. A.: Zweiter Tag. Mittwoch, 21. November 1945. In: Der Nürnberger Prozeß, Berlin: Directmedia Publ. 1999 [1945], S. 1495","Die Drohung des Nazi-Angriffs ist uns, soweit unsere Männer nicht im Wehrdienst standen, weniger persönlich und unmittelbar erschienen als den Völkern Europas."
"176","1943-05-22","Zeitung","Archiv der Gegenwart, Bd. 13, 22.05.1943, S. 5946 [ff.]. Zit. n. CD-ROM-Ausgabe 2001.","""Am vierten Jahrestag des Bündnispaktes, der unsere beiden Völker verbindet, möchte ich Ihnen, Führer, die lebhaftesten Wünsche übermitteln für die Größe und das Gedeihen des deutschen Volkes in der Gewißheit, daß der Tapferkeit und dem Wert unserer Waffen der Sieg nicht fehlen kann."""
"177","1943-03-12","Zeitung","Archiv der Gegenwart, Bd. 13, 12.03.1943, S. 5865 [ff.]. Zit. n. CD-ROM-Ausgabe 2001.","Die Polnische Regierung setzt somit die Usurpationspolitik gegenüber den Ukrainern und den Weißrussen fort und übersieht die Tatsache daß die beiden Völker bereits miteinander vereinigt sind."
"178","1943-12-31","Belletristik","Weismantel, Leo: Die höllische Trinität, Berlin: Union-Verl.1966 [1943], S. 421","Als er sich Aachen näherte, hörte er, wie die Glocken aller Kirchen dieser Stadt zu läuten anfingen, und dann sah er auch viel festlich aufgeputztes Volk aus der Stadt herauskommen."
"179","1943-05-13","Zeitung","Archiv der Gegenwart, Bd. 13, 13.05.1943, S. 5935 [ff.]. Zit. n. CD-ROM-Ausgabe 2001.","Das ganze Schaffen eines Volkes muß für ihn eingesetzt werden."
"180","1943-03-19","Zeitung","Archiv der Gegenwart, Bd. 13, 19.03.1943, S. 5878 [ff.]. Zit. n. CD-ROM-Ausgabe 2001.","Sie werden vom russischen Volk auch sehr geschätzt und das russische Volk hat Kenntnis von ihrem Ausmaß."
"181","1945-01-16","Zeitung","Archiv der Gegenwart, Bd. 15, 16.01.1945, S. 41 [ff.]. Zit. n. CD-ROM-Ausgabe 2001.","Das polnische Volk hat genug der frevelhaften Abenteuer eines Sosnkowski und Komorowski, eines Raczkiewicz und Arciszewski, eines Kwapinski und Berazowski, es hat genug eines Mikolajczyk, der im Verlaufe von 6 Monaten zur Genüge bewiesen hat, daß er ein Instrument in den Händen der Reaktion ist."""
"182","1945-05-09","Zeitung","Archiv der Gegenwart, Bd. 15, 09.05.1945","An Stelle des alten, von innen morschen Jugoslawiens, in dem Korruption und Ungerechtigkeit herrschte, befinden wir uns heute im demokratisch-föderalistischen Jugoslawien, inmitten gleichberechtigter Völker."
"183","1934-12-31","Wissenschaft","Heller, Hermann: Staatslehre, Leiden: Sijthoff 1934, S. 15","Manegold von Lauterbach (um 1085), der die weltliche Gewalt vom Volke herleitet, zieht aus dieser potestas populi bereits den Schluss, dass das Volk den Tyrannen vertreiben dürfe, welches Recht umso grösser sei, quanto hominum a natura distat porcorum."
"184","1944-03-01","Zeitung","Archiv der Gegenwart, Bd. 14, 01.03.1944, S. 6292 [ff.]. Zit. n. CD-ROM-Ausgabe 2001.","[...] daß Churchill, wie auch aus seiner Erklärung über die Berechtigung der sowjetischen Ansprüche gegenüber Polen (6293 E) hervorgeht, die Atlantik-Charta fallengelassen hat, so müssen sie uns Deutschen schon gestatten, unsererseits Verwunderung darüber auszusprechen, daß es überhaupt Engländer gegeben hat, die an die Aufrichtigkeit der britischen und der nordamerikanischen Regierung geglaubt haben, die Atlantik-Charta durchzusetzen, sie mußten doch ihren Churchill und ihren Roosevelt kennen und wissen, daß die Atlantik-Charta nichts weiter als ein Propagandaschwindel sein sollte, eine neue Auflage der Wilsonschen vierzehn Punkte zu demselben Zweck, das deutsche Volk und seine Verbündeten dazu zu bewegen, die Waffen zu strecken und in die neue Welt einzusteigen, die nach den Grundsätzen der Atlantik-Charta gestaltet werden sollte und in der auch Deutschland seine Rechte erlangen würde. [...]"
"185","1945-06-04","Zeitung","Archiv der Gegenwart, Bd. 15, 04.06.1945, S. 256 [ff.]. Zit. n. CD-ROM-Ausgabe 2001.","Es müsse ein Glied der Gesellschaft der Völker mit einer ganz bestimmten Orientierung werden."
"186","1941-01-22","Zeitung","Archiv der Gegenwart, Bd. 11, 22.01.1941","Aber was wissen wir über die Moral des deutschen Volkes?"
"187","1941-07-28","Zeitung","Archiv der Gegenwart, Bd. 11, 28.07.1941, S. 5132 [ff.]. Zit. n. CD-ROM-Ausgabe 2001.","Zu der traurigen Geschichte einer Demütigung, die die französische Regierung dem französischen Volk zugemutet hat, kommt noch die neue Erbärmlichkeit hinzu, den sogenannten Schutz Japans gegen eine Bedrohung angenommen zu haben von der die ganze Welt weiß, daß sie nicht existiert."
"188","1939-01-30","Zeitung","Archiv der Gegenwart, Bd. 9, 30.01.1939, S. 3913 [ff.]. Zit. n. CD-ROM-Ausgabe 2001.","Es ist ein beschämendes Schauspiel, heute zu sehen, wie die ganze Welt der Demokratie vor Mitleid trieft, dem armen, gequälten jüdischen Volke gegenüber allein hartherzig verstockt bleibt, angesichts der dann doch offenkundigen Pflicht, zu helfen."
"189","1945-12-18","Zeitung","Süddeutsche Zeitung, 1995 [1945]","Wenn man aber bedenkt, die Einheit Deutschlands bestehe darin, daß das sehr große Reich eine einzige große Residenz habe, und daß diese eine große Residenz, wie zum Wohl der Entwicklung einzelner großer Talente, so auch zum Wohl der großen Masse des Volkes gereiche, so ist man im Irrtum."
"190","1940-02-20","Zeitung","Archiv der Gegenwart, Bd. 10, 20.02.1940, S. 4428 [ff.]. Zit. n. CD-ROM-Ausgabe 2001.","Er glaube zwar nicht, daß die Vereinigten Staaten wegen einer solchen Aktion Deutschland den Krieg erklären würden, wohl aber würde eine Welle äußerster Empörung durch das ganze Volk gehen, zumal Deutschland wisse, daß die amerikanischen Schiffe unbewaffnet seien und die englischen Häfen nicht freiwillig anliefen. (L. B. England: Außenpolitik 4427 A, Wehrmacht 4428 B; Vereinigte Staaten: Außenpolitik 4422 C, Wehrmacht 4421 C.)"
"191","1945-11-27","Gebrauchsliteratur","o. A.: Sechster Tag. Dienstag, 27. November 1945. In: Der Nürnberger Prozeß, Berlin: Directmedia Publ. 1999 [1945], S. 1806","In Ihren Gauen und Ihrer Bevölkerung konzentriert sich alles, was an feindlicher Propaganda, an Kleinmut, an böswilligen Gerüchten sich im Volke breitzumachen versucht."
"192","1943-10-27","Zeitung","Archiv der Gegenwart, Bd. 13, 27.10.1943","Diese Führung hätte nur dazu gedient, das italienische Volk zu verwirren und es in größte Not zu führen."
"193","1943-12-31","Gebrauchsliteratur","Kriegk, Otto: Der deutsche Film im Spiegel der Ufa, Berlin: Ufa-Buchverl. 1943, S. 219","Sie brachten mit den Mitteln des bewegten Bildes den Willen Deutschlands zur Gleichberechtigung, aber auch zur Verständigung und zur Zusammenarbeit aller Völker zum Ausdruck."
"194","1945-01-26","Zeitung","Archiv der Gegenwart, Bd. 15, 26.01.1945","Die allgemeine Lage ist heute so beschaffen, daß das deutsche Volk, verlassen von fast allen Bundesgenossen in Europa, auf einsamem Posten steht, aber mit der Verteidigung seines eigenen Lebens auch das Leben der gesamten gesitteten Welt in seinen Schutz nimmt."
"195","1943-05-23","Zeitung","Archiv der Gegenwart, Bd. 13, 23.05.1943, S. 5947 [ff.]. Zit. n. CD-ROM-Ausgabe 2001.","Die Bildung von Staatenblocks oder Föderationen sei von den Wünschen und Entscheidungen der verschiedenen Völker abhängig."
"196","1945-06-29","Zeitung","Archiv der Gegenwart, Bd. 15, 29.06.1945, S. 301 [ff.]. Zit. n. CD-ROM-Ausgabe 2001.","Ich möchte noch einmal meine Befriedigung über die Verhandlungen in Helsinki zum Ausdruck bringen und hoffe, daß der Kampf gegen den Bolschewismus, den unsere Völker führen, in die Geschichte eingeht und die Grundlage für eine neue Periode der Kameradschaft und Freundschaft bilde und daß dieser Geist in beiden Ländern und in ihren sozialen Anschauungen zum Durchbruch kommt."
"197","1940-03-02","Zeitung","Völkischer Beobachter (Berliner Ausgabe), 02.03.1940","Diese Völker wollen freilich auch, daß ihr Lebensraum im Einklang steht mit ihrem Lebenswillen, mit ihrer Leistung und ihrem unveräußerlichen Recht auf eine würdige Zukunft, das sich aus ihrer Volksstärke ergibt."
"198","1936-09-14","Zeitung","Archiv der Gegenwart, Bd. 6, 14.09.1936, S. 2726 [ff.]. Zit. n. CD-ROM-Ausgabe 2001.","Man könne nicht mit einer Weltanschauung paktieren, die überall als erste Tat nach ihrer Machtübernahme statt die Befreiung des arbeitenden Volkes die Befreiung des in den Zuchthäusern konzentrierten asozialen Abschaums der Menschheit durchführe."
"199","1935-10-02","Zeitung","Archiv der Gegenwart, Bd. 5, 02.10.1935","Er (Mussolini) könne nicht glauben daß das französische Volk sich Sanktionen gegen Italien anschließen werde oder daß das britische Volk Europa zur Verteidigung eines barbarischen Volkes in eine Katastrophe stürzen wolle."
"200","1944-03-14","Zeitung","Archiv der Gegenwart, Bd. 14, 14.03.1944, S. 6305 [ff.]. Zit. n. CD-ROM-Ausgabe 2001.","Wenn eine Nation sich von derselben Unbedingtheit bis zur letzten Faser durchdringen läßt, so wird sie siegen; denn die Geschichte bietet kein Beispiel dafür, daß ein solches Volk jemals unterlegen wäre."
"201","1943-12-31","Gebrauchsliteratur","Kriegk, Otto: Der deutsche Film im Spiegel der Ufa, Berlin: Ufa-Buchverl. 1943, S. 219","Wir haben weder Churchill noch Roosevelt noch Stalin als Karikaturen gezeigt, Leistungen Englands, Frankreichs, überhaupt aller Völker, wurden bis zum Kriege mit ehrlicher Eindeutigkeit auch dem deutschen Volke gezeigt."
"202","1939-10-10","Zeitung","Archiv der Gegenwart, Bd. 9, 10.10.1939, S. 4271 [ff.]. Zit. n. CD-ROM-Ausgabe 2001.","Es denke daher von jetzt ab keiner an die Größe seines Opfers, sondern es denke jeder nur an die Größe des gemeinsamen Opfers und an die Größe des Opfers derjenigen, die sich für ihr Volk hingegeben haben und vielleicht noch hingeben müssen."
"203","1944-12-31","Wissenschaft","Beenken, Hermann: Das Neunzehnte Jahrhundert in der deutschen Kunst, München: Bruckmann 1944, S. 123","Das Elend ist gekommen, seitdem jene Epidemie alle Kreise des Volkes angesteckt hat."
"204","1940-01-04","Zeitung","Archiv der Gegenwart, Bd. 10, 04.01.1940, S. 4371 [ff.]. Zit. n. CD-ROM-Ausgabe 2001.","Die Völker haben wohlverstanden das Recht, ihre eigene Regierungsform zu wählen."
"205","1945-06-10","Zeitung","Archiv der Gegenwart, Bd. 15, 10.06.1945, S. 266 [ff.]. Zit. n. CD-ROM-Ausgabe 2001.","Auch unsere Soldaten nicht, da wir von Natur aus ein freundliches und entgegenkommendes Volk sind."
"206","1937-12-31","Belletristik","Klepper, Jochen: Der Vater, Gütersloh: Bertelsmann 1962 [1937], S. 179","Wo ein König viel Volks hat, das ist seine Herrlichkeit; wo aber wenig Volks ist, das macht einen Herren blöde."
"207","1945-08-15","Zeitung","Archiv der Gegenwart, Bd. 15, 15.08.1945, S. 373 [ff.]. Zit. n. CD-ROM-Ausgabe 2001.","Wir möchten demgegenüber den drei Großmächten, unseren Landsleuten und den Völkern der Welt erklären, daß das chinesische Kommando in Tschungking das chinesische Volk und die antijapanischen chinesischen Streitkräfte nicht repräsentieren kann."
"208","1936-03-03","Zeitung","Völkischer Beobachter (Berliner Ausgabe), 03.03.1936","Dr. Arnulf Streck , der Sonderbeauftragte des Reichsärzteführers, sprach als Gast des norwegisch-deutschen Vereins über ""Der Arzt im Dritten Reich"" in einer geistvollen und spannenden Synthese des Nationalsozialismus als Weltanschauung, und der Kunsthistoriker Dr. Brinkmann sprach unter des alten Burckhardt Motto, daß ein wahrhaft großes Volk das von anderen Völkern Übernommene zum eigensten umgestaltete."
"209","1937-05-08","Zeitung","Völkischer Beobachter (Ausgabe A / Norddeutsche Ausgabe), 08.05.1937","Ew. Exzellenz danke ich aufrichtig für die Worte der Teilnahme, die Sie mir und dem deutschen Volke anläßlich des Unglücks ausgesprochen haben, dem das Luftschiff ""Hindenburg"" zum Opfer gefallen ist."
"210","1942-09-23","Zeitung","Archiv der Gegenwart, Bd. 12, 23.09.1942","Der Sieg der Achsenmächte über den Bolschewismus bleibe darum, ungeachtet aller hochtrabenden Versprechungen von Roosevelt, Churchill, Hoare und Konsorten, der alleinige Garant für die Zukunft, für die nationale Existenz der Völker Europas."
"211","1937-10-02","Zeitung","Archiv der Gegenwart, Bd. 7, 02.10.1937, S. 3239 [ff.]. Zit. n. CD-ROM-Ausgabe 2001.","Anstatt nun diese Menschen mit Argwohn zu betrachten, sollte man sie als beste Mittler zwischen den Völkern ansehen, denn sie seien in erster Linie geeignet, das gegenseitige Verständnis und die gegenseitige Achtung unter den Völkern herzustellen."
"212","1945-05-16","Zeitung","Archiv der Gegenwart, Bd. 15, 16.05.1945, S. 230 [ff.]. Zit. n. CD-ROM-Ausgabe 2001.","Es erscheint mir befremdlich, daß Churchill nicht einsieht, daß er damit einen neuen Moralkodex aufstellt, in dem Englands Notwendigkeiten eine privilegierte Rolle haben und einen Vorrang besitzen, gegenüber dem die Rechte anderer Völker nicht zählen."
"213","1940-03-11","Zeitung","Völkischer Beobachter (Berliner Ausgabe), 11.03.1940","Und jeder sei von der Erkenntnis durchdrungen, daß es in diesem Krieg um die Existenz unseres Volkes und unseres Reiches geht."
"214","1940-12-31","Wissenschaft","Gehlen, Arnold: Der Mensch, Berlin: Junker und Dünnhaupt 1940, S. 339","Natürlich hat die wissenschaftliche Biologie viele Gründe für ihn, aber er stand schon fest, bevor es noch Wissenschaft gab, nämlich zu allen Zeiten und bei allen Völkern."
"215","1942-01-01","Zeitung","Archiv der Gegenwart, Bd. 12, 01.01.1942, S. 5337 [ff.]. Zit. n. CD-ROM-Ausgabe 2001.","Das deutsche Volk wird es mir glauben, daß ich lieber den Frieden als den Krieg gewählt hätte."
"216","1943-10-04","Zeitung","Archiv der Gegenwart, Bd. 13, 04.10.1943, S. 6122 [ff.]. Zit. n. CD-ROM-Ausgabe 2001.","Hoare führte weiter aus, es sei die oberste Pflicht eines jeden Volkes auf dem Kontinent, wenn die Alliierten Europa Lebensmittel und Ordnung garantieren, alles in seinen Kräften Stehende zu tun, um die Ursachen der sozialen und politischen Unzufriedenheiten zu beseitigen und den Willen zur Freiheit, der Grundlage des europäischen Lebens, zu pflegen, ohne welche die Zivilisation Europas nicht bestehen könne."
"217","1941-12-15","Zeitung","Archiv der Gegenwart, Bd. 11, 15.12.1941, S. 5317 [ff.]. Zit. n. CD-ROM-Ausgabe 2001.","Zusammen mit anderen freien Völkern kämpfen wir jetzt, um unser Recht zu wahren, in Freiheit und Anstand, ohne Furcht vor einem Angriff leben zu können."
"218","1936-03-07","gesprochen","Hitler, Adolf, Für eine Verständigung der Völker Europas ..., in: Rede des Führers und Reichskanzlers Adolf Hitlers vor dem Reichstag am 7. März 1936","Dieses deutsche Volk hat genau so viel Vorzüge als andere Völker, und natürlich auch genau so viele Nachteile und Gebrechen."
"219","1936-06-18","Zeitung","Archiv der Gegenwart, Bd. 6, 18.06.1936, S. 2602 [ff.]. Zit. n. CD-ROM-Ausgabe 2001.","Die derzeit bestehende Verfassung besagt einleitend, daß die Kuomintang (Volkspartei) die Republik China errichtet und sieht vor, daß die Volkspartei, welche zunächst zur politischen Erziehung des Volkes die alleinige Macht ausüben sollte, ihre Macht in entsprechender Zeit dem Volk übergeben möge."
"220","1939-09-19","Zeitung","Archiv der Gegenwart, Bd. 9, 19.09.1939","Aus einem Staat, der einst durch die Interessen einzelner Gruppen bestimmt und regiert war, ist nun Reich geworden, das allein dem deutschen Volk zu eigen ist."
"221","1936-01-08","Zeitung","Archiv der Gegenwart, Bd. 6, 08.01.1936, S. 2372 [ff.]. Zit. n. CD-ROM-Ausgabe 2001.","Vielfach wird die Volkszugehörigkeit der selig oder heilig gesprochenen Personen, ähnlich wie die nationale Zusammensetzung des Kardinalkollegiums (2345 H), als ein Barometer für die jeweiligen Beziehungen der einzelnen Völker zum Vatikan angesehen, zumindesten soll dies für die großen Völker gelten."
"222","1939-05-01","gesprochen","o.A., Übertragung aus dem Festsaal des Deutschen Hauses in Prag zum 1. Mai 1939, dem Nationalfeiertag der Arbeit, 01.05.1939","Wir sind nun Teil des großen Ganzen und haben an all dem Anteil, was das deutsche Volk sich in vielen Jahren unter der Führung Adolf Hitlers erarbeitet hat, eine Erkenntnis, die wir uns immer wieder ins Gedächtnis rufen müssen, denn erst dann können wir Feiertage wie den Tag der Arbeit erst aus vollem Herzen mitfeiern."
"223","1944-08-11","Zeitung","Archiv der Gegenwart, Bd. 14, 11.08.1944, S. 6487 [ff.]. Zit. n. CD-ROM-Ausgabe 2001.","Im Zuge des totalen Kriegseinsatzes (6464 B) müßten in den kommenden Wochen und Monaten vom deutschen Volk große Opfer verlangt werden."
"224","1943-01-13","Zeitung","Völkischer Beobachter (Berliner Ausgabe), 13.01.1943","Als Charaktererprobung und als Beweis für die Kameradschaftlichkeit kann der Sport gelten, der Mut und Einsatz des errungenen Selbstvertrauens fordert, so daß ihm daher eine erzieherische Entscheidung im Leben des Volkes zukommt."
"225","1945-05-08","Zeitung","Archiv der Gegenwart, Bd. 15, 08.05.1945, S. 218 [ff.]. Zit. n. CD-ROM-Ausgabe 2001.","Ehre unserer Armee und ihren Chefs, Ehre unserem Volke, das durch die schrecklichen Prüfungen nicht zum Wanken gebracht werden konnte."
"226","1944-02-16","Zeitung","Archiv der Gegenwart, Bd. 14, 16.02.1944, S. 6278 [ff.]. Zit. n. CD-ROM-Ausgabe 2001.","Im fünften Kriegsjahr herrscht noch immer ein reiches kulturelles Leben, und die geistige und seelische Betreutung des ganzen Volkes ist trotz aller Kriegsnot und Arbeit einzigartig in der ganzen Welt."
"227","1938-05-09","Zeitung","Archiv der Gegenwart, Bd. 8, 09.05.1938, S. 3549 [ff.]. Zit. n. CD-ROM-Ausgabe 2001.","Und so wie sie und Ihr Volk in entscheidensreichen Tagen Deutschland die Freundschaft gehalten haben, werden ich und mein Volk Italien in schwerer Stunde die gleiche Freundschaft beweisen."
"228","1940-09-12","Zeitung","Archiv der Gegenwart, Bd. 10, 12.09.1940","Das amerikanische Volk wird diese Propaganda der Furcht zurückweisen."
"229","1942-03-14","Zeitung","Archiv der Gegenwart, Bd. 12, 14.03.1942, S. 5429 [ff.]. Zit. n. CD-ROM-Ausgabe 2001.","Von Norwegen bis Kreta und von Libyen bis Hongkong haben sie andere Völker zum Kampfe aufgestachelt und aufgehetzt, um sich dann im kritischen Augenblick selber davonzumachen und die anderen im Stich zu lassen, wie wir es von Dünkirchen bis Batavia immer wieder gesehen haben."
"230","1936-03-07","Zeitung","Archiv der Gegenwart, Bd. 6, 07.03.1936, S. 2455 [ff.]. Zit. n. CD-ROM-Ausgabe 2001.","Nicht, um Frankreich oder einem andern Staate etwas zu Leide zu tun, sondern weil das deutsche Volk auf die Dauer das ihm zugefügte Leid nicht tragen könne, solle und wolle."
"231","1945-10-06","Zeitung","Süddeutsche Zeitung, 1995 [1945]","Völker der Erde, Ihr haltet Euer Gericht."
"232","1944-05-02","Zeitung","Archiv der Gegenwart, Bd. 14, 02.05.1944, S. 6361 [ff.]. Zit. n. CD-ROM-Ausgabe 2001.","Das Schlagwort von dem kleinen Volk, das die Ungarn sein sollen, muß aus dem Bewußtsein der Nation ausgerottet werden, und der Wille des ganzen Volkes muß erfüllt werden von der Erkenntnis, daß es in diesem Kampf nur Bewährung oder Untergang gibt."""
"233","1939-01-30","Zeitung","Archiv der Gegenwart, Bd. 9, 30.01.1939, S. 3913 [ff.]. Zit. n. CD-ROM-Ausgabe 2001.","Sie sind nicht die Vertreter einer Landschaft oder eines bestimmten Stammes, Sie sind nicht Repräsentanten besonderer Interessen, sondern Sie sind zu allererst die gewählten Vertreter des gesamten deutschen Volkes."
"234","1938-11-20","Zeitung","Deutsche Volkszeitung, 20.11.1938","Doch der nationalsozialistische Redakteur, der in dem Augenblick, da er dieses schrieb, selbst von den Befürchtungen des deutschen Volkes «zersetzt» gewesen sein mag, hätte hinzufügen müssen, dass z.B. die Sowjetunion im Falle eines Krieges in einer viel besseren Lage ist."
"235","1943-12-31","Gebrauchsliteratur","Kriegk, Otto: Der deutsche Film im Spiegel der Ufa, Berlin: Ufa-Buchverl. 1943, S. 225","Ein ""weißes"" Volk - in der Zeichnung der Uniformen unzweifelhaft das nationalsozialistische Deutschland - überfällt plötzlich das bolschewistische Rußland."
"236","1939-12-16","Zeitung","Archiv der Gegenwart, Bd. 9, 16.12.1939, S. 4348 [ff.]. Zit. n. CD-ROM-Ausgabe 2001.","Jene Freundschaft und jene vollständige Solidarität, die die beiden Länder verbinden, sind tief in der Seele der beiden Völker verwurzelt und diese wissen auf Grund sicherer Erfahrung, daß sie stets, besonders aber in den schweren Stunden, im vollsten Maße mit der unveränderten Festigkeit dieser Freundschaft rechnen können, Ungarn, Jugoslawien, Griechenland, die Türkei, Bulgarien und Rumänien haben das gemeinsame Interesse, den Frieden in der Donauund Balkangegend zu bewahren und aufrechtzuerhalten."
"237","1944-09-24","Zeitung","Archiv der Gegenwart, Bd. 14, 24.09.1944, S. 6533 [ff.]. Zit. n. CD-ROM-Ausgabe 2001.","""Der 19. September 1944 wird in der finnischen Geschichte als Tag der schwersten Prüfung für das finnische Volk verzeichnet bleiben."
"238","1940-04-10","Zeitung","Archiv der Gegenwart, Bd. 10, 10.04.1940","Lord Halifax verwies schließlich auf Polen, sagte, daß die Öffentlichkeit nur einen geringen Teil der unerhörten Grausamkeiten kenne, die Deutschland in diesem Land begangen habe und betonte, daß England nicht deshalb die Niederlage Deutschlands wünsche, weil es ein autoritäres Regime besitze, sondern daß es das Ziel der englischen Politik sei, die Freiheit solcher Völker wiederherzustellen, denen Deutschland Unrecht getan habe."
"239","1935-12-31","Belletristik","Bergengruen, Werner: Der Grosstyrann und das Gericht, Zürich: Peter Schifferli 1949 [1935], S. 244","Das Volk sagt nämlich, Lazarus, der ja vier Tage im Grabe gelegen hat, habe bis an seinen zweiten Tod des Grauens nicht mehr Herr werden können und sei auf diese Weise der elendste unter allen Menschen geworden. «"
"240","1933-03-02","Zeitung","Völkischer Beobachter (Berliner Ausgabe), 02.03.1933","Wer nahezu 14 Jahre den unermeßlichen Schaden tagtäglich verfolgt hat, der im deutschen Volk dadurch angerichtet wurde, daß der politische und kulturelle Internationalismus, der politische Pazifismus und der intellektuelle Landesverrat eine geradezu beispiellose Narrenfreiheit hatten, der ist dankbar für die Rücksichtslosigkeit, mit der die neuen Männer mit den bisherigen unhaltbaren Methoden der Toleranz gegen die gefährlichsten Feinde der Nation aufzuräumen entschlossen sind."
"241","1938-07-19","Zeitung","Archiv der Gegenwart, Bd. 8, 19.07.1938, S. 3642 [ff.]. Zit. n. CD-ROM-Ausgabe 2001.","Die Mitglieder gleicher Volkszugehörigkeit bilden nationale Kurien; sie repräsentieren in der gemeinsamen Nationalversammlung die Rechtspersönlichkeit ihrer Völker und Volksgruppen und vertreten deren Gesamtanspruch. c)"
"242","1935-03-05","Zeitung","Archiv der Gegenwart, Bd. 5, 05.03.1935","Das bulgarische Volk sei nach wie vor der Idee des Friedens und des Einvernehmens mit allen Staaten und ganz besonders mit den Nachbarn ergeben."
"243","1936-09-11","gesprochen","o.A., Tagung der NS-Reichsfrauenschaft auf dem Reichsparteitag der NSDAP in der Nürnberger Kongresshalle, 11.09.1936","Die Natur hat es richtig eingeteilt, dass sie den Mann vor die Familie noch hinstellt und ihm hier noch eine weitere Verpflichtung aufbürdet, nämlich Schutz des Volkes, der Gesamtheit und dass sie der Frau im wesentlichen primär die Familie selbst gibt."
"244","1939-07-02","Zeitung","Archiv der Gegenwart, Bd. 9, 02.07.1939, S. 4122 [ff.]. Zit. n. CD-ROM-Ausgabe 2001.","Wir sehen keinen Grund, weshalb ein Volk seine besten Söhne hinopfern wollte an solchem Grenzwall."
"245","1943-03-04","Zeitung","Völkischer Beobachter (Berlin), 04.03.1943","Als ob die ernste Sprache der Ostfront der Klärung aller Ungewißheiten noch nicht genügend diente, steigerte die Rede die Begriffsfähigkeit des Volkes erbarmungslos bis in die verborgensten Winkel der Wahrheit und entriß ihr ein so machtvolles Bekenntnis zähesten Willens, das seine millionenfache Gültigkeit an der siegreichen Selbstbehauptung dieses Volkes keinen Zweifel lassen kann."
"246","1942-10-18","Zeitung","Archiv der Gegenwart, Bd. 12, 18.10.1942, S. 5682 [ff.]. Zit. n. CD-ROM-Ausgabe 2001.","Entweder sind wir ihnen als Volk gewachsen, dann vermögen sie uns nichts anzuhaben, oder aber wir wären ihnen als Volk nicht gewachsen, dann würden die Engländer damit ihr Ziel erreichen."
"247","1939-03-30","Zeitung","Archiv der Gegenwart, Bd. 9, 30.03.1939","Die Frage der Volksgruppen im Großdeutschen Reich, so erklärte Dr. Frick, könne nicht losgelöst werden von dem allgemeinen Gedanken über Lebensbegriffe, Volk und Volkstum."
"248","1933-01-30","gesprochen","o.A., Reportage vom Fackelzug der SA-, SS- und Stahlhelmformationen vor der Berliner Reichskanzlei anlässlich der Ernennung Hitlers zum Reichskanzler, 30.01.1933","Wir haben erkennen müssen, dass das Volk noch nicht reif war, uns zu verstehen. Uns, die Jungen, die bereit waren, alles bis zum letzten einzusetzen, um für Deutschlands Freiheit, für Arbeit und Brot unseres Volkes und für soziale Gerechtigkeit, all das, was der ehrliche schaffende Deutsche ersehnt, zu kämpfen."
"249","1940-11-23","Zeitung","Archiv der Gegenwart, Bd. 10, 23.11.1940, S. 4785 [ff.]. Zit. n. CD-ROM-Ausgabe 2001.","Ich bin mir der Tatsache bewußt, daß wir heute einen Staatsakt vollziehen, der nicht nur für das Leben und die Entwicklung des rumänischen Volkes, sondern auch für das aus den Opfern des heutigen Krieges hervorgegangene Europa von geschichtlicher Bedeutung ist."
"250","1940-09-27","Zeitung","Archiv der Gegenwart, Bd. 10, 27.09.1940, S. 4714 [ff.]. Zit. n. CD-ROM-Ausgabe 2001.","Dieser Pakt ist daher gegen kein anderes Volk, sondern ausschließlich gegen jene Kriegshetzer und unverantwortlichen Elemente in der übrigen Welt gerichtet, die eine weitere Verlängerung oder Ausweitung dieses Krieges entgegen den wahren Interessen aller Völker anstreben."
"251","1933-12-31","Belletristik","Werfel, Franz: Die Vierzig Tage des Musa Dagh I, Stockholm: Bermann - Fischer 1947 [1933], S. 147","Aber unser Volk weiß, was es sich schuldig ist."
"252","1945-11-11","Zeitung","Archiv der Gegenwart, Bd. 15, 11.11.1945, S. 518 [ff.]. Zit. n. CD-ROM-Ausgabe 2001.","Der Präsident der Sozialdemokratischen Partei Berlins, Otto Grotewohl, hielt laut United Press eine Rede,in der ein sozialistisches Deutschland mit einer zentralen Regierung und genügend Territorium zur Ernährung des deutschen Volkes forderte."
"253","1939-07-04","Zeitung","Archiv der Gegenwart, Bd. 9, 04.07.1939, S. 4125 [ff.]. Zit. n. CD-ROM-Ausgabe 2001.","Außenminister Bonnet erwiderte unter anderem, daß weder die Vergangenheit noch die Gegenwart des britischen und französischen Volkes irgend jemanden zu der Annahme berechtige, daß ein noch so großes Opfer für sie schwerer zu tragen wäre als die Knechtschaft. (L. B. Außenpolitik: Frankreich 4123 D, England 4123 D; Wehrmacht: Frankreich 4115 C, England 4125 B.)"
"254","1938-12-31","Gebrauchsliteratur","Harmjanz, Heinrich: Ostpreußische Bauern, Königsberg: Reichsnährstand Verl. Ges. 1939 [1938], S. 137","Der Erbhof soll dem Staat das geben, was er zur Erhaltung eines gesunden, lebensfähigen und wirtschaftskräftigen Bauernstandes im Interesse des ganzen Volkes in rassischer, staatspolitischer und wirtschaftspolitischer Hinsicht dringend braucht."
"255","1943-07-14","Zeitung","Archiv der Gegenwart, Bd. 13, 14.07.1943","An diesem Jahrestag der unvergeßlichen Erklärung, die am 4. Juli 1776 einstimmig von dreizehn amerikanischen Staaten angenommen wurde, wünsche ich dem amerikanischen Volk den Sieg, welcher der Welt ihre unantastbaren Rechte auf Leben, Freiheit und die Suche nach dem Glück sichern wird, wie sie Amerika für sich und die ganze Menschheit als Grundlage aller Einrichtungen festgelegt hat."
"256","1941-05-01","Zeitung","Archiv der Gegenwart, Bd. 11, 01.05.1941, S. 5000 [ff.]. Zit. n. CD-ROM-Ausgabe 2001.","""Ich wende mich bewußt an eine besondere Eigenschaft, über die das norwegische Volk verfügt und die es gerade im vergangenen Jahre bewiesen hat, nämlich die, vor gegebenen Wirklichkeiten nicht den Kopf in den Sand zu stecken, sondern sie nüchtern zu vermerken, in Rechnung zu stellen und dann das Handeln nach dieser Rechnung auszurichten."
"257","1934-12-31","Belletristik","Knittel, John: Via Mala, Berlin: Deutsche Buch-Gemeinschaft 1957 [1934], S. 476","""Ihr wollt das Volk verwirren, nicht retten!"" schrie Henri mit schriller Stimme."
"258","1940-05-25","Zeitung","Archiv der Gegenwart, Bd. 10, 25.05.1940, S. 4550 [ff.]. Zit. n. CD-ROM-Ausgabe 2001.","König Georg VI. von England richtete am 24. Mai, am Tag des Empires, eine Radioansprache an die Völker des britischen Reiches, in der er u. a. wörtlich ausführte:"
"259","1943-10-05","Zeitung","Archiv der Gegenwart, Bd. 13, 05.10.1943, S. 6123 [ff.]. Zit. n. CD-ROM-Ausgabe 2001.","Das britische Volk wird sich dann bei seiner Regierung dafür bedanken können."
"260","1942-11-08","Zeitung","Archiv der Gegenwart, Bd. 12, 08.11.1942","Ich hatte im Anfang wirklich nicht viel mehr zu vergeben als Glauben, nämlich den Glauben daß, wenn jemand ein richtiges Ziel mit unabänderlicher unbeirrbarer Treue verfolgt, wenn er sich niemals davon abbringen läßt, sondern alles dafür einsetzt, sich dann andere finden werden, die seine Anhänger zu sein entschlossen sind, und daß aus dieser Schar allmählich ein immer stärkerer Glaube auf das ganze Volk ausstrahlen, der wertvollste Teil des ganzen Volkes sich zusammenfinden und endlich dieser wertvollste Teil die Macht im Staat erhalten muß."
"261","1941-06-26","Zeitung","Archiv der Gegenwart, Bd. 11, 26.06.1941, S. 5089 [ff.]. Zit. n. CD-ROM-Ausgabe 2001.","Jetzt, da der Kampf nach Sowjetrußlands erneutem Angriff auf Finnland wieder aufgenommen ist, wird das dänische Volk von demselben Gefühl beseelt."
"262","1944-10-31","Zeitung","Archiv der Gegenwart, Bd. 14, 31.10.1944, S. 6579 [ff.]. Zit. n. CD-ROM-Ausgabe 2001.","Die überwiegende Mehrheit des tschechischen Volkes habe erkannt, daß der einzige Weg zur Rettung der kleinen Völker der Sieg des Reiches sei."
"263","1933-02-25","Zeitung","Archiv der Gegenwart, Bd. 3, 25.02.1933, S. 714 [ff.]. Zit. n. CD-ROM-Ausgabe 2001.","In allen Reden der Regierungsparteien wird die Notwendigkeit einer geistigen und kulturellen Wende des deutschen Volkes unter Abkehr von Materialismus und Marxismus als Voraussetzung für eine gesunde Volkswirtschaft betont und der Anschluß weiterer Kräfte an die nationale Konzentration als wünschenswert bezeichnet. (L. B. 712 K.)"
"264","1935-12-31","Belletristik","Bergengruen, Werner: Der Grosstyrann und das Gericht, Zürich: Peter Schifferli 1949 [1935], S. 210","Müßte, wer sich unterwinden wollte, den verborgenen und offenbaren Willen des Volkes zu sondern - da doch diese beiden so häufig miteinander im Streite liegen -, müßte der nicht ein Gott sein?"
"265","1934-03-03","Zeitung","Völkischer Beobachter (Berliner Ausgabe), 03.03.1934","Es ist eine Angelegenheit der Ehre unseres Volkes, ob wir es zulassen können, daß unsere Kriegsbeschädigten betteln gehen müssen."
"266","1933-03-21","gesprochen","o.A., ""Tag der Nation"" in der Potsdamer Garnisonkirche, 21.03.1933","Wir wollen die großen Traditionen unseres Volkes, seiner Geschichte und seiner Kultur in demütiger Ehrfurcht pflegen als unversiegbare Quellen einer wirklichen inneren Stärke und einer möglichen Erneuerung in frühen Zeiten."
"267","1940-03-14","Zeitung","Archiv der Gegenwart, Bd. 10, 14.03.1940","Die Regierung glaubt, daß sich unsere Bevölkerung bewußt ist, daß das deutsche Volk einen großen Kampf führt, und daß es deshalb selbstverständliche Pflicht der Regierung ist, dafür zu sorgen, daß der würdige Charakter des Jahrestages nirgends irgendwie gestört werde."
"268","1945-12-21","Zeitung","Süddeutsche Zeitung, 1995 [1945]","Das sind die Hauptaufgaben, die heute unserem Volk gestellt sind, und zu deren Lösung will unsere Aufbau-Vereinigung alle nichtnazistisch gesinnten Männer und Frauen unseres Volkes aufrufen!"
"269","1943-04-10","Zeitung","Archiv der Gegenwart, Bd. 13, 10.04.1943, S. 5897 [ff.]. Zit. n. CD-ROM-Ausgabe 2001.","Die Deutschen hätten deshalb als Volk die geschichtliche Pflicht, die Leiden, die diese Zeit auch neben den großen Aufgabenstellungen beschere, im Lichte einer größeren deutschen Zukunft zu sehen."
"270","1938-03-26","Zeitung","Archiv der Gegenwart, Bd. 8, 26.03.1938","Der Nationalsozialist habe weder Glaube noch Religion zerstört, er habe überhaupt erst wieder den Glauben ins Volk getragen."
"271","1939-02-07","Zeitung","Archiv der Gegenwart, Bd. 9, 07.02.1939, S. 3932 [ff.]. Zit. n. CD-ROM-Ausgabe 2001.","Rumänien sei entschlossen, aus allen seinen Kräften eine solche Neuordnung unter den Völkern zu unterstützen."
"272","1943-09-07","Zeitung","Archiv der Gegenwart, Bd. 13, 07.09.1943, S. 6077 [ff.]. Zit. n. CD-ROM-Ausgabe 2001.","Zum ersten Male in mehr als einem Jahrhundert erlebt das deutsche Volk den Vernichtungskrieg an der Heimatfront."
"273","1939-09-09","Zeitung","Archiv der Gegenwart, Bd. 9, 09.09.1939","Wenn anderthalb Millionen Menschen deutschen Blutes in höchster Not sind, von einem gemeinen Volk gepiesackt, gemeuchelt und gemordet werden, da sollen wir stillstehen, weil es die Engländer so wollen?"
"274","1936-03-03","Zeitung","Völkischer Beobachter (Berliner Ausgabe), 03.03.1936","Eine verrückte Lehre von der wirtschaftlichen Vorteilhaftigkeit einer allgemeinen Massenerzeugung hat der Erkenntnis Platz gemacht, daß es des Menschen unwürdig ist, weniger zu leisten als erleisten kann, und daß er nur dann seinen Platz im Leben, in seinem Volk und als Volk unter den Völkern einnehmen und behaupten kann, wenn er das Beste leistet, zu dem er fähig ist."
"275","1945-01-30","Zeitung","Archiv der Gegenwart, Bd. 15, 30.01.1945","Denn mehr kann ein Volk nicht tun, als daß jeder der kämpfen kann, kämpft."
"276","1934-12-31","gesprochen","Hitler, Adolf, Die deutsche Kunst als stolzeste Verteidigung des deutschen Volkes?, in: Die deutsche Kunst als stolzeste Verteidigung des deutschen Volkes, München 1934 [1933]","Er weiß, daß die normale Spanne unserer Fähigkeiten durch die innere rassische Gliederung unseres Volkes bedingt ist."
"277","1933-05-26","Zeitung","Archiv der Gegenwart, Bd. 3, 26.05.1933, S. 858 [ff.]. Zit. n. CD-ROM-Ausgabe 2001.","Das Verlangen eines Volkes nach Gleichberechtigung sei verständlich und gerecht."
"278","1943-09-29","Zeitung","Archiv der Gegenwart, Bd. 13, 29.09.1943","Er habe nicht nur den deutschen und den japanischen Bundesgenossen sowie alle übrigen Verbündeten verraten, sondern auch das italienische Volk selbst."
"279","1942-09-01","Zeitung","Archiv der Gegenwart, Bd. 12, 01.09.1942, S. 5613 [ff.]. Zit. n. CD-ROM-Ausgabe 2001.","""Am Beginn des vierten Jahres eines Krieges, den das deutsche Volk um Sein oder Nichtsein für die Gegenwart und Zukunft führt rufe ich zum zehnten Male das deutsche Volk auf, seine freiwilligen Opfer für das Winterhilfswerk zu bringen."
"280","1945-11-06","Zeitung","Süddeutsche Zeitung, 1995 [1945]","Oberbürgermeister Dr. Scharnagl eröffnete die Feier mit einer Ansprache, in der er hervorhob, daß mit der Universität auch die Stadt stolz sei auf die todesmutigen jungen Menschen, die es unternahmen, das deutsche Volk aus seiner Lethargie zu wecken und sich - aufzubäumen gegen einen der großen Tradition der deutschen Universitäten unwürdigen Gewissenszwang."
"281","1936-11-29","Zeitung","Archiv der Gegenwart, Bd. 6, 29.11.1936, S. 2826 [ff.]. Zit. n. CD-ROM-Ausgabe 2001.","Hierfür kämen aber nur diejenigen Mengen der einzelnen Erzeugnisse in Betracht, die das deutsche Volk für seine Ernährung brauche."
"282","1936-06-20","Zeitung","Archiv der Gegenwart, Bd. 6, 20.06.1936, S. 2605 [ff.]. Zit. n. CD-ROM-Ausgabe 2001.","In der politischen Rede, die Henlein hierauf hielt, wandte er sich u. a. gegen die chauvinistische Hetzpresse, die den geringsten Versuch einer Annäherung der Völker im Staate unmöglich mache."
"283","1940-08-08","Zeitung","Archiv der Gegenwart, Bd. 10, 08.08.1940","Ministerpräsident Gigurtu hielt am 8. August eine Rede, in der er erklärte, daß die Regierung die Politik an der Seite Deutschlands und Italiens als die günstigste für die Interessen des rumänischen Volkes halte."
"284","1937-07-04","Zeitung","Archiv der Gegenwart, Bd. 7, 04.07.1937, S. 3120 [ff.]. Zit. n. CD-ROM-Ausgabe 2001.","In diesem Abkommen wird der Entschluß betont, die Eigenart der beiden Völker streng zu achten und die organisatorischen Formen des Faschismus und des Nationalsozialismus als gegeben anzuerkennen."
"285","1938-03-02","Zeitung","Völkischer Beobachter (Berliner Ausgabe), 02.03.1938","Die Meldung von der endgültigen Festsetzung des Führerbesuches in Italien hat beim deutschen und italienischen Volke genau soviel Zustimmung gefunden, wie sie in manchen Kreisen des Auslandes Enttäuschung hervorgerufen hat."
"286","1940-03-19","Zeitung","Völkischer Beobachter (Berliner Ausgabe), 19.03.1940","Das polnische Volk muß, so hieß es jetzt, Sklavenarbeit für die Deutschen leisten."
"287","1945-11-13","Zeitung","Archiv der Gegenwart, Bd. 15, 13.11.1945, S. 521 [ff.]. Zit. n. CD-ROM-Ausgabe 2001.","Die wachsende Zusammenarbeit und Freundschaft zwischen den Vereinigten Staaten und Großbritannien solle nicht als exklusive Freundschaft betrachtet werden, sondern als Beitrag zur Verbindung aller Völker zur Organisation der Vereinten Nationen für den Frieden."
"288","1940-06-10","Zeitung","Archiv der Gegenwart, Bd. 10, 10.06.1940, S. 4567 [ff.]. Zit. n. CD-ROM-Ausgabe 2001.","Wir treten gegen die plutokratischen und reaktionären Demokratien des Westens zum Kampf an die zu jeder Zeit unseren Aufstieg behindert und oft die Existenz des italienischen Volkes hinterlistig bedroht haben."
"289","1940-11-24","Zeitung","Archiv der Gegenwart, Bd. 10, 24.11.1940, S. 4786 [ff.]. Zit. n. CD-ROM-Ausgabe 2001.","Die Legionäre Bewegung ist stark durch ihr Recht und das Recht des rumänischen Volkes, welches zu neuer Kraft erhoben werden will."
"290","1936-09-11","Zeitung","Archiv der Gegenwart, Bd. 6, 11.09.1936, S. 2720 [ff.]. Zit. n. CD-ROM-Ausgabe 2001.","Das Wunder der Erneuerung im deutschen Volke sei jedoch kein Geschenk des Himmels für Unwürdige gewesen."
"291","1939-01-04","Zeitung","Archiv der Gegenwart, Bd. 9, 04.01.1939, S. 3876 [ff.]. Zit. n. CD-ROM-Ausgabe 2001.","Niemand, der mit der schweren Verantwortlichkeit einer Regierung belastet ist, könnte von den ernsten Worten nicht beeindruckt sein, welche der Präsident der Vereinigten Staaten an die erwählten Vertreter des amerikanischen Volkes richtete."
"292","1936-09-28","Zeitung","Archiv der Gegenwart, Bd. 6, 28.09.1936, S. 2744 [ff.]. Zit. n. CD-ROM-Ausgabe 2001.","Es würde eine Schädigung des deutschen Volkes bedeuten, wenn Bauern und Landwirte gegen die Vorschriften der Marktordnungsverbände verstoßen."
"293","1941-05-26","Zeitung","Archiv der Gegenwart, Bd. 11, 26.05.1941","Voll deutscher Seite wurde zu den Erklärungen Churchills ausgeführt, daß er diesmal versucht habe, dem englischen Volk militärische Illusionen vorzugaukeln."
"294","1941-06-16","Zeitung","Archiv der Gegenwart, Bd. 11, 16.06.1941","Vizeministerpräsident Admiral Darlan richtete am 10. Juni folgende Ansprache an das französische Volk:"
"295","1939-04-13","Zeitung","Archiv der Gegenwart, Bd. 9, 13.04.1939","""Der Große Rat des Faschismus begrüßt nach Kenntnisnahme des einstimmigen Beschlusses, mit dem die verfassunggebende albanische Nationalversammlung beschlossen hat, dem König von Italien und Kaiser von Äthiopien die Krone von Albanien anzubieten, mit stürmischer Freude dieses geschichtliche Ereignis, durch das auf Grund der jahrhundertealten Freundschaftsbande das Volk und das Schicksal Albaniens in eine tiefere und endgültige Gemeinschaft mit dem Volk und dem Schicksal Italiens verknüpft werden."
"296","1938-12-31","Belletristik","Schneider, Reinhold: Las Casas vor Karl V., Berlin: Union-Verl. 1979 [1938], S. 28","Freilich sah Kolumbus in einem Gemisch von Verzweiflung und Machtlosigkeit auf das gepeinigte Volk der neuen, von ihm entdeckten Welt, das er in seiner Not, um den Königen endlich den so oft verheißenen Gewinn zu schaffen, an die alte verkaufte."
"297","1940-12-31","Wissenschaft","Jahresberichte für deutsche Geschichte, 1940, S. 346","Der zweite Teil des Buches handelt von dem Wandel der Eigentumsbildung selbst, wie er sich aus der Bindung an Familie, Nachbarn und Volk oder der Lösung aus diesen Kreisen ergibt."
"298","1943-11-28","Zeitung","Archiv der Gegenwart, Bd. 13, 28.11.1943, S. 6182 [ff.]. Zit. n. CD-ROM-Ausgabe 2001.","Das deutsche Volk kann darüber beruhigt sein, Tag und Nacht wird mit fieberhaftem Fleiß an den Vorbereitungen zu dieser Vergeltung gearbeitet und wenn sie eines Tages über England hereinbrechen wird, dann mag das britische Volk sich bei dem Verbrecherpack bedanken, das bei Nacht und Nebel unsere friedlichen Städte überfallen und Brand und Verwüstung und damit Leid und Tod über unsere Frauen und Kinder herabstürzen läßt."
"299","1943-04-14","Zeitung","Archiv der Gegenwart, Bd. 13, 14.04.1943, S. 5903 [ff.]. Zit. n. CD-ROM-Ausgabe 2001.","Wir wissen, daß wir den Krieg gewinnen und jedem Volk seine Freiheit wiedergeben müssen, damit es seine eigenen Führer und seine eigene Regierungsform wählen kann."""
"300","1937-12-09","Zeitung","Archiv der Gegenwart, Bd. 7, 09.12.1937","Er führte u. a. aus, die nationalsozialistische Revolution habe nicht nur einen politischen Zustand, sondern ein ganzes Volk, dessen Leben und dessen Kultur gewandelt."
"301","1941-06-09","Zeitung","Archiv der Gegenwart, Bd. 11, 09.06.1941, S. 5055 [ff.]. Zit. n. CD-ROM-Ausgabe 2001.","Vom Wunsche beseelt, die Freundschaft aufrechtzuerhalten, die seit der Gründung der Vereinigten Staaten das amerikanische mit dem französischen Volk verband, nimmt er davon Abstand, sich auf jenen Teil der Botschaft zu beziehen, die ihn dazu verleiten könnte, an den ehrlichen Absichten der amerikanischen Regierung zu zweifeln."
"302","1934-11-29","Zeitung","Archiv der Gegenwart, Bd. 4, 29.11.1934","Die Slowaken seien für den Ausbau eines starken Heeres und wüßten, daß ihnen unter allen slawischen Völkern das tschechische Volk am nächsten stehe."
"303","1939-11-26","Zeitung","Archiv der Gegenwart, Bd. 9, 26.11.1939","Und meiner Auffassung nach muß nicht nur die militärische Kraft des Feindes geschlagen werden, sondern auch jener Angriffsgeist aufgerieben werden, der ständig durch Gewalt sich über andere Völker stellen will."
"304","1945-08-18","Zeitung","Archiv der Gegenwart, Bd. 15, 18.08.1945, S. 381 [ff.]. Zit. n. CD-ROM-Ausgabe 2001.","Das Volk wird aufgefordert, Ruhe zu bewahren und bereit zu sein."
"305","1936-09-14","gesprochen","o.A., Reichsparteitag der NSDAP in Nürnberg Abschlussveranstaltung in der Kongresshalle, 14.09.1936","Es steht uns nicht zu, andere Völker belehren zu wollen."
"306","1941-06-02","Zeitung","Archiv der Gegenwart, Bd. 11, 02.06.1941, S. 5043 [ff.]. Zit. n. CD-ROM-Ausgabe 2001.","Sie selber und ihre Völker wissen dies -- und sie fürchten dies."
"307","1935-04-24","Zeitung","Archiv der Gegenwart, Bd. 5, 24.04.1935, S. 2002 [ff.]. Zit. n. CD-ROM-Ausgabe 2001.","Das neue Deutschland sehe weder den Staat noch die Partei oder sonstige Organisationen und Verbände als Selbstzweck an, sondern alles diene allein dem Volke."
"308","1940-03-15","Zeitung","Archiv der Gegenwart, Bd. 10, 15.03.1940","Er könne verstehen, daß diese Entscheidung Schwedens für das finnische Volk eine Enttäuschung bedeutet habe."
"309","1945-09-12","Zeitung","Archiv der Gegenwart, Bd. 15, 12.09.1945","In wirtschaftlicher Beziehung lasse sich die Regierung vom Prinzip der gegenseitigen Verbundenheit aller Völker leiten."
"310","1943-03-02","Zeitung","Archiv der Gegenwart, Bd. 13, 02.03.1943","Diese wird allen europäischen Völkern ein gesichertes Dasein in einer Atmosphäre der Gerechtigkeit und der Zusammenarbeit bieten."
"311","1936-03-26","Zeitung","Archiv der Gegenwart, Bd. 6, 26.03.1936, S. 2486 [ff.]. Zit. n. CD-ROM-Ausgabe 2001.","Namens Italiens führte Botschafter Grandi aus, daß die gegenseitigen Hilfeleistungsabkommen, die kürzlich im Mittelmeer zur Unterstützung der Sanktionen abgeschlossen wurden (2445 L), das italienische Volk tief verletzt hätten."
"312","1933-11-20","Zeitung","Aschaffenburger Zeitung, 20.11.1933","Ich bin ferner der Meinung, daß die beiden christlichen Konfessionen Mithelfer und Mitstreiter bei der Neuerrichtung von Volk und Staat sein müssen."
"313","1940-07-12","Zeitung","Archiv der Gegenwart, Bd. 10, 12.07.1940, S. 4617 [ff.]. Zit. n. CD-ROM-Ausgabe 2001.","Je umfassender die Drohungen werden und je klarer ihre Bedeutung wird, desto entschlossener wird das amerikanische Volk ihnen mit ausreichenden Verteidigungsmaßnahmen entgegentreten."
"314","1945-09-11","Zeitung","Archiv der Gegenwart, Bd. 15, 11.09.1945, S. 427 [ff.]. Zit. n. CD-ROM-Ausgabe 2001.","Zwei schwere Kriege, die mit Niederlagen für Finnland endeten, haben doch den Gewinn mit sich gebracht, daß der überwältigende Teil des finnischen Volkes zur Einsicht gekommen ist, daß es für einen kleinen Staat unzweckmäßig sei, mit Machtmitteln nationale Ambitionen durchzuführen."
"315","1941-01-01","Zeitung","Archiv der Gegenwart, Bd. 11, 01.01.1941","Von ganzem Herzen wünsche ich dem griechischen Volke einen immer wachsenden Erfolg in dem Entscheidungsjahr, das uns bevorsteht."""
"316","1935-12-31","Gebrauchsliteratur","Schuhmann, Otto: Meyers Opernbuch, Leipzig: Bibliograph. Inst. 1938 [1935], S. 412","Cavaradossi tritt musikalisch meist zurück; nur einmal flammt seine Leidenschaft auf, und da stimmt er ein revolutionäres Sturmlied an, in dem die Empörung eines ganzen Volkes hörbar wird."
"317","1933-03-02","Zeitung","Völkischer Beobachter (Berliner Ausgabe), 02.03.1933","Wenn mir als Reichskommissar die Hauptaufgabe dieses Kampfes zufällt, so nehme ich diese Aufgabe gern auf meine Schultern, weil ich weiß, daß sie zum Besten meines Volkes notwendig ist."
"318","1944-12-20","Zeitung","Archiv der Gegenwart, Bd. 14, 20.12.1944, S. 6634 [ff.]. Zit. n. CD-ROM-Ausgabe 2001.","Ihre Söhne fallen an der Front wie die anderen Sohne unseres Volkes; und dazu unterzieht die Führung des Reiches sich täglich und stündlich einer Verantwortung, unter der schwache Menschen bald zusammenbrechen würden."
"319","1945-05-18","Zeitung","Archiv der Gegenwart, Bd. 15, 18.05.1945, S. 232 [ff.]. Zit. n. CD-ROM-Ausgabe 2001.","Ladislau wurde eine Resolution angenommen, in der sich die Union verpflichtet, gemeinsam mit der Regierung Groza und allen demokratischen Kräften des Landes für eine demokratische Einheit der Völker an der Donau zu kämpfen sowie auf eine demokratische Lösung aller sozialen, wirtschaftlichen und kulturellen Probleme in Nordtranssylvanien hinzuarbeiten."
"320","1940-10-15","Zeitung","Archiv der Gegenwart, Bd. 10, 15.10.1940","Erst vor kurzem hat der britische Staat für die Fortentwicklung der Kolonien und ihrer Völker 55 Mill."
"321","1938-01-21","Zeitung","Archiv der Gegenwart, Bd. 8, 21.01.1938, S. 3391 [ff.]. Zit. n. CD-ROM-Ausgabe 2001.","Die Freiheit der Wissenschaft sei das Lebensprinzip der deutschen Universität, vorausgesetzt, daß ihre Zielsetzung für das Volk erträglich sei."
"322","1941-12-31","Gebrauchsliteratur","Wiehle, Hermann u. Harm, Marie: Lebenskunde für Mittelschulen - Klasse 3, Halle u. a.: Schroedel u. a. 1941, S. 37","Sie haben den Bau gegen Feinde zu verteidigen, auch mit andern Völkern Kämpfe auszufechten."
"323","1938-10-13","Zeitung","Archiv der Gegenwart, Bd. 8, 13.10.1938, S. 3762 [ff.]. Zit. n. CD-ROM-Ausgabe 2001.","4. Politik und Gestaltung der Lebensordnung des Volkes seien ausschließlich Angelegenheiten von Partei und Staat."
"324","1939-06-10","gesprochen","o.A., Tagebuch des Sieges: Tagebuchaufzeichnungen von Angehörigen der Legion Condor, 10.06.1939","Die Völker können sich ruhig fühlen im Schutz ihrer starken Wehrmacht."
"325","1945-05-03","Zeitung","Archiv der Gegenwart, Bd. 15, 03.05.1945","Eine allgemeine Reform des Schulwesens solle eine demokratische polnische Schule schaffen, die in allen ihren Graden für das ganze Volk, also auch für die Arbeiter- und Bauernjugend, zugänglich sei."
"326","1937-01-21","Zeitung","Archiv der Gegenwart, Bd. 7, 21.01.1937, S. 2897 [ff.]. Zit. n. CD-ROM-Ausgabe 2001.","Für die Entwicklung Deutschlands sehe er zwei Möglichkeiten: Entweder werde Deutschland die Stellung einer Großmacht im Mittelpunkt Europas wieder gewinnen und durch die mannigfaltigen Gaben seines Volkes mithelfen, die Zwistigkeiten der Welt einzudämmen und zu normalen Bedingungen zurückzukehren, oder aber Deutschland werde in eine weitere Verschärfung der internationalen Gegensätze und damit zu einer wirtschaftlichen Isolierung geführt werden."
"327","1941-12-31","Zeitung","Archiv der Gegenwart, Bd. 11, 31.12.1941, S. 5333 [ff.]. Zit. n. CD-ROM-Ausgabe 2001.","Mit Vertrauen wandte ich mich dem Ideal der Volksregierung durch das Volk und für das Volk zu."
"328","1944-12-31","Wissenschaft","Beenken, Hermann: Das Neunzehnte Jahrhundert in der deutschen Kunst, München: Bruckmann 1944, S. 119","Abwegig war, was auf diese Frage von den Anhängern der ""reinkünstlerischen Richtung"" erwidert zu werden pflegte, daß nämlich zu allen Zeiten die Kunst nicht von der großen Masse, sondern immer nur von einer dünnen Kennerschicht gehalten gewesen sei, daß sie stets auch nur bei dieser Schicht, nie beim Volke im ganzen Verständnis gefunden habe."
"329","1935-05-21","Zeitung","Archiv der Gegenwart, Bd. 5, 21.05.1935, S. 2049 [ff.]. Zit. n. CD-ROM-Ausgabe 2001.","Die deutsche Regierung habe die aufrichtige Absicht, alles zu tun, um zum britischen Volk und Staat ein Verhältnis zu finden und zu erhalten, das eine Wiederholung des bisher einzigen Kampfes zwischen beiden Nationen für immer verhindern werde."
"330","1939-12-06","Zeitung","Archiv der Gegenwart, Bd. 9, 06.12.1939","Das Unterhaus und das englische Volk hätten ein Anrecht darauf diese Ziffer zu erfahren da sie dadurch zu noch größeren Kriegsanstrengungen ermuntert würden, die dieser Krieg erfordere. (L. B. Außenpolitik 4338 C Wehrmacht 4338 C.)"
"331","1940-06-11","Zeitung","Archiv der Gegenwart, Bd. 10, 11.06.1940, S. 4570 [ff.]. Zit. n. CD-ROM-Ausgabe 2001.","Ich erwiderte darauf daß Italiens Wunsch eine Ausdehnung des Krieges zu verhindern, vom amerikanischen Volke und der amerikanischen Regierung mit größter Sympathie aufgenommen wurde, und ich sprach meine feste Hoffnung aus, daß diese Politik von Italien weitergeführt werde."
"332","1944-10-17","Zeitung","Archiv der Gegenwart, Bd. 14, 17.10.1944, S. 6560 [ff.]. Zit. n. CD-ROM-Ausgabe 2001.","Seit Oktober 1936 habe er (Szalasi) die Aufmerksamkeit der Staatsführung wiederholt darauf gelenkt, daß im gemeinsamen Entschluß mit der Nation die Lebensfrage einer Lösung entgegengeführt werden müsse, die alle Völker Europas aus eigener Initiative und im Vollzug ihrer natürlichen Lebensgesetze lösen müssen, damit auch Ungarn ein Mitglied des neuen nationalen und sozialistischen Europas werde."
"333","1943-09-06","Zeitung","Archiv der Gegenwart, Bd. 13, 06.09.1943, S. 6076 [ff.]. Zit. n. CD-ROM-Ausgabe 2001.","""Die Völker der sogenannten Achse haben, mit Ausnahme der verantwortlichen Achsenführer, keinen Grund zur Besorgnis vor der ,bedingungslosen Kapitulation', die von den Vereinigten Nationen gefordert wird."
"334","1937-07-18","Zeitung","Archiv der Gegenwart, Bd. 7, 18.07.1937","Erst nach und nach und dank der nationalsozialistischen Aufklärung hätten die Menschen die weltanschauliche und politische Zersplitterung und die damit zusammenhängende Auflösung der Volksgemeinschaft und Lähmung der Lebenskraft des Volkes erkannt."
"335","1945-02-28","Zeitung","Archiv der Gegenwart, Bd. 15, 28.02.1945, S. 118 [ff.]. Zit. n. CD-ROM-Ausgabe 2001.","Das deutsche Volk sei heute in seiner Gesamtheit aus jenem Holz geschnitten, aus dem einst Preußen geschaffen wurde und das der Welt einen neuen politischen Begriff, das Preußentum, schenkte."
"336","1936-07-21","Zeitung","Archiv der Gegenwart, Bd. 6, 21.07.1936, S. 2651 [ff.]. Zit. n. CD-ROM-Ausgabe 2001.","Tausende von Bauern aus der Umgebung Zagrebs zogen durch die beflaggte Stadt vor das Haus Dr. Maceks, der in einer Ansprache die Kundgebung als der kroatischen Sache geltend bezeichnete und an Stefan Radic erinnert, der die kroatische Bauernschaft und später das ganze kroatische Volk im Kampf gegen das Unrecht zu vereinigen gewußt habe."
"337","1943-02-04","Zeitung","Archiv der Gegenwart, Bd. 13, 04.02.1943, S. 5820 [ff.]. Zit. n. CD-ROM-Ausgabe 2001.","Die Kraft, die im deutschen Volk steht ist ungeheuer."
"338","1939-04-13","Zeitung","Archiv der Gegenwart, Bd. 9, 13.04.1939","""Der Große Rat des Faschismus begrüßt nach Kenntnisnahme des einstimmigen Beschlusses, mit dem die verfassunggebende albanische Nationalversammlung beschlossen hat, dem König von Italien und Kaiser von Äthiopien die Krone von Albanien anzubieten, mit stürmischer Freude dieses geschichtliche Ereignis, durch das auf Grund der jahrhundertealten Freundschaftsbande das Volk und das Schicksal Albaniens in eine tiefere und endgültige Gemeinschaft mit dem Volk und dem Schicksal Italiens verknüpft werden."
"339","1939-10-24","Zeitung","Archiv der Gegenwart, Bd. 9, 24.10.1939","England hat in einer seltsamen Verkennung der natürlichen Dynamik des Deutschen Reiches, der Vitalität des deutschen Volkes und vor allem der Willens- und Gestaltungskraft des Führers in vergangenen Jahren mit einer geradezu einzigartigen Verbissenheit versucht, Deutschland bei jedem außenpolitischen Schritt als Widersacher entgegenzutreten."
"340","1939-03-17","Zeitung","Archiv der Gegenwart, Bd. 9, 17.03.1939, S. 3983 [ff.]. Zit. n. CD-ROM-Ausgabe 2001.","Als ""verantwortliches Oberhaupt des tschechischen Volkes"", so schloß Präsident Hacha seine Rundfunkansprache, habe er sich entschlossen, schleunigst die entscheidenden Schritte zu tun die zu einer vollkommenen Einigung aller Schichten der Nation führen."
"341","1939-12-31","Wissenschaft","Jahresberichte für deutsche Geschichte, 1939, S. 616","Vergleiche mit der Konstruktion der skandinavischen Thingstätten und Belege aus der Preußischen Chronik Dusburgs und der Livländischen Reimchronik, daß die Volksversammlungen bei den baltischen Völkern einen wichtigen Bestandteil der politischen Verfassung bildeten, unterstützen diese Deutung."
"342","1942-02-12","Zeitung","Archiv der Gegenwart, Bd. 12, 12.02.1942","So wie nun der Nationalorden für Kunst und Wissenschaft, den auch Dr. Todt trägt, als erstem dem verstorbenen Professor Troost verliehen wurde, so überreiche ich heute namens des deutschen Volkes und seiner nationalsozialistischen Bewegung den neuen Orden als erstem unserem lieben und unvergeßlichen Parteigenossen Doktor Todt, dem Generalinspektor unserer Straßen, dem Erbauer unseres Westwalls, dem Organisator der Waffen und Munition im größten Kriege unseres Volkes um seine Freiheit und um seine Zukunft."
"343","1934-12-31","Wissenschaft","Heller, Hermann: Staatslehre, Leiden: Sijthoff 1934, S. 246","Nicht bei der Souveränität der staatlichen Wirkungseinheit, welche Volk und Herrschaft umfasst, wohl aber bei diesen Lokalisierungen der Souveränität im Volk oder im Herrscher können und müssen sogar Recht und Wirklichkeit auseinandergehen."
"344","1939-12-31","Wissenschaft","Jahresberichte für deutsche Geschichte, 1939, S. 410","Der Verf. beschäftigt sich ausführlicher als v. Prott mit dem Volksbegriff Friedrichs, zitiert zahlreiche charakteristische Äußerungen und erwähnt seine Kenntnisse vom Leben des Volkes und seine Anteilnahme am Ergehen des niederen Volkes."
"345","1944-06-24","Zeitung","Archiv der Gegenwart, Bd. 14, 24.06.1944, S. 6422 [ff.]. Zit. n. CD-ROM-Ausgabe 2001.","Als ich mich zum ersten Male mit dieser Frage befaßte, hatte die Inflation dem deutschen Volke seinen ganzen Wohlstand genommen, damit wohl die Kriegsschuldenlast des Staates liquidiert, aber zugleich auch furchtbare Ungerechtigkeiten hervorgerufen."
"346","1934-12-31","Gebrauchsliteratur","Klemperer, Victor: [Tagebuch] 1934. In: ders., Ich will Zeugnis ablegen bis zum letzten, Berlin: Aufbau-Taschenbuch-Verl. 1999 [1934], S. 133","Er sei auf »verfassungsrechtlich gültige« Weise mit seinen Ämtern betraut, aber alle wahre Macht müsse vom Volk ausgehen, und so soll ein Plebiszit stattfinden."
"347","1942-11-19","Zeitung","Archiv der Gegenwart, Bd. 12, 19.11.1942, S. 5721 [ff.]. Zit. n. CD-ROM-Ausgabe 2001.","Ich meine das britische Volk und den Geist, der das britische Volk und die jungen Nationen der britischen Völkergemeinschaft belebt."
"348","1942-05-20","Zeitung","Archiv der Gegenwart, Bd. 12, 20.05.1942, S. 5502 [ff.]. Zit. n. CD-ROM-Ausgabe 2001.","Aus dem kleinen 100.000-Mann-Heer, das uns jener Schandfriede ließ, wurde wieder eine gewaltige Volksarmee, bildete sich wieder aus dem deutschen Volk heraus eine neue Marine und schließlich eine neue strahlende Luftwaffe."
"349","1944-01-20","Zeitung","Archiv der Gegenwart, Bd. 14, 20.01.1944, S. 6248 [ff.]. Zit. n. CD-ROM-Ausgabe 2001.","Zur 15-Jahr-Feier der Ustascha-Bewegung hielt der Poglavnik im Rahmen einer Ustascha-Versammlung eine Rede, in der er, vom Weg und Ziel der Ustascha-Bewegung ausgehend, Volk und Staat in"
"350","1944-12-31","Zeitung","Archiv der Gegenwart, Bd. 14, 31.12.1944","Mit einem nicht mehr überbietbaren Zynismus äußerte vor einigen Tagen eine amerikanisch-jüdische Zeitung, daß den gequälten Völkern unseres Kontinents von den versprochenen vier Freiheiten des USA.-Präsidenten Roosevelt (5632 A) nur eine geblieben sei, die er allerdings nicht versprochen hatte, die, zu klagen."
"351","1935-02-17","Zeitung","Archiv der Gegenwart, Bd. 5, 17.02.1935, S. 1880 [ff.]. Zit. n. CD-ROM-Ausgabe 2001.","Das eigene Schicksal könne nur das eigene Volk bestimmen Der Bundeskanzler mahnte zum Schluß eindringlich zur Treue und Geschlossenheit in den Reihen Meinungsverschiedenheiten werde und müsse es immer geben, denn Gleichschaltung sei nichts für Österreich aber diese Meinungsverschiedenheiten müßten durch die gemeinsame Führung und durch das gemeinsame Symbol überbrückt werden, und, wenn es ernst werde, ganz verstummen. (L. B. 1877 B.)"
"352","1945-11-21","Zeitung","Archiv der Gegenwart, Bd. 15, 21.11.1945, S. 533 [ff.]. Zit. n. CD-ROM-Ausgabe 2001.","Zwei furchtbare Weltkriege und die gewaltsamen Zusammenstöße, durch die der Frieden und die Staaten in der Zeit zwischen diesen großen, erdumspannenden Konflikten verletzt worden ist, haben in den gepeinigten Völkern diese Erkenntnis reifen lassen:"
"353","1938-07-10","Zeitung","Archiv der Gegenwart, Bd. 8, 10.07.1938, S. 3630 [ff.]. Zit. n. CD-ROM-Ausgabe 2001.","Wohl noch nie sei im deutschen Volke eine so ungeheure kulturelle Arbeit angefangen und zum Teil schon geleistet worden."
"354","1938-09-06","Zeitung","Archiv der Gegenwart, Bd. 8, 06.09.1938, S. 3707 [ff.]. Zit. n. CD-ROM-Ausgabe 2001.","Ein neues gesundes Volk wird hier erzogen, nicht durch Phrasen und Theorien, sondern durch eine belebende Wirklichkeit."
"355","1936-09-10","Zeitung","Archiv der Gegenwart, Bd. 6, 10.09.1936, S. 2719 [ff.]. Zit. n. CD-ROM-Ausgabe 2001.","Alfred Rosenberg führte sodann an Hand von Beispielen aus, daß eine ganze Reihe von bolschewistischen weltanschaulichen Darstellungen eine bewußte Irreführung der Völker darstellen."
"356","1938-03-03","Zeitung","Völkischer Beobachter (Berliner Ausgabe), 03.03.1938","Welch ein Volk voll Lebenskraft."
"357","1940-01-01","Zeitung","Archiv der Gegenwart, Bd. 10, 01.01.1940","Am Neujahrstag sprach Ministerpräsident Kjosseiwanow zum bulgarischen Volk über die Ereignisse des vergangenen Jahres."
"358","1941-01-01","Zeitung","Archiv der Gegenwart, Bd. 11, 01.01.1941, S. 4831 [ff.]. Zit. n. CD-ROM-Ausgabe 2001.","Als das deutsche Volk nach jahrelangem Zusammenbruch, moralisch und auf das tiefste gedemütigt, wirtschaftlich verelendet und verkommen, durch den Nationalsozialismus geeint, den Weg seiner Wiedergenesung fand, waren Führung und Volk entschlossen, die Zukunft der Nation mit den Mitteln friedlicher Arbeit und durch den Appell an das Rechtsgewissen der anderen zu gestalten."
"359","1942-05-30","Zeitung","Archiv der Gegenwart, Bd. 12, 30.05.1942, S. 5513 [ff.]. Zit. n. CD-ROM-Ausgabe 2001.","Dieser Wille ist das sichere Unterpfand des Sieges, den das italienische Volk zusammen mit seinen Verbündeten um jeden Preis unter dem Befehl des Duce und im Namen des Königs erringen will."""
"360","1945-06-16","Zeitung","Archiv der Gegenwart, Bd. 15, 16.06.1945, S. 273 [ff.]. Zit. n. CD-ROM-Ausgabe 2001.","""Ich möchte auch Schweden und Schwedens Volk danken, und zwar nicht nur für die Hilfe und die Unterstützung, die sie Norwegern gegeben haben, die gezwungen waren, nach Schweden hinüberzugehen, sondern auch für die Unterstützung, die Norwegen und dem norwegischen Volk gewährt wurde."
"361","1937-03-05","Zeitung","Archiv der Gegenwart, Bd. 7, 05.03.1937","Wer ein guter Deutscher in österreich sein wolle, und wem sein Volk nicht nur ein Lippenbekenntnis sei, der gehöre zur Front."
"362","1944-05-13","Zeitung","Archiv der Gegenwart, Bd. 14, 13.05.1944, S. 6374 [ff.]. Zit. n. CD-ROM-Ausgabe 2001.","Jedoch können wir bei der Erwägung neuer Methoden uns gar nicht genug davor hüten, daß die neuen Methoden unseren Völkern als ein Versuch erscheinen, ihre Entschlußfreiheit zu beschränken oder bei den Völkern außerhalb des Commonwealth den Anschein erwecken, als machten wir den Versuch, einen separaten Block zu bilden."
"363","1944-03-31","Zeitung","Archiv der Gegenwart, Bd. 14, 31.03.1944, S. 6324 [ff.]. Zit. n. CD-ROM-Ausgabe 2001.","Durch die schon vor der Machtübernahme vollzogene Auslese stellt die Nationalsozialistische Partei heute einen politischen Führungsorden dar, dem das Volk sich vorbehaltlos anvertraut."
"364","1945-06-14","Zeitung","Frankfurter Presse, 14.06.1945","- Feldmarschall Montgomery , der Oberbefehlshaber der britischen Besetzungsgebiete Deutschlands, hat eine Botschaft an das deutsche Volk erlassen, in der es heißt:"
"365","1945-11-21","Gebrauchsliteratur","o. A.: Zweiter Tag. Mittwoch, 21. November 1945. In: Der Nürnberger Prozeß, Berlin: Directmedia Publ. 1999 [1945], S. 1402","Das Nazi-Programm machte es daher erforderlich, diesem Teil des deutschen Volkes nicht nur die Macht zu nehmen, sich gegen eine Vernachlässigung seiner bescheidenen Lebensumstände zugunsten der Aufrüstung zu wehren, sondern ihn auch mit Zuckerbrot und Peitsche zu neuen und ungeahnten Opfern als Teil der von den Nazis betriebenen Kriegsvorbereitungen zu bewegen."
"366","1939-09-05","Zeitung","Archiv der Gegenwart, Bd. 9, 05.09.1939, S. 4209 [ff.]. Zit. n. CD-ROM-Ausgabe 2001.","Sollte die französische Regierung trotzdem auf Grund ihrer Verpflichtungen gegenüber Polen eine feindliche Haltung gegen Deutschland einnehmen, so wurde das deutsche Volk dies als einen durch nichts gerechtfertigten Angriffskrieg Frankreichs gegen das Reich ansehen."
"367","1937-09-07","Zeitung","Archiv der Gegenwart, Bd. 7, 07.09.1937, S. 3202 [ff.]. Zit. n. CD-ROM-Ausgabe 2001.","Die Autorität des deutschen Volkes im 20. Jahrhundert sei kein Wirtschaftsverband, sondern die nationalsozialistische Bewegung."
"368","1939-09-23","Zeitung","Archiv der Gegenwart, Bd. 9, 23.09.1939, S. 4249 [ff.]. Zit. n. CD-ROM-Ausgabe 2001.","Sie entspricht unseren nationalen Interessen, unseren politischen Abkommen und Pakten und dem Wunsche aller Völker, einschließlich des deutschen Volks, der darin besteht, den Konflikt wenigstens zu lokalisieren."
"369","1943-01-01","Zeitung","Archiv der Gegenwart, Bd. 13, 01.01.1943","Denn ich selbst bin nur einer der vielen, die Glieder dieses Volkes sind."
"370","1942-06-09","Zeitung","Archiv der Gegenwart, Bd. 12, 09.06.1942, S. 5525 [ff.]. Zit. n. CD-ROM-Ausgabe 2001.","Unser ist aber die heilige Verpflichtung, seinen Tod nun zu sühnen, seine Aufgabe zu übernehmen und erst recht ohne Gnade und Schwache die Feinde unseres Volkes zu vernichten."
"371","1942-01-19","Zeitung","Archiv der Gegenwart, Bd. 12, 19.01.1942, S. 5362 [ff.]. Zit. n. CD-ROM-Ausgabe 2001.","""Dieses Abkommen ist eine neue Bekundung der Freundschaft unserer Völker, die sich auf die Gemeinsamkeit der Lebensinteressen und des gegenseitigen Vertrauens stützt."
"372","1943-01-01","Zeitung","Archiv der Gegenwart, Bd. 13, 01.01.1943, S. 5777 [ff.]. Zit. n. CD-ROM-Ausgabe 2001.","Nur unter Aufbietung aller Reserven sei es durch eine nationale Kraftanstrengung des ganzen deutschen Volkes und dank der stählernen Widerstandskraft seiner Führung gelungen, dem Ansturm des Bolschewismus standzuhalten."
"373","1939-02-13","gesprochen","o.A., Reichskundgebung für den Landdienst der HJ: Heim aufs Land, 13.02.1939","Das eine Problem, ich erwähne es bloß, das Problem, dass, wenn ein Volk im Sterben ist, die Zahl eines Volkes abnimmt, die Kinder zu wenig werden, dass es dann keine Umkehr gäbe."
"374","1939-04-15","Zeitung","Archiv der Gegenwart, Bd. 9, 15.04.1939, S. 4025 [ff.]. Zit. n. CD-ROM-Ausgabe 2001.","Auch das ungarische Volk habe während der jüngsten Ereignisse eine Haltung eingenommen, die den Gefühlen aufrichtiger Solidarität entspreche, die Ungarn und Italien nunmehr traditionell verbinde."
"375","1936-12-31","Wissenschaft","Jahresberichte für deutsche Geschichte, 1936, S. 299","Mit großem Geschick sind die Ereignisse um Wien hineingestellt in die gesamteuropäischen Vorgänge des Zeitalters, wobei sie als Abschluß und entscheidende Wendung der durch die Lage der Völker und Mächte und durch die Schicksalsverkettung von Osten und Westen bedingten politischen Entwicklung erscheinen."
"376","1942-09-30","Zeitung","Archiv der Gegenwart, Bd. 12, 30.09.1942, S. 5653 [ff.]. Zit. n. CD-ROM-Ausgabe 2001.","Ich habe einst, als Soldat aus dem großen Krieg zurückkehrend, diese Weltanschauung dem deutschen Volke klargelegt, die Grundlagen der Partei geschaffen."
"377","1939-01-30","Zeitung","Archiv der Gegenwart, Bd. 9, 30.01.1939, S. 3913 [ff.]. Zit. n. CD-ROM-Ausgabe 2001.","Daß vor allem das internationale Judentum damit eine Befriedigung seiner Rachsucht und Profitgier erreichen zu hoffen mag, daß sie aber die ungeheuerlichste Verleumdung darstellen, die man einem großen und friedliebenden Volk antun kann."
"378","1945-09-02","Zeitung","Archiv der Gegenwart, Bd. 15, 02.09.1945, S. 412 [ff.]. Zit. n. CD-ROM-Ausgabe 2001.","Obwohl die britische Völkerfamilie auf ihren Beitrag zum Sieg stolz sein könne, wären die Jahre des Krieges doch verlorene Jahre gewesen, denn den Beispielen von glänzendem Mut und Hingabe, der unübertroffenen Offenbarung nationaler Einigkeit und der der Welt dargebotenen Zurschaustellung der Kraft freier Völker müßten die furchtbaren Verluste unersetzlicher Menschenleben entgegengehalten werden (319 E)."
"379","1940-05-12","Zeitung","Archiv der Gegenwart, Bd. 10, 12.05.1940","""Wie ich bereits in meiner gestrigen Rede vor den Vertretern von amerikanischen Staaten erklärte, haben die bewaffneten Angriffe auf die Unabhängigkeit der Völker Belgiens, Hollands und Luxemburgs die Völker der amerikanischen Staaten und, ich bin davon überzeugt, auch unsere Nachbarn auf der westlichen Hemisphäre erschüttert und erbittert."
"380","1940-05-01","Zeitung","Archiv der Gegenwart, Bd. 10, 01.05.1940","Und innenpolitisch hatten sie die Vorstellung von einem deutschen Volk wie sie es 1918 kennengelernt hatten!"
"381","1940-12-31","Wissenschaft","Hartmann, Nicolai: Der Aufbau der realen Welt, Berlin: de Gruyter 1940, S. 382","Es ist damit dasselbe wie in der Geschichte mit den Völkern: ein jedes Volk bringt (nach dem bekannten Worte Hegels) sein eigenes Prinzip in die Welt."
"382","1935-09-11","gesprochen","o.A., Reichsparteitag der NSDAP: Kulturtagung im Nürnberger Opernhaus, 11.09.1935","Seitdem ist im Wellenspiel des Schicksals unser Volk gestiegen und gefallen."
"383","1944-11-12","Zeitung","Archiv der Gegenwart, Bd. 14, 12.11.1944, S. 6590 [ff.]. Zit. n. CD-ROM-Ausgabe 2001.","Damit erhoffte man dann die Einlösung der Clemenceauschen Forderung zu erreichen, das deutsche Volk um 20 Millionen Menschen zu dezimieren."
"384","1945-02-07","Zeitung","Archiv der Gegenwart, Bd. 15, 07.02.1945, S. 6684 [ff.]. Zit. n. CD-ROM-Ausgabe 2001.","Ein wahrer Friede ist nur denkbar, wenn die kapitalistische Ausbeutung ebenso unmöglich ist wie der Bolschewismus und seine blutgierigen alles zerstörenden Instinkte, er ist nur möglich in einer Welt, in der die plutokratischen Vorrechte und die wirtschaftlichen Privilegien beseitigt sind, in der die gleichen Bedingungen des Aufstieges für alle arbeitenden Menschen und Völker gelten."
"385","1938-12-20","Zeitung","Archiv der Gegenwart, Bd. 8, 20.12.1938, S. 3863 [ff.]. Zit. n. CD-ROM-Ausgabe 2001.","Es sind zwei erforderlich, um ein Abkommen zu schließen, ebenso wie, um einen Krieg zu führen, und ich warte noch auf ein Zeichen von jenen, welche für das deutsche Volk sprechen, daß sie dieses Verlangen teilen und daß sie bereit sind, ihren Beitrag für den Frieden zu leisten, der ihnen ebenso helfen würde wie uns. Uns vorzuwerfen, daß wir nach München in unserer Aufrüstung fortschreiten, heißt die Tatsachen völlig verkennen, welche allen bekannt sind."
"386","1945-05-17","Zeitung","Tägliche Rundschau, 17.05.1945","Der Zeitpunkt aber, wann eine ""würdige Existenz für das deutsche Volk"" und ""ein Platz in der Gemeinschaft der Nationen"" kommen wird, hängt von seiner Aktivität ab."
"387","1945-05-07","Zeitung","Archiv der Gegenwart, Bd. 15, 07.05.1945, S. 217 [ff.]. Zit. n. CD-ROM-Ausgabe 2001.","Reichsaußenminister Graf Schwerin-Krosigk richtete laut Reuter folgende über den Sender Flensburg verbreitete Botschaft an das deutsche Volk:"
"388","1940-03-01","Zeitung","Völkischer Beobachter (Berliner Ausgabe), 01.03.1940","Das deutsche Volk weiß, daß ihr sein Schutz und Schirm gegen jeden Angriff aus der Luft seid."
"389","1943-12-31","Belletristik","Seghers, Anna: Transit, Gütersloh: Bertelsmann 1995 [1943], S. 44","Und da Sie vermutlich selbst aus diesem Volke stammen, so wissen Sie auch, was die deutsche Ordnung bedeutet, die Naziordnung, die sie jetzt alle hier rühmen."
"390","1936-10-28","Zeitung","Archiv der Gegenwart, Bd. 6, 28.10.1936, S. 2782 [ff.]. Zit. n. CD-ROM-Ausgabe 2001.","Das italienische Volk sei entschlossen, den Sieg und das Imperium bis zum letzten Blutstropfen zu verteidigen."
"391","1933-05-03","gesprochen","o.A., Stapellauf des Marine-Segelschulschiffes ""Gorch Fock"" auf der Hamburger Werft Blohm & Voss"", 03.05.1933","Am Eingang dieses Tages gedenken wir in der Marine, in der deutschen Wehrmacht und ich glaube sagen zu dürfen, im ganzen deutschen Volk in Treue und inniger kameradschaftlicher Verbundenheit der 69 jungen, deutschen Männer, die auf der Niobe in der Ausübung eines harten Seemannsberufes im Ringen mit den Elementen diesen ehrenvoll unterlegen und dabei uns allen ein Vorbild echter deutscher Disziplin und treuester Pflichterfüllung im Dienste des Vaterlandes geworden sind."
"392","1939-01-30","Zeitung","Archiv der Gegenwart, Bd. 9, 30.01.1939, S. 3913 [ff.]. Zit. n. CD-ROM-Ausgabe 2001.","Die Völker werden in kurzer Zeit erkennen, daß das nationalsozialistische Deutschland keine Feindschaft mit andern Völkern will, daß alle die Behauptungen über Angriffsabsichten unsres Volkes auf fremde Völker entweder aus krankhafter Hysterie geborne oder aus der persönlichen Selbsterhaltungssucht einzelner Politiker entstandene Lügen sind, daß diese Lügen aber in gewissen Staaten gewissenlosen Geschäftemachern zur Rettung ihrer Finanzen dienen sollen."
"393","1941-07-05","Zeitung","Archiv der Gegenwart, Bd. 11, 05.07.1941, S. 5105 [ff.]. Zit. n. CD-ROM-Ausgabe 2001.","""Seine Worte waren an das türkische Volk gerichtet und fanden in den Herzen aller Türken die wärmste Aufnahme."
"394","1944-12-24","Zeitung","Archiv der Gegenwart, Bd. 14, 24.12.1944","Welcher Beweise bedurfte es da noch, um darzutun, daß das deutsche Volk nicht, wie unsere Feinde, uns immer wieder einzureden versucht haben, zum Untergang, sondern ganz im Gegenteil zu einer großen Zukunft berufen ist!"
"395","1938-09-26","Zeitung","Archiv der Gegenwart, Bd. 8, 26.09.1938, S. 3733 [ff.]. Zit. n. CD-ROM-Ausgabe 2001.","Wenn es damals einem wandernden Scholaren gelang in unser Volk das Gift demokratischer Phrasen hineinzuträufeln -- das Volk von heute ist nicht mehr das Volk von damals!"
"396","1934-01-23","Zeitung","Archiv der Gegenwart, Bd. 4, 23.01.1934","Die Belegschaft soll möglichst einen Ausschnitt des gesamten Volkes darstellen und weder zu viele Erwerbslose oder gar gefährdete Elemente, noch zuviel Intelligenz umfassen."
"397","1941-04-21","Zeitung","Archiv der Gegenwart, Bd. 11, 21.04.1941","Griechenland ist die große Ehre zugefallen, gegen ein, Volk von 135 Millionen zu kämpfen, das über eine moderne Ausrüstung verfügt, seinen Haß gegen die Griechen nicht verbirgt und die ruhmreichen, mit dem Blut unseres Volkes geschriebenen Seiten der griechischen Geschichte auslöschen möchte."
"398","1943-08-03","Zeitung","Archiv der Gegenwart, Bd. 13, 03.08.1943, S. 6035 [ff.]. Zit. n. CD-ROM-Ausgabe 2001.","Es ist ebenso eine Tatsache, daß das italienische Volk Hitlers Deutschland weder als einen Alliierten noch als einen Feind respektiert."
"399","1938-05-09","Zeitung","Archiv der Gegenwart, Bd. 8, 09.05.1938, S. 3549 [ff.]. Zit. n. CD-ROM-Ausgabe 2001.","Tiefbewegt danke ich Ihnen für die zu Herzen gehenden Worte der Begrüßung, die Sie zugleich im Namen der italienischen Regierung und des italienischen Volkes an mich gerichtet haben."
"400","1934-01-16","Zeitung","Archiv der Gegenwart, Bd. 4, 16.01.1934, S. 1229 [ff.]. Zit. n. CD-ROM-Ausgabe 2001.","Der Obmann des Verbandes, Dr. St. Bukovsky, drückte die Überzeugung aus, daß die Zeit nicht ferne sei, wo alle slawischen Völker im Verband der slawischen Sokolschaft vertreten sein werden."
"401","1939-12-08","Zeitung","Hannoverscher Anzeiger, 08.12.1939","Es ist naiv und sentimental zugleich, zu erwarten, daß das deutsche Volk in dem Kampf um seine Zukunft nun plötzlich all den kleinen Staaten beistehen soll, die sich vorher nicht genug tun konnten, Deutschland zu schmähen und zu verunglimpfen."
"402","1939-08-15","Zeitung","Archiv der Gegenwart, Bd. 9, 15.08.1939, S. 4173 [ff.]. Zit. n. CD-ROM-Ausgabe 2001.","Die wahre Demokratie trage den lebendigen Gewinn zur friedlichen Zusammenarbeit zwischen den Völkern in sich."
"403","1944-07-02","Zeitung","Archiv der Gegenwart, Bd. 14, 02.07.1944, S. 6434 [ff.]. Zit. n. CD-ROM-Ausgabe 2001.","Egoismus muß im Keime erstickt werden und jeder muß einen Teil der gemeinsamen Bürde des Volkes tragen."
"404","1939-01-22","gesprochen","o.A., Kundgebung in Prachatitz: Feierliche Eingliederung des Böhmerwaldgebietes in den Gau ""Bayerische Ostmark"" der NSDAP, 22.01.1939","[...] Eins aber vergesst nie, Ihr meine Volksgenossen hier im neuen Gebiet und Ihr, meine Parteigenossen, Parteigenossinnen im alten Gaugebiet, die Ihr zugleich jetzt 200.000 zusammen mit uns versammelt seid und uns hört, nie hat die Wirtschaft das Schicksal eines Volkes entschieden, nie haben Reichtum und Wohlstand ein Volk vor dem Untergang und Tod bewahrt und nie ist ein Volk zugrunde gegangen, weil es wirtschaftliche Not erlitt, immer waren es geniale vom Herrgott begnadete Führer, die über Elend, Not und Tod hinweg ihr deutsches Volk aufrührten bis auf den Grund seiner Seele und an die ewigsten Werte germanischen Wesens appellierten, an Stolz und Glauben und Treue und Gehorsam und Heldentum und Hingabe, an Ehre und Freiheit und an den Glauben an die Ewigkeit deutschen Lebens. [...]"
"405","1939-03-01","Zeitung","Völkischer Beobachter (Berliner Ausgabe), 01.03.1939","Wie erinnerlich, startete Do 26 ""Seefalke"" am 14. Februar in Travemünde, um die von der Reichsregierung dem von dem schweren Erdbeben betroffenen chilenischen Volk geschenkten Medikamente, Verbandstoffe und ärztlichen Instrumente über den Ozean nach Südamerika zu bringen."
"406","1939-06-26","Zeitung","Archiv der Gegenwart, Bd. 9, 26.06.1939, S. 4115 [ff.]. Zit. n. CD-ROM-Ausgabe 2001.","""Ein Volk, das so zusammengepreßt auf einem engen Raum lebt, das keine natürlichen Hilfsquellen besitzt, keine Rohstoffe, keine Devisen, keine Goldvorräte, muß einen anderen Weg gehen, als ein Volk, das alle Güter dieser Welt sein eigen nennt."
"407","1938-09-03","gesprochen","o.A., Großkundgebung auf der sechsten Reichstagung der Auslandsdeutschen in der Stuttgarter Stadthalle, 03.09.1938","Die Wunderwerke deutscher Schiffsbaukunst, wie der ""Kraft durch Freude""-Dampfer Wilhelm Gustloff oder die ,,Patria"", die auch hinsichtlich der Gestaltung der Mannschaftsräume vorbildlich sind, sind nicht nur Beweise des Geistes eines wahren Sozialismus, der in Deutschland herrscht, sondern zugleich Arbeitsstätten deutscher Seeleute, die stolz darauf sind, mit diesen Schiffen Deutschland in der Welt zu vertreten und sich fürs deutsche Volk einzusetzen."
"408","1935-12-31","Gebrauchsliteratur","Schuhmann, Otto: Meyers Opernbuch, Leipzig: Bibliograph. Inst. 1938 [1935], S. 489","""Misericordia"" - ""Barmherzigkeit"" schreit das Volk, um den Strafgesang der Mönche zu beschwichtigen."
"409","1942-09-27","Zeitung","Archiv der Gegenwart, Bd. 12, 27.09.1942, S. 5648 [ff.]. Zit. n. CD-ROM-Ausgabe 2001.","Italien, Deutschland und Japan hatten alle drei notwendig, atmen zu können, um zu leben, hatten alle drei Bedarf an Arbeit für ihre Sahne, Bedarf an Raum für ihre Völker."
"410","1933-11-06","Zeitung","Archiv der Gegenwart, Bd. 3, 06.11.1933, S. 1120 [ff.]. Zit. n. CD-ROM-Ausgabe 2001.","Parteigenosse solle in Zukunft nur der heißen, der aus dem Rahmen des übrigen Volkes herausrage."
"411","1936-10-25","gesprochen","o.A., Eröffnung der ""Woche des Deutschen Buches"" in der Weimarhalle in Weimar, 25.10.1936","Wer nun nicht freudig und [??] (11:28 unverständlich) mit an den Grundrissen und Grundzügen der neuen Planung der jungen Ziele und steilen Aufgaben schafft, der mag so groß sein als er sich selber dünkt, vor der Werkgemeinschaft unseres gesamten Volkes und unserer Zeit ist er zu gering befunden."
"412","1940-01-27","Zeitung","Archiv der Gegenwart, Bd. 10, 27.01.1940, S. 4398 [ff.]. Zit. n. CD-ROM-Ausgabe 2001.","Das deutsche Ziel sei heute unveränderlich und unzerstörbar, weil es nicht proklamiert werde von einer herrschenden Schicht, die den Geldsack in den Klauen halte, sondern von einem ganzen Volk, das sich die Treue selbst halte."
"413","1945-01-14","Zeitung","Archiv der Gegenwart, Bd. 15, 14.01.1945, S. 6660 [ff.]. Zit. n. CD-ROM-Ausgabe 2001.","Nach fünf schweren Kriegsjahren, in denen der Feind immer wieder seine Hoffnungen auch auf einen gesundheitlichen Zusammenbruch des deutschen Volkes gesetzt habe, könne festgestellt werden, daß es -- im Gegensatz zum ersten Weltkrieg -- keine Kriegsseuchen und keine großen Volkskrankheiten gegeben habe und gebe, und daß das deutsche Volk auch von einer Grippewelle verschont geblieben sei."
"414","1934-08-15","Zeitung","Archiv der Gegenwart, Bd. 4, 15.08.1934, S. 1577 [ff.]. Zit. n. CD-ROM-Ausgabe 2001.","Die Kraft des deutschen Volkes sei aber im Innern so organisiert worden, daß es mit allen Schwierigkeiten fertig werden könne."
"415","1940-11-28","Zeitung","Archiv der Gegenwart, Bd. 10, 28.11.1940","Mit weitgehendem Verständnis für geschichtliche Vorgänge und voller Achtung vor dem kämpferischen Leben gehe er daran, aus den Gedanken der Französischen Revolution die Entwicklung darzustellen, welche die Voraussetzungen des großen Zusammenstoßes der europäischen Völker bilde."
"416","1945-07-13","Zeitung","Archiv der Gegenwart, Bd. 15, 13.07.1945, S. 320 [ff.]. Zit. n. CD-ROM-Ausgabe 2001.","Wir sind auch gewiß, daß das jugoslawische Volk, unter welcher Regierung es immer stehen möge, die Integrität Griechenlands nicht bedrohen und rechtmäßigen griechischen Ansprüchen keinen Widerstand leisten wird."
"417","1939-06-29","gesprochen","o.A., Großkundgebung der NSDAP in der Prager Messehalle, 29.06.1939","So führte Dr. Benesch das tschechische Volk aus dem Joch der Habsburger in das Joch der antideutschen Großmächte."
"418","1938-07-19","Zeitung","Archiv der Gegenwart, Bd. 8, 19.07.1938","Das tschechische Volk, die deutsche Volksgruppe und andere sind die Grundelemente des ""souveränen Volkes""."
"419","1939-06-26","Zeitung","Archiv der Gegenwart, Bd. 9, 26.06.1939","Aus dem verfemten, belächelten Volke der Dichter und Denker habe der Führer in sechs Jahren ein politisch erwecktes Volk gemacht, dessen dynamische Kräfte jetzt einheitlich auf wirklich große Ziele angesetzt werden könnten."
"420","1933-04-27","Zeitung","Archiv der Gegenwart, Bd. 3, 27.04.1933, S. 809 [ff.]. Zit. n. CD-ROM-Ausgabe 2001.","Die NSDAP. sei eine Bewegung, die das ganze deutsche Volk umfassen solle."
"421","1940-09-22","Zeitung","Archiv der Gegenwart, Bd. 10, 22.09.1940, S. 4707 [ff.]. Zit. n. CD-ROM-Ausgabe 2001.","Lordsiegelbewahrer Attlee hielt am 22. September eine Rundfunkansprache an das britische Volk, in der er u. a. wörtlich ausführte:"
"422","1935-12-31","Gebrauchsliteratur","Buchinger, Otto: Das Heilfasten und seine Hilfsmethoden als biologischer Weg, Stuttgart: Hippokrates-Verl. 1982 [1935], S. 120","Das und ähnliches lebt heute noch in unserem Volk."
"423","1939-11-28","Zeitung","Archiv der Gegenwart, Bd. 9, 28.11.1939, S. 4329 [ff.]. Zit. n. CD-ROM-Ausgabe 2001.","Die Ihnen zu unterbreitenden Maßnahmen haben meine Ratgeber als für das Heil meines Volkes notwendig erachtet, soviel, zur Erreichung des Zieles, auf das wir alle unsere Kräfte konzentriert haben."
"424","1940-07-19","Zeitung","Archiv der Gegenwart, Bd. 10, 19.07.1940, S. 4624 [ff.]. Zit. n. CD-ROM-Ausgabe 2001.","Diesem und dem noch nicht anders belehrten Glauben und Vertrauen des deutschen Volkes in das Wort demokratischer Staatsmänner war unser Untergang zuzuschreiben."
"425","1939-08-15","Zeitung","Archiv der Gegenwart, Bd. 9, 15.08.1939","Es greife oft ein Volk zum Kampf, weil es fürchte, sich vor einem Überfall durch ein anderes Volk schützen zu müssen."
"426","1941-09-15","Zeitung","Archiv der Gegenwart, Bd. 11, 15.09.1941, S. 5191 [ff.]. Zit. n. CD-ROM-Ausgabe 2001.","Es weiß, daß die Zeit nach klaren Köpfen und furchtlosen Herzen verlangt, und mit dieser inneren Stärke, die ein Volk erfüllt, das sich seiner gerechten Sache und seiner Pflichten bewußt ist, wird das amerikanische Volk mit göttlicher Hilfe und Führung fest stehen gegen diesen neuesten Angriff auf unsere Demokratie, unsere Souveränität und unsere Freiheit."""
"427","1937-12-18","Zeitung","Archiv der Gegenwart, Bd. 7, 18.12.1937, S. 3344 [ff.]. Zit. n. CD-ROM-Ausgabe 2001.","7. Das ganze Volk müsse erkennen, daß ohne Landarbeiter das Volk hungern müsse."
"428","1941-12-31","Belletristik","Blunck, Hans Friedrich: Sage vom Reich I, Hamburg: Hanseatische Verlagsanstalt 1941/42, S. 82","Gläubig erschauerte Ull vor Mädchen und Flamme, Nahm die bräutliche Magd, erhob sie zur Herrin Über die Völker - da lachte die spielende Solmund. -"
"429","1939-12-25","Zeitung","Archiv der Gegenwart, Bd. 9, 25.12.1939, S. 4361 [ff.]. Zit. n. CD-ROM-Ausgabe 2001.","Er muß, wenn er auf sein Gewissen hört, die Verwünschungen der Opfer und die verzweifelten Schmähungen der gefolterten Völker vernehmen."
"430","1934-01-01","gesprochen","Hitler, Adolf, Was soll das Ende sein?, in: Ernst Boepple (Hg.), Adolf Hitlers Reden, München: 1934 [12. April 1922]","Das Volk? Nein! Regierungen, die sich eines Tages als Regierungen vorgestellt haben."
"431","1938-09-07","gesprochen","o.A., Ansprachen von Alfred Rosenberg, Erich Hilgenfeldt und Gerhard Wagner auf dem Reichsparteitag der NSDAP, 07.09.1938","Ganz gleich, welche Gründe man auch annehmen mag, weil jedoch die Weltdemokratie in ihrer entscheidenden weltgeschichtlichen Stunde zu Versailles eine historische Chance verpasste, deshalb ist auch der Glaube der Völker an sie dahin und es fehlt ihre jede moralische Berechtigung, noch für eine neue Ordnung der Welt mit dem Willen zur formenden Autorität das entscheidende Wort ergreifen zu können."
"432","1942-05-13","Zeitung","Archiv der Gegenwart, Bd. 12, 13.05.1942, S. 5496 [ff.]. Zit. n. CD-ROM-Ausgabe 2001.","Nach dem Sieg der deutschen Waffen werde der Volkstumskampf überhaupt erst beginnen, der nur dann erfolgreich bestanden werden könne, wenn es der Partei als der politischen Willensträgerin der Nation gelingt, das gesamte deutsche Volk für dieses wichtige Problem zu mobilisieren."
"433","1945-10-09","Zeitung","Süddeutsche Zeitung, 1995 [1945]","Benützen Sie sie, um dem deutschen Volk endlich die Wahrheit zu sagen."
"434","1939-03-30","Zeitung","Archiv der Gegenwart, Bd. 9, 30.03.1939","Man könne durchaus Angehöriger seines angestammten Volkes sein und gleichzeitig pflichtbewußter Staatsbürger eines von einem anderen Volke geführten Staates."
"435","1938-06-04","Zeitung","Archiv der Gegenwart, Bd. 8, 04.06.1938, S. 3589 [ff.]. Zit. n. CD-ROM-Ausgabe 2001.","Wir bezeugen, daß wir für einen Ausgleich des slowakischen Volkes mit dem tschechischen auf der Grundlage unseres historischen und natürlichen Rechtes auf die Autonomie sind."
"436","1940-12-31","Wissenschaft","Hartmann, Nicolai: Der Aufbau der realen Welt, Berlin: de Gruyter 1940, S. 497","Nur folgt daraus keineswegs, daß dieser Gedanke sich auch auf das spezifisch Unterscheidende des Menschen, des Volkes oder der Geschichte übertragen ließe."
"437","1934-03-02","Zeitung","Völkischer Beobachter (Berliner Ausgabe), 02.03.1934","In den Gräben des Westens und des Ostens fand sich das Volk dann zusammen, die Granaten fragten nicht nach Stand oder Geburt, nach arm oder reich, nach Konfession oder Beruf, hier galt nur Schicksalsgemeinschaft und Einsatzbereitschaft."
"438","1941-07-07","Zeitung","Archiv der Gegenwart, Bd. 11, 07.07.1941","Auf diese Weise müssen wir rasch alle Kräfte der Völker der Sowjetunion mobilisieren, um dem Feind die Antwort zu erteilen."
"439","1940-10-15","Zeitung","Archiv der Gegenwart, Bd. 10, 15.10.1940, S. 4737 [ff.]. Zit. n. CD-ROM-Ausgabe 2001.","Die Bemühungen der letzten Monate haben unser Vertrauen in den Endsieg gestärkt, aber nicht nur das Vertrauen des englischen Volkes, sondern auch das Vertrauen derjenigen Völker, die unterjocht worden sind."
"440","1941-03-31","Zeitung","Archiv der Gegenwart, Bd. 11, 31.03.1941, S. 4950 [ff.]. Zit. n. CD-ROM-Ausgabe 2001.","König Peter 11. erließ am 27. März folgende Proklamation an das Volk:"
"441","1935-12-31","Wissenschaft","Plessner, Helmuth: Die verspätete Nation, Stuttgart: Kohlhammer 1962 [1935], S. 34","Ein Volk wie das deutsche ist durch die Vergangenheit seiner Staaten geformt, es trägt sie in sich als Erwartung, Haltung, als Art der Äußerung und Mitteilung, als Richtung und Fülle seines ganzen Daseins."
"442","1944-10-09","Zeitung","Archiv der Gegenwart, Bd. 14, 09.10.1944","Der Bolschewismus läßt keine freien Völker gelten."
"443","1941-06-22","Zeitung","Archiv der Gegenwart, Bd. 11, 22.06.1941, S. 5074 [ff.]. Zit. n. CD-ROM-Ausgabe 2001.","3. Die Sowjetunion erklärt, sich abermals von Finnland bedroht zu fühlen, und fordert deshalb die völlige Preisgabe Finnlands durch Deutschland, was praktisch die Besetzung dieses Staates und Ausrottung des finnischen Volkes bedeutet."
"444","1941-01-19","Zeitung","Völkischer Beobachter (Norddt. Ausgabe), 19.01.1941","Die Kundgebung, an der mit Reichsarbeitsführer Hierl die Führerschaft des RAD. sowie der Rektor der Universität, Professor Dr. Hoppe und eine größere Reihe von Dekanen teilnahm, unterstrich die Bedeutung, die der Reichsarbeitsdienst für die geistige und seelische und damit für die politsche Erneuerung des deutschen Volkes hat."
"445","1933-12-31","Belletristik","Goote, Thor [d.i. Langsdorff, Werner von]: Die Fahne Hoch!, Berlin: Zeitgeschichte-Verlag 1933 [1933], S. 283","'Ich würde direkten oder mittelbaren Kriegsdienst verweigern und versuchen, meine Freunde zu derselben Haltung zu veranlassen, und zwar ganz unabhängig von der Beurteilung der Kriegsursachen.' Und ein gewisser Professor Lessing, der deiner Meinung nach vielleicht auch zu den bedeutenden Männern dieses Volkes gehört, hat außer allem anderen gesagt:"
"446","1938-07-19","Zeitung","Archiv der Gegenwart, Bd. 8, 19.07.1938","Grundsatz ist, der deutschen Volksgruppe und dem tschechischen Volk das Recht auf eigene Bestimmung seiner völkischen und territorialen Bedürfnisse und Interessen auf der Basis der Gesamtansprüche zu sichern."
"447","1939-04-07","Zeitung","Archiv der Gegenwart, Bd. 9, 07.04.1939, S. 4018 [ff.]. Zit. n. CD-ROM-Ausgabe 2001.","Einer Kriegspolitik, die in ihrem Wesen nichts anderes sei, als eine Wiederholung des schmählich gescheiterten Versuches von Versailles, das deutsche Volk durch eine bunte Kombination von artverschiedenen und von ganz ungleichartigen Interessen bewegten Völkern politisch und wirtschaftlich zu knebeln und seine endlich gewonnene nationale Einheit wieder zu zerstückeln."
"448","1943-11-17","Zeitung","Archiv der Gegenwart, Bd. 13, 17.11.1943, S. 6172 [ff.]. Zit. n. CD-ROM-Ausgabe 2001.","4. daß sie die Notwendigkeit der Errichtung einer allgemeinen internationalen Organisation auf der Grundlage der souveränen Gleichheit aller friedliebenden Völker anerkennen einer Organisation, der alle diese Staaten, ob groß oder klein für die Sicherung des Friedens und der internationalen Zusammenarbeit angehören;"
"449","1944-08-11","Zeitung","Archiv der Gegenwart, Bd. 14, 11.08.1944","Bei einer Arbeitsbesprechung der Landesbauernführer am 11. August in Berlin hielt Reichsminister Dr. Goebbels eine Rede, in der er u. a. sagte, der 20. Juli (s. 6456 F) sei gewissermaßen zum Signal für den totalen und kompromißlosen Kriegseinsatz des ganzen deutschen Volkes geworden."
"450","1945-01-18","Zeitung","Archiv der Gegenwart, Bd. 15, 18.01.1945, S. 47 [ff.]. Zit. n. CD-ROM-Ausgabe 2001.","Wir sind keine Vertilger von Nationen oder Metzger von Völkern."
"451","1945-06-17","Zeitung","Deutsche Volkszeitung, 17.06.1945","Generaloberst Genosse Bersarin hat alles unternommen, das Volk von Berlin vor dem Hunger zu retten, er der große Kämpfer für den Sturz der barbarischen Hitlerherrschaft, wurde der Retter von Millionen Menschen, die der Nazismus ins tiefste Unglück gestürzt hatte."
"452","1945-10-04","Zeitung","Archiv der Gegenwart, Bd. 15, 04.10.1945, S. 463 [ff.]. Zit. n. CD-ROM-Ausgabe 2001.","Laval, der keinerlei Skrupel mehr gehabt hätte, habe dem französischen Volke die bekannte Erklärung abgegeben:"
"453","1933-05-01","Zeitung","Archiv der Gegenwart, Bd. 3, 01.05.1933, S. 817 [ff.]. Zit. n. CD-ROM-Ausgabe 2001.","Als nächste Ziele der Regierung bezeichnete der Kanzler 1. den Kampf dafür, daß der neue Gedanke und der neue politische Glaube des deutschen Volkes das ganze Volk in die Gewalt seines Bannes ziehe."
"454","1936-03-16","Zeitung","Archiv der Gegenwart, Bd. 6, 16.03.1936, S. 2467 [ff.]. Zit. n. CD-ROM-Ausgabe 2001.","In seinen Wahlreden in München und Frankfurt betonte Hitler wiederholt seinen Friedens- und Versöhnungswunsch, in dem er mit dem ganzen Volk einig sei. (L. B. Sicherheitsfrage 2455 D, Rheinlandfrage 2455 D, 2457 B, 2458 A, Locarnovertrag 2462 A, Außenpolitik: England 2464 D, Deutschland 2457 B, Frankreich 2462 G Italien 2451 D, Belgien 2462 B.)"
"455","1936-03-07","gesprochen","Hitler, Adolf, Für eine Verständigung der Völker Europas ..., in: Rede des Führers und Reichskanzlers Adolf Hitlers vor dem Reichstag am 7. März 1936","[...] Ich habe die gewünschten Aufklärungen gegeben, so wie ich sie in Deutschland selbst hundert- und tausendmal offen ausspreche, und ich habe noch einmal versucht, mich an das französische Volk zu wenden mit der Bitte um eine Verständigung, an der wir mit ganzem Herzen hängen und die wir so gerne verwirklicht sehen möchten, ich habe aber weiter mein tiefes Bedauern ausgesprochen über die drohende Entwicklung in Frankreich durch den Abschluß eines Paktes, für den unserer Überzeugung nach keine zu begreifende Notwendigkeit vorlag, der aber im Falle seiner Realisierung eine neue Sachlage schaffen müßte und würde. [...]"
"456","1940-10-15","Zeitung","Archiv der Gegenwart, Bd. 10, 15.10.1940, S. 4737 [ff.]. Zit. n. CD-ROM-Ausgabe 2001.","Ich spreche ganz offen; ich spreche von der Liebe, die das amerikanische Volk für die Freiheit, für die Anständigkeit, für die Humanität empfindet."
"457","1934-03-03","Zeitung","Völkischer Beobachter (Berliner Ausgabe), 03.03.1934","Der Nur-Intellektuelle ist schon, am primitiven Leben gemessen, eine Verfallserscheinung, das heißt: mehr Ende als Anfang einer Entwicklung, und wo seine Persönlichkeit und Leistung einziger Wertmesser für die Kulturhöhe eines Volkes sind, da kann es sich nur um eine Kultur des Verfalls handeln, wie sie uns der spekulativ zersetzende Geist des jüdisch-marxistischen Zwischenreichs bei konjunktureller Gewinnbeteiligung der bürgerlichen Schriftsteller bescherte."
"458","1938-03-03","Zeitung","Völkischer Beobachter (Berliner Ausgabe), 03.03.1938","Die Deutschen"", schloß er, ""sind weder nur das Volk der Dichter und Denker, noch nur das Volk des Militarismus."
"459","1939-11-21","Zeitung","Archiv der Gegenwart, Bd. 9, 21.11.1939, S. 4321 [ff.]. Zit. n. CD-ROM-Ausgabe 2001.","Die Krone des heiligen Stephan kann für alle Nationalitäten eine Lebensauffassung bedeuten, die zusammenfaßt, ohne zu verschmelzen, der Anziehungskraft ihres ordnenden und organisierenden Prinzips kann nur der entgegengesetzte Wille der Völker eine Grenze setzen."
"460","1935-04-28","Zeitung","Archiv der Gegenwart, Bd. 5, 28.04.1935, S. 2009 [ff.]. Zit. n. CD-ROM-Ausgabe 2001.","Die Regierung werde diese Frage dem Volke vorlegen, sobald nach Erledigung der augenblicklichen dringenden nationalen Fragen wieder Ruhe im Volke eingetreten sein werde."
"461","1939-12-24","Zeitung","Archiv der Gegenwart, Bd. 9, 24.12.1939, S. 4360 [ff.]. Zit. n. CD-ROM-Ausgabe 2001.","Auf moralischem, geistigem, wirtschaftlichem und sozialem Gebiet sehe er besonders böse Folgen des Krieges, und die für das Schicksal der Völker Verantwortlichen sollten es daher von vornherein nicht ablehnen, zu verhandeln, wenn sich Gelegenheit dazu biete."
"462","1941-11-07","Zeitung","Archiv der Gegenwart, Bd. 11, 07.11.1941, S. 5256 [ff.]. Zit. n. CD-ROM-Ausgabe 2001.","Wenn die finnische Regierung unfähig ist, diese Schwierigkeiten zu überwinden, so ist das ein Beweis dafür, daß die finnische Regierung nicht mehr der freie Vertreter des finnischen Volkes ist oder daß die verfolgte Politik von der finnischen Regierung und dem finnischen Volk in voller Kenntnis des Umstandes gewollt wird, daß sie eine ernste Bedrohung der Unabhängigkeit aller nicht-nationalsozialistischen Länder der Welt einschließlich Finnlands selbst zum Ergebnis hat."""
"463","1944-08-06","Zeitung","Archiv der Gegenwart, Bd. 14, 06.08.1944, S. 6478 [ff.]. Zit. n. CD-ROM-Ausgabe 2001.","Das deutsche Volk und die nationalsozialistische Bewegung, nicht zuletzt aber die Offiziere von ""Großdeutschland"", haben zu euch, der Avantgarde des heiligen Volkskrieges, das feste Vertrauen, daß ihr euch bewahren werdet als junge, tapfere, gehorsame und siegende Grenadiere unseres Führers."""
"464","1943-12-31","Gebrauchsliteratur","Kriegk, Otto: Der deutsche Film im Spiegel der Ufa, Berlin: Ufa-Buchverl. 1943, S. 50","Das deutsche Volk hat nur Augen und Ohren und nur Einsatzbereitschaft für den militärischen Krieg."
"465","1943-04-20","Zeitung","Archiv der Gegenwart, Bd. 13, 20.04.1943, S. 5909 [ff.]. Zit. n. CD-ROM-Ausgabe 2001.","Wenn wir in den vergangenen zwei furchtbaren Wintern im Osten den Führer an der Spitze seiner Wehrmacht und seines Volkes den Kampf gegen ein fast übermächtiges Schicksal aufnehmen und bestehen sahen, so fühlen wir uns dabei an die ergreifendsten und bewegendsten Kapitel unserer preußischdeutschen Geschichte erinnert."
"466","1938-03-04","Zeitung","Völkischer Beobachter (Berliner Ausgabe), 04.03.1938","Die freundlichen Wünsche des Herrn Präsidenten der Vereinigten Staaten von Amerika für das Gedeihen des deutschen Volkes nehme ich mit Dank entgegen und erwidere sie aufrichtig."
"467","1939-04-17","Zeitung","Archiv der Gegenwart, Bd. 9, 17.04.1939","Der Führer hält diese Angelegenheit für so wichtig, daß er sich entschlossen hat, die Antwort dem Herrn amerikanischen Präsidenten namens des deutschen Volkes vor dem Reichstag bekanntzugeben."
"468","1940-06-09","Zeitung","Das Reich, 09.06.1940","Das deutsche Volk hatte keine Luftwaffe."
"469","1941-08-25","Zeitung","Archiv der Gegenwart, Bd. 11, 25.08.1941, S. 5165 [ff.]. Zit. n. CD-ROM-Ausgabe 2001.","Die Wiederaufrichtung der Welt wird nach dem Kriege eine noch schwierigere Aufgabe bilden, als sie der Sieg heute darstellt Die Wiederherstellung der Freiheit der Völker, die wirtschaftliche Zusammenarbeit aller Nationen, die gerechte Verteilung der Rohmaterialien die Verbesserung des Lebensstandards und die Herstellung eines ständigen Sicherheitssystems, all dies erfordert ein Maximum an Anstrengung sowohl für die Wiederherstellung d Demokratien als auch für ihre leitenden Staatsmänner."
"470","1936-09-11","gesprochen","o.A., Tagung der NS-Reichsfrauenschaft auf dem Reichsparteitag der NSDAP in der Nürnberger Kongresshalle, 11.09.1936","Sie hilft mit, den Tod unseres Volkes zu vermeiden."
"471","1945-12-21","Zeitung","Süddeutsche Zeitung, 1995 [1945]","Der Führer eines Volkes hatte bis zur Zeit Hitlers immer ein Gesicht, das deutlich geformt war und den Gefährten einprägbar."
"472","1937-12-31","Gebrauchsliteratur","Ulbrich, Eberhard: Essbar oder giftig?, Berlin: Grüne Post 1937, S. 66","Unter ""Pilzen"" versteht man im Volke gewöhnlich nur die Fruchtkörper der ""höheren Pilze"", einiger Schlauchpilze (Askomyzeten) und vieler Basidienpilze (Basidiomyzeten)."
"473","1934-03-04","Zeitung","Völkischer Beobachter (Berliner Ausgabe), 04.03.1934","Wenn dieses Volk zu uns steht, dann bedürfen wir keines anderen Bundesgenossen mehr, und deshalb wollen wir, die aus dem Volk gekommen sind, immer wieder zum Volk zurückkehren."
"474","1939-07-25","Zeitung","Archiv der Gegenwart, Bd. 9, 25.07.1939, S. 4149 [ff.]. Zit. n. CD-ROM-Ausgabe 2001.","Das tschechische Volk bringt allen Dingen, die im Interesse des Gesamtreiches liegen und vielleicht auch von ihm manch kleines Opfer verlangen, vollstes Verständnis entgegen."
"475","1935-03-02","Zeitung","Völkischer Beobachter (Berliner Ausgabe), 02.03.1935","Seien Sie stets eingedenk, daß es für Sie eine besondere Ehre ist, in diesem Lande tätig sein zu dürfen, das in seiner Opferbereitschaft und in seiner Treue zu Volk, Heimat und Vaterland nie gewankt hat."
"476","1945-04-29","Zeitung","Archiv der Gegenwart, Bd. 15, 29.04.1945, S. 200 [ff.]. Zit. n. CD-ROM-Ausgabe 2001.","""Seien Sie versichert, das österreichische Volk wird niemals vergessen, das es nur durch die Kraft und durch den siegreichen Vormarsch der Roten Armee gelungen ist, Österreich seine Unabhängigkeit wiederzugeben."
"477","1943-12-31","Gebrauchsliteratur","Kriegk, Otto: Der deutsche Film im Spiegel der Ufa, Berlin: Ufa-Buchverl. 1943, S. 219","Im Jahre der Olympischen Spiele dienten auch die Wochenschauen dem Gedanken der Verständigung zwischen der Jugend der Völker."
"478","1936-09-11","gesprochen","o.A., Tagung der NS-Reichsfrauenschaft auf dem Reichsparteitag der NSDAP in der Nürnberger Kongresshalle, 11.09.1936","Das ist der Grund für die Freude unserer Mädchen, und das ist letzten Endes auch wieder der Grund für die Freude in unserem ganzen Volk, denn dort, wo Frauen und Mädchen lachen, können selbst die allerschlimmsten Miesmacher und Grimmbärte nicht fortgesetzt die Nase hängen lassen und traurig sein."
"479","1943-01-01","Zeitung","Archiv der Gegenwart, Bd. 13, 01.01.1943","Das Recht, an diesen Sieg zu glauben, besitzen wir dank unserer eigenen Kraft, dem Mut unserer Truppen, der Treue und der Arbeit unserer Heimat sowohl als auch dank dem Wirken der mit uns verbündeten tapferen Völker in Europa und Asien."
"480","1935-11-17","gesprochen","o.A., Schlusssitzung des Dritten Reichsbauerntages in Goslar, 17.11.1935","Das deutsche Volk muss sich heute auf diesem Gebiet der Fettversorgung immer wieder die Frage vorlegen, ob es lieber ausreichend Butter isst oder im Interesse seiner Arbeitsbeschaffung sich einer vorübergehenden Einschränkung des Butterverbrauchs unterzieht."
"481","1944-09-14","Zeitung","Archiv der Gegenwart, Bd. 14, 14.09.1944","Das rumänische Volk werde selber entscheiden, ob es König Michael zu behalten wünsche oder nicht."
"482","1939-12-31","Wissenschaft","Jahresberichte für deutsche Geschichte, 1939, S. 704","In: Länder u. Völker, Jg. 67, S. 288--291."
"483","1942-03-16","Zeitung","Archiv der Gegenwart, Bd. 12, 16.03.1942","[...] Schon der bisherige Verlauf des Prozesses ließ klar erkennen, daß die Regierung in Vichy den Angeklagten nicht etwa, wie man hätte erwarten können, deshalb den Prozeß macht, sie Deutschland den Krieg erklärten und damit das französische Volk in geradezu verbrecherischer weise in diesen Krieg hineinstürzten, sondern deshalb weil Daladier und Genossen den Krieg gegen Deutschland nicht mit der genügenden Umsicht und Energie vorbereitet und geführt haben sollen, so also wird in Riom ein Prozeß geführt, von dem die Welt erwartete, daß endlich einmal die wahren Kriegsverbrecher und Anstifter von einem betrogenen Volk zur Verantwortung gezogen werden! [...]"
"484","1941-12-31","Gebrauchsliteratur","Bommer, Sigwald u. Lotzin-Bommer, Lisa: Getreidegerichte aus vollem Korn - gesund, kräftig, billig!, Krailing bei München: Müller 1957 [1941], S. 9","In ältesten Zeiten hat man die Getreidekörner wohl nur geröstet und dann gekaut, eine Sitte, die man fast bei allen alten Völkern findet und die auch heute noch nicht ganz ausgestorben ist."
"485","1943-12-31","Gebrauchsliteratur","Kriegk, Otto: Der deutsche Film im Spiegel der Ufa, Berlin: Ufa-Buchverl. 1943, S. 165","Die zukunftsfrohe geistige Kraft des deutschen Volkes hat zwischen 1927 und 1933 in Zeitungen, Versammlungen, auf der Straße mit den Vorposten der heute enthüllten jüdischen Weltherrschaft oder den Agenten des Bolschewismus unter den von Hunger und Not geschlagener Massen des deutschen Volkes gerungen."
"486","1935-06-14","gesprochen","o.A., Anprachen zur Einweihung des Hauses Kurmark, 14.06.1935","Und auf der anderen Seite jene Polizeibeamte, die damals in der Zeit von 19 bis zu unserer Machtübernahme gleichfalls ihre Pflicht und Schuldigkeit erfüllt haben für Volk und Vaterland, ihr Leben eingesetzt haben für die Nation, für unser deutsches Reich im Kampf gegen den Kommunismus."
"487","1941-03-24","Zeitung","Archiv der Gegenwart, Bd. 11, 24.03.1941","In der gegenwärtigen Lage wollen die Regierung und die überwältigende Mehrheit des irischen Volkes nicht in den Krieg verwickelt werden."
"488","1934-12-31","Wissenschaft","Heller, Hermann: Staatslehre, Leiden: Sijthoff 1934, S. 165","Seine Eigengesetzlichkeit wird auch keineswegs schon durch jede Organisation des Volkes erfüllt, selbst wenn diese Organisation als eine politische zu bezeichnen ist."
"489","1942-01-04","gesprochen","o.A., Feierstunde in Posen zur Eröffnung des Osteinsatzes und des Landdienstes der Jugend, 04.01.1942","[...] Mit diesem Dank begrüße ich Sie deshalb auf das herzlichste bei uns, mögen Sie sich immer wohlfühlen und seien Sie überzeugt, wir werden Ihnen und Ihren Mitarbeitern jederzeit die Kameradschaft, die bei uns in unserer Arbeit schon sprichwörtlich geworden ist, offen und ehrlichen Herzens entgegenbringen, damit hier im deutschen Ostraum, besonders aber bei uns im Wartheland, ein offenes, ehrliches, kameradschaftliches Verhältnis zwischen uns Alten und Euch Jungen zur Tat werden können, eine Tat, auf der dann das Fundament und das Haus, in dem das deutsche Volk seinen Platz im deutschen Osten behalten wird, auch wirklich ewigen Bestand hat. [...]"
"490","1939-08-24","Zeitung","Archiv der Gegenwart, Bd. 9, 24.08.1939, S. 4183 [ff.]. Zit. n. CD-ROM-Ausgabe 2001.","Bei zahlreichen Gelegenheiten gab ich der Überzeugung Ausdruck, daß ein Krieg zwischen unseren beiden Ländern wie auf allen Seiten zugegeben wird, das größte Übel ist, das weder von unserem eigenen Volk noch von dem deutschen Volk gewünscht wird."
"491","1939-06-23","Zeitung","Archiv der Gegenwart, Bd. 9, 23.06.1939","Wir glauben, daß Klugheit und Weisheit in den Auseinandersetzungen zwischen den Völker eine würdige Lösung für jeden Konflikt finden können, wenn man nicht vergißt, daß über dem relativen Recht der Staaten das absolute Recht der Welt auf Ruhe und Sicherheit existiert."""
"492","1940-07-18","Zeitung","Archiv der Gegenwart, Bd. 10, 18.07.1940, S. 4623 [ff.]. Zit. n. CD-ROM-Ausgabe 2001.","Es handelt sich nicht nur um die Wahl der Regierungsform um die Einstellung des Volkes gegen die Diktatur, auch nicht allein um die Wahl zwischen Freiheit und Sklaverei, um die Entscheidung zwischen dem Streben nach vorwärts oder nach rückwärts, sondern um all das zusammen."
"493","1945-06-19","Zeitung","Deutsche Volkszeitung, 19.06.1945","Wiederherstellung des Vertrauens der Völker, Wiedergewinnung ihrer Achtung - für alle, für unser ganzes Volk wurde das zur Lebensfrage."
"494","1933-12-31","Belletristik","Werfel, Franz: Die Vierzig Tage des Musa Dagh II, Stockholm: Bermann - Fischer 1947 [1933], S. 186","Der alte Scheich: « Wir sind schwach, weil die Knechte Europas unserem Volk die Religion rauben."
"495","1938-12-14","Zeitung","Archiv der Gegenwart, Bd. 8, 14.12.1938, S. 3848 [ff.]. Zit. n. CD-ROM-Ausgabe 2001.","Er betonte, gleich der Mehrheit des britischen Volkes, ein solches System für England als unerträglich anzusehen, wenn er es auch nicht als wünschenswert betrachte andere zu kritisieren, weil sie ein solches System vorziehen."
"496","1944-05-15","Zeitung","Archiv der Gegenwart, Bd. 14, 15.05.1944, S. 6378 [ff.]. Zit. n. CD-ROM-Ausgabe 2001.","Der Kommunismus sei bestrebt, den Frieden und die Ordnung bei den Völkern zu zersetzen."
"497","1940-12-20","Zeitung","Archiv der Gegenwart, Bd. 10, 20.12.1940, S. 4818 [ff.]. Zit. n. CD-ROM-Ausgabe 2001.","Was den Dreierpakt (4714 B) angehe, so habe ein Teil des amerikanischen Volkes vorsätzlich Japans Ziele mißverstanden und beschuldige Japan feindlicher Absichten gegenüber Amerika."
"498","1945-01-01","Zeitung","Archiv der Gegenwart, Bd. 15, 01.01.1945, S. 5 [ff.]. Zit. n. CD-ROM-Ausgabe 2001.","Es liegt im Interesse des polnischen Volkes daß die Entscheidungen, die in London zu treffen sind, nicht zu lange aufgeschoben werden."""
"499","1933-04-16","gesprochen","o.A., Germanische Osterfeier von den ""Sieben Steinhäusern"" bei Fallingbostel, 16.04.1933","Sie geben Kunde vom Aufstieg und Niedergang des Volkes durch unendliche Zeiten, starkes Blut und heimatgebundenes Leben finden ebenso wie geistige Überfremdung und seelische Sklaverei ihr unerschütterliches Zeugnis in den hinterlassenen Werken der Künste der einzelnen Völker."
"500","1943-12-03","Zeitung","Archiv der Gegenwart, Bd. 13, 03.12.1943, S. 6188 [ff.]. Zit. n. CD-ROM-Ausgabe 2001.","Es gibt keine dümmere Phrase als die, die Führung habe es besser als das Volk."
