"No.","Date","Genre","Bibl","Hit"
"1","1994-11-04","Zeitung","Die Zeit, 04.11.1994","Jörge Semprün 194445 selbst Buchenwald Häftling - hat jetzt auf der Frankfurter Buchmesse daran erinnert, daß Deutschland das einzige Volk in Europa ist, ""das sich mit den beiden totalitären Erfahrungen des 20. Jahrhunderts auseinandersetzen kann und muß: dem Nazismus Faschismus und dem Stalinismus""."
"2","1993-12-31","Zeitung","Die Zeit, 31.12.1993","Schwerter würden zu Pflugscharen umgeschmiedet und ""kein Volk mehr wider das andere ein Schwert aufheben""."
"3","1991-09-27","Zeitung","Die Zeit, 27.09.1991","Das Deutsche Volk bekennt sich darum zu unverletzlichen und unveräußerlichen Menschenrechten als Grundlage jeder menschlichen Gemeinschaft, des Friedens und der Gerechtigkeit in der Welt."""
"4","1998-09-17","Zeitung","Die Zeit, 17.09.1998","Aber was sind wir für ein Volk?Ein fleißiges, kreatives Volk, aber leider aus jahrhundertelanger Prägung auch ein obrigkeitsorientiertes Volk, das sich wenig in die Ausübung der Staatsgewalt einmischt."
"5","1990-09-14","Zeitung","Die Zeit, 14.09.1990","Dürfen wir sie an einem Heroismus messen, der uns nicht abgefordert wurde und der dem deutschen Volk in der Nazizeit nicht in den Sinn kam?"
"6","2004-04-15","Zeitung","Die Zeit, 15.04.2004","Mögen sich Wirtschaft, Gewerkschaften, Verbände und Kirchen noch so entschieden für das Einwanderungsgesetz aussprechen, ""das Volk"", weiß der CSU-Landesgruppenvorsitzende Michel Glos, ""ist für uns""."
"7","1994-06-24","Zeitung","Die Zeit, 24.06.1994","Doch in Völkern und Zeitaltern ist er die Regel!"""
"8","1994-06-17","Zeitung","Die Zeit, 17.06.1994","Die Berliner Blockade, die wenige Wochen später begann, war der Versuch der großen Offensive gegen den ""amerikanischen Imperialismus , den Feind Nr l des Sozialismus, der Arbeiterklasse und auch den Feind Nr l der Einheit Deutschlands, d h des deutschen Volkes"" - so Tulpanow, ganz im Sinne von Stalins ""Zwei Lager Theorie""."
"9","1990-03-09","Zeitung","Die Zeit, 09.03.1990","Vorhang auf, Chemie für's Volk."
"10","2001-10-31","Zeitung","Die Zeit, 31.10.2001","Jetzt muss bloß noch das Volk akklamieren."
"11","1993-01-01","Zeitung","Die Zeit, 01.01.1993","Am 5. Dezember 1950 veröffentlichte das Bundespresseamt eine Stellungnahme, in welcher ""mit großem Ernst"" schwerste Vorwürfe gegen die Sowjetunion erhoben wurden: Sie habe gegen die Menschenrechte, die Haager Landkriegsordnung, die Konventionen des Internationalen Roten Kreuzes, die christliche Morallehre, die Nürnberger Rechtsprechung und die ""unter gesitteten Völkern feststehenden Gebräuche"" verstoßen."
"12","1990-01-19","Zeitung","Die Zeit, 19.01.1990","""Es wird Michail Sergejewitsch nicht mehr möglich sein, nur frische Farben an das Gefängnis der Völker zu tünchen."""
"13","2003-11-20","Zeitung","Die Zeit, 20.11.2003","Dazu gehört auch, dass so eine Organisation aus dem Volk und für das Volk nicht nur gefühlsselig sein kann oder eben gnadenlos böse."
"14","1990-03-09","Zeitung","Die Zeit, 09.03.1990","Deshalb ist es wichtig, die Interessen aller Völker Europas zu berücksichtigen und nicht auf ihre Schwäche zu setzen."
"15","1999-10-14","Zeitung","Die Zeit, 14.10.1999","Zum Beispiel war in Ungarn jahrhundertelang die nationale Unabhängigkeit die heiligste Idee, aber man musste sie immer wieder mit einer anderen Idee vereinbaren, mit der man die Unterdrückung der in Ungarn lebenden Völker rechtfertigte."
"16","1995-03-10","Zeitung","Die Zeit, 10.03.1995","""Sie müssen erst einmal Prominente haben, damit das normale Volk kommt"", erklärt sie ihr Marketing."
"17","1998-02-26","Zeitung","Die Zeit, 26.02.1998","In den ersten Wochen riefen die Massen ""Wir sind das Volk!""Das war der Moment der authentischen demokratischen Universalisierung."
"18","1996-03-08","Zeitung","Die Zeit, 08.03.1996","Thatcher: Natürlich hatte es einige Auseinandersetzungen zwischen uns gegeben, und ich glaube, eine ganze Reihe Menschen teilten meine Befürchtungen, daß irgend etwas im Charakter des deutschen Volkes Dinge zur Folge hatte, die niemals hätten geschehen dürfen."
"19","1997-03-07","Zeitung","Die Zeit, 07.03.1997","Von einem Aufschrei des österreichischen Volkes in Sachen Sparbücher, wie ihn die Politiker für ihre Position ins Feld führen, ist freilich nichts zu hören."
"20","1996-09-06","Zeitung","Die Zeit, 06.09.1996","(Man geht gewiß nicht vollständig fehl, wenn man vermutet, daß die Diskussionen um die Menschenrechte und ihre Durchsetzung in der Welt ein wesentlicher Teil dieses nationalen Selbstfindungsprozesses sind, in dem uns andere europäische Völker auf Grund ihrer gänzlich anders gearteten Geschichte weit voraus sind.)"
"21","2001-09-20","Zeitung","Die Zeit, 20.09.2001","Es sind wenige, die keinen Bezug mehr zu ihren Gesellschaften und Völkern haben, wie bin Laden in Afghanistan, und die Anschläge ohne Botschaft verüben."
"22","1992-05-22","Zeitung","Die Zeit, 22.05.1992","Denn der Friedensprozeß zieht sich zäh dahin, und ein Staat der Palästinenser ist ohne Einigung der verfeindeten Völker eine pure Illusion."
"23","1999-12-02","Zeitung","Die Zeit, 02.12.1999","""Wenn du uns verstehen willst, dann lies das.""Ein Dutzend dicker Wälzer, Folianten mit all den Klöstern und Kirchen des Kosovo, mit Schlachtengemälden und Legenden aus den heroischen Kämpfen des serbischen Volkes gegen den Islam."
"24","2001-03-08","Zeitung","Die Zeit, 08.03.2001","Genau an dieser Stelle unterscheidet sich Zhu kaum von Mao: Unbarmherzig verlangt er von seinem Volk Opfer auf Opfer."
"25","1993-02-12","Zeitung","Die Zeit, 12.02.1993","Vor dem Krieg waren die Muslime mit rund vierzig Prozent der Bevölkerung das stärkste Volk in Bosnien-Herzegowina."
"26","1990-01-05","Zeitung","Die Zeit, 05.01.1990","So hatte sich damals der Berliner Chefarchitekt Hermann Henselmann von dem SED-Bezirkssekretär Paul Verner und dem Volk, das der in sich zu vernehmen glaubte, davon überzeugen lassen, daß das Bauhaus und seine nackten, kahlen Sachen unbeliebt, jedoch irgendein Neu-Neoklassizismus, wie die Moskauer Zuckerbäcker ihn gerade ausprobiert hatten, äußerst beliebt und obendrein national sei - und so baute er die weiland Stalinallee altmodisch, aber populär."
"27","2002-08-22","Zeitung","Die Zeit, 22.08.2002","Und was macht das Volk?Es freut sich über die Freiheit und verlangt, die Amerikaner nach Hause zu schicken."
"28","2002-08-15","Zeitung","Die Zeit, 15.08.2002","Und frage weiter, ob ein Volk, dessen Führer ein anderes Volk hatten ausrotten wollen, rechten kann über dieses Volk, das sich gesammelt hat in einem Staat, der, bedroht von rechtmäßigen und unrechtmäßigen Ansprüchen, sich mit rechtmäßigen und unrechtmäßigen Mitteln zur Wehr setzt."
"29","2003-02-13","Zeitung","Die Zeit, 13.02.2003","Im Ernstfall stirbt der gegenseitige Respekt unter den Völkern zuerst."
"30","1996-03-08","Zeitung","Die Zeit, 08.03.1996","Im Labyrinth der Zisternen war das Volk der pozzari (Brunnenwärter, von pozzo, Brunnen) zu Hause."
"31","1991-08-23","Zeitung","Die Zeit, 23.08.1991","Das fällt mir auf: Immer drehten nämlich diese Schweinehunde ihr Ding am Wochenende, wenn das Volk von der Arbeit ausruht und vor sich hin döst wie Gott seit dem siebten Tage. Mann sollte die Wochenenden abschaffen, it's Putsch-time."
"32","1990-03-16","Zeitung","Die Zeit, 16.03.1990","Er soll offenbar besagen, daß die historische Erfahrung und Identität von Völkern ihren Ausdruck am häufigsten in der Bildung von Nationen gefunden hat."
"33","2002-01-24","Zeitung","Die Zeit, 24.01.2002","Die riesigen Figuren, die ein rätselhaftes Volk vor fast 2000 Jahren in die Pampa von Nasca gescharrt hat, können nur Landebahnmarkierungen für einen Weltraumbahnhof gewesen sein."
"34","1991-11-08","Zeitung","Die Zeit, 08.11.1991","Erst jetzt, vier Monate nach Beginn ihres Engagements, bekennt sich die EG unmißverständlich zu den Prinzipien, die allein den Völkern des zerbrochenen Balkanstaates Frieden bescheren können: keine gewaltsame Veränderung der Grenzen, Rückzug der Armee aus Kroatien, Unabhängigkeit aller Republiken, die sie erstreben, und Respektierung der Minderheiten in den neu entstehenden Gemeinwesen."
"35","1994-10-07","Zeitung","Die Zeit, 07.10.1994","Dazu ist nichts weiter erforderlich, als daß das Volk zu essen hat."
"36","1993-06-18","Zeitung","Die Zeit, 18.06.1993","Vermutlich wird diese Mischung aus Ehrlichkeitspathos und Beamtendeutsch, pubertierender Empörung (""Ich Gurke"") und politischer Rückversicherung im gefahrlosen Sowohl-Als-auch rasch zu Kinkels Markenzeichen beim Volk werden."
"37","2002-04-18","Zeitung","Die Zeit, 18.04.2002","Wenn die Regierung nicht vom Parlament, sondern direkt vom Volk bestellt wird, mindert das durchaus die Macht parlamentarischer Parteiführer."
"38","2003-10-23","Zeitung","Die Zeit, 23.10.2003","Eine liberale Demokratie hatte Atatürk seinem Volk nicht beschert, sondern einen bürokratischen, notorisch wehrhaften Staat, der Volk und Unternehmern kaum Freiheit zum Atmen ließ."
"39","2000-03-16","Zeitung","Die Zeit, 16.03.2000","Sie kommen aus der in Russland unbescholtenen Auslandsaufklärung und aus der gefürchteten fünften Abteilung, die das Volk bespitzelte."
"40","2002-12-05","Zeitung","Die Zeit, 05.12.2002","Verdrängt wie die friedliche Revolution von 1989 in der DDR, die aus den Kirchen - den einzigen Refugien des Widerstandes und der Freiheit - ins Volk getragen wurde."
"41","1996-11-29","Zeitung","Die Zeit, 29.11.1996",",Das Volk hat recht, das Volk soll handeln.` Das Volk will aber am liebsten Dutroux lynchen und vielleicht das ganze pädophile, permissive Pack gleich mit und der korrupten Justiz die Scheiben einschlagen."
"42","2000-04-27","Zeitung","Die Zeit, 27.04.2000","Andy Warhols Versprechen im Ohr, jeder könne für zehn Minuten ein Star sein, ergreift ein ganzes Volk von Exhibitionisten jeden Strohhalm des Ruhms, sei es als Bewerber um das Gesicht 2000, als Studiogast in einer Psychokrisen-Show oder als Alleinunterhalter vor der Web-Kamera."
"43","1990-07-27","Zeitung","Die Zeit, 27.07.1990","Und was Syberbergs eigene Kunst angeht, die würde erst recht abgewählt, diesfalls vom Volk und von der Kunstkritik in ungewöhnlicher Gemeinschaft."
"44","1999-12-09","Zeitung","Die Zeit, 09.12.1999","Als Fluchtpunkt dient eine auf Herder zurückgeführte Versöhnungs-Trias von Kultur, Volk und Nation, dient Schillers Appell ""an alle"" zur Selbstbildung und Weltveredelung durch Kunst."
"45","1990-11-09","Zeitung","Die Zeit, 09.11.1990","Im Namen des Volkes ist in Stuttgart ein Prozeß beendet worden, der viel mit den gewählten oder selbsternannten Vertretern dieses Volkes zu tun hatte."
"46","1992-01-17","Zeitung","Die Zeit, 17.01.1992","Das Volk zahlt den Preis für den Boykott."
"47","1997-06-20","Zeitung","Die Zeit, 20.06.1997","Heute seien wir zwei Völker in einem Staat."
"48","1994-12-30","Zeitung","Die Zeit, 30.12.1994","Kulte, Mysterien, Rituale sind ein Teil der Identität jedes Volkes."
"49","1996-11-22","Zeitung","Die Zeit, 22.11.1996","""Es ist eine unumstößliche Wahrheit, daß alles, was Leben und Bestand haben soll, eine bestimmte Abneigung, einen Gegensatz, einen Haß haben muß daß wie jedes Volk sein eigenes innigstes Lebenselement hat, es ebenso eine feste Liebe und einen festen Haß haben muß, wenn es nicht in gleichgültiger Nichtigkeit und Erbärmlichkeit vergehen und zuletzt mit Unterjochung endigen will . . ."
"50","2003-01-23","Zeitung","Die Zeit, 23.01.2003","Wie kann eine gerechte internationale Ordnung für die Gesellschaft der Völker aussehen?"
"51","2000-10-12","Zeitung","Die Zeit, 12.10.2000","Ein Bundestrainer muss vom Volk geliebt werden."
"52","1994-04-15","Zeitung","Die Zeit, 15.04.1994","Am 12. Juni nämlich wählen die Völker der Europäischen Union ihr gemeinsames Parlament."
"53","2000-08-03","Zeitung","Die Zeit, 03.08.2000","Und schließlich gibt es in Berlin eine aufgeschreckte Bundesregierung, deren Mitglieder dem Volk zurufen:"
"54","1994-12-09","Zeitung","Die Zeit, 09.12.1994","Die Partei, die oft so gern zum Wohle des Volkes enteignet hatte, mußte nach der Wende über kurz oder lang selber Enteignung befürchten."
"55","2004-04-29","Zeitung","Die Zeit, 29.04.2004","Der überlebte Sozialismus entließ die Völker 1989 als späte Kinder von 1848 und 1918."
"56","1994-09-16","Zeitung","Die Zeit, 16.09.1994","Hitler als Retter, als Erlöser des von Arbeitslosigkeit und Reparationen geplagten und durch den ""Schandvertrag von Versailles"" gedemütigten deutschen Volkes."
"57","1996-09-06","Zeitung","Die Zeit, 06.09.1996","Eindeutig dafür: die niederländischen Genrebilder von Trinkgelagen, Jahrmarkt, Viehstall und fahrendem Volk als Spiegelung von Seelenlandschaften des traumatisierten Kindes."
"58","1991-01-04","Zeitung","Die Zeit, 04.01.1991","Haben uns Bejahung gewünscht und die Zugehörigkeit zu einer Gemeinschaft der Guten: ""... daß die Völker nicht erbleichen / wie vor einer Räuberin, / sondern ihre Hände reichen / uns wie andern Völkern hin..."" - die sozialistischen Lieder so gewollt naiv wie der amerikanische Lifestyle."
"59","1992-09-04","Zeitung","Die Zeit, 04.09.1992","Alle Völker der Antike betrachteten diese sieben Himmelskörper voller Ehrfurcht und hielten ihre Konstellationen für schicksalsbestimmend."
"60","1990-02-23","Zeitung","Die Zeit, 23.02.1990","[...] Es tut mir das Herz weh ob des Zynismus und Opportunismus, wie zum Beispiel in Ungarn am Anfang des Endes der schwerkranke Generalsekretär der Partei, Jänos Kádár - der den Reformprozeß eingeleitet und dem Volk ein unter den gegebenen Umständen erstaunliches Maß an Freiheit und Wohlstand gebracht hatte -, von seinen Genossen, die ihm ein Vierteljahrhundert gedient hatten, plötzlich und brutal gestürzt wurde, beschimpft als Haupthemmnis eines Reformkurses, den sie kürzlich noch selber hintertrieben hatten - und dann, nur wenige Wochen später, mit Krokodilstränen in den Augen mit großem Pomp zu Grabe getragen wurde. [...]"
"61","2003-05-28","Zeitung","Die Zeit, 28.05.2003","Das schwedische Volk muss im September erst noch über den Beitritt zum Euro abstimmen."
"62","1997-10-17","Zeitung","Die Zeit, 17.10.1997","Thawee ist glücklich mit seinem Beruf, den er für wichtig hält und der im Volk sehr angesehen ist."
"63","1991-08-16","Zeitung","Die Zeit, 16.08.1991","Eine Brücke, haarscharf wie eine Damaszener Klinge, meinten die Muslime - genau über eine solche müssen die Völker."
"64","1998-06-25","Zeitung","Die Zeit, 25.06.1998","Entweder etwas ist dem Volk eine hohe Schule - allein das ältliche Knistern dieser Worte illustriert ihre Aussichtslosigkeit."
"65","2000-09-28","Zeitung","Die Zeit, 28.09.2000","Damit traf er mitten ins Herz des serbischen Volkes."
"66","1994-05-27","Zeitung","Die Zeit, 27.05.1994","Der Staat tritt seine Souveränität an das mythische Gebilde eines Volkes ab, das vom überlieferten Wir Gefühl der Abstammungsdeutschen definiert wird."
"67","2001-06-13","Zeitung","Die Zeit, 13.06.2001","Wenn die Banken die so genannten Starter-Kits unters Volk bringen - kleine Boxen mit jeweils 20 Euro- und Cent-Münzen -, können sich auch die kritischen Deutschen davon überzeugen, dass der Euro hart ist."
"68","1995-09-22","Zeitung","Die Zeit, 22.09.1995","Mit alldem aber bekommen wir es bei den echten, nicht nur touristischen Begegnungen mit anderen Völkern sehr schnell zu tun, bei den privaten wie den offiziellen."
"69","1998-10-08","Zeitung","Die Zeit, 08.10.1998","""Völker ja, IWF nein"", skandieren seine Zuhörer als Antwort."
"70","1990-05-04","Zeitung","Die Zeit, 04.05.1990","Sicherlich haben die Deutschen sich im Grundsätzlichen stärker verändert als irgendein anderes Volk in Europa - freilich hatten sie es auch nötiger."
"71","1995-04-14","Zeitung","Die Zeit, 14.04.1995","Es bedeutet die Absicht, ein gesamtes Volk auszulöschen."
"72","1998-06-25","Zeitung","Die Zeit, 25.06.1998","""Vorzüglich"", rief Ernst Jünger 1929 den Westmächten zu, die er für das Elend des deutschen Volkes verantwortlich machte, ""nur kein Mitleid mit uns!Dies ist eine Position, aus der sich arbeiten läßt."
"73","2003-07-24","Zeitung","Die Zeit, 24.07.2003","Sie sagt freilich auch, dass dem Land und seinem Volk good governance fehlten, nicht nur die Experten, deren Mangel Sok Chenda beklagt."
"74","1995-01-27","Zeitung","Die Zeit, 27.01.1995","Wie, bitte schön, soll so ein neuer Volksvertreter sein Volk vertreten?Diesen Problemen anfänglicher Orientierungslosigkeit widmet sich, wie gesagt, Peter H. Ditko."
"75","2004-07-29","Zeitung","Die Zeit, 29.07.2004","Die Völker Afrikas, sie besorgen den Rest an Verheerung, zerstören, was ihnen die Kolonialherrschaft und mannigfaltige Diktatoren hinterlassen haben: sich selbst, ihre Gemeinschaft."
"76","1990-10-19","Zeitung","Die Zeit, 19.10.1990","""Ich will von diesem Volk nichts wissen"", empört sich Victoria von Plessen-Deraniyagala."
"77","2000-12-14","Zeitung","Die Zeit, 14.12.2000","Sein Volk jedoch ist weiter skeptisch geblieben gegenüber allen Anstößen und Werten, die von außen kommen."
"78","1992-02-07","Zeitung","Die Zeit, 07.02.1992","Hundertvierzig Millionen Bücher jedes Jahr brachte die DDR unters Volk, pro Kopf fast neun."
"79","2002-05-02","Zeitung","Die Zeit, 02.05.2002","Aber auch Kolbenheyer nicht, und gegen Hans Grimm (Volk ohne Raum) ist er verständnissanft."
"80","1999-09-09","Zeitung","Die Zeit, 09.09.1999","In Abgrenzung zum untergegangenen Osmanischen Reich, einem Flickenteppich zahlreicher Völker und Ethnien, verstand sich die neu geschaffene türkische Republik als nationaler Einheitsstaat, der sich über sein Türkentum legitimiert."
"81","1990-08-24","Zeitung","Die Zeit, 24.08.1990","Nicht die Freiheit der in den arabisch-israelischen Konflikt verwickelten Völker, selbstherrlich in einer Region zu walten und zu schalten, in der jede Bewegung ein Erdbeben auslösen kann."
"82","1995-05-19","Zeitung","Die Zeit, 19.05.1995","Von der Politik fasziniert ist das französische Volk wie kaum ein anderes - und mußte in diesen Jahren erleben, wie wenig doch die Rechte, die Linke und der Präsident mit ihrer Politik den Gang der Welt beeinflußen konnten."
"83","1991-03-01","Zeitung","Die Zeit, 01.03.1991","Ein Volk wurde ausgeplündert - und alle Funktionsträger halfen mit."
"84","1999-04-29","Zeitung","Die Zeit, 29.04.1999","Der Vorsitzende der Bundesbaukommission, Dietmar Kansy, beschwor das Volk, die Ausgaben für das Parlament nicht mit dem Sozialhilfesatz zu verrechnen."
"85","1990-11-30","Zeitung","Die Zeit, 30.11.1990","""Damit gilt dieses Grundgesetz für das gesamte deutsche Volk."""
"86","2003-03-13","Zeitung","Die Zeit, 13.03.2003","Wie es auch kein anderes Volk gibt, das so leise leise sein kann und so leidenschaftlich leise und so alles leise."
"87","1997-10-31","Zeitung","Die Zeit, 31.10.1997","Sind der Frieden, die Verständigung der Völker, der Schutz ihrer Kultur und die Sicherung der Produktivität trivial geworden?Zählen sie heute nicht mehr?"
"88","2003-10-01","Zeitung","Die Zeit, 01.10.2003","Die Rechtshegelianer sehen das Objekt dieser absoluten Identität im ethnisch und historisch gewachsenen Volk, die Linkshegelianer in der durch Vernunft und Kommunikation hergestellten Diskursgemeinschaft der Verfassungspatrioten."
"89","2002-08-29","Zeitung","Die Zeit, 29.08.2002","Sie werden ""das Volk"" sein, und die anderen ""Junioren"" oder ""Youngies""."
"90","1997-10-02","Zeitung","Die Zeit, 02.10.1997","Dafür wird er lernen, daß ""der Genosse Kim Jong Il das absolute Vertrauen und den Respekt des koreanischen Volkes und der Fortschrittlichen überall auf der Welt genießt dank seiner unsterblichen Taten für die Sache der Revolution und die Sache des Sozialismus""."
"91","1990-03-16","Zeitung","Die Zeit, 16.03.1990","Die baltische Republik setzte die Verfassung ihres autoritären Vorkriegsstaates wieder in Kraft - ein symbolischer Akt auch dafür, daß viele Völker und Parteien in Osteuropa heute ihre Uhren auf die nationalen Zeiten zurückstellen."
"92","1998-10-15","Zeitung","Die Zeit, 15.10.1998","""Die Parteien wirken bei der politischen Willensbildung des Volkes mit"" geführt hat."
"93","1993-12-03","Zeitung","Die Zeit, 03.12.1993","Die, die überleben, werden ein starkes Volk sein."
"94","1999-02-04","Zeitung","Die Zeit, 04.02.1999","Aber wenn man in einer solchen historischen Situation ist und dem Volke was für die Seele gibt, kann das außerordentlich befriedend und damit auch befriedigend sein."
"95","1993-09-24","Zeitung","Die Zeit, 24.09.1993","Der zwischen den Geschlechtern, den Generationen, den Individuen sowieso; aber eben auch der große Krieg zwischen den Völkern und Nationen; genauer: der Zweite Weltkrieg; genauer: der Krieg der deutschen und ungarischen Invasoren gegen die Serben."
"96","1992-03-13","Zeitung","Die Zeit, 13.03.1992","Er schmeckt um so bitterer, als die Sanktionen nicht ihn im eigenen Saft schmoren lassen, sondern sein Volk."
"97","2004-12-22","Zeitung","Die Zeit, 22.12.2004","Ihr, das Volk, habt die Macht, Glück hervorzubringen."
"98","2003-03-20","Zeitung","Die Zeit, 20.03.2003","Es bleibt zu hoffen, dass die Kriegsbegeisterung des amerikanischen Volkes mit den ersten Bomben auf Bagdad rapide sinkt - allein eine starke Gegenbewegung innerhalb der Vereinigten Staaten vermag die Bush-Krieger zu stoppen."
"99","1997-12-05","Zeitung","Die Zeit, 05.12.1997","""Nun glaube ich aber, daß, angesichts des hohen und höchsten Amtes eines Künstlers, sein Interesse für sich selbst stets stärker gewesen ist als das für sein Volk."
"100","1996-08-23","Zeitung","Die Zeit, 23.08.1996","Ich habe in meiner Kindheit nicht erlebt, daß jemand den verschleppten jüdischen Nachbarn half, als die Pogromnacht Hitlers Absicht im Volk bestätigt fand, die Juden zu vernichten."
"101","1994-01-14","Zeitung","Die Zeit, 14.01.1994","Ich nehme keine Weiber und Kinder mehr auf, treibe sie zu ihrem Volk zurück oder lasse auf sie schießen."""
"102","2003-12-31","Zeitung","Die Zeit, 31.12.2003","Die Trennung zwischen der Elite und dem Volk wird jedenfalls immer einer echten Aufklärung entgegenstehen."
"103","2002-06-13","Zeitung","Die Zeit, 13.06.2002","Der Leser bekommt nämlich nicht nur Einblick in die Nervosität, Rachsucht, Heimtücke der alten Griechen, die nach der Lektüre niemand mehr für ein vorbildlich klassisches Volk halten wird."
"104","1998-06-04","Zeitung","Die Zeit, 04.06.1998","Seit 1989 nimmt sich das ungarische Volk das Recht auf Experimente."
"105","1994-08-19","Zeitung","Die Zeit, 19.08.1994","Es ist auch nicht das normale Volk, es sind die Karrieristen und Faschisten, die Verdummer und die Verführer, die Ehrgeizlinge und Paranoiker auf beiden Seiten, die den Kessel am Brodeln halten."
"106","1996-08-30","Zeitung","Die Zeit, 30.08.1996","Während sie dem Volk die Politik erklärten, eroberten die Republikaner die Herzen."
"107","1992-05-15","Zeitung","Die Zeit, 15.05.1992","Aber wer kann untätig zusehen, wenn ein ganzes Volk den langsamen Hungertod stirbt?"
"108","1992-06-12","Zeitung","Die Zeit, 12.06.1992","Biedenkopf: In diesem Votum kommt, ohne daß dies so reflektiert worden ist, die Angst eines kleinen europäischen Volkes zum Ausdruck, in dem größeren Europa die eigene Identität zu verlieren."
"109","1995-11-17","Zeitung","Die Zeit, 17.11.1995","Da unser ""Volk"" ja mittlerweile nicht aus linkem oder rechtem ""Volk"" besteht, sondern nur noch aus Siegern und Verlierern, sollte die SPD endlich ihren Neureichenanspruch aufgeben, sich mit PDS und Grünen zusammentun, den bildungsbürgerverseuchten Humanismus in lustbetonten Aktionismus umwandeln und zu denen zurückkehren, die in Zukunft den Großteil unseres ""Volkes"" ausmachen werden: nämlich zu den Verlierern!"
"110","2001-11-15","Zeitung","Die Zeit, 15.11.2001","und weil sie ihr Leben lang das Volk manipuliert hatten, glaubten sie, auch den Islamismus instrumentalisieren zu können."
"111","1996-01-26","Zeitung","Die Zeit, 26.01.1996","Wieso soll jeder Lokführer und jeder Pilot seinem Arbeitgeber den Gesundheitszustand enthüllen, während just jener Mann, der befugt ist, einen Atomschlag auszulösen, seinem Patron, also dem Volk, sein Befinden verheimlichen darf?Le Monde beklagt das Fehlen eines institutionalisierten Verfahrens, mit dem ein Präsident abgelöst wird, auch wenn er selber seine Amtsunfähigkeit nicht einsehen mag:"
"112","1992-06-26","Zeitung","Die Zeit, 26.06.1992","Im ehemaligen Ministerratsgebäude füllt ein buntes Volk Formulare aus und strebt mit gelben Nummernschildchen und dicken Angebotslisten unter dem Arm ins Innere."
"113","1995-03-03","Zeitung","Die Zeit, 03.03.1995","O Gartenzwerge und Rehlein!Ihr seid die allerletzten, unwiderleglichen Beweise, daß dem Volke Schönheit nottut."
"114","1998-09-10","Zeitung","Die Zeit, 10.09.1998","An diesen beiden Tagen lädt die Bankenaristokratie das Volk zu sich."
"115","1990-06-15","Zeitung","Die Zeit, 15.06.1990","Denn die verringerten Streitkräfte eines vereinten Deutschland werden auch künftig Recht und Freiheit des deutschen Volkes zu verteidigen haben."
"116","1990-04-20","Zeitung","Die Zeit, 20.04.1990","Nur waren sie eben leider geschlossen in den Tagen, in dem das Volk hätte kommen und sehen können."
"117","1998-01-02","Zeitung","Die Zeit, 02.01.1998","Doppelplädoyer des israelischen und des palästinensischen Autors für eine Verständigung zwischen ihren Völkern."
"118","2001-08-16","Zeitung","Die Zeit, 16.08.2001","Sandra Völker schwimmt - wie man sieht - auch für die Deutsche Post."
"119","2004-03-04","Zeitung","Die Zeit, 04.03.2004","Ein raues Volk hat sich hier zwischen den verschneiten Hängen im Norden von Nevada niedergelassen."
"120","1998-10-22","Zeitung","Die Zeit, 22.10.1998","zeit: Sehen Sie sich damit im Widerspruch zur Hoffnung von Postnationalisten wie Jürgen Habermas, ein europäisches Volk solle die nationalen Völker ablösen?"
"121","1990-10-26","Zeitung","Die Zeit, 26.10.1990","Die Reichen hielten ihn in Kristallschalen und genossen ihn maßvoll, dem Volke war er fremd."
"122","1997-04-04","Zeitung","Die Zeit, 04.04.1997","Einerseits verlangt er vom Volk, daß es nach dem jahrelangen Besatzungschaos Steuern und Strafzettel bezahlt - andererseits kultiviert er weiterhin die alte Intifadamentalität."
"123","1996-01-12","Zeitung","Die Zeit, 12.01.1996","""Wir sind ein blödes Volk"", hat Heiner Müller hierzu abschließend festgestellt."
"124","1990-04-06","Zeitung","Die Zeit, 06.04.1990","""Ich wußte gar nicht, daß du solch ein übler Nationalist bist"", sagt der Beifahrer prompt, und aus ihm spricht die Stimme eines anderen Teils unseres Volkes, anno 1990."
"125","1996-05-03","Zeitung","Die Zeit, 03.05.1996","Nur daß er in die neueste Auflage seines ""Umgangs mit Menschen"" noch ein paar Sätze hineingeschrieben hatte, damit die Herren nicht vergessen, ""daß sie, was sie sind und was sie haben, nur durch Übereinkunft des Volkes sind und haben"" und ""daß man ihnen diese Vorrechte wieder nehmen kann""."
"126","1990-06-15","Zeitung","Die Zeit, 15.06.1990","Solange Ohnesorg Köln nicht verläßt, wird er wohl weiter seine Kulturauffassung unters Volk bringen."
"127","1990-03-16","Zeitung","Die Zeit, 16.03.1990","Da sammelt sich linkes Volk, da rotten sich - auf Einladung von Carola Stern und Klaus Staeck - die neuerdings wieder so genannten Intellektuellen im heilig rebellischen Köln zusammen, da ruft wer ""mehr Demokratie"" und ""soviel Anfang war nie"", und jemand flüstert ""68 redivivus"" - und dann nur 88 Zeilen?"
"128","1990-06-29","Zeitung","Die Zeit, 29.06.1990","Nun wird das deutsche Volk abermals in den Sattel gesetzt."
"129","1991-12-20","Zeitung","Die Zeit, 20.12.1991","Doch seinen großen Sprung verdankt Krawtschuk - und mit ihm inzwischen die Mehrheit des ukrainischen Volkes - allein Michail Gorbatschow."
"130","1996-02-16","Zeitung","Die Zeit, 16.02.1996","Unterwegs strömt das Volk zu Trauergottesdiensten zusammen."
"131","1991-10-04","Zeitung","Die Zeit, 04.10.1991","Man soll Witze nicht überstrapazieren, aber mit der Geschichte vom Ostler, der trotzig darauf beharrt, ein Volk zu sein, und dem Westler, der trocken erwidert ""wir auch"", ist die Situation der vergangenen Monate ganz gut eingefangen."
"132","1994-07-15","Zeitung","Die Zeit, 15.07.1994","""Nun hat der mündige Bürger das Wort"", da wollten die ""Birne""-Witze im Volke und ""Birne""-Nennungen in den Medien kein Ende nehmen."
"133","1991-12-13","Zeitung","Die Zeit, 13.12.1991","Auch er war das Volk, das wir alle meinten."
"134","2002-02-28","Zeitung","Die Zeit, 28.02.2002","Die beiden Völker in ihrer immer intimeren, blutigeren Verstrickung vergiften und brutalisieren sich gegenseitig."
"135","1993-01-29","Zeitung","Die Zeit, 29.01.1993","ZEIT: Auch das Tabu, daß die Wehrmacht in den letzten Monaten einen Krieg gegen das eigene Volk zu führen begann..."
"136","1997-09-05","Zeitung","Die Zeit, 05.09.1997","Wenn Israel so viel Wert darauf legt, nicht für das verantwortlich gemacht zu werden, was das palästinensische Volk seit 1948 erlitten hat, dann sollte es auch erklären, warum ausgerechnet wir die Vergangenheit vergessen und ohne Entschädigung bleiben sollen, während doch allen anderen Opfern von Ungerechtigkeit das Recht auf eine Entschuldigung und auf Wiedergutmachungszahlungen zusteht."
"137","1999-10-14","Zeitung","Die Zeit, 14.10.1999","Der Kommunismus aber, behauptet der amerikanische Psychoanalytiker Vamik Volkan in seinem Buch über Das Versagen der Diplomatie, habe den Völkern nur einen Scheinfrieden gebracht."
"138","1990-06-01","Zeitung","Die Zeit, 01.06.1990","Wir kämpfen!"" antwortet das Volk tausendstimmig."
"139","1991-05-17","Zeitung","Die Zeit, 17.05.1991","""Wir sind ein dummes Volk."""
"140","1995-07-28","Zeitung","Die Zeit, 28.07.1995","[...] Es entwickelte sich ein Völkerrecht, als dessen Unterbau man die Philosophie des antiken Naturrechts verwendete, nach dem der Mensch ein Sozialwesen ist - daraus folgerte man, daß auch die Völker durch die Natur zu einer Gemeinschaft verbunden seien.Der spanische Jesuit Francisco Sußrez faßte diese Vorstellung im 16.Jahrhundert in die Worte: ""Obgleich die Menschheit in verschiedene Völker und Königreiche gegliedert ist, besitzt sie doch eine gewisse, nicht nur physische, sondern auch eine moralische und politische Einheit, die sich aus dem natürlichen Gebot der Liebe und des gegenseitigen Mitleids ergibt, das sich auf alle Menschen, auch auf die Ausländer, welchen Volkes auch immer, erstreckt.Daher ist jeder Staat, mag er eine Republik oder ein Königreich sein, zwar an sich eine vollständige und eine dauernde Gemeinschaft seiner Bürger, zugleich aber in gewissem Sinne auch ein Glied jenes Universums, welches das Menschengeschlecht umfaßt."" [...]"
"141","1990-03-30","Zeitung","Die Zeit, 30.03.1990","Denn die sich wiederholenden Hungersnöte der schwarzen Völker sind kurz davor, ihre dritte Dekade zu erleben."
"142","2004-11-04","Zeitung","Die Zeit, 04.11.2004","»Das ist eine deutsche Grundfiktion, das postreligiöse Opium fürs Volk.«Für Engler passt dies zum herrschenden Ökonomismus, jener »säkularen Religion«, die alle Dinge des Lebens als Frage des Geldes behandelt."
"143","2003-03-13","Zeitung","Die Zeit, 13.03.2003","Nach dem Bürgerkrieg von Abraham Lincoln, der spöttisch vom ""beinahe auserwählten Volk"" sprach."
"144","1993-02-12","Zeitung","Die Zeit, 12.02.1993","Die Nachricht, von Bild auf der ersten Seite unters Volk gebracht, sorgte auch in der Bundesrepublik für helle Aufregung."
"145","1991-08-23","Zeitung","Die Zeit, 23.08.1991","Sie alle formierten sich nun zum Ausschuß für den Ausnahmezustand, verkündeten, Präsident Gorbatschow sei aus Gesundheitsgründen nicht länger zur Amtsführung in der Lage, und ließen über Rundfunk und die Nachrichtenagentur Tass am 19. August, um 5 Uhr Ortszeit, eine Erklärung an ""ihr"" Volk verbreiten:"
"146","2001-08-09","Zeitung","Die Zeit, 09.08.2001","""Was ist das für ein Sozialismus"", fragte melancholisch der DDR-Schriftsteller Stefan Heym, ""der sich einmauern muss, damit ihm sein Volk nicht davonläuft?""Die letztgültige Antwort gab 10680 Tage später der Mauerfall am 9. November 1989."
"147","1993-10-29","Zeitung","Die Zeit, 29.10.1993","Immerhin ist der Umschlag der Parole ""Wir sind das Volk!"" in die andere ""Wir sind ein Volk"" eine Erfindung aus dem Adenauer-Haus, wie Heiner Geißler schreibt."
"148","1993-03-26","Zeitung","Die Zeit, 26.03.1993","Vielleicht liebte er die Sehnsucht, Männer zu lieben, weil er nur so ""seinem"" Volk nahe kam."
"149","1990-10-12","Zeitung","Die Zeit, 12.10.1990","Je nach Altersgruppe der Schüler wird der Schwerpunkt gesetzt: bei den Jüngsten ist die Erziehung auf einen anderen Menschen ausgerichtet, bei den Kindern mittleren Alters auf das Kollektiv und bei den Kindern der oberen Schulklassen auf Vaterland und Volk."
"150","1993-12-03","Zeitung","Die Zeit, 03.12.1993","Das Volk verweigert sich dem Herzstück der Demokratie, der kommunalen Selbstverwaltung."
"151","1998-11-05","Zeitung","Die Zeit, 05.11.1998","Anders Arndt: Völker sind grundsätzlich unterschiedlich."
"152","1996-04-12","Zeitung","Die Zeit, 12.04.1996","Als Gelegenheit bot sich der Historikertag in West-Berlin an (Thema: Koexistenz von Staaten und Völkern unterschiedlicher Grundauffassungen)."
"153","1997-01-31","Zeitung","Die Zeit, 31.01.1997","""Wenn wir das arme, glückenterbte Volk und den verhöhnten Genius und die geschändete Schönheit wieder in ihre Würde einsetzen"", schwärmte selbst der Skeptiker Heinrich Heine 1844, ""ganz Frankreich wird uns alsdann zufallen, ganz Europa, die ganze Welt - die ganze Welt wird deutsch werden!""Ähnlich dachte wohl auch Marx:"
"154","2001-08-09","Zeitung","Die Zeit, 09.08.2001","Sie sind Teil des großen, neuen Volks der Herumirrenden aus aller Herren Länder, vorläufig gestrandet in Absurdistan am Ärmelkanal."
"155","1996-10-18","Zeitung","Die Zeit, 18.10.1996","Die Christdemokraten strengten das Volk nicht zu sehr an, muteten ihm lieber etwas weniger zu, ja oft genug haben sie es unterfordert und in Watte gepackt."
"156","1991-02-15","Zeitung","Die Zeit, 15.02.1991","Ich habe schon längst vermutet, daß die Linken das Volk nicht leiden können, wegen Gehorsamsverweigerung."
"157","2003-04-24","Zeitung","Die Zeit, 24.04.2003","»Nicht die Juden sind das auserwählte Volk, sondern die Juden waren die ersten Menschen, die Gott wählten.«"
"158","1997-12-26","Zeitung","Die Zeit, 26.12.1997","Selten zuvor haben Politiker in unserem Lande ihre Arbeit, für die sie immerhin bezahlt werden, schlechter gemacht und sich unverschämter über die Interessen ihrer Arbeitgeber (gemeint ist das Volk) hinweggesetzt als zur Zeit, und selten zuvor hat das Volk sich so vieles mehr oder weniger klaglos gefallen lassen."
"159","1992-04-03","Zeitung","Die Zeit, 03.04.1992","Die älteren Genossen erklärten mir, ich verhielte mich schlecht (nach meinen unreifen Werken zu urteilen) gegenüber der Menschheit an sich, dem russischen Volk vor allem und gegenüber jedem Individuum im besonderen."
"160","1994-06-24","Zeitung","Die Zeit, 24.06.1994","Diese Revolte und ihre Niederschlagung lieferten nicht anders als die Kosmologie der Alten reichlich Material für apokalyptische Visionen, für die Prophezeiung eines Maya-Messias, der eines fernen Tages wiederkehren und sein Volk zum Sieg führen werde."
"161","1998-02-20","Zeitung","Die Zeit, 20.02.1998","Wenn 150 Jahre später Europa enger zusammenrücken will, muß dies ein Europa des Volkes sein."
"162","1998-04-23","Zeitung","Die Zeit, 23.04.1998","Gerhard Schröder spricht nicht, er zelebriert - auf dem Leipziger SPD-Parteitag war es eine Krönungsmesse schon der weihevoll choreographierte Einzug in die Halle - die Musik spielte offenbar nur versehentlich nicht ""When the saints go marching in"", und die vorantrippelnden Chorknaben hörten auf den Namen ""Personenschutz"" - war papales Schreiten zum Hochamt dem Volk wurde huldvoll zugewinkt, zugelächelt und mit dem leeren Blick des Entrückten die Hände geschüttelt."
"163","1991-12-13","Zeitung","Die Zeit, 13.12.1991","Sie waren, so der wiederkehrende Refrain, das Werk einiger Wahnsinniger, die den Idealismus des deutschen Volkes mißbraucht, die ""guten Seiten des Nationalsozialismus"" verraten hätten."
"164","1991-09-20","Zeitung","Die Zeit, 20.09.1991","Genosse Draculas unvollendeter ""Palast des Volkes"" ragt wie die Marmorschnitte eines größenwahnsinnig gewordenen Steinkuchenbäckers auf einem Hügel empor, den schon im zweiten Sommer der Freiheit Steppengras überwuchert; ein paar Soldaten verlieren sich als Wächter dieser Stadtwüste in der Totalen; der Asphalt der Auffahrtsstraße ist zerborsten; noch sticht das gelbliche Monster wie ein Pickel hervor aus der grauschrumpeligen Haut der Kapitale, die zwischen Januar und Juli einen Klimasprung von 25 Grad Frost bis zu 40 Grad Hitze ertragen muß."
"165","1990-11-16","Zeitung","Die Zeit, 16.11.1990","Die Werte, die der Fundamentalist aus Vermont seinem von Gott verlassenen Volk darbietet, klingen, schmecken, riechen fatal: die ""moralische Bedeutung des Bodens""; ""das bäuerliche Empfinden""; ""die Muße des Volkes"" und ""die russische Seele""."
"166","2003-07-17","Zeitung","Die Zeit, 17.07.2003","Müssen wir auf die Liste der bedrohten Völker gesetzt werden, obschon rotes Haar eine Konjunktur wie selten erlebt?"
"167","1992-03-20","Zeitung","Die Zeit, 20.03.1992","""Karabach - Wut und Schmerz des Volkes"" lautet die Schlagzeile."
"168","1992-01-17","Zeitung","Die Zeit, 17.01.1992","Selbst die Armee, sogar die Polizei warnen wir, das Volk nicht gegen seine eigene Entscheidung treiben zu wollen!"
"169","1990-08-31","Zeitung","Die Zeit, 31.08.1990","Da ist nichts von dem Hochmut der Intellektuellen zu spüren, die sich, wie im letzten Herbst geschehen, über die Masse, den Pöbel erhaben fühlen, sobald das Volk auf die Straße geht und sich die Freiheit nimmt, auch die, sich Bananen und Pornohefte zu kaufen."
"170","2004-11-11","Zeitung","Die Zeit, 11.11.2004","[...] Volk und Nation, so folgert Bartels mit dem Philosophen Bruno Bauch, schließen »die leiblich-seelische Ursprungsgemeinschaft der Mitgeborenen« in sich ein, sodass »es ein Volk ohne einen bestimmten Rassencharakter überhaupt nicht gibt, daß die geistig-seelische Tendenz in der Rasse das Vorherrschende ist und daß in einem Volk die Tendenz einer Rasse bestimmend bleiben muß, wenn sein >organisches Massiv< [...] erhalten bleiben soll.«Auf diese Weise wird Literaturwissenschaft nicht allein als rassenkundliche Ausforschung der angeblichen Grundkonstitution einer Ethnie, einer Nation beziehungsweise eines Volkes legitimiert, sondern Bartels will auch das deutsche Rassengefühl neu erwecken, erst recht nach Ende des Ersten Weltkrieges, »wo die Revolution die >internationalen Elemente< zur Herrschaft gebracht hat«. [...]"
"171","1999-10-14","Zeitung","Die Zeit, 14.10.1999","""Mit dem Gesicht zum Volke"" - für die Funktionäre auf dem Podium bedeutete das zugleich: mit dem Rücken zur Wand."
"172","1993-08-20","Zeitung","Die Zeit, 20.08.1993","In den Dämpfen, die aus den Ideen-Laboratorien der neuen Bündnis-Alchemisten an die verblüffte Öffentlichkeit dringen, scheinen sich die Konturen Ernst Niekischs abzuzeichnen, jenes links-rechts-gestrickten Ideologen eines ""völkischen Sozialismus"", der in den späten zwanziger und frühen dreißiger Jahren das Bündnis Deutschlands mit den ""jungen Völkern"" des Ostens, vor allem mit Rußland, und die Abkehr vom ""römischen"" Prinzip einer liberalistisch entarteten ""westlichen Zivilisation"" propagierte."
"173","1994-09-02","Zeitung","Die Zeit, 02.09.1994","Kaum will das Volk der Denker und Henker mal ein bißchen mitdenken und mitreden, ohne sich hierbei gleich die Birne zu zerbrechen, winkt die Stunde des Vordenkers."
"174","1992-02-07","Zeitung","Die Zeit, 07.02.1992","Ein solches Reval wird es nur geben, wenn die Esten künftig auch gegenüber den bei ihnen verbliebenen Russen jene kluge Minderheitenpolitik und Kulturautonomie praktizieren, die sie einst nach dem Ersten Weltkrieg als ""Visitenkarte des estnischen Volkes zum Eintritt in die Welt der freien Völker"" präsentierten."
"175","1991-05-17","Zeitung","Die Zeit, 17.05.1991","Man hat das Volk für dumm verkaufen wollen - hierzu(ost)lande: Das Volk, das ein Volk sein wollte, schien sich in der Tat als ein dummes Volk zu erweisen."
"176","1990-05-04","Zeitung","Die Zeit, 04.05.1990","""Die Literatur eines Volkes ist wie ein Fenster, aus dem dieses Volk den Fremden ansieht, durch das der Fremde in den Lebensbereich dieses Volkes Einblick gewinnen kann."
"177","1992-02-07","Zeitung","Die Zeit, 07.02.1992","Doch ist es bemerkenswert festzustellen, daß die Sprachen der primitivsten Völker, die keine Schrift kennen, genauso komplex sind wie die modernen Sprachen."
"178","1991-12-06","Zeitung","Die Zeit, 06.12.1991","Elend eines immer geschlagenen und Großmachtinteressen geopferten kleinen Volkes; es sieht sich von der Siegersprache der Monumente dazu aufgefordert, den geringsten Etappensieg zum großen Triumph aufzublähen, damit es seinen Part zum historischen Konzert der Sieger beisteuern kann."
"179","2000-08-10","Zeitung","Die Zeit, 10.08.2000","""Die haben auch immer nur gelabert und nichts gemacht.""Im Internet hat er sich über die Juden informiert und dabei festgestellt, ""dass es schon öfter Ärger gab mit diesem Volk""."
"180","2000-09-21","Zeitung","Die Zeit, 21.09.2000","Es ist wahrscheinlich unfair, aber als Maß für die ""Einheit"", für die Symbiose zwischen Volk und Herrscher, kann man es doch nehmen:"
"181","1990-02-02","Zeitung","Die Zeit, 02.02.1990","Eigentlich möchte er schon, doch die Stimmung im richtigen Volk scheint unerfreulich zu sein:"
"182","1991-02-22","Zeitung","Die Zeit, 22.02.1991","Man war nicht bereit, dem Saddam Hussein, der sich vor seinem Überfall auf Kuwait bei der amerikanischen Botschafterin rückversichert hatte, eine Brücke zur Vermeidung eines totalen Gesichtsverlusts vor seinem Volk und den übrigen arabischen Völkern zu bauen."
"183","1996-12-06","Zeitung","Die Zeit, 06.12.1996","Es ist, für zentraleuropäische Ohren längst fremd, eine uralte Einsamkeit aus dem Volk."
"184","1991-02-22","Zeitung","Die Zeit, 22.02.1991","Der Elite-Denker hingegen variiert immer wieder den Satz: ""Ein Volk weiß nie, was es will."""
"185","1991-04-12","Zeitung","Die Zeit, 12.04.1991","Und wenn sie auch Kreuzzüge gegen die Heiden billigte, so suchte sie zugleich doch den Krieg zwischen den Fürsten und Völkern der Christenheit untereinander zu ächten."
"186","1999-06-10","Zeitung","Die Zeit, 10.06.1999","3.)Für einen der dem Volke durch Schlangenfeinheit die von der National Versammlung gegebene Reichsverfassung aus den Händen reißen will."
"187","1990-09-28","Zeitung","Die Zeit, 28.09.1990","""Ein ekelhaft blasiertes, nüchternes Volk"", entrüstete sich die württembergische Baronin Spitzemberg, ""um sie zu begeistern, muß man ganze Heere und Kaiser fangen."""
"188","1998-01-02","Zeitung","Die Zeit, 02.01.1998","Der tschechische Präsident und der britische Wohlfahrtsminister haben dieser Tage in großen Reden nicht nur ihre Völker daran erinnert, daß am Ende dieses Jahrhunderts mehr ansteht als bloße Regierungswechsel."
"189","1990-01-12","Zeitung","Die Zeit, 12.01.1990","Die Opposition hat das Volk, die Partei den Apparat - kein Zweifel, wer der Stärkere ist."
"190","1992-03-06","Zeitung","Die Zeit, 06.03.1992","Der beste Standplatz für die Wohnwagen des fahrenden Volkes (travellers)."
"191","1990-01-05","Zeitung","Die Zeit, 05.01.1990","Und: ""Wir sind das Volk - ich auch""."
"192","1990-03-23","Zeitung","Die Zeit, 23.03.1990","Froh und stolz nehmen wir zur Kenntnis, daß sich in Lübeck-Schlutup ein ""Runder Tisch"" etabliert hat, an dem die gewählten Volksvertreter und wirkliche Vertreter des Volkes Platz genommen haben und nun einer Lösung zustreben."
"193","2001-02-22","Zeitung","Die Zeit, 22.02.2001","Man sagt dem herrschenden Volk, den Tutsi, auch nach, neuen Lebensraum im dünn besiedelten Osten des Kongo zu suchen und ein Großreich anzustreben."
"194","1999-08-05","Zeitung","Die Zeit, 05.08.1999","Was das Volk von der Queen trennt?"
"195","1993-12-31","Zeitung","Die Zeit, 31.12.1993","Dann, wenn das ganze Volk, mitten in der Nacht, ins Freie drängelt, seine Blicke zum Himmelszelt richtet und verzückt die Augen aufreißt."
"196","1994-07-01","Zeitung","Die Zeit, 01.07.1994","Nationalgeschichte ohne Volk"
"197","2002-04-04","Zeitung","Die Zeit, 04.04.2002","Ich bin überrascht, immer wieder zu lesen, Ehud Barak habe dem palästinensischen Volk in Camp David ein großzügiges Angebot gemacht, das von palästinensischer Seite aus prinzipiellen Gründen und mangelndem Friedenswillen zurückgewiesen worden sei."
"198","2000-05-25","Zeitung","Die Zeit, 25.05.2000","Jahrhundert stammende Canon Episcopi, der in das Kanonische Recht eingegangen ist, forderte von den Priestern, das Volk darüber aufzuklären, dass der Hexenglaube Aberglaube sei."
"199","2000-10-05","Zeitung","Die Zeit, 05.10.2000","Nur wenn wir bereit sind, uns ganz bodennah auch den banalen Fragen zu stellen, kann es gelingen, die Architektur unters Volk zu bringen."
"200","2002-03-14","Zeitung","Die Zeit, 14.03.2002","""Alle Macht geht vom Volke aus"" bedeutet im Zeitalter der Medienbilder auch:"
"201","2004-04-22","Zeitung","Die Zeit, 22.04.2004","Der israelische Abzug aus dem Gaza-Streifen, sollte es wirklich dazu kommen, sei ein Sieg des palästinensischen Volkes, sagt Hamad."
"202","1991-05-10","Zeitung","Die Zeit, 10.05.1991","Die Weltausstellung verliere schon deshalb an Popularität, ""weil es die alten, schon vor Jahren vom Volk abgetanen Machthaber sind, die hier das Sagen haben""."
"203","2002-02-28","Zeitung","Die Zeit, 28.02.2002","Als Beispiel führt er die Appenzeller Landsgemeinde an: erst mit Klauen und Zähnen verteidigt, dann fast über Nacht sang- und klanglos vom Volk selbst abgeschafft."
"204","2000-10-19","Zeitung","Die Zeit, 19.10.2000","[...] Darf man Helmut Kohl, der sich bescheiden als den alleinigen Macher der Einheit betrachtet, der sich mit Händen und Füßen gegen einen diesbezüglichen Eintrag in das Buch der Geschichte wehrt, der mit seiner bewundernswerten Aufrichtigkeit und Ehrlichkeit gegenüber Freunden und Feinden, mit seinem ungetrübten Blick auf kommende politische Ereignisse seine Parteimitglieder und überhaupt das ganze Volk in Ehrfurcht erstarren lässt, darf man einen solchen Menschen, zur seltenen Spezies integrer Politiker gehörend, als den Spalter der Einheit bezeichnen?Darf man das tun, obwohl man weiß, dass sich dieser große Mann aus Sorge um das Nichtzustandekommen der Einheit im Laufe der Jahre einen nicht zu übersehenden Kummerspeck zulegte, der ihm gesundheitlich gewiss zu schaffen machen muss? [...]"
"205","1992-06-05","Zeitung","Die Zeit, 05.06.1992","Da sich beide Staaten trotz gewisser Sympathien für das geächtete Volk dem Boykott angeschlossen haben, wird Serbien mittelfristig der Lebenssaft ausgehen."
"206","1990-08-17","Zeitung","Die Zeit, 17.08.1990","Die einfachen Araber überall haben die Schwäche ihres Volkes satt und rufen nach einem starken Mann, der sich an den Scheichs, dem Westen, den Juden rächt."
"207","1999-12-09","Zeitung","Die Zeit, 09.12.1999","""Den Hitler jag' ich in die Luft"" Rowohlt Berlin 39,80 DM Wiederentdeckt Werner Volke (Hrsg.): G. F. Stäudlin - Lebensdokumente und Briefe Klett-Cotta 98,- DM Ernest Hemingway:"
"208","2004-09-09","Zeitung","Die Zeit, 09.09.2004","Neugier nicht nur auf die moderne amerikanische Malerei, sondern vor allem auf Originale jener Kunst, die die Nazi-Machthaber offenbar so gefürchtet haben, dass sie sie vor einem ganzen Volk wegzusperren versuchten, indem sie sie 1937, also vier Jahre nach der Bücherverbrennung, kurzerhand zur »entarteten Kunst« erklärten und die Museen zwangen, die Werke der verfemten Künstler auszuliefern, um sie entweder devisenbringend zu verkaufen oder zu vernichten."
"209","1997-09-19","Zeitung","Die Zeit, 19.09.1997","Wer dem sozial blinden Steuerungsmechanismus Markt auch die Aufgaben zuschiebt, die eigentlich die Führungsaufgaben demokratischer Politiker sind, der produziert nicht nur immer mehr Ungleichheit und soziale Polarisierung unter den Menschen und Völkern, sondern gefährdet den Bestand unserer Demokratie und setzt den auch bei uns in Generationen erreichten Wohlstand aufs Spiel."
"210","2000-09-14","Zeitung","Die Zeit, 14.09.2000","Popularisierung setzt ein der Wissenschaft unkundiges Volk voraus, bestehend aus Laien, denen die kleine Gruppe der Wissenden, die Schicht der Experten, gegenübersteht, bereit und fähig, in eigener Person und Regie oder mithilfe von kundigen, im besten Fall professionellen Moderatoren das Wissen in volkstümlichen Happen unter die Leute zu bringen."
"211","2003-02-20","Zeitung","Die Zeit, 20.02.2003","1. John Rawls: Das Recht der Völker"
"212","1990-04-27","Zeitung","Die Zeit, 27.04.1990","Nun machten sie plötzlich ihn, den König, verantwortlich dafür, daß der Palast und seine Günstlinge immer reicher wurden und das Volk immer ärmer."
"213","1990-08-10","Zeitung","Die Zeit, 10.08.1990","Um den Eindruck der Endgültigkeit zu vermeiden, ist das Grundgesetz weder von einer verfassunggebenden Nationalversammlung noch vom Volk beschlossen und bewußt nicht Verfassung genannt worden."
"214","2003-06-18","Zeitung","Die Zeit, 18.06.2003","Die Chinesen sind nun einmal das größte Volk dieser Erde."
"215","2002-12-23","Zeitung","Die Zeit, 23.12.2002","Ein schuppendes Volk."
"216","2002-02-21","Zeitung","Die Zeit, 21.02.2002","Verschwunden von der Insel Trinidad vor Hunderten von Jahren und ohne irgendeine Spur zu hinterlassen außer jener einen drohenden Bemerkung in einem Brief des spanischen Königs, der die Vermutung äußert, das Volk der Chaguanas habe sich auf die Seite der englischen Feinde geschlagen."
"217","1990-05-04","Zeitung","Die Zeit, 04.05.1990","Ich erinnere mich an zwei Dinge: a) Die Juden haben die Homosexualität erfunden und versuchen mit allen Mitteln der Ansteckung, sie dem deutschen Volk beizubringen, b) Auf dem Patentamt liegt ein Patent, das durch Veränderung des Auspuffrohres den Gestank der Autos unschädlich macht."
"218","1998-05-07","Zeitung","Die Zeit, 07.05.1998","Gleiches gilt für den Flug-, Waren- und Dienstleistungsverkehr, kurz: alles, was ein Land und ein Volk am Leben erhält."
"219","1995-07-07","Zeitung","Die Zeit, 07.07.1995","Trotz Nachrichtendiensten und Informationsquellen der verschiedensten Art faulte der Apfel in Nachbars Garten, und keinem fiel das auf!Und nun stellt sich ""einer der wichtigsten Bonner Unterhändler"" hin und erklärt dem Volk Gründe für politisches Mißmanagement und daraus folgender Geldverschwendung."
"220","1995-04-14","Zeitung","Die Zeit, 14.04.1995","München war die Korrektur eines krassen Verstoßes der Siegermächte 1918 gegen das von ihnen selbst so gepriesene Selbstbestimmungsrecht der Völker, nichts sonst."
"221","2002-05-23","Zeitung","Die Zeit, 23.05.2002","Auch Martin Walser und Gerhard Schröder wären wohl gern das Volk."
"222","1995-03-17","Zeitung","Die Zeit, 17.03.1995","Plastikgeld fürs Volk"
"223","1998-11-05","Zeitung","Die Zeit, 05.11.1998","Es wäre der Welt zu wünschen, wenn das amerikansiche Volk im Sinne Jeffersons (wieder) zu sich selbst finden könnte:"
"224","1997-04-11","Zeitung","Die Zeit, 11.04.1997","Zwei Stunden tost und brodelt, wirbt und verwahrt sich seine Suada über alte Zeiten, als die SED ihr Volk verraten habe, und übers neue Regiment, das auch nichts wüßte von Gerechtigkeit."
"225","2000-05-18","Zeitung","Die Zeit, 18.05.2000","Obendrein zählen derzeit Tony Blair und José Mara Aznar zu den stärksten Regierungschefs der EU der Brite vertritt ein Volk von Neinsagern, und die Spanier sind in Brüssel mehr Teppichhändler als Gestalter."
"226","2001-09-13","Zeitung","Die Zeit, 13.09.2001","Aber ihnen fehlt die Grundlage, den Willen des Volkes zu erfüllen."
"227","1995-04-28","Zeitung","Die Zeit, 28.04.1995","Niemand kann aus der Geschichte seines Volkes aussteigen."
"228","2003-12-31","Zeitung","Die Zeit, 31.12.2003","Auch die Einteilung der Menschen in Volk und Elite, in Wissende und Unwissende, ist noch heute ein starkes Prinzip in der muslimischen Welt, obgleich Bildung öffentlich und kostenlos ist."
"229","1992-04-17","Zeitung","Die Zeit, 17.04.1992","Amerikaner, Japaner und Europäer, die so beharrlich die frohe Botschaft des Freihandels unter die Völker dieser Welt tragen, gehen notfalls rigoros gegen unbequeme Importeure vor, und zwar meist dann, wenn die Betroffenen sich nicht wehren können."
"230","2004-04-29","Zeitung","Die Zeit, 29.04.2004","Der apokalyptische Zug-Zusammenstoß geht eher auf die allgemeine Misere des Landes zurück: verrottete Eisenbahnen - veraltete, verfallene Industrieanlagen - durch Wassereinbruch zerstörte Kohleminen - eine ausgelaugte Landwirtschaft, die das eigene Volk nicht ernähren kann."
"231","2004-03-25","Zeitung","Die Zeit, 25.03.2004","Ihm zufolge hat Pilatus Jesus, nachdem er blutig geschlagen und mit der Dornenkrone gekrönt worden war, dem Volk mit den Worten vorgeführt:"
"232","2003-04-16","Zeitung","Die Zeit, 16.04.2003","Harksens Missetaten demaskieren seine Opfer, stellen ihre Gier und Einfalt bloß, setzen sie der Schadenfreude des Volkes aus:"
"233","1990-09-21","Zeitung","Die Zeit, 21.09.1990","Aber das Volk wird es ganz schnell lernen; es wird schnell lernen, Geld zu zählen."
"234","2002-04-11","Zeitung","Die Zeit, 11.04.2002","Die moralisch geprägte, stark proisraelische Linie der frühen Bundesregierungen endete mit der deutschen Forderung nach dem ""Selbstbestimmungsrecht des palästinensischen Volkes"" im November 1974."
"235","2002-09-12","Zeitung","Die Zeit, 12.09.2002","Ein Volk, das eisern am Traditionellen festhält und vornehmlich seine Ruhe haben will"
"236","1993-10-15","Zeitung","Die Zeit, 15.10.1993","Wie, wenn der Unernst Amerikas und die Völker Asiens das Abenteuer deutscher Einkehr schänden mit Gewitzel und Geblitzel?"
"237","1994-07-15","Zeitung","Die Zeit, 15.07.1994","Im ehemaligen Theater des Volkes feierte 1946 die KPD ihre Vereinigung mit der SPD."
"238","1998-10-01","Zeitung","Die Zeit, 01.10.1998","Er war, lassen Sie uns doch ehrlich sein, vom deutschen Volk gewählt worden, und das Volk waren für Hitler damals auch die Arbeiter."
"239","1997-08-29","Zeitung","Die Zeit, 29.08.1997","Orientiert sich die politische Führung in Zukunft an den Vorstellungen der obersten religiösen Instanz Chamenei und seiner fundamentalistischen Handlanger, dann muß sie gegen den Willen des Volkes handeln."
"240","1996-04-05","Zeitung","Die Zeit, 05.04.1996","Sie haben nicht mich angegriffen, sondern das kurdische Volk."
"241","1991-09-13","Zeitung","Die Zeit, 13.09.1991","Damals wünschten wir uns nur, möglichst eilig erwachsen zu werden, um so bald wie möglich das Erbe des auserwählten Volkes anzutreten."
"242","1997-02-07","Zeitung","Die Zeit, 07.02.1997","Zweitens kann, wer von Israel so ausmanövriert, ausgetrickst, überwältigt wird, nur noch weitermachen und das dem eigenen Volk gegenüber mit vielen hoffnungsfrohen, aber letzten Endes irreführenden Reden und Versprechungen durchsetzen."
"243","1991-04-12","Zeitung","Die Zeit, 12.04.1991","""Sie haben das irakische Volk persönlich dazu aufgefordert, sich gegen Saddam Husseins brutale Gewaltherrschaft aufzulehnen"", hatten die beiden geschrieben."
"244","1996-01-12","Zeitung","Die Zeit, 12.01.1996","DRESDEN. -Von dieser Woche an ist im Sächsischen Landtag eine eindrucksvolle Ausstellung zu sehen: ""Im Namen des Volkes? -Über die Justiz im Staat der SED""."
"245","1994-05-06","Zeitung","Die Zeit, 06.05.1994","""Das Volk darf haschen."""
"246","2003-03-27","Zeitung","Die Zeit, 27.03.2003","Seitdem brennt in Deutschland das Licht, und wir dürfen weiterhin als das Volk gelten, das beschlossen hat, für immer KIND zu bleiben."
"247","2001-09-20","Zeitung","Die Zeit, 20.09.2001","Hassan bin Talal Prinz von Jordanien ""Das afghanische Volk sollte bei einem amerikanischen Angriff nicht als feiges und ehrloses Volk handeln."
"248","1991-01-25","Zeitung","Die Zeit, 25.01.1991","Kann sich überhaupt jemand vorstellen, was es heißt, wenn ein Volk mit Gas bedroht wird, das durch Gas so viel gelitten hat?"
"249","2003-04-24","Zeitung","Die Zeit, 24.04.2003","Als Sachfrage erscheint mir entscheidend, ob die Gewerkschaften (also ""Arbeitsplatzbesitzer"") gute Gründe haben, wenn sie - zum Wohle des ganzen Volkes - die nicht durchdachten Pläne des Gesetzgebers kippen wollen."
"250","2000-06-21","Zeitung","Die Zeit, 21.06.2000","Die Französische Revolution markiert für alle Völker in Europa eine Wasserscheide."
"251","1990-07-13","Zeitung","Die Zeit, 13.07.1990","Sie könnte den zaghaften Wirtschaftsreformer Gorbatschow ermutigen; sie nähme den argwöhnischen Generälen den Wind aus den Segeln; sie gewährte dem zweifelnden Volk einen Hoffnungsschimmer und diente womöglich als Initialzündung für eine neue Leistungsbereitschaft."
"252","2000-03-23","Zeitung","Die Zeit, 23.03.2000","Kein Geringerer als der im chinesischen Volk hoch angesehene Reformpremier Zhu Rongji hielt am vergangenen Mittwoch, kurz vor der Wahl in Taiwan, eine Brandrede, in der er für den Fall eines Wahlsiegs der chinakritischen Opposition mit Krieg und Blutvergießen drohte."
"253","2003-04-24","Zeitung","Die Zeit, 24.04.2003","Und langsam, langsam scheinen sich die Deutschen, vordem als exzessive Biertrinker berüchtigt, zu einem Volk von Weinkennern zu entwickeln."
"254","2002-07-11","Zeitung","Die Zeit, 11.07.2002","Volkes Stimme"
"255","1995-04-28","Zeitung","Die Zeit, 28.04.1995","Ein Dutzend aneinandergeketteter Nuba versuchte in diesen Tagen - von der Gesellschaft für bedrohte Völker unterstützt -, mit einer Mahnwache in Bonn daran zu erinnern, was in dem Land unter der fundamentalistisch-islamischen Militärregierung geschieht."
"256","2000-09-07","Zeitung","Die Zeit, 07.09.2000","Nichts geschah hinter dem Rücken des Volkes."
"257","1992-11-27","Zeitung","Die Zeit, 27.11.1992","Denn dieses Problem, der Holocaust, bleibt ein zentrales Ereignis in der Geschichte beider Völker."
"258","1990-08-24","Zeitung","Die Zeit, 24.08.1990","Die berühmte Ausstellung ""Primitivismus in der Kunst des 20. Jahrhunderts"", 1984 im New Yorker Museum of Modern Art zu sehen, konfrontierte Masken, Fetische, Geräte primitiver Völker mit den Arbeiten moderner Künstler wie Picasso, Klee oder Brancusi."
"259","1991-08-30","Zeitung","Die Zeit, 30.08.1991","Das Volk wendet sich von der PLO ab"
"260","1991-05-10","Zeitung","Die Zeit, 10.05.1991","Oder ist die Regierungskoalition aus VPN und KDH eine ""Mafia"", die die Interessen des eigenen Volkes verrät, weswegen an den Hauswänden der Nationalrat (ndrodnd rada) als Nationalverrat (ndrodnd zrada) beschimpft wird?"
"261","1993-12-24","Zeitung","Die Zeit, 24.12.1993","Bevor er dazu kam, wie ein Gott mit einem Volk von 800 Millionen zu experimentieren, brauchte er ein halbes Jahrhundert, um aufzusteigen und ins Bewußtsein der Weltöffentlichkeit zu treten."
"262","1990-09-28","Zeitung","Die Zeit, 28.09.1990","Sie tötet, zerstört, verkrüppelt das Volk!"
"263","1996-02-16","Zeitung","Die Zeit, 16.02.1996","""Lieber Herr Präsident"", steht da, ""die Mehrheit des Volkes von Ayacucho ist auf Deiner Seite.""Und dann, in etwas größeren, selbstbewußten Lettern:"
"264","1998-08-27","Zeitung","Die Zeit, 27.08.1998","Ist es denn ein Opfer, 40 statt 38 oder 35 Stunden zu arbeiten?Da müßten die Schweizer, die in einer Volksabstimmung die 40 Stunden bevorzugt haben, ein Volk von Opferwilligen sein."
"265","1999-03-04","Zeitung","Die Zeit, 04.03.1999","Das Volk hat schon genug gelitten, und das geplante Tribunal wäre doch nur ein Medienspektakel zur Beruhigung der Gewissens der Weltöffentlichkeit, die den Genozid nicht verhindert hat.""Im Gegenteil:"
"266","1994-09-16","Zeitung","Die Zeit, 16.09.1994","Kein religiöser Führer, so sagte der 72jährige Ajatollah Montazeri aus Qom, dürfe das Volk geringer schätzen als Gott."
"267","1991-10-11","Zeitung","Die Zeit, 11.10.1991","Überhaupt: ""das Volk"" - vergötterten diese intellektuellen Priester nicht Leute, die sie gar nicht kannten?"
"268","1993-07-16","Zeitung","Die Zeit, 16.07.1993","Bosnien müsse ein Staat bleiben und sich eine innere Ordnung geben, die alle drei Völker befriedige, meint der frühere Premier und Sicherheitsbeauftragte Josip ManoliÄ Alles andere führe zu einem langjährigen Krieg, dessen Folgen nicht nur für Kroatien unabsehbar seien."
"269","2001-10-25","Zeitung","Die Zeit, 25.10.2001","Die Antwort, die ich verlange und von der ich sicher bin, dass das amerikanische Volk und die gesamte zivilisierte Welt sie verlangt, wenn man die Situation hinreichend erklärt, ist natürlich keine militärische."
"270","2000-12-07","Zeitung","Die Zeit, 07.12.2000","Das angeblich bevorstehende Gottesgericht blieb aus«, heißt es in Volk und Wissen."
"271","1999-02-11","Zeitung","Die Zeit, 11.02.1999","Das Volk wird unberechenbar."
"272","1993-09-03","Zeitung","Die Zeit, 03.09.1993","Obgleich ich nicht weiß, wie gut das deutsche Volk über Japan informiert ist, glaube ich doch, daß es in der Vergangenheit deutsche Beobachter waren, die Europa mit den detailliertesten und verläßlichsten Informationen über Japan versorgt haben."
"273","1994-09-02","Zeitung","Die Zeit, 02.09.1994","Seine Mitglieder begriffen sich als Glieder eines jüdischen Volkes:"
"274","2004-05-19","Zeitung","Die Zeit, 19.05.2004","Eltern sind das Volk"
"275","1991-03-15","Zeitung","Die Zeit, 15.03.1991","Die Generale haben in seinen Augen nicht nur das Land ruiniert, sondern auch das Volk verdorben."
"276","1998-05-28","Zeitung","Die Zeit, 28.05.1998","Ich möchte mich auch an einem solchen Thema versuchen: ""Großbritannien wird langsam, aber systematisch von der parlamentarischen Demokratie mit der weitestgehenden Beteiligung des Volkes auf der Welt in eine Wahldiktatur umgewandelt."
"277","2002-05-08","Zeitung","Die Zeit, 08.05.2002","Und dieses Bild aus dem Neuen Testament greift wiederum zurück auf die Metaphorik und Theologie des Alten, wo der Bund des Volkes Israel mit Jahwe als eine Art eheliche Verpflichtung erscheint und die immer wieder eintretende Bundesvergessenheit, die Abkehr vom wahren Gott hin zu den Götzen, als Ehebruch und Hurerei."
"278","1998-01-02","Zeitung","Die Zeit, 02.01.1998","Natürlich ist die eben gebrauchte Redensart von der Verabredung eines Volkes mit seinem Schicksal ihrerseits schon etwas hysterisch, wie die deutschen Novemberangelegenheiten im ganzen selbst es sind, denn wenn auch das eine oder andere Datum - insbesondere das Initialereignis dieser deutschen Serie, die Berliner Proklamation der ersten deutschen Republik - gewissermaßen unschuldig und unkalkuliert auf einen 9."
"279","2003-09-04","Zeitung","Die Zeit, 04.09.2003","Dabei führt gerade deren repressive und korrupte Politik zum Aufstieg des radikalen Islam im verarmten Volk, wie Lüders darlegt."
"280","1995-04-14","Zeitung","Die Zeit, 14.04.1995","Er gibt die Gereiztheit des Volkes gegenüber unnötigen Ausgaben zu bedenken, erwähnt die ""Hexenjagd"" gegen die Korruption."
"281","1997-01-17","Zeitung","Die Zeit, 17.01.1997","Ein Karikaturenzeichner der Pittsburgh Post-Gazette ließ denn auch einen derangierten Demoskopen an der Tür eines Mittelstandshäuschens fragen, was das Volk mit seiner Enthaltung mitteilen wolle:"
"282","1997-12-19","Zeitung","Die Zeit, 19.12.1997","Wenn Politik und Wirtschaft keine Antworten mehr geben, dann braucht das Volk eine neue Kultur."""
"283","2002-01-24","Zeitung","Die Zeit, 24.01.2002","Zuerst war das konsularische Korps an der Reihe gewesen, dann die Würdigen und Auserwählten des Volkes."
"284","2004-08-12","Zeitung","Die Zeit, 12.08.2004","Er redet wie das gemeine Volk - ungehobelt, oft vulgär."
"285","1996-01-19","Zeitung","Die Zeit, 19.01.1996","""Unter den Millionen Kindern meines Volkes, die die Nazis in den Tod geführt haben, waren weiter Namen, an die wir heute mit dem gleichen Maß an Ehrfurcht und Hochachtung erinnern könnten."
"286","1997-02-07","Zeitung","Die Zeit, 07.02.1997","Empfinden sie keine Verpflichtung gegenüber der Wahrheit und dem Elend eines Volkes, dessen anhaltende Enteignung weitaus stärker hätte gemildert werden können, als es der PLO gelang?"
"287","2002-10-31","Zeitung","Die Zeit, 31.10.2002","Sie wollen den Rat dazu bringen, sechs ""Forderungen des Volkes"" zu erfüllen, die auf Flugblättern bereits von Hand zu Hand gehen."
"288","1993-04-16","Zeitung","Die Zeit, 16.04.1993","Warum wird mit dem Gaukelwort Beschäftigung im Volk ""Teile und Herrsche"" gespielt?"
"289","1993-09-03","Zeitung","Die Zeit, 03.09.1993","Heute leitet sich die Stellung des Kaisers ""vom Willen des Volkes ab, bei dem die souveräne Macht liegt"", wie es in der Konstitution von 1947 heißt."
"290","2003-11-06","Zeitung","Die Zeit, 06.11.2003","Doch nun, Volk, steh auf!Die Politiker haben den Sozialvertrag gebrochen, weil sie uns nicht mehr jeden Tag ein Eis geben wollen, denn es ist keins mehr da, was aber nichts damit zu tun hat, dass wir uns jahrelang überfressen haben."
"291","2003-01-16","Zeitung","Die Zeit, 16.01.2003","Denn beim Volk wird, nach heutigem Sachstand, das Dosenpfand als zentrales Reformprojekt unserer Ära in Erinnerung bleiben."
"292","1994-10-07","Zeitung","Die Zeit, 07.10.1994","Die Transparente, mit denen die Gesellschaft für bedrohte Völker bei einer Mahnwache gegen die Menschenrechtsverletzungen in Ost-Timor (indonesisch besetzt) demonstrieren wollte, wurden in letzter Minute verboten."
"293","1991-03-08","Zeitung","Die Zeit, 08.03.1991","Das amerikanische Volk, Präsident Bush und die Führer unserer arabischen Koalitionäre verbindet ein Wunsch: Sie wollen ihn nie wieder sehen; sie wollen ihn endgültig los sein."
"294","1998-05-28","Zeitung","Die Zeit, 28.05.1998","""Der nächste Weltkrieg wird nicht nur reaktionäre Klassen und Dynastien, er wird auch ganze reaktionäre Völker vom Erdboden verschwinden machen."
"295","1995-03-03","Zeitung","Die Zeit, 03.03.1995","Die Urteile ""Das ist schön"" und ""Das ist häßlich"" bleiben dem Volk überlassen und somit der Verachtung."
"296","2003-08-28","Zeitung","Die Zeit, 28.08.2003","Quasi von einem Tag auf den anderen verklang die revolutionäre Rhetorik, verstummten die Appelle an das Volk, verblassten die kühnen Pläne."
"297","2003-09-25","Zeitung","Die Zeit, 25.09.2003","Der Kandidat mischt sich unters Volk, Schwarzenegger leibhaftig anlässlich eines Besuchs in einer Firma, die Plastiktüten herstellt."
"298","2000-11-16","Zeitung","Die Zeit, 16.11.2000","Wenn ein Volk sich in einer schlechten, aber nicht unerträglichen Situation befindet, führt oft nur eine echte Krise zu Reformen."
"299","2001-11-15","Zeitung","Die Zeit, 15.11.2001","Maoisten und Leninisten reichten sich mit rechtsradikalen Vordenkern die Hand, durchaus einig darin, dass die Bonner Demokratie nichts anderes sei als ein Zuckerbrot der Besatzer zwecks Niederhaltung des deutschen Volkes."
"300","2002-04-18","Zeitung","Die Zeit, 18.04.2002","Völker: Das hängt davon ab, welches Fach man studiert und was man persönlich auf der Rechnung hat."
"301","2004-03-18","Zeitung","Die Zeit, 18.03.2004","Es soll aber ein Bundespräsident für das ganze Volk gewählt werden."
"302","1994-12-16","Zeitung","Die Zeit, 16.12.1994","Eine wichtige Rolle beim Aufbauwerk kommt weiterhin zwei Völkern zu - den Völkern Rußlands und Deutschland."
"303","2004-03-18","Zeitung","Die Zeit, 18.03.2004","Er ist kein Mann fürs Volk."
"304","1996-10-25","Zeitung","Die Zeit, 25.10.1996","Barzani: Wir haben eine nationale Pflicht dem kurdischen Volk gegenüber übernommen und erfüllt: Freiheit, Gerechtigkeit und Demokratie überall zu verwirklichen."
"305","2000-09-07","Zeitung","Die Zeit, 07.09.2000","""helfen Sie, sich der Seele des Volks zu öffnen, das bis heute nach Wahrheit, Frieden, Liebe und Schönheit strebt kümmern Sie sich nicht nur um das materielle, sondern auch um das geistige Wohlergehen des Volks""."
"306","2000-03-16","Zeitung","Die Zeit, 16.03.2000","sie möchten eine starke Regierungsmacht, die die Dinge anpackt und zum Ende bringt.""Es gebe zwar viele Parteien, aber keine, die die Interessen des ganzen Volkes vertrete, sagt Putin."
"307","1999-10-28","Zeitung","Die Zeit, 28.10.1999","Dass er diesem Volk seinen rigiden Neoliberalismus verordnen will, übersehen seine Anhänger"
"308","1993-12-31","Zeitung","Die Zeit, 31.12.1993","Wir Deutsche, das Volk der Täter, können uns freilich nicht mit der Erklärung zufriedengeben, gegen Leugnen oder Vergessen sei, kein Kraut gewachsen."
"309","1997-01-24","Zeitung","Die Zeit, 24.01.1997","Durch Flugblätter und über Rundfunk sollte das deutsche Volk über die Verbrechen aufgeklärt und zugleich aufgerufen wer-den, auf seine Regierung Druck auszuüben."
"310","2003-02-20","Zeitung","Die Zeit, 20.02.2003","Der Staat nahm das unfriedliche, fanatisierbare ""Volk"" an die Kandare und war per definitionem doch ein demokratischer."
"311","1990-04-06","Zeitung","Die Zeit, 06.04.1990","Dieser Hybris, die ein ganzes Volk verrückt machte, folgte bald die Ernüchterung."
"312","2002-08-15","Zeitung","Die Zeit, 15.08.2002","Indem er für die Totgestorbenen und für die Überlebenden, für jene, deren Gedächtnis mit jedem weiteren Tod immer weiter in Büchern und Steinen aufgeht, forderte, dass die Erinnerung an Tod und Überleben in der Chronik des deutschen Volkes festgeschrieben wird, da die Geschichte sonst an ihren Opfern vollzöge, was ihre Mörder an ihnen hatten begehen wollen, sie erst zu vernichten und danach die Erinnerung an sie zu tilgen."
"313","2000-03-23","Zeitung","Die Zeit, 23.03.2000","Für Haacke ist die Erde eine Ansammlung von Krümeln, wohingegen ihm das Wort ""Volk"" vom Volksgerichtshof bis hin zur Volkspolizei so unerträglich belastet scheint, dass er der Widmung ""Dem deutschen Volke"" im Giebel des Reichstags die Widmung ""Der Bevölkerung"" im selben Schrifttyp entgegensetzen will."
"314","1998-05-20","Zeitung","Die Zeit, 20.05.1998","Farthmann verkörperte die Traditions-SPD aus dem Ruhrgebiet, die den Kern der Sozialdemokratie in der Republik bildete, die Industrie-SPD, auch die Funktionärs-SPD, zupackend, bodenständig, die ""Sprache des Volkes"" sprechend, ohne Scheu vor ein bißchen Vulgarität."
"315","1997-04-25","Zeitung","Die Zeit, 25.04.1997","Diese Veränderungen haben auch bewirkt, daß es nun einfacher geworden ist, vom deutschen Volk und von der deutschen Nation, auch von Deutschland zu reden, und zwar aus folgenden Gründen."
"316","2000-09-21","Zeitung","Die Zeit, 21.09.2000","Dem Volk aufs Maul schauen, ihm aber nicht nach dem Munde reden"" - so brachte der begnadete Bierzeltredner Franz Josef Strauß einst den entscheidenden Unterschied zwischen verantwortungsbewusster Politik und fahrlässigem Populismus auf den Punkt."
"317","2000-02-03","Zeitung","Die Zeit, 03.02.2000","Wer ist schuld?Nur der Unternehmer, der sich die Gunst des Volkes mit ergaunerten Milliarden erkauft?Oder auch die Partei, die erst eingreift, wenn die Korruption ins Politbüro eingreift?"
"318","1994-07-15","Zeitung","Die Zeit, 15.07.1994","Ein Volk weint um seinen Gott."
"319","2000-09-14","Zeitung","Die Zeit, 14.09.2000","Ihm ging es ausschließlich um seine Macht und damit in eins um die Macht des Volkes, während Nietzsche ein Gegner des Nationalismus war."
"320","1993-02-19","Zeitung","Die Zeit, 19.02.1993","Der schüttet auf den 261 Seiten des im Berliner Verlag Volk und Welt erschienenen Textbuches (24,80 Mark), das den Premieren-Besuchern kostenlos überreicht wurde, nicht nur zehn szenische Variationen eines Leitartikels gegen die Treuhandanstalt vor uns hin, sondern auch fleißig gehortete Zeitungs-Artikel vom Ausschnitts-Büro, Kennwort: ""Treuhand"", samt Glossen, Kommentaren, Fußnoten, die er ""essayistische Zutaten"" zu nennen wagt."
"321","1995-04-07","Zeitung","Die Zeit, 07.04.1995","Das sind schreckliche Verallgemeinerungen, aber manchmal scheint es mir, als seien die Beziehungen zwischen Engländern und Deutschen nicht schlecht, sondern einfach nicht vorhanden - oder besser: asymptotisch; die beiden Völker begegnen sich niemals."
"322","1996-05-17","Zeitung","Die Zeit, 17.05.1996","Etwa Ende der vierziger Jahre nahm der Südflügel die Arbeiter-und-Bauern-Fakultät, der Westflügel eine Partei- und FDGB-Hochschule und der Nordflügel die Kreisleitung der SED auf, praktisch eine der NSDAP fast identische Nutzung!Die ""Halle des Volkes"" wurde nach dem Mauerbau durch ein ungarisches Architekten-Team zur Aufnahme verschiedener Industriebetriebe aufund ausgebaut."
"323","1992-05-01","Zeitung","Die Zeit, 01.05.1992","Immer weniger freilich wirken sie im Volk, das seine wachsende Verelendung und die spürbare Isolierung des Landes damit nicht kompensieren kann."
"324","1999-11-11","Zeitung","Die Zeit, 11.11.1999","Es war einmal vor vielen, vielen Jahren, da herrschte in Bavaria ein König, der war bei seinem Volk so beliebt, dass es sogar einen Flughafen nach ihm benannte."
"325","1990-02-09","Zeitung","Die Zeit, 09.02.1990","Nebenan hat sich ein ""VEB Tierproduktion"" eingerichtet, dessen Hofscheinwerfer den stolzen Doppelturm der Kirche aus dem 12. Jahrhundert ebenso beleuchten wie die motivierenden Slogans aus dem 20. Jahrhundert, ""Alles für das Wohl des Volkes und den Frieden"" und ""Ewige Freundschaft mit den Völkern der Sowjetunion""."
"326","1998-03-12","Zeitung","Die Zeit, 12.03.1998","Anders als in Kroatien haßt man im Kosovo zwar den serbischen Präsidenten, nicht aber dessen Volk."
"327","2003-06-12","Zeitung","Die Zeit, 12.06.2003","Bevor das wiedervereinigte Volk es recht bemerkte, war von oben, also von den beiden deutschen Regierungen im Einigungsvertrag dekretiert worden:"
"328","2002-10-24","Zeitung","Die Zeit, 24.10.2002","Eine Bewusstseinserweiterung der anderen Art kann sich Harald Völker von Thesis vorstellen."
"329","2000-07-13","Zeitung","Die Zeit, 13.07.2000","Was für ein Schicksal für ein zutiefst antimilitaristisches Volk."
"330","1990-08-31","Zeitung","Die Zeit, 31.08.1990","In Benin, Zaire, Gabun, Sambia und Kenia protestieren die Völker gegen selbstherrliche Führer und ihre Machtcliquen, gegen Militärdiktaturen und Einparteienregime."
"331","2004-04-22","Zeitung","Die Zeit, 22.04.2004","Ich glaube nicht, dass die Deutschen grundsätzlich mehr dazu neigen, als Untertanen im bösen Sinne zu agieren, als manche andere in unserer Nachbarschaft, etwa das russische Volk im Laufe der letzten Jahrhunderte."
"332","1990-03-09","Zeitung","Die Zeit, 09.03.1990","Man wollte dem Volk eine Unversöhnlichkeit mit Andersdenkenden suggerieren, die in makaberer Weise an die Endsieg- und Durchhalteparolen der Kriegsjahre erinnerte."
"333","1994-09-30","Zeitung","Die Zeit, 30.09.1994","Die ""Feinde Jugoslawiens im Ausland"" und politische Emigranten hätten den Haß zwischen den jugoslawischen Völkern geschürt."
"334","1992-03-13","Zeitung","Die Zeit, 13.03.1992","""Nation"", ""Volk"", ""Vaterland"":"
"335","1997-08-22","Zeitung","Die Zeit, 22.08.1997","Deshalb würde ich Moskauer Politikern empfehlen, den vom Volk gewählten Präsidenten ihres Nachbarstaates zu achten."
"336","1992-05-29","Zeitung","Die Zeit, 29.05.1992","Sie wollen da ein bißchen Kosmetik - aber auf keinen Fall die Macht dem Volke."
"337","1995-05-12","Zeitung","Die Zeit, 12.05.1995","Die Ehre eines Volkes ist ebenso heilig wie sein Land."
"338","1992-06-12","Zeitung","Die Zeit, 12.06.1992","Binnen einem Monat sammelte die ""Gruppe für eine Schweiz ohne Armee"", im Volk als GSoA bekannt, über 500000 Unterschriften für ihre Initiative gegen die Kampfjet-Beschaffung."
"339","1992-02-21","Zeitung","Die Zeit, 21.02.1992","Der schnauzbärtige Haudegen mit dem angegrauten Haar, der seine Manuskripte mit rauher Kasernenhofstimme verliest, aber im Gespräch zu vollmundiger Beredsamkeit neigt wie Michail Gorbatschow, ist von Haus aus eine Symbolfigur für Volk und Vaterland."
"340","1999-04-08","Zeitung","Die Zeit, 08.04.1999","Kein kranker, persönlichkeitsgestörter Gewaltverbrecher kann so viel Unheil anrichten wie Menschen wie du und ich, die aus ideologischen Gründen ganzen Völkern, Rassen oder politisch Andersdenkenden das Recht auf Zugehörigkeit zur menschlichen Gattung absprechen."
"341","1990-07-20","Zeitung","Die Zeit, 20.07.1990","Wieder anderswo werden Politiker, die ihren Staatsvölkern ein Bewußtsein der ""Armut als Reichtum der Völker"" abverlangen, von technokratisch denkenden Militärs an die Wand gestellt, ohne daß sich für die Wohlfahrt dieser Völker hinterher auch nur ein Deut ändert. Dieselben Technokraten mobilisieren aber muslimische oder katholische Religiosität für Kampagnen gegen Geburtenkontrolle, denn die überkommene Bantu-Philosophie meint, die Bedeutung einer Nation lasse sich nach Kopfzahlen rechnen."
"342","1997-12-26","Zeitung","Die Zeit, 26.12.1997","Bei Völkern und bei Stämmen und bei Konfessionen die in Fehde miteinander und mit Weltkonzernen liegen"
"343","1990-10-12","Zeitung","Die Zeit, 12.10.1990","""Wir freuen uns, daß dieses Treffen im Zeichen einer weltweiten Wende und Überwindung einer unglücklichen Vergangenheit steht... Wir dürfen nun erleben, wie ein geschlagenes, geteiltes Volk trotz widerlicher Anfeindungen beinahe der ganzen Welt von sich aus zu einem Ganzen sich vereinen konnte."
"344","1999-04-15","Zeitung","Die Zeit, 15.04.1999","""Das russische Volk fühlt sich ausgegrenzt."""
"345","1999-06-02","Zeitung","Die Zeit, 02.06.1999","Schön und gut, denkt das Volk"
"346","1998-06-18","Zeitung","Die Zeit, 18.06.1998","Der grosse Analytiker von Frankreichs Elite kämpft jetzt für das mißachtete kleine Volk"
"347","1990-04-13","Zeitung","Die Zeit, 13.04.1990","Möge dies ohne Schaden für das deutsche Volk und Europa geschehen."
"348","1995-02-03","Zeitung","Die Zeit, 03.02.1995","Wenn Juden im Holocaust das ""Symbol aller Verbrechen"" sehen, ""die an den Völkern der Welt begangen wurden"", machen sie ihnen ihre bisher einzigartige Rolle als ""Christus der Völker"" (so der romantische Nationaldichter Adam Mickiewicz) streitig - der Nation, die stellvertretend für alle anderen leidet, weil sie die Sünden der Welt auf sich vereinigt."
"349","2002-10-02","Zeitung","Die Zeit, 02.10.2002","»Die Maxhütte wird auch morgen und übermorgen noch ein Aushängeschild der bayerischen Wirtschaft sein!«, rief Stoiber damals ins jubelnde Volk."
"350","2001-05-31","Zeitung","Die Zeit, 31.05.2001","Danach enthielt jede Einbürgerung das Versprechen, im Neuankömmling nicht den Angehörigen eines fremden Volkes, sondern vor allem den neuen Mitbürger zu sehen, der sich in seinem Menschentum nicht von den Einheimischen unterscheidet und deshalb ein Recht darauf hat, als Gleicher geachtet zu werden."
"351","1994-03-11","Zeitung","Die Zeit, 11.03.1994","Sie macht eine Aussage, die niemand in Zweifel zieht: ""Als Stimme des Volkes, das muß man ja auch mal sagen, hat man kein großes Interesse mehr an diesem ganzen Theater."""
"352","2000-01-27","Zeitung","Die Zeit, 27.01.2000","Architekten und Kritiker lobten den gläsernen Flachbau, Walter Gropius würdigte ihn als ein »erstklassiges Stück deutscher Architektur, das sehr geeignet ist, vor der Welt den fortschrittlichen Geist des deutschen Volkes zu repräsentieren«."
"353","2001-12-13","Zeitung","Die Zeit, 13.12.2001","Aber eigentlich sollte das Verhältnis eines Volkes zu seiner Währung weder von Stolz geprägt sein noch von Enthusiasmus, sondern einfach ein ganz normales sein."
"354","2004-07-15","Zeitung","Die Zeit, 15.07.2004","Dessen Familie hat Texas im Griff.«Es ist ein Treppenwitz des Wahlkampfes 2004, dass gerade der Aristokrat Bush sich zum Mann des Volkes stilisieren und seinen Kontrahenten als Blaublüter denunzieren kann."
"355","2002-11-28","Zeitung","Die Zeit, 28.11.2002","Wer die Bürger der Bundesrepublik dazu aufruft, mit dem Schlachtruf ""Wir sind das Volk"" zur friedlichen Revolution auf die Straßen zu strömen, begreift nicht, dass es ein ""Volk"" wie jenes, das 1989 in Leipzig und Berlin in Erscheinung trat, in einer komplexen pluralistischen Gesellschaft überhaupt nicht gibt."
"356","1997-10-02","Zeitung","Die Zeit, 02.10.1997","""Schwach ist das Volk"", rief der Professor in die hohe Gruft, ""das seine Niederlage hinnimmt, das vergißt, daß es gesandt worden ist, zu wachen, bis seine Stunde kommt."
"357","1994-02-04","Zeitung","Die Zeit, 04.02.1994","Wegen ihres weltbürgerlichen Wertefundaments ist gerade die Offenheit für Einbürgerung von Menschen anderer Völker und Kulturen im Rahmen des wirtschaftlich und sozial Möglichen von fundamentaler Bedeutung für ihre Glaubwürdigkeit."
"358","1990-06-22","Zeitung","Die Zeit, 22.06.1990","Wenn wir den Zusammenfluß aller Völker in dem heutigen Holland betrachten, die beim Eintritt in sein Gebiet ihre Menschenrechte zurückempfangen, was muß es damals gewesen sein, wo noch das ganze übrige Europa unter einem traurigen Geistesdruck seufzte, wo Amsterdam beinahe der einzige Freihafen aller Meinungen war?"
"359","1997-08-22","Zeitung","Die Zeit, 22.08.1997","Die nationale Idee besteht darin, ein gesundes, starkes Volk zu schaffen."
"360","2002-10-02","Zeitung","Die Zeit, 02.10.2002","Keine DDR-Offerte befriedigte ein Volk, das sich allabendlich an den Schaufenstern von ARD und ZDF delektierte."
"361","1990-11-16","Zeitung","Die Zeit, 16.11.1990","Das Schauspiel wurde dem Volk vorenthalten, wie es überhaupt von den Aktionen seiner Regierung wenig erfährt."
"362","1995-09-08","Zeitung","Die Zeit, 08.09.1995","Diesmal jubelte ihm das geschundene Volk zu."
"363","2004-09-23","Zeitung","Die Zeit, 23.09.2004","Die Elite fürchtet die Verantwortung und zeigt sich zynisch gegenüber dem Volk, dem ein Recht auf Information nicht zugestanden wird."
"364","1998-12-03","Zeitung","Die Zeit, 03.12.1998","Als Partei des Volkes werden wir das Volk über die Zukunft Taiwans in einem Referendum entscheiden lassen."""
"365","1993-10-22","Zeitung","Die Zeit, 22.10.1993","Unser Volk ist ein besonderes Volk."
"366","1992-04-24","Zeitung","Die Zeit, 24.04.1992","""Die Seele unseres ganzen Volkes hat sich verbogen."
"367","2000-07-13","Zeitung","Die Zeit, 13.07.2000","In der Abteilung Glauben werden archäologische Zeugnisse eines sibirischen Volkes gezeigt, das es nicht gibt, sondern das die Erfindung eines - ja was? -Konzeptkünstlers namens Klaus Heid ist."
"368","1997-07-18","Zeitung","Die Zeit, 18.07.1997","Mit Wand- und Maueraufschriften, mit Flugblättern und illegalen Zeitungen wurde die Mehrheit des deutschen Volkes nicht angesprochen."
"369","1991-03-15","Zeitung","Die Zeit, 15.03.1991","Aber was er seinem Volk, allen Arabern und der gesamten Menschheit angetan hat, ist verantwortungslos."
"370","1991-10-25","Zeitung","Die Zeit, 25.10.1991","Polen ist das einzige der vier mitteleuropäischen Reformländer (die ehemalige DDR einmal eingeschlossen), das noch über kein vom Volk gewähltes Parlament verfügt."
"371","2002-01-24","Zeitung","Die Zeit, 24.01.2002","Polizisten prügeln von Pferden aus auf alte Damen ein, die Supermärkte sind geplündert, das Volk geht topfklopfend auf die Straße, und immer wieder gibt es einen neuen Präsidenten."
"372","2000-11-09","Zeitung","Die Zeit, 09.11.2000","Was nun, Männer?Wie kommt es, dass die politische Klasse sie nicht zu den Ihren zählt?Das Volk denkt anders."
"373","2002-09-05","Zeitung","Die Zeit, 05.09.2002","Die mächtigen Metropolen der Antike kommen ihm in den Sinn: ""In der Tat, die moderne Akropolis der modernen Weltstadt!Hat griechische Kunst und Wissenschaft die alte Welt, hat römische Militärmacht die germanischen Völker bezwungen, die amerikanische Geldmacht wird sichtbarer die ganze Welt beeinflussen als die beiden vorgenannten."
"374","1991-02-22","Zeitung","Die Zeit, 22.02.1991","Diese sind zugleich Betsaal für ein viel zu rasch gewachsenes, viel zu junges Volk, dessen Hoffnungen der Staat und die Wirtschaft nie einlösen können."
"375","1998-03-19","Zeitung","Die Zeit, 19.03.1998","Schäuble findet deshalb auch, die Abgeordneten seien nicht basisfern, oft seien sie dem Volk ""zu nah""."
"376","1992-06-12","Zeitung","Die Zeit, 12.06.1992","Sie ist außer sich und sagt unter Tränen, die Regierung lasse auf das Volk schießen."""
"377","2003-02-20","Zeitung","Die Zeit, 20.02.2003","begründet sozusagen das ""Urvertrauen"", auf dem John Rawls, der jüngst verstorbene eminente amerikanische Philosoph der Gerechtigkeit, seine Argumentation für ein Recht der Völker aufbaut."
"378","1992-06-05","Zeitung","Die Zeit, 05.06.1992","Bohr hat es offenbar für unmöglich gehalten, daß hier die Physiker aller Völker sich sozusagen gegen ihre Regierungen verbinden; er hat mir auch im vergangenen Sommer [1947] gesagt, daß er auf diesen Punkt nicht habe eingehen wollen und daß er daher meine Frage mehr als eine indirekte Information über den Stand unserer Kenntnisse aufgefaßt habe."
"379","1993-04-02","Zeitung","Die Zeit, 02.04.1993","Der Zar mußte es geschehen lassen, daß diese Phantasmagorie von der spitzen Feder Metternichs zu einer Magna Charta der Unterdrückung der Völker, freilich auch erst zum praktikablen Instrument einer restaurativen gesamteuropäischen Innenpolitik zurechtgestutzt wurde."
"380","1998-09-10","Zeitung","Die Zeit, 10.09.1998","Das Volk wird Boris Jelzin stürzen."""
"381","1991-05-24","Zeitung","Die Zeit, 24.05.1991","Prinz Philip von Schleswig-Holstein-Sonderburg-Glücksburg, so sein Geburtsname, oder Prinz Philip von Battenburg, als der er bekannt wurde (der Zuname seiner Mutter), oder Philip Mountbatten, wie er vom britischen Volk genannt wird, würde sicherlich einige Blessuren aus Kelleys spitzem Kugelschreiber davontragen."
"382","1999-11-11","Zeitung","Die Zeit, 11.11.1999","""Sehen Sie es nur als ein kleines Zeichen meiner persönlichen und der Dankbarkeit des deutschen Volkes an, wenn ich in seinem Namen versuche, Ihnen bei der Gestaltung Ihres privaten Lebens etwas behilflich zu sein."""
"383","1991-09-13","Zeitung","Die Zeit, 13.09.1991","Bestand könne nur eine Lösung haben, die ""von allen jugoslawischen Völkern akzeptiert wird und die deren jeweiligen Interessen respektiert""."
"384","2004-09-09","Zeitung","Die Zeit, 09.09.2004","»Wir wollen, dass die in Dehli im Interesse des Volkes regieren."
"385","1990-11-02","Zeitung","Die Zeit, 02.11.1990","Wir sind das Volk Gottes!"
"386","1997-06-27","Zeitung","Die Zeit, 27.06.1997","Nur gerade vier von 234 (regimetreuen!)Kandidaten wurden vom ""geistlichen Oberhaupt"" Khamenei für würdig befunden, sich dem Volk als Präsident zur Wahl zu stellen."
"387","1993-04-23","Zeitung","Die Zeit, 23.04.1993","In Offenbach will er nun ""Politik im Sinn des Volkes"" machen:"
"388","2000-03-02","Zeitung","Die Zeit, 02.03.2000","Dass Hexentanz und Mummenschanz selbst jenseits der Theaterbühne die Welt bedeuten, weiß auch der Ethnologe Karl-Ferdinand Schaedler, seit er auf zahlreichen Exkursionen durch Zeit und Raum die Zweitgesichter der Völker erforschte."
"389","1996-05-03","Zeitung","Die Zeit, 03.05.1996","Für sie wurde die Große Halle des Volkes zum Wartesaal."
"390","1990-05-11","Zeitung","Die Zeit, 11.05.1990","Mehr als wohl irgendein anderes Land dieser Erde ist Haiti zu einem Beispiel dafür geworden, wie sich das politische, wirtschaftliche und gesellschaftliche Gefüge eines Volkes verändert, wenn die Menschen ihre Umwelt zerstören."
"391","1991-11-22","Zeitung","Die Zeit, 22.11.1991","Die Ursachen dieses Scheiterns sind nicht nur im Widerstand des Volkes in Moskau und anderen Städten oder in bestimmten Handlungen der russischen Führung während des Putsches zu suchen, sondern in den Entwicklungen, die seit 1985 unter dem Begriff Perestrojka in der Sowjetunion eingeleitet wurden:"
"392","1993-09-03","Zeitung","Die Zeit, 03.09.1993","Der Autor rekapituliert nicht nur die Geschichte der Demokratie zwischen Athen und der Französischen Revolution und ihren europäischen Aufbruch im 19. Jahrhundert; er unternimmt auch den Versuch, die Rolle der einzelnen Völker im Prozeß der Demokratisierung bis in unsere Tage nachzuzeichnen."
"393","1995-02-17","Zeitung","Die Zeit, 17.02.1995","""Ein Volk wird lautlos ausgelöscht"""
"394","1997-11-14","Zeitung","Die Zeit, 14.11.1997","Manches ist direkt in den Zitatenschatz des Volkes übergegangen, unvergängliche Merkverse wie ""Die schärfsten Kritiker der Elche / waren früher selber welche"" oder ""Lieber Gott, nimm es hin, / daß ich was Besond'res bin""."
"395","1994-01-07","Zeitung","Die Zeit, 07.01.1994","""Volk jeglicher Art rennt zum Strand."
"396","1999-02-11","Zeitung","Die Zeit, 11.02.1999","Ein ganzes Volk hat sich eingerichtet in der Topographie des gespaltenen Daseins."
"397","2002-03-21","Zeitung","Die Zeit, 21.03.2002","Nein, solchen Klischees wollte der Kanzler, der mit dem Ohr nah am Volk regiert, keine Angriffsflächen bieten - und fand sich in den Gründen für diese Vorsicht alsbald bestätigt."
"398","2004-09-02","Zeitung","Die Zeit, 02.09.2004","Warum glaubt ein für die gegenwärtige Politik so wichtiger Mann wie er, nur mit so viel Finessen und Tricks durchzukommen?Denkt etwa der Politiker Müntefering ähnlich schlecht über das Volk wie das Volk über die Politiker?"
"399","2003-11-06","Zeitung","Die Zeit, 06.11.2003","Volk drängelt, Kinder präsentieren Luftballons."
"400","1994-11-04","Zeitung","Die Zeit, 04.11.1994","Wenn wirtschaftliche Konkurrenten sich auf Regeln des Wettbewerbs verständigen oder ihre Reibereien überwinden können - warum soll ähnliches nicht auch zwischen rivalisierenden Völkern möglich sein?"
"401","1999-12-16","Zeitung","Die Zeit, 16.12.1999","Die Parlamentswahl am 19. Dezember wird in den russischen Regionen entschieden, also in den Revieren der vom Volk gewählten Gouverneure."
"402","1991-03-15","Zeitung","Die Zeit, 15.03.1991","Winfried Bartnick nämlich verlegt seit zehn Jahren die berüchtigten, von der Buchbranche nur mäßig geschätzten Werner-Comics, die er mittlerweile mehr als 4,8millionenmal unter das wernerhörige Volk bringen konnte und deren Verfilmung zum größten deutschen Kinohit der vergangenen Monate geriet."
"403","1996-05-31","Zeitung","Die Zeit, 31.05.1996","Beim Kerzenkrieg von Sofia dagegen geht es, glaubt man den beiden rivalisierenden Synoden der orthodox-bulgarischen Kirche, um das Seelenheil des gesamten bulgarischen Volkes."
"404","2000-12-14","Zeitung","Die Zeit, 14.12.2000","Sie sind mit der Geschichte und den Traditionen von Nation und Volk besser vertraut als mit deren oft chaotischer Gegenwart."
"405","2002-03-21","Zeitung","Die Zeit, 21.03.2002","Eine andere Idee, die sich ebenfalls großer Beliebtheit erfreut, ist die Trennung der beiden Völker in getrennte Staaten."
"406","1997-05-16","Zeitung","Die Zeit, 16.05.1997","""Du sollst mich anschauen, Volk, wenn ich noch zu dir spreche - oder weißt du nicht einmal mehr, was schön ist?"""
"407","1993-05-28","Zeitung","Die Zeit, 28.05.1993","Er sei ihm, wie er sagte, ""gemüthlich schwer"", aber er habe ihn ""für eine heilige Pflicht gegen das deutsche Volk"" gehalten."
"408","1992-09-25","Zeitung","Die Zeit, 25.09.1992","Jedem sein Herrgottswinkel, wo sie sich schunkelnd und grölend im Volk einmischen"") und zum Schluß kommt: ""Das Gemeinsame ist der Schrecken"", kuscheln sich die Smoking-Männer hilfeheischend an die Brüste ihrer Tanz-Muttis."
"409","1996-04-26","Zeitung","Die Zeit, 26.04.1996","Für ratlose, verwirrte Menschen war dies eine Versuchung - vor allem für ein autoritätsgläubiges Volk wie die Deutschen."
"410","1996-06-21","Zeitung","Die Zeit, 21.06.1996","Das diagnostische Auge starr auf die Deutschen und die Völker Europas gerichtet, formulierte Dirks das Verdikt, sie hätten ""die Aufgabe nicht gelöst, die ihnen gestellt war: nach dem Zusammenbruch der alten Welt eine menschlichere aufzubauen."
"411","1999-12-02","Zeitung","Die Zeit, 02.12.1999","zeit: Sie sagen nun: Wollt ihr diesen Raubbau stoppen, dann gebt den Amazonas zurück an die Indios, an die indigenen Völker?"
"412","1994-12-16","Zeitung","Die Zeit, 16.12.1994","Hatte aber nicht bei den März-Wahlen das Volk selbst die ""revolutionäre"" Wende vollbracht?"
"413","1992-06-12","Zeitung","Die Zeit, 12.06.1992","Vorbei sind die Zeiten, in denen man - wie Masaryk einmal formulierte - nur auf dem Misthaufen zu stehen und die Peitsche zu schwingen brauchte, um ein Volk zur ""Räson"" zu bringen."
"414","1994-03-04","Zeitung","Die Zeit, 04.03.1994","Die sogenannte Aufarbeitung der Nazivergangenheit konnte in einem Volk nicht gelingen, schreibt Hannah Arendt, ""in welchem die Linie, die Verbrecher von normalen Menschen, Schuldige von Unschuldigen trennt, so effektiv verwischt worden ist, daß morgen niemand in Deutschland wissen wird, ob er es mit einem heimlichen Helden oder einem ehemaligen Massenmörder zu tun hat."""
"415","1990-09-14","Zeitung","Die Zeit, 14.09.1990","Schilder werben um Unterstützung, handgemalt und alle Jahre wieder zu klein für die großen Anliegen (""Die PLO ist d. einz. leg. Vertret. des palästinen. Volkes"")."
"416","2001-07-26","Zeitung","Die Zeit, 26.07.2001","Gegen ihre chauvinistischen Auswüchse sind auch die kleinsten Völker nicht gefeit - und doch hat es sie immer gegeben, selbst in Unrechtsstaaten und manchmal ein halbes Jahrtausend hindurch: die kulturelle Selbstbehauptung ohne drohendes Muskelspiel - auch vonseiten der Majorität -, den geduldeten, mitunter geschätzten Eigensinn friedlicher Minderheiten, deren Lebensräume zumeist nicht umfänglicher sind als ein Stecknadelkopf auf der europäischen Landkarte."
"417","1997-11-28","Zeitung","Die Zeit, 28.11.1997","Lassen sich Killerviren auf bestimmte Völker abrichten?"
"418","2001-01-25","Zeitung","Die Zeit, 25.01.2001","So hatte das Volk ihn nie zu Gesicht bekommen."
"419","1990-08-10","Zeitung","Die Zeit, 10.08.1990","Deswegen müssen Verfassungen aus einer öffentlichen Diskussion hervorgehen, die nicht stellvertretend für das Volk von den Herrschenden geführt werden kann."
"420","1997-04-25","Zeitung","Die Zeit, 25.04.1997","Schon am 20. September 1956 äußerte sich Adenauer intern, es sei ""unerträglich"", daß ""zwei große Staaten in der Welt allein im Besitz von nuklearen Waffen sind und damit das Schicksal aller Völker dieser Erde in der Hand haben""."
"421","1990-07-20","Zeitung","Die Zeit, 20.07.1990","In diesen chaotischen Tagen hatte sich der Präsident in die Kathedrale zurückgezogen, wo er ""fastete"", ""aus Mitgefühl für das einfache Volk, das Hunger leidet"", und um ""vergeistigter auszusehen""."
"422","1990-02-02","Zeitung","Die Zeit, 02.02.1990","""Wir sind das Volk!"""
"423","1996-10-04","Zeitung","Die Zeit, 04.10.1996","""Während die Autoritäten immer dicker werden, wird das Volk immer dünner"", hat der russische Historiker Wassilij Kljucewskij bereits im 19. Jahrhundert geschrieben."
"424","1997-04-11","Zeitung","Die Zeit, 11.04.1997","Dabei ist der journalistische Berufsstand beim Volk ähnlich verrufen wie der des Politikers.Es kommt Bell zugute, daß er kein Boulevardreporter ist, der im Privatleben der Royals herumschnüffelt.Der 58jährige ist ein hoch respektierter Veteran vieler Kriege und Konflikte."
"425","1991-02-22","Zeitung","Die Zeit, 22.02.1991","""Das türkische Volk sollte nie vergessen, daß wir eine Nation von Kriegern sind."""
"426","1998-10-22","Zeitung","Die Zeit, 22.10.1998","Wer Europa ablehnt und die Nation hochhält, mag einen Teil des Volks verführen, wird die Rechte aber ihrer modernsten Elemente berauben."
"427","1991-10-11","Zeitung","Die Zeit, 11.10.1991","Die richtige Währung wird frühestens in einem halben Jahr unters Volk gebracht."
"428","2003-02-27","Zeitung","Die Zeit, 27.02.2003","""Obgleich er seine Aufgabe als Führer der Partei und des Volkes in vollendeter Kunst meisterte ..., ließ Stalin es niemals zu, dass diese durch den leisesten Schatten von Eitelkeit, Hochmut oder Eigenlob beeinträchtigt wurde."""
"429","1995-10-13","Zeitung","Die Zeit, 13.10.1995","Jeden Tag stopft das Volk sich hier die Kartoffelernte von fünfzehn Hektar Ackerland in der Form von Chips in den Mund."
"430","1992-05-08","Zeitung","Die Zeit, 08.05.1992","""Was sich auf und unter jenem klassizistischen, endlich offenen Bauwerk ereignete, was Schlag zwölf, als ein blutiges, bis zum Schluß waffenklirrendes Jahrzehnt verging, urplötzlich losbrach, was dann, kaum hatte das neue Dezennium, das ich mit Bangen und Hoffnung beginnen sah, unwiderruflich begonnen, als Gebrüll seinen Anfang nahm - denn das Volk war in Berlin und anderswo wie losgelassen - all das hat eine auflagenstarke Zeitung, die unserem Volk täglich zuspricht, auf ein einziges Schlagzeilenwort gebracht:"
"431","1992-11-06","Zeitung","Die Zeit, 06.11.1992","Eine derartige Wettbewerbsordnung, so schreibt er 1947 in einem Gutachten, sei notwendig für die Demokratie, ""weil in ihr durch den Konsumenten, d. h. durch das Volk in alltäglicher Abstimmung der Wirtschaftsprozeß - durch die Preisbildung hindurch - gelenkt wird""."
"432","1994-01-14","Zeitung","Die Zeit, 14.01.1994","Wichtiger aber ist es, zwischen den beiden feindlichen, verfeindeten Völkern Aussöhnung zu schaffen, auf der Basis einer gemeinsamen politischen, wirtschaftlichen und sicherheitspolitischen Zukunft."
"433","1998-02-20","Zeitung","Die Zeit, 20.02.1998","Sie deutet eine Wende im Leben der Völker an, und nicht nur zahllose Menschen, sondern auch vieles, was uns im Innersten bewegte, muß sterben bei diesem Übergang."
"434","1991-07-19","Zeitung","Die Zeit, 19.07.1991","Nachdem die Araber Palästinas sich 1936 mit einem Aufstand gegen Briten und Juden auf einen Kurs des Alles-oder-nichts festgelegt hatten, verfielen die Briten auf eine dem Anschein nach salomonische Lösung: die Teilung des Landes zwischen den zwei streitenden Völkern."
"435","1991-10-11","Zeitung","Die Zeit, 11.10.1991","Selbstkritisch haben einige erkannt, daß der religiöse Durst des Volkes nicht durch politisches Engagement allein gestillt werden kann."
"436","1993-06-11","Zeitung","Die Zeit, 11.06.1993","Gibt es nichts Besseres, was auch unsere politische Arbeit in Bonn für das Volk kennzeichnet?"
"437","2002-10-31","Zeitung","Die Zeit, 31.10.2002","Foto: [M] Stefan Volk/ aus: Neuland Europa - Sechs Wege nach Brüssel, Arnoldsche"
"438","2003-02-27","Zeitung","Die Zeit, 27.02.2003","4. John Rawls: Das Recht der Völker"
"439","2002-02-21","Zeitung","Die Zeit, 21.02.2002","In ihrem offenen Brief vom Januar, unter dem mittlerweile mehr als 230 Unterschriften stehen, erklären die Reservisten, dass sie ""nicht mehr jenseits der Grenzen von 1967 kämpfen werden, mit dem Ziel, ein ganzes Volk zu beherrschen, zu vertreiben, auszuhungern und zu demütigen."
"440","1995-06-23","Zeitung","Die Zeit, 23.06.1995","Die Vereinten Nationen sind nach wie vor als einziges universelles Forum der Völker völlig unentbehrlich."
"441","1998-02-20","Zeitung","Die Zeit, 20.02.1998","Wir dürfen dabei jedoch nicht die weitverbreitete und schamlos ausgenutzte panische Angst arabischer Völker vor Israels Atombomben aus den Augen verlieren."
"442","1998-03-19","Zeitung","Die Zeit, 19.03.1998","Zehn Jahre lang teilt er das Elend seines Volkes."
"443","1996-04-05","Zeitung","Die Zeit, 05.04.1996","Der eher zufällig die Erschießungsszene vom ""3. Mai 1808"" malte (tatsächlich war das Bild eine Erinnerung an den Aufstand des spanischen Volkes gegen die französische Besatzung, mit der sich Goya 1814 beim neuen Monarchen Ferdinand VII. um eine Geldzuwendung bewarb) und der seinen berühmten ""Koloß"" vielleicht nur wegen des Esels erfunden hat, der als einziges Wesen stur stehenbleibt, wenn alle anderen um ihn in wilder Panik fliehen."
"444","1993-02-26","Zeitung","Die Zeit, 26.02.1993","Die längste Rezession seit den dreißiger Jahren und der hausbackenste Premierminister einer langen Geschichte spalten das Volk in Täter und Opfer."
"445","1998-08-20","Zeitung","Die Zeit, 20.08.1998","Gibt es ein bockigeres Volk als das deutsche?Seit Jahren versuchen Politiker den Bürgern einzubleuen, daß die staatliche Rente künftig nicht mehr ausreichen wird."
"446","1998-12-03","Zeitung","Die Zeit, 03.12.1998","Im Volk macht ihn gerade seine Distanz zu den Herrschenden so populär."
"447","1991-11-08","Zeitung","Die Zeit, 08.11.1991","""Einzelne werden vernichtet werden, aber das jüdische Volk wird weiterleben."
"448","2002-02-14","Zeitung","Die Zeit, 14.02.2002","Hierin soll das Volk sich selbst - und will der Staat das Volk erkennen."
"449","1995-10-06","Zeitung","Die Zeit, 06.10.1995","Das gedemütigte Volk erhob in seiner Verzweiflung auch meinen Freund XY wieder einmal in die Rolle des pflichtbewußten Märtyrers und des intellektuellen Messias; das Volk vergab uns unsere Sünden aus der Zeit, als wir unsere Mitbürger auf stalinistischen Irrwegen zum absoluten Glück im Kommunismus führen wollten, so wie auch wir dem Volk seine Sünden und seine Resignation nach dem August 1968 vergaben."
"450","1993-12-17","Zeitung","Die Zeit, 17.12.1993","Neben ihnen aber auch viele arabische Regime, die zwar wortgewaltig die Befreiung Palästinas fordern, denen aber das Schicksal des palästinensischen Volkes gleichgültig ist und die insgeheim einen zusätzlichen arabischen Staat zu verhindern trachten."
"451","2004-09-09","Zeitung","Die Zeit, 09.09.2004","Das Volk marschiert noch nicht - wie Montag für Montag eine gewerkschaftlich mobilisierte und pastoral erweckte Minderheit im deutschen Osten."
"452","2002-06-13","Zeitung","Die Zeit, 13.06.2002","Die ursprünglich rein faktische Feststellung, die Parteien wirkten an der Willensbildung des Volkes mit, wurde zu einer nahezu grenzenlosen Ermächtigungsnorm ausgeweitet."
"453","2004-07-15","Zeitung","Die Zeit, 15.07.2004","Was dies für die Psyche unseres ohnehin von Minderwertigkeitsgefühlen nicht ganz freien Volkes bedeutet, mögen die Herren Wolfgang Schmidbauer, Hans-Joachim Maaz und Klaus Theweleit entscheiden."
"454","1994-12-02","Zeitung","Die Zeit, 02.12.1994","Sie trug seinen Namen und war ursprünglich gedacht als eine Stätte der Forschung über die Nachwirkungen der Antike auf die Völker des Mittelalters und der Neuzeit."
"455","1995-09-01","Zeitung","Die Zeit, 01.09.1995","Theoretisch erzielten die Juristen dahingehend Übereinstimmung, daß sie das Völkerrecht als einen Corpus von Rechtsregeln interpretierten, die vornehmlich aus dem Christentum heraus, wenn nicht gar ausschließlich für christliche Völker geschaffen und sanktioniert worden seien."
"456","1999-04-29","Zeitung","Die Zeit, 29.04.1999","Das Volk besuchte die Kuppel und auch sich selbst."
"457","1993-05-14","Zeitung","Die Zeit, 14.05.1993","Sie wiesen das so leidenschaftlich und intelligent aufbrausende Volk barsch in die Schranken."
"458","1997-05-23","Zeitung","Die Zeit, 23.05.1997","Also, an die Arbeit, Europa!Nur wie?Maastricht, das Reizwort Europas, scheint den Völkern ja gerade das Gegenteil einzubleuen: Sparen, kürzen, entlassen."
"459","1992-02-07","Zeitung","Die Zeit, 07.02.1992","Zuerst warfen die Völker Osteuropas ihre kommunistischen Herren aus den Sätteln."
"460","1998-12-03","Zeitung","Die Zeit, 03.12.1998","""Hitler ist dabei, das deutsche Volk zu dressieren (so wie Stalin das russische dressiert), und es handelt sich um eine Zäsur, deren Ziel nichts Traditionelles an sich hat.""Es entging ihm nicht, daß die uniformierten Kinder des Regimes glücklich sind:"
"461","1992-10-23","Zeitung","Die Zeit, 23.10.1992","Das Volk, gehätschelt als Zuschauer bei höfischen Festen, hatte das Nachsehen."
"462","1994-03-25","Zeitung","Die Zeit, 25.03.1994","Deutschland und Frankreich bilden zusammen im Europa der Zukunft, im Europa romanischer, germanischer und slawischer Völker, das unentbehrliche Scharnier zwischen Nord und Süd, West und Ost."
"463","2001-11-08","Zeitung","Die Zeit, 08.11.2001","Manfred Gailus: ""Für Gott, Volk, Blut und Rasse"", ZEIT Nr. 44"
"464","2002-11-14","Zeitung","Die Zeit, 14.11.2002","Wenn Handke wie ein ""Sehdenker"" mit erschütternd genauem Blick über einen Film von Abbas Kiarostami schreibt, zergeht ihm das Wort ""Volk"" wie Schmelz auf der Zunge, obwohl der iranische Regisseur gerade davon erzählt, dass wir auf vieles hoffen dürfen, aber nicht mehr auf die Einheit des ""Volkes"" und den Schatz seiner Überlieferungen, der oft mehr von geschichtlicher Gewalt erzählt als von ewigem Sinn."
"465","1996-05-31","Zeitung","Die Zeit, 31.05.1996","Denn wie die Finger einer Hand nicht alle gleich sind, so sind nicht alle Menschen eines Volkes gleich gut oder gleich schlecht."
"466","2003-02-20","Zeitung","Die Zeit, 20.02.2003","Todenhöfer hält es für unklug, ""wenn die USA auf die Interessen anderer Völker und das Völkerrecht immer weniger Rücksicht nehmen""."
"467","1997-10-17","Zeitung","Die Zeit, 17.10.1997","Das alte Vorurteil gegenüber den Juden als dem Volk der ""Gottesmörder"" und ""Wucherer"" blieb in breiten Bevölkerungsschichten, nicht zuletzt den katholischen, bis ins 20."
"468","1993-01-22","Zeitung","Die Zeit, 22.01.1993","Je stärker der äußere Druck auf das irakische Volk wird, um so stärker treibt man es in die Arme seiner Führung und macht es glauben, die Ursache allen Elendes liege in der fremden Übermacht."
"469","1993-03-19","Zeitung","Die Zeit, 19.03.1993","""Das Volk war in einem Rausch, die Abgeordneten ebenfalls, der Reichspräsident wachsbleich."
"470","2002-11-14","Zeitung","Die Zeit, 14.11.2002","Die Politiker sind die eigentlichen Feinde des Volkes"
"471","2001-03-08","Zeitung","Die Zeit, 08.03.2001","Die damalige Sowjetunion und Kuba standen hinter dem Movimento Popular de LibertaçÆo de Angola (MPLA), dessen Anhänger sich aus Angolas kleiner urbaner Mittelschicht, der marxistischen Intelligenzija und dem rund um Luanda angesiedelten ethnischen Volk der Mbundu rekrutierten."
"472","1990-01-19","Zeitung","Die Zeit, 19.01.1990","Und so ganz unberechtigt ist auch der Vergleich der Demonstranten nicht - man muß nur einmal die großdeutsche Karte studieren, die die Republikaner unters Volk bringen."
"473","1994-09-23","Zeitung","Die Zeit, 23.09.1994","Die weltweite Vermarktung, die Haring selbst mit seinen ""Pop Shops"" kräftig ankurbelte, um seine großen Anliegen unters Volk zu bringen, hat die Inhalte seiner Zeichen überflüssig und unerwünscht werden lassen."
"474","2000-12-20","Zeitung","Die Zeit, 20.12.2000","Schon früher verglich sich Fischer mit Moses, als er für sein grünes Volk das Meer teilte, um es ins gelobte Land der Regierungsbeteiligung zu führen."
"475","1992-03-27","Zeitung","Die Zeit, 27.03.1992","Aber es ist außer jedem Zweifel, daß diese Reaktion von den Serben provoziert wurde, die in den zwanzig Jahren des gemeinsamen Lebens in Jugoslawien alle Rechte des kroatischen Volkes verletzt haben."""
"476","1996-07-19","Zeitung","Die Zeit, 19.07.1996","Wir sind ein Volk!"
"477","1995-09-01","Zeitung","Die Zeit, 01.09.1995","Lange belieferte nur die PDS ihr Volk bedarfsgerecht mit Ost-Stolz statt mit Einheitsliturgie."
"478","1990-09-21","Zeitung","Die Zeit, 21.09.1990","Aber es schließt aus, daß dieses Volk für sich das Vertrauenskapital in Anspruch nimmt, das eine Führungsrolle erfordert."
"479","1999-10-28","Zeitung","Die Zeit, 28.10.1999","Für die Könige, Reisbauern und Fischer aus den Küstenregionen waren sie ganz einfach nur die moi - Wilde: die Völker der Truong-Son-Bergkette im Süden Vietnams."
"480","1995-05-19","Zeitung","Die Zeit, 19.05.1995","Die Politik sollte vor allem sie wahrnehmen, die für alle Angehörigen unserer beiden Völker den Weg ebnen."
"481","1994-11-04","Zeitung","Die Zeit, 04.11.1994","""Ich glaube nicht, daß wir in einem Jahrhundert, wo das Radio und die Schlagzeilen der Zeitungen Ausrottungen und Verhungerungen ganzer Völker, Verbrechen im Großen und Kleinen die Wohnstube heimsuchen, die Kinder noch hinter einem Gartenhag halten können und daß wir ihnen beizeiten, ohne zu starke Desillusination, den Weg weisen müssen, wie sie durch das moderne Dschungel einer aufgelösten Welt kommen können "" Immer wieder wird der Mangel an Klassikern in der deutschen Kinder- und Jugendliteratur beklagt."
"482","2003-09-11","Zeitung","Die Zeit, 11.09.2003","Aber es ist unfair, zu pauschalisieren und ein Volk nur seinem Aussehen nach zu beurteilen, weil so jedes Volk natürlich schlecht aussehen würde."
"483","2001-12-13","Zeitung","Die Zeit, 13.12.2001","Es gab Staaten, die ihre Gesellschaften ausbeuteten, und Völker, die ihren Staat ausnahmen."
"484","1992-02-28","Zeitung","Die Zeit, 28.02.1992","""Bis heute haben sie keine große Literatur über die Schuldfrage des deutschen Volkes während der Zeit des Dritten Reiches und während der Zeit der DDR hervorgebracht."
"485","1996-03-08","Zeitung","Die Zeit, 08.03.1996","Das revolutionäre Prinzip des Selbstbestimmungsrechts der Völker erschien den Strategen im Bundestag als Allheilmittel, um Konflikte in Osteuropa zu verhüten."
"486","2003-11-20","Zeitung","Die Zeit, 20.11.2003","Rehberg wollte das Volk nicht stärken, indem er es amüsierte und zerstreute, sondern indem er es bei seiner Ehre packte, beim Todestrieb."
"487","1998-12-30","Zeitung","Die Zeit, 30.12.1998","Daß sich im Einzugsbereich der großen internationalen Organisationen, bei der neuen Elite der globalen Ressourcenmanager, der knowledge brokers und Katastrophensimulatoren, eine Art Esperanto gemeinsamer Weltdeutungen herausbildet, wollen wir gerne glauben - nicht jedoch, daß dieses Esperanto gleich zur Muttersprache aller Völker wird!Die große Zahl der UN-Beamten, die außerhalb des Westens regelmäßig bedroht, entführt und oft genug auch ermordet werden, spricht eine deutliche Sprache."
"488","2000-07-13","Zeitung","Die Zeit, 13.07.2000","Das Volk für Derek Brushett."
"489","1998-06-25","Zeitung","Die Zeit, 25.06.1998","Sein Zarathustra geht aus der Einsamkeit der Berge hinunter in die Ebene, um dem Volk vom ""Übermenschen"" zu künden."
"490","2000-02-24","Zeitung","Die Zeit, 24.02.2000","""Dem Deutschen Volke""."
"491","2001-11-29","Zeitung","Die Zeit, 29.11.2001","Die sechs Bücher fügen sich zum Geschichtenteppich aus wechselnden und wiederkehrenden Ornamenten und entfalten den Schöpfungsmythos dieses überschaubaren, aber keineswegs engen Reiches, wo es ein blaues, grünes, gelbes und rosa Land gibt, das Volk der Springer, den Palast der Füchse, die unterirdischen Erzgräber."
"492","1994-09-23","Zeitung","Die Zeit, 23.09.1994","Wenn nach der jetzt eingeleiteten Teilprivatisierung die 7,6 Millionen Aktien zum Ausgabekurs von 160 Mark sowie weitere zwei Millionen Altaktien des Mehrheitsaktionärs Bundesrepublik unters Volk gebracht sind, sinkt der Staatsanteil auf rund 36 Prozent."
"493","1992-06-05","Zeitung","Die Zeit, 05.06.1992","""Wie faul darf eine Ministerin (24623 Mark) sein?"" fragte sogleich auf seiner Titelseite Bild und startete eine Telephonumfrage, bei der das arbeitende Volk zu Worte kommen sollte."
"494","1995-01-06","Zeitung","Die Zeit, 06.01.1995","Weder Volk noch Politiker haben Erfahrung mit der Demokratie."
"495","1991-09-20","Zeitung","Die Zeit, 20.09.1991","Kommentarlos schickte der Papst den Brief ins Archiv ... Dorthin würde der ganze Fall Tiso ohnehin bald gehören - so wie ein ganz anderer Brief, in dem sogar der päpstliche Zeremonienmeister, Monsignore Carlo Respighi, am 10. Mai 1943 bitter beklagt hatte, daß man bislang vergebens ""ein starkes feierliches Wort des Heiligen Vaters zur Verteidigung der Menschlichkeit"" erwarte; die Völker seien ""angewidert [disgustate] vom Schweigen und der öffentlichen Tatenlosigkeit des Heiligen Stuhls"", denn seine offenkundig erfolglose diplomatische Aktivität beruhige nicht die Gemüter."
"496","2000-03-16","Zeitung","Die Zeit, 16.03.2000","Robert Leicht: ""Wir sind das Volk"", ZEIT Nr. 9"
"497","2003-11-06","Zeitung","Die Zeit, 06.11.2003","""Die Rohstoffe Russlands gehören dem russischen Volk."
"498","2001-01-25","Zeitung","Die Zeit, 25.01.2001","Am Ende wird man aus dem verzweiflungsvollen, ewigen Debakel der Menschheit in die Hoffnung entlassen, mit der ermunternden Nachricht, dass immer mehr Menschen endlich, endlich dabei seien zu lernen, ""auch mit Menschen anderer Völker, anderer Klassen und anderen Geschlechts in Frieden zusammenzuleben""."
"499","1991-07-19","Zeitung","Die Zeit, 19.07.1991","Schwerin beurteilt den Ansporn für den Widerstand an anderer Stelle wie folgt: ""Was sie letztlich in den Hochverrat trieb, war auf der einen Seite die berufliche Verantwortung ... und viel entscheidender andererseits ihr Selbstverständnis, als Mitglieder einer traditionellen Elite zu einer besonderen Verantwortung für das deutsche Volk berufen zu sein."""
"500","2001-05-23","Zeitung","Die Zeit, 23.05.2001","Das biedere Volk von Paris hatte so Gelegenheit, sich davon zu überzeugen, daß die handliche Präzisionsmaschine, die der Scharfrichter bedient, sich ebenso gründlich vom historischen Fallbeil unterschied wie etwa ein Düsenjäger von der Flugmaschine der Brüder Wright."
