"No.","Date","Genre","Bibl","Hit"
"1","1989-10-27","Zeitung","Die Zeit, 27.10.1989","Er hat bei seinen Überlegungen über das deutsche Problem die Begriffe Einigung und Wiedervereinigung nicht in den Mund, genommen Statt dessen sprach er von ""Aussöhnung"", auf die das deutsche Volk ein Recht habe."
"2","1987-11-06","Zeitung","Die Zeit, 06.11.1987","Es ist ein Kampf des Staates gegen das Volk."
"3","1977-04-15","Zeitung","Die Zeit, 15.04.1977","Die Juden gaben die Hoffnung auf eine Änderung ihrer Lage und künftige Unabhängigkeit niemals auf und waren immer der Überzeugung, daß ihrem Volk eine große Zukunft bevorstehe."
"4","1974-09-06","Zeitung","Die Zeit, 06.09.1974","Auf den guten Willen der Welt, der ihr Volk bisher vor einer Hungerkatastrophe bewahrt hat, nahm die indische Ministerpräsidentin diesmal sowenig Rücksicht wie bei der Zerschlagung Pakistans."
"5","1971-10-15","Zeitung","Die Zeit, 15.10.1971","In den fünfziger Jahren entstand in den Beziehungen zwischen China und Japan ein Unikum: die Diplomatie von ""Volk"" zu ""Volk"", kurz ""Volksdiplomatie""."
"6","1975-02-07","Zeitung","Die Zeit, 07.02.1975","Das Volk wird in den Wahlen seine Haltung definieren, und die MFA wird garantieren, was das Volk Portugals will."""
"7","1985-10-25","Zeitung","Die Zeit, 25.10.1985","""Das Volk von Ciempozuelos unterstützt den gerechten Kampf des palästinensischen Volkes Ferner fand ich den Saal des Königreichs der Zeugen Jehovas, der neben einer kleinen Diskothek untergebracht war."
"8","1989-06-30","Zeitung","Die Zeit, 30.06.1989","Mit ihrer Technik des schnellen Vorstoßes und des ebenso schnellen Rückzugs, mit ihrem Bandenkrieg aus dem Hinterhalt, gelten sie als die Vorläufer der im Volk so beliebten Heiducken und Uskoken aus den Befreiungskämpfen des 19. Jahrhunderts, die man ihrerseits wieder als Vorläufer der Partisanen des Zweiten Weltkrieges ansehen kann."
"9","1986-12-12","Zeitung","Die Zeit, 12.12.1986","In diesem Garten herrschte der Zwergenkönig Laurin über ein Volk kleiner Leute, das unermeßliche Schätze besaß."
"10","1970-08-14","Zeitung","Die Zeit, 14.08.1970","Gott war auch dann gerecht, wenn er sein Volk peinigte."
"11","1989-01-27","Zeitung","Die Zeit, 27.01.1989","Was für ein Volk sind wir?"
"12","1976-07-16","Zeitung","Die Zeit, 16.07.1976","Dieser eher wortkarge Mann, der die seltene Begabung hat, auch komplizierte Zusammenhänge einfach und ohne die Fracht unverständlicher Fremdworte darzustellen, hat dieses hohe Amt ja bewußt eingesetzt, um ein Lehrer und Mahner für dieses Volk zu sein, dieses schwierige Volk in seinem geteilten Lande."
"13","1975-04-04","Zeitung","Die Zeit, 04.04.1975","Die entwickelten Völker haben in diesem Prozeß den beispielgebenden Anfang zu machen."
"14","1989-04-21","Zeitung","Die Zeit, 21.04.1989","Manfred George zum Beispiel, der später in New York den ""Aufbau"" gründete, schrieb im April 1937 in der Jüdischen Revue ""In dem Kampf (...) kann es für das jüdische Volk nur eine Stellung geben: die neben dem spanischen Volk, das von denselben Mächten angegriffen wurde, die auch auf den Untergang des jüdischen Volkes sinnen."""
"15","1982-04-02","Zeitung","Die Zeit, 02.04.1982","Wird es Frieden geben in Polen, oder wird, wie in einer griechischen Tragödie, jede Seite ihre Rolle bis zum bitteren Ende spielen - das Volk um der Freiheit und nationalen Selbstverwirklichung willen, die Militärs, dem Gesetz der Ordnung verhaftet, um Schlimmeres zu verhüten?"
"16","1975-12-12","Zeitung","Die Zeit, 12.12.1975","Das Volk ist seinem geistigen Ursprung nach (nicht seinem geschichtlichen nach) ein religiöser Begriff."
"17","1971-03-26","Zeitung","Die Zeit, 26.03.1971","Und da er Film und Politik stets in direkte Beziehung setzt, ergibt sich die Gleichung: Marxismus-Leninismus = Revolution = Film für das Volk / Revisionismus - Verrat = Film gegen das Volk."
"18","1989-01-27","Zeitung","Die Zeit, 27.01.1989","Man weiß es nicht und wird es nie erfahren, weil es das Volk nicht gibt."
"19","1984-12-14","Zeitung","Die Zeit, 14.12.1984","Ich weiß, daß es leicht ist, ein verelendetes Volk mit sechs Millionen Arbeitslosen für sich zu gewinnen, wenn man nur laut genug schreit:"
"20","1985-12-13","Zeitung","Die Zeit, 13.12.1985","Kuronj schreibt zutreffend, ""daß das russische Volk durch den sowjetischen Totalitarismus schwerer leidet als alle anderen Völker""."
"21","1970-03-13","Zeitung","Die Zeit, 13.03.1970","So verschieden diese Kontroversen in verschiedenen Teilen der Welt geartet sein mögen, ihnen allen liegt die Forderung nach einer gerechteren Aufteilung der Früchte des Fortschritts unter den einzelnen Menschen und Völkern zugrunde."
"22","1982-09-03","Zeitung","Die Zeit, 03.09.1982","Auch als Briefschreiber ist Jean Paul primär Autor - und zwar jener phantastisch gefühlvolle Autor, über den Börne später sagte, er habe das deutsche Volk erst die Freiheit des Fühlens gelehrt."
"23","1973-10-12","Zeitung","Die Zeit, 12.10.1973","[...] Gewiß, aus der Sicht eines gelehrten Olymp kann es noch immer so aussehen, als gehe es - wie Hegel dekretierte - die Weltgeschichte nichts an, wenn dem Individuum Unrecht geschieht: ein Universalhistoriker wie Toynbee, für den zeitgenössische wie antike Cäsaren samt ihren ""Zivilisationen"" dem stets gleichen Gesetz von Wachstum und Zerfall unterliegen, hat Anfang der dreißiger Jahre die Politik Stalins als den Versuch definiert, ""ein Volk von Bauern in ein Volk von Mechanikern, das alte Rußland in ein neues Amerika zu verwandeln... Rußland dem Westen anzugleichen, und zwar in so ehrgeiziger, rücksichtsloser und hemmungsloser Weise, daß dadurch das ähnliche Werk Peter des Großen in den Schatten gestellt wird ..."" [...]"
"24","1972-12-29","Zeitung","Die Zeit, 29.12.1972","Und mit diesem Urteil werden, wie ich fürchte, nicht nur die Erzählungen, sondern auch die fremden Völker und die fernen Länder endgültig einem von Abneigung und Verachtung diktiertem Schuldspruch unterworfen."""
"25","1972-09-01","Zeitung","Die Zeit, 01.09.1972","Doch Wolfgang Meyer, Sektionsleiter für Markt- und Kommunikationspsychologie im BDP, wehrt sich gegen solche Vorwürfe: ""Marktpsychologen sind keine Leute, die das Volk verkaufen."""
"26","1973-03-16","Zeitung","Die Zeit, 16.03.1973","1943 bekannte er: ""für einen augenblick erwog sogar ich, wie 'das deutsche Volk' sich rechtfertigen könnte, daß es nicht nur die Untaten des hitlerregimes, sondern auch die romane des herrn mann geduldet hat, die letzteren ohne 20 bis 30 SS-divisionen über sich."""
"27","1979-01-26","Zeitung","Die Zeit, 26.01.1979","Sie werden alle gesichert sein - freilich mit der Ausnahme jener ""Freiheiten, die sich gegen die Interessen des Volkes richten und die Würde des Menschen beeinträchtigen""."
"28","1970-10-23","Zeitung","Die Zeit, 23.10.1970","Trinken wir auf die sittliche Gesundung unseres einstmals so starken Volkes"", sprach der Volksfreund und erhob den sektgefüllten Schuh seiner Begleiterin."
"29","1989-02-10","Zeitung","Die Zeit, 10.02.1989","Es zählt andererseits zum ""Volk"" durch Verweisung auf das Staatsbürgerrecht auch deutsche Volkszugehörige, die auf ihre Staatsangehörigkeit verzichtet haben."
"30","1979-10-12","Zeitung","Die Zeit, 12.10.1979","Der 450. Jahrestag des Deutschen Bauernkrieges, an den er mit einer Reihe eindrucksvoller, in der kräftigen Vereinfachung an die frühen Einblattdrucke erinnernden Holzschnitte erinnerte, war für ihn der Anlaß, darauf hinzuweisen, daß es neben der Obrigkeit auch noch das Volk gibt, das sehr wohl selbst ""nach Lösungen für-seine Probleme suchen kann"" - im Bauernkrieg damals und bei den Bürgerinitiativen heute erkennt er vergleichbare Verhaltensmuster."
"31","1972-08-25","Zeitung","Die Zeit, 25.08.1972","Drittens aber eine merkwürdige Mahntafel, die davon spricht, daß die ""Faschisten"" 1945 an der Zerstörung des inzwischen vom Volke wieder hergestellten Theaters die Schuld trügen."
"32","1986-10-17","Zeitung","Die Zeit, 17.10.1986","Die bittere Klage, wonach der Klerus zu Hause bleibt, die ""Kinder des Volkes"" aber an die Front und in den Tod geschickt werden, entschärft Rafsanjani sofort durch Mahnung an seine Mullahs:"
"33","1985-03-29","Zeitung","Die Zeit, 29.03.1985","In Königsbrunn kann jeder tun, was ich will"") kam er an beim Volk, das ihm bei den Wahlen regelmäßig beachtliche Ergebnisse bescherte."
"34","1984-11-30","Zeitung","Die Zeit, 30.11.1984","Zitat: ""In der Erkenntnis, daß seit Kriegsende der größte Teil unseres Volkes in der Bundesrepublik zusammengedrängt ist und ... daß unsere heimische Landwirtschaft unser Volk schon jetzt nicht mehr in Krisenzeiten ernähren kann ..."" - vor einem halben Jahrhundert hieß das ""Volk ohne Raum""."
"35","1986-08-08","Zeitung","Die Zeit, 08.08.1986","Wenn ich mein Volk in eine bessere Zukunft führen könnte, würde ich alle Gedichte sofort wegschmeißen."
"36","1980-11-28","Zeitung","Die Zeit, 28.11.1980","Wenn ein Kanzler zu Beginn einer Legislaturperiode solcherart dem Volke aufs Maul schaut, dann muß er wohl gute Gründe haben."
"37","1985-12-27","Zeitung","Die Zeit, 27.12.1985","Zwanzig Meter weiter sammelt ein Äthiopier für sein hungerndes Volk."
"38","1982-07-16","Zeitung","Die Zeit, 16.07.1982","Zwar ist eine strikte Bevölkerungspolitik notwendig, doch soll das chinesische Volk nicht nur leidlich ernährt und gekleidet werden, sondern auch einen höheren Lebensstandard gewinnen."
"39","1989-05-19","Zeitung","Die Zeit, 19.05.1989","Der Bundespräsident wird nicht mehr - wie der Reichspräsident - vom Volk, sondern von der Bundesversammlung gewählt."
"40","1978-01-06","Zeitung","Die Zeit, 06.01.1978","Sie müssen lieber auf die Macht verzichten als etwas Falsches tun, das ihnen beim Volke Beliebtheit verschafft oder aber das Volk in Schach hält."
"41","1987-12-18","Zeitung","Die Zeit, 18.12.1987","In den Kammerspielen löste Dieter Dorn Hans Reinhard Müller ab, Christoph Stölzl bekam das Stadtmuseum, das Volk ein Volks- und zusätzlich ein Deutsches Theater."
"42","1985-11-15","Zeitung","Die Zeit, 15.11.1985","Wenn demnächst der Aufschwung zu Ende geht und die Bundesbank mit ihren Gewinnen nicht mehr großzügig den Staatssäckel füllt, dann wird der Finanzminister andere Sorgen haben, als vierzig Milliarden Mark unters Volk zu streuen."
"43","1973-06-29","Zeitung","Die Zeit, 29.06.1973","Bei der ""Nationalen Aktion gegen die Überfremdung von Volk und Heimat"" gab es bald nach der Abstimmung vom Juni 1970 einen gewaltigen Hauskrach."
"44","1974-04-19","Zeitung","Die Zeit, 19.04.1974","Umgekehrt vermeldet die Belgrader Nachrichtenagentur Tanjug mit polemischer Spitze gegen Rom: ""Der Zorn der jugoslawischen Völker hat nicht nachgelassen."""
"45","1974-04-12","Zeitung","Die Zeit, 12.04.1974","Wie alle anderen Demokratien, so ruht auch die amerikanische auf zwei Prämissen: daß die Repräsentanten des Volkes die ihnen anvertraute Macht nicht mißbrauchen und daß sie sich im Amt nicht bereichern."
"46","1989-12-01","Zeitung","Die Zeit, 01.12.1989","Er hat Finnland vor dem Schicksal der baltischen Völker - Versklavung, Terror, Deportation, Russifizierung - bewahrt."
"47","1978-09-01","Zeitung","Die Zeit, 01.09.1978","Recht interessant und nicht wegzudenken sind die Berichterstattungen über politische Themen, die leider oft tendenziös ausfallen; selbstverständlich die Nachrichten, Sportberichte, die leider selten gesendeten Reiseberichte, Darstellungen und Aufklärungen über fremde Völker und Länder."
"48","1975-08-08","Zeitung","Die Zeit, 08.08.1975","Entspannung besagt wenig, wenn sie sich nicht im Alltagsleben unserer Völker niederschlägt."
"49","1971-07-02","Zeitung","Die Zeit, 02.07.1971","Aber die größte Bedrohung für die nationale Sicherheit ist gegenwärtig die Spaltung des Volkes, die ausgelöst wurde durch einen Krieg, in dem die Menschen auf Geheiß einer Regierung kämpfen müssen, die ihnen nicht die Wahrheit gesagt hat."""
"50","1970-10-02","Zeitung","Die Zeit, 02.10.1970","Und er ließ auch in den letzten Jahren davon ab, seinem Volk Versprechungen zu machen wie diese:"
"51","1972-03-31","Zeitung","Die Zeit, 31.03.1972","""Vielleicht ist darin die Bestrafung zu sehen""; der Gefängnisdirektor findet die Verwandlung von schlecht zu gut ungerecht, weil sie das Bestrafungsprinzip Auge um Auge stört, nicht etwa, weil er etwas gegen Gehirnwäsche hat; der Minister spricht von moderner Verbrechensbekämpfung, will aber nur die Gefängnisse für politische Gefangene frei haben; der Schriftsteller endlich bekämpft einerseits ""die diabolischen Machenschaften"" der Regierung, glaubt andererseits, das Volk müsse immer ""geführt werden - wenn es sein muß mit Gewalt""."
"52","1985-09-27","Zeitung","Die Zeit, 27.09.1985","Er besagte, daß Volk und Rasse, die Menschen also, nur Teil einer untrennbaren, kolossalen Totalität seien."
"53","1988-10-28","Zeitung","Die Zeit, 28.10.1988","Ich werde euch sagen, wo diese Reserven lagen: zum Teil in der Arbeit des Volkes, aber vor allem in der Solidarität des sozialistischen Lagers und besonders der UdSSR."""
"54","1983-11-25","Zeitung","Die Zeit, 25.11.1983","Ihr Wunsch, statt der Washingtoner Regierung das amerikanische Volk zum Partner in der Sicherheitspolitik zu wählen - ""Wir wollen mit euch noch vieles gemeinsam tun"" (Eppler) -, beruht auf einer Illusion; vorläufig stehen die amerikanischen Wählermassen noch hinter Reagans Rüstungsstrategie."
"55","1988-09-16","Zeitung","Die Zeit, 16.09.1988","Zum ersten Mal in Europa hatte ein Volk bewußt einen Körper, in dem Gott präsent war, vernichtet."
"56","1986-01-10","Zeitung","Die Zeit, 10.01.1986","""Doch es ist eine schlichte Tatsache, daß das amerikanische Volk eine Normalisierung nicht hinnehmen wird, solange dieses Problem nicht gelöst ist."""
"57","1971-09-17","Zeitung","Die Zeit, 17.09.1971","Indem du begreifst, wie dein Volk unaufhaltsam zerstört wird, verwandelt sich deine persönliche Erniedrigung in Pflichtbewußtsein."
"58","1977-11-25","Zeitung","Die Zeit, 25.11.1977","Drei Völker haben sich offenbar diesen Hut recht gern aufgesetzt und den Unterschied Wichtiger genommen als der Pariser Politologe."
"59","1980-07-11","Zeitung","Die Zeit, 11.07.1980","Sie werden vom Volke gewählt; sie treten erst am 15. Dezember zum ""Electoral College"" zusammen und wählen dann den Präsidenten."
"60","1989-11-03","Zeitung","Die Zeit, 03.11.1989","Zeit: Glauben Sie, daß eine solche Politik die volle Unterstützung des deutschen Volkes finden wird?"
"61","1976-02-27","Zeitung","Die Zeit, 27.02.1976","Es sah fast so aus, als ob ein Generalstäbler Regie geführt hatte: wirkungsvoll arrangiertes Volk, Landmaschinen eines ganzen Distrikts geschäftig auf einem Versuchsfeld; selbst die Begrenzungssteine der Landstraße waren frisch geweißt und der Besichtigungsjeep neu gestrichen."
"62","1987-10-16","Zeitung","Die Zeit, 16.10.1987","Was allerdings geschehen soll, wenn das Volk ""Nein"" sagt, das weiß keiner."
"63","1975-11-28","Zeitung","Die Zeit, 28.11.1975","Dann läßt sich feststellen, daß hier einer der engsten Mitarbeiter Hitlers eine Entwicklung durchgemacht hat, die eigentlich das deutsche Volk hätte durchmachen müssen: die Auseinandersetzung mit dem Dritten Reich."
"64","1982-04-16","Zeitung","Die Zeit, 16.04.1982","Wenn Völker und Nationen, die keine Beziehungen zueinander haben, sich falsche Bilder voneinander machen, ist das nicht weiter tragisch."
"65","1981-11-13","Zeitung","Die Zeit, 13.11.1981","Der durch nichts begründeten Hypothese des Historikers Hellmut Diwald, daß man ein Volk krank mache, dessen Geschichte ""kriminalisiert"" werde, stimmen jetzt nicht nur Neonazis, sondern auch Linke zu."
"66","1989-09-29","Zeitung","Die Zeit, 29.09.1989","Nicht nur das sowjetische Volk würde dadurch versklavt; auch wir würden abermals in den eisernen Wällen eines ständig steigenden Militärbudgets und eines ständig steigenden Kriegsrisikos eingeschlossen."
"67","1972-02-11","Zeitung","Die Zeit, 11.02.1972","""Mamma mia"", denkt er, ""was für ein Volk, diese Deutschen."
"68","1989-03-17","Zeitung","Die Zeit, 17.03.1989","In einer Botschaft rief der Dalai Lama den amerikanischen Präsidenten Bush, den sowjetischen Parteichef Gorbatschow und rund 40 andere Staats- und Regierungschefs auf, sich in Peking für sein Volk einzusetzen."
"69","1973-03-02","Zeitung","Die Zeit, 02.03.1973","Nach diesem Desaster stehen für die Völker des Nahen Ostens und für die Welt wieder einmal Krieg oder Frieden am Suez und am Jordan auf dem Spiel."
"70","1982-05-28","Zeitung","Die Zeit, 28.05.1982","""Um 1500 verachteten"", so schreibt Burke, ""die Gebildeten das gemeine Volk, doch sie teilten seine Kultur."
"71","1974-11-22","Zeitung","Die Zeit, 22.11.1974","Im Falle Papandreou birgt der Spruch des Volkes ein Stück ausgleichender historischer Gerechtigkeit:"
"72","1985-05-24","Zeitung","Die Zeit, 24.05.1985","Alles nur zynische Mimerei - und grinsend teilte Kohl dies seinem Volk mit; ein echter Schelm, der Gute."
"73","1973-04-20","Zeitung","Die Zeit, 20.04.1973","Das Volk in der Vertreibung, das einmal zur Schlachtbank gejagt wurde, fühlt sich nun als Volk in der Verteidigung zum unaufhörlichen Widerstand provoziert, willkürlich oft."
"74","1988-01-22","Zeitung","Die Zeit, 22.01.1988","""Kein Deutscher kann Hitler rechtfertigen wollen, und wäre es nur wegen der Vernichtungsbefehle gegen das deutsche Volk vom März 1945."""
"75","1985-04-19","Zeitung","Die Zeit, 19.04.1985","Was für die Individuen gilt, gilt auch für die Völker.."
"76","1981-06-26","Zeitung","Die Zeit, 26.06.1981","""Ich studiere Organisations-Soziologie"", berichtete ein junger Amerikaner, ""weil ich verstehen will, wie ein Institutionensystem die Individualethik eines vollkommen normalen Volkes außer Kraft setzen kann."""
"77","1979-06-29","Zeitung","Die Zeit, 29.06.1979","Wenn Sparmaßnahmen im Volke durchgesetzt werden sollen, muß die politische und zumal die wirtschaftliche Elite des Landes sie mitmachen, um ein Beispiel zu stiften."
"78","1987-07-03","Zeitung","Die Zeit, 03.07.1987","In der Großen Halle des Volkes zitierte der Chef der Dresdner Bank, Wolfgang Röller, ein chinesisches Sprichwort: ""Geht man den rechten Weg, können Erfolg und Ruhm gar nicht ausbleiben."""
"79","1989-03-24","Zeitung","Die Zeit, 24.03.1989","Und es war nicht, wie es eine idealische Geschichtsschreibung so gern hätte, ein Volk, das die Fesseln der Tyrannei abgeschüttelt und mit dem Bild einer neuen Gesellschaft, einer neuen Demokratie den Anfang gewagt hätte - einen Anfang, der auch in Architektur und Städtebau ein neues Bild gefunden hätte."
"80","1987-03-20","Zeitung","Die Zeit, 20.03.1987","""Wo keine Weissagung ist, wird das Volk wild und wüst"", sagt die Bibel."
"81","1977-11-04","Zeitung","Die Zeit, 04.11.1977","Man mag sich ärgern an den verdrehten Rassen-Erbmassen-Tönen, aber: hat dieses Volk etwas gelernt, nachdem ""dies vorüber ist""?"
"82","1989-10-13","Zeitung","Die Zeit, 13.10.1989","Als dann aber Aristokraten und ""Verdächtige"" identifiziert und von den Jakobinern und Sansculotten angegriffen wurden, ""verengte sich der Begriff und meinte jetzt nur noch das einfache Volk"", und während der Schreckensherrschaft ""schwang sich dieser Teil der Bevölkerung zur Macht auf""."
"83","1978-05-12","Zeitung","Die Zeit, 12.05.1978","Daß die Heimstatt des jüdischen Volkes nicht nur ein Staat wird, sondern, mehr noch, ein geistiges Zentrum, um so seine Auserwähltheit zu dokumentieren."
"84","1985-06-21","Zeitung","Die Zeit, 21.06.1985","Um so erstaunlicher ist es, daß dieses Volk entschlossen scheint, sich mit dem verfügbaren Raum zu begnügen."
"85","1986-01-31","Zeitung","Die Zeit, 31.01.1986","Die Völker könnten tatsächlich aufatmen."
"86","1988-12-02","Zeitung","Die Zeit, 02.12.1988","""Die Sowjetunion ist ein Gefängnis der Völker."""
"87","1970-11-27","Zeitung","Die Zeit, 27.11.1970","Ihre Anhänger - Kommunisten und ""linke"" Priester - sehen in jedem privatwirtschaftlichen System à priori ein System der Unterdrückung und Ausbeutung des Volkes und sind deshalb überzeugt, daß alle Völker Lateinamerikas (die Kubaner ausgenommen) bewußt oder unbewußt die Revolution wünschen und zum ""Volksbefreiungskrieg"" lediglich organisiert zu werden brauchen."
"88","1978-09-22","Zeitung","Die Zeit, 22.09.1978","Nicht nur den Bestand des jüdischen Volkes, sondern auch seinen Glauben und alles, was an ihm erhaltenswert sein könnte, hat der Verlust des Tempels und mit ihm die Abschaffung der Priesterschaft nachhaltig, ja entscheidend gefördert."
"89","1981-12-11","Zeitung","Die Zeit, 11.12.1981","Noch lange Jahre wird das Volk der Dichter und Denker in der Erinnerung Europas als das Volk der Mörder, Räuber und Verbrecher leben."""
"90","1973-05-25","Zeitung","Die Zeit, 25.05.1973","Er stellt zunächst den eher statischen Dialog zwischen Moses und Aron in einen szenisch ausführbaren Dualismus zu dem dynamischen, also beinahe realistischen Verhalten der Masse des Volkes - um dann gelegentlich die Stilistik so weit zu überziehen, daß mehr als nur das vom Text angesprochene Historische sichtbar wird."
"91","1988-11-11","Zeitung","Die Zeit, 11.11.1988","Blut zu Blut, Volk zu Volk."
"92","1987-01-02","Zeitung","Die Zeit, 02.01.1987","Die innenpolitische Krise, in die Präsident Reagan aufgrund seiner außenpolitischen Methoden geraten ist, erweist sich als das späte Ergebnis einer Politik, die seit langem von den beiden Großmächten der heutigen Welt verfolgt wird - der Politik der nicht-erklärten Kriege, die auch dem eigenen Parlament und erst recht dem eigenen Volk nach Möglichkeit nicht erklärt werden:"
"93","1985-11-08","Zeitung","Die Zeit, 08.11.1985","Die vom Vietnamkrieg und dem iranischen Geiseldrama in ihrem Selbstwertgefühl gekränkten Amerikaner wählten einen Präsidenten, der ihnen suggeriert, daß sie dennoch ein großes Volk sind und bald wieder einsam an der Spitze stehen werden."
"94","1986-08-29","Zeitung","Die Zeit, 29.08.1986","Wenn etwas die Deutschen charakterisiert und von anderen Völkern unterscheidet, dann die immerwährende Ungewißheit ihrer selbst, die deutsche Frage:"
"95","1984-06-01","Zeitung","Die Zeit, 01.06.1984","Die immer wieder betonte ""offene, ehrliche und aufrichtige Freundschaft, findet jedenfalls im Volk nicht statt."
"96","1976-06-18","Zeitung","Die Zeit, 18.06.1976","Die Kommunisten wollen hier Ordnung schaffen, doch sie vergessen, daß unser Volk ein bißchen Unordnung ganz gern hat."""
"97","1986-11-28","Zeitung","Die Zeit, 28.11.1986","Jeder Schuß an der Linie, die unser Land zerschneidet, ist ein Anschlag auf den Rest von Gemeinsamkeit, der unserem Volk geblieben ist."
"98","1979-01-26","Zeitung","Die Zeit, 26.01.1979","Für das moderne jüdische Volk, insbesondere für die zionistische Bewegung, kann die Bedeutung deutscher Kultur kaum überschätzt werden."
"99","1971-03-05","Zeitung","Die Zeit, 05.03.1971","Die israelische Ministerpräsidentin Golda Meir griff es in ihrer Grußbotschaft an den Kongreß auf: ""Laßt uns alle Menschen guten Willens, Juden und Nichtjuden, in der ganzen Welt aufrufen, unsere Apelle an die sowjetische Regierung zu unterstützen: 'Laß mein Volk gehen'."""
"100","1989-06-23","Zeitung","Die Zeit, 23.06.1989","Sind ost- und südosteuropäische Strafrechtsurteile prinzipiell ungültig, weil diese Völker Unrechtsregimen anhängen?"
"101","1980-02-01","Zeitung","Die Zeit, 01.02.1980","Für Hunderttausende ""Söhne des Volkes"" war das erstrebte Ziel die gesicherte Beamtenkarriere, selbst wenn sie kaum das Existenzminimum garantierte."
"102","1978-01-06","Zeitung","Die Zeit, 06.01.1978","Und er spricht von der ""großen Aufgabe"", ""dieses untrügliche Gefühl für gute Form auch im Volke überall zu erwecken und zu verbreiten"" - eine wichtige Sache."
"103","1977-10-21","Zeitung","Die Zeit, 21.10.1977","Die Herren, die sich da zu einer Reihe von ""Arbeitsfrühstücken"" in Miami treffen, sind abgesetzte, abgehalfterte, ausrangierte lateinamerikanische Diktatoren, also Militärs, deren Feinde das Volk und die Rivalen sind."
"104","1988-10-28","Zeitung","Die Zeit, 28.10.1988","Dies sei für ihn um so unangenehmer, als er sich mit seinen freundschaftlichen Gefühlen zum Inselreich im Gegensatz zur großen Mehrheit seines eigenen Volkes befinde."
"105","1987-03-06","Zeitung","Die Zeit, 06.03.1987","""Ich wollte wissen"", kommentiert Kirchheimer, ""wie ein ganzes Volk so schlecht sein konnte, wie es die Deutschen waren, unsere christlichen Nachbarn."
"106","1970-10-30","Zeitung","Die Zeit, 30.10.1970","Das russische Volk, das keine Tradition der Freiheit besitzt, setzt - will man Amalrik glauben - das Wort ""Freiheit"" mit ""Unordnung"" gleich."
"107","1977-09-02","Zeitung","Die Zeit, 02.09.1977","Jene, die den 57jährigen Hua Kuo-feng immer noch für einen Übergangskandidaten halten, müßten nachdenklich werden, wenn sie nun die Lobeshymnen des greisen Marschalls Yeh auf den ""weisen Führer"" Hua hören, auf jenen Vorsitzenden, der ""unsere Partei, unsere Armee und unser Volk siegreich ins 21. Jahrhundert führen wird""."
"108","1979-08-17","Zeitung","Die Zeit, 17.08.1979","Die demokratische Volkspartei Afghanistans vertritt die überwältigende Mehrheit des Volkes zur vollen Befriedigung."
"109","1987-02-13","Zeitung","Die Zeit, 13.02.1987","Ein ganzes Volk ehrt seinen geliebten Sohn, den kühnen Denker und weitblickenden Politiker, Nicolae CeauÅYescu"", verkündete am 25. Januar der Neue Weg, am deutschsprachige Zeitung in Bukarest, und überreichte dem ""größten Sohn des Landes"" einen poetischen Feststrauß."
"110","1977-02-04","Zeitung","Die Zeit, 04.02.1977","Hätte das Volk nicht revoltiert, dann wäre seine Kraft zur Wirtschaftsreform bewiesen und seine internationale Kreditwürdigkeit wiederhergestellt worden."
"111","1981-04-03","Zeitung","Die Zeit, 03.04.1981","Volkes Stimme plädiert für Härte, und jedesmal, wenn wieder ein SPD-Büro besetzt worden ist, erheben sich solche Stimmen auch in diesem Lager."
"112","1973-11-30","Zeitung","Die Zeit, 30.11.1973","Die Gipfelkonferenz hat in einer Resolution den Standpunkt eingenommen, daß die Palästinensische Befreiungsorganisation unter Yassir Arafat die einzige legitime Vertretung des palästinensischen Volkes sei."
"113","1988-01-15","Zeitung","Die Zeit, 15.01.1988","Das Volk fühlte instinktiv, daß DubÄek glaubte - und er wieder fühlte, daß das Volk glaubte."
"114","1977-12-23","Zeitung","Die Zeit, 23.12.1977","In den prunkvollen Wandelhallen und Treppenhäusern der Pariser Oper feierte ein festliches Publikum: lange Roben, Frack, Smoking - und vor allem viel junges Volk in prächtiger Uniform."
"115","1981-10-23","Zeitung","Die Zeit, 23.10.1981","Sie waren empört über den Agronomen Kopelew, der - in der humanistischen Tradition der russischen Intelligenz erzogen - die Verdammung des ganzen deutschen Volkes nicht mitvollzog."
"116","1971-04-23","Zeitung","Die Zeit, 23.04.1971","Ihr Material ist Holz, nicht Bronze, der edle, dem Hofkünstler vorbehaltene, dem Volk verbotene Werkstoff."
"117","1981-04-17","Zeitung","Die Zeit, 17.04.1981","Früher befürwortete das Volk solche Repressionsmaßnahmen, jetzt ist es dagegen."
"118","1988-10-07","Zeitung","Die Zeit, 07.10.1988","In seinem Klavierspiel entdeckt man vieles von den Leiden, aber auch vom ungebrochenen Stolz seines in der Geschichte so häufig von Unbill heimgesuchten Volkes."
"119","1980-10-17","Zeitung","Die Zeit, 17.10.1980","Nicht ohne Hintersinn meint Bein, daß es die Juden,selber gewesen sind, die die Voraussetzungen für das Entstehen der ""Judenfrage"" geschaffen haben: Sie sind als Volk nicht untergegangen."
"120","1975-10-31","Zeitung","Die Zeit, 31.10.1975","Die ""Halle des Volkes"" in Peking faßt zu Festessen bis zu 600 Personen; dabei gut 200 Anwesende mit Handschlag zu begrüßen, ist üblich; Gast und Gastgeber legen sich die Speisen gegenseitig vor; die Tischreden werden von einem besonderen Podium aus gehalten, und danach wird erwartet, daß die Redner mit jedem am großen Ehrentisch anstoßen."
"121","1986-07-18","Zeitung","Die Zeit, 18.07.1986","Die sogenannten Massen hören nicht zu, das sogenannte Volk schweigt und gießt die Balkonblumen, bevor es in den Süden aufbricht."
"122","1972-06-23","Zeitung","Die Zeit, 23.06.1972","Andere tadeln, daß die Regierung den anderen Völkern gibt, was sie dem eigenen Volk verweigert."
"123","1976-08-20","Zeitung","Die Zeit, 20.08.1976","""Ich möchte eigentlich nur, daß wir wieder eine Regierung bekommen, die so ehrlich, so wahrhaftig, so fair, so idealistisch, so voll von Mitleid und von Liebe ist wie das amerikanische Volk."""
"124","1983-11-25","Zeitung","Die Zeit, 25.11.1983","Erst züchtigte der Parteichef den ehemaligen Kanzler mit rhetorischen Peitschenhieben - nein, wir haben es nicht nötig, unsere Haltung zum Kommunismus neu zu bestimmen; nein, wir sind nicht dabei, in Europa isoliert zu werden; nein, wir laufen nicht Gefahr, das Volk der Vereinigten Staaten im Stich zu lassen - dann nahm er ihn an Ende gnädig wieder in die sozialdemokratische Solidargemeinschaft auf."
"125","1974-01-11","Zeitung","Die Zeit, 11.01.1974","Nicht ein vereinigtes Westeuropa sei anzustreben, sondern ein Europa der Vaterländer, denn schließlich seien nicht alle Völker Europas bereit, ""mit einem Mal wegzuwischen, was in Jahrtausenden gewachsen ist."
"126","1980-12-12","Zeitung","Die Zeit, 12.12.1980","Der Einwand, solche Hilfe komme nicht dem Volke, sondern nur der kommunistischen Parteiführung zugute, ist fehl am Platze."
"127","1988-05-20","Zeitung","Die Zeit, 20.05.1988","Die pikante Kost dort wird von Volk und Regierenden gleichermaßen geschätzt."
"128","1989-10-06","Zeitung","Die Zeit, 06.10.1989","Alt und allein standen Deng Xiaoping und die Führungsriege auf ihrer Tribüne - fern vom Volk und isoliert von der Welt."
"129","1973-04-27","Zeitung","Die Zeit, 27.04.1973","Bis jedoch ein solches Gesetz - wenn überhaupt - vom Volk genehmigt ist, können sich die bedrohten Großverdiener in aller Ruhe auf den Bahamas nach geeigneten Bauplätzen umsehen."
"130","1989-03-31","Zeitung","Die Zeit, 31.03.1989","Eine lange Geschichte aus Unglück und Verschuldung seit den Tagen des Deutschen Ordens, die meinem Volk zu Buch steht."
"131","1983-02-04","Zeitung","Die Zeit, 04.02.1983","Bötsch meint, man sollte endlich wieder an die ""fruchtbaren und schöpferischen Fähigkeiten"" erinnern, ""mit denen das deutsche Volk unser Land in all seiner Vielfalt gestaltete""."
"132","1989-06-30","Zeitung","Die Zeit, 30.06.1989","Alle Autoren bemühen sich, Meinungen und Gefühle der Völker in jenen Juli- und Augusttagen zu ergründen, auch die zumeist sehr widersprüchlichen Empfindungen der Dichter und Denker."
"133","1984-08-03","Zeitung","Die Zeit, 03.08.1984","Honecker sprach in einem Brief an Helmut Kohl unlängst sogar wieder vom deutschen Volk."
"134","1987-10-23","Zeitung","Die Zeit, 23.10.1987","Wir haben in China bis heute die Vorstellung, daß die Führung dem Volk etwas gibt."
"135","1984-07-06","Zeitung","Die Zeit, 06.07.1984","Im Oktober letzten Jahres wurde er anläßlich des 34. Jahrestages der DDR-Gründung ""in Würdigung hervorragender Verdienste um die Verständigung und die Freundschaft der Völker und um die Erhaltung des Friedens"" sogar mit dem ""Großen Stern der Völkerfreundschaft"" ausgezeichnet."
"136","1986-04-04","Zeitung","Die Zeit, 04.04.1986","Im grellen Licht der Fernsehscheinwerfer drängt das Volk herein."
"137","1980-08-22","Zeitung","Die Zeit, 22.08.1980","Apropos Bücher: Mißt man an ihnen den Bildungsstand eines Volkes, dann sind die Isländer gewiß die gebildetsten Menschen der Erde, denn je Haupt, eines Staatsbürgers gibt es jährlich bis zu vier Neuerscheinungen."
"138","1984-01-20","Zeitung","Die Zeit, 20.01.1984","Das grüblerische Volk der Schlesien Sie lebten nah am Boden, nah am Horizont, wo sich Himmel und Erde berühren."
"139","1977-04-29","Zeitung","Die Zeit, 29.04.1977","Man sieht vor sich, wohin man wandern könnte - hinüber zum Gellért-Berg, von dem der legendäre Mailänder Bischof Gellert, der das Volk der Arpáden christianisierte, in einem Faß in die Donau hinuntergerollt wurde."
"140","1978-06-23","Zeitung","Die Zeit, 23.06.1978","Die Luft zwischen unseren Völkern ist nicht mehr stickig, und doch habe ich manchmal den Eindruck, daß sie zwar besser, aber auch dünner wird."
"141","1983-12-16","Zeitung","Die Zeit, 16.12.1983","Willy Brandt hat vor einem Jahrzehnt den Völkern Europas den Schrecken vor dem Namen Deutschland genommen."
"142","1982-04-30","Zeitung","Die Zeit, 30.04.1982","Dem General, so dieser Eindruck, fehlt es nicht an ehrlicher Einsicht in die Notwendigkeit dessen, was zu tun wäre, um allmählich den Zustand zu beenden, in dem sich Volk und Staatsmacht gegenseitig belagern."
"143","1984-03-09","Zeitung","Die Zeit, 09.03.1984","In den vertragsfreien Räumen aber hat das Politbüro ohne Rücksicht auf die Interessen anderer Staaten und Völker seine Macht expandiert."
"144","1981-08-07","Zeitung","Die Zeit, 07.08.1981","Bis des Volkes Wille wird geschehen,"
"145","1977-11-04","Zeitung","Die Zeit, 04.11.1977","Weil meiner Ansicht nach im letzten Teil des Romans ""Doktor Schiwago"" und besonders in seinem Epilog der Versuch unternommen wird, ein Fazit aus Schicksalen jenes überwiegenden Teils der russischen Intelligenz zu ziehen, der die Revolution mitmachte und mit ihr ging, und der gemeinsam mit dem Volk und in seiner Mitte all die Prüfungen auf sich nahm, durch die es ging."
"146","1987-05-08","Zeitung","Die Zeit, 08.05.1987","Erst als Christin habe die Atheistin auch den Gott des Alten Testamentes wiedergefunden und sich dann geopfert ""für den wahren Frieden und vor allem für ihr bedrohtes und gedemütigtes jüdisches Volk ... inmitten von Millionen unschuldig gemarterter Mitmenschen""."
"147","1981-06-12","Zeitung","Die Zeit, 12.06.1981","Wir erleben gegenwärtig ein absurdes Gefälle der Auseinandersetzung um die Friedenspolitik: in der Gesellschaft die große Vielfalt der Meinungen; in den Parteien ihre Bündelung zu einem innerparteilich, aber öffentlich ausgetragenen Richtungsstreit; in den Fraktionen die relativ kurze Debatte undklare Feststellung des Mehrheitswillens; und im Plenum schließlich die schroffe Abgrenzung Mehrheit und Opposition, wobei dort, wo Opposition und Regierung übereinstimmen, von großen Debatte im Volk kaum noch ein Laut zu hören ist."
"148","1976-09-03","Zeitung","Die Zeit, 03.09.1976","Letzte Woche erfuhr das holländische Volk die Wahrheit über den Lockheed-Skandal."
"149","1980-01-25","Zeitung","Die Zeit, 25.01.1980","""Wir liegen nicht im Streit mit der Nation, der Revolution und dem Volk von Iran."""
"150","1972-06-02","Zeitung","Die Zeit, 02.06.1972","Nicht nur der Vatikan hat sich in diesen Wochen über die betrübliche Tatsache entsetzt, daß sich die Großen dieser Welt lächelnd zuprosten, während sie gleichzeitig kleine Völker mit mörderischen Waffen übereinander herfallen lassen."
"151","1979-07-13","Zeitung","Die Zeit, 13.07.1979","Hingegen behauptet Ieng Sary, einst Außenminister unter Pol Pot, der jetzt von den Kardamom-Bergen aus den Partisanenkampf dirigiert, der Genozid am eigenen Volke sei nichts als ein Greuelmärchen, das die Vietnamesen in die Welt gesetzt hätten:"
"152","1980-08-15","Zeitung","Die Zeit, 15.08.1980","""Genügend Nahrung für das Volk, das Vertrauen des Volkes und ein stark gerüstetes Heer"", lautete die Antwort."
"153","1979-03-09","Zeitung","Die Zeit, 09.03.1979","Aber kennt man das Volk wirklich, denn andererseits, es war ja keine Unterhaltungssendung, es war das deutsche Tabu."
"154","1972-05-12","Zeitung","Die Zeit, 12.05.1972","""Adenauer ist ein alter Mann, aber er kämpft hervorragend in seinem Lande, um seinem Volk die richtige Richtung zu weisen."""
"155","1980-03-28","Zeitung","Die Zeit, 28.03.1980","""Der Marxismus war der große Förderer des Minderwertigen im deutschen Volke auf Kosten der Gesunden"", schrieb die Preußische Lehrerzeitung am 24. 4. 1934."
"156","1989-06-09","Zeitung","Die Zeit, 09.06.1989","Sie glauben, daß das Volk dennoch die Reform mittragen wird?"
"157","1971-08-06","Zeitung","Die Zeit, 06.08.1971","Von grundlegender Bedeutung für diese Frage ist der Umstand, daß jede der Regierungen Chinas den Anspruch erhebt, die einzig legitime Regierung und Repräsentantin des ganzen chinesischen Volkes zu sein."
"158","1984-09-07","Zeitung","Die Zeit, 07.09.1984","Beschwörend versichert das Dokument, daß seine Warnung vor einer einseitig irdischen Deutung des Begriffs Keineswegs als Verurteilung der ""vorrangigen Option für die Armen"" verstanden werden dürfte und schon gar nicht als ""Gutheißung derer, die zur Fortdauer des Elends der Völker beitragen""."
"159","1984-03-09","Zeitung","Die Zeit, 09.03.1984","Und ich schalte wieder um, schalte nach vorne, begucke mir diesen JUDAS PRIEST, der da sein Volk grüßt, wohin wird er es führen?"
"160","1989-11-24","Zeitung","Die Zeit, 24.11.1989","Nach der Präambel bleibt ""das gesamte Deutsche Volk"" aufgefordert, in freier Selbstbestimmung seine Einheit und Freiheit zu vollenden."
"161","1989-04-21","Zeitung","Die Zeit, 21.04.1989","Das Volk leidet Not, ein Ende der Misere ist nicht abzusehen."
"162","1985-09-27","Zeitung","Die Zeit, 27.09.1985","Nicht umsonst tönt durch den ganzen Film Fußballreportagengeschrei aus dem Radio - das will das Volk: Fußball."
"163","1981-06-12","Zeitung","Die Zeit, 12.06.1981","Wo die einen das Rederecht des freien Abgeordneten verteidigen, tadeln die anderen den Versuch, ""sich vor dem deutschen Volke aufzuspielen""."
"164","1983-01-07","Zeitung","Die Zeit, 07.01.1983","""Ein tiefes Mißtrauen entzweit die Völker."
"165","1978-12-22","Zeitung","Die Zeit, 22.12.1978","Das letzte, was die Männer im Weißen Haus anstreben dürfen, ist ein Militärbündnis mit einem China, das als Weltmacht erst in der Phantasie der Völker - zumal des eigenen Volkes - besteht."
"166","1974-03-08","Zeitung","Die Zeit, 08.03.1974","Wenn in der gegenwärtigen Schwächeperiode der westeuropäischen Demokratien Millionen von Wählern bereit sind, falschen Propheten zu folgen (und sei es nur, um die herrschenden Parteien zu verunsichern), so läßt dieses Verhalten zwei Schlüsse zu: Entweder haben es die Parteien versäumt, das Volk unmittelbar in die Verantwortung einzubeziehen (die Ausübung eines Stimmrechts alle vier, fünf Jahre verbürgt allein noch keine demokratische Solidarität), oder sie haben das Bedürfnis der Bürger nach Führung und Autorität nicht gestillt."
"167","1983-05-27","Zeitung","Die Zeit, 27.05.1983","Sie sind ein Volk von Bastlern, die ständig in ihrem Haus rumfummeln, hier eine neue Ecke einrichten, dort ein altes Möbel aufpolieren und ihre Autos ""nachbessern""."
"168","1982-06-11","Zeitung","Die Zeit, 11.06.1982","Den Ausfall einiger Drohnen kann der Bienenstaat verkraften, er bedeutet keine nennenswerten Schäden für das Volk."
"169","1981-09-18","Zeitung","Die Zeit, 18.09.1981","""Wir benutzen das geschriebene Wort als schöpferischen Ausdruck - aber es erreicht die Mehrheit unseres Volkes nicht""."
"170","1973-06-01","Zeitung","Die Zeit, 01.06.1973","Ihre Völker gehörten nach Herkunft, Religion und Kultur zusammen; ihre Wirtschaft war ziemlich gleich und unterentwickelt (im Vergleich zu den übrigen Ländern der Dritten Welt hatten sie von der Entwicklungshilfe, am allerwenigsten abbekommen)."
"171","1976-02-20","Zeitung","Die Zeit, 20.02.1976","Natürlich will die Diktatur auch hier den Anschein eines vernünftig regierten und zufriedenen Volkes erwecken."
"172","1971-02-26","Zeitung","Die Zeit, 26.02.1971","Ist ein Volk, das in der ersten Hälfte dieses Jahrhunderts politisch und wirtschaftlich von Krise zu Krise getaumelt ist, das zweimal innerhalb einer Generation durch die Katastrophe eines Krieges gegangen ist, eine Weltwirtschaftskrise erlebt hat, zwei Hungersnöte über sich ergehen lassen mußte, zweimal sein Vermögen verloren hat - ist ein solches Volk wirklich obszön, wenn es eine unerwartet angebrochene Periode wirtschaftlichen Sicherheit und rasch steigenden Wohlstands genießt?"
"173","1971-07-30","Zeitung","Die Zeit, 30.07.1971","Er ist der größte Feind der Völker Indochinas, der anderen Völker Asiens und der ganzen Welt..."
"174","1984-04-27","Zeitung","Die Zeit, 27.04.1984","Bald erzählte das Volk so begeistert von Uilenspiegel, daß jedermann glaubte, er hätte tatsächlich in Flandern gelebt."
"175","1988-08-19","Zeitung","Die Zeit, 19.08.1988","Kunst dem Volk."
"176","1977-12-09","Zeitung","Die Zeit, 09.12.1977","""Wurzeln"" bringt einem nahe, wie ein Volk, das der Geschichte beraubt wurde und von der Geschichte beraubt wurde, die Geschichte neu schuf und neu entdeckte und sich auf die lange Wanderung zum Triumph über die Geschichte machte."
"177","1986-04-25","Zeitung","Die Zeit, 25.04.1986","""Die Chinesen sind jedenfalls das industriöseste Volk, das ich je gesehen habe"", notierte Friedrich Gerstäcker schon 1852 auf einer Reise durch Java, ""und sie haben, was ihren Handel und ihr Handeln betrifft, ungemeine Ähnlichkeit mit unseren europäischen Juden."""
"178","1982-11-19","Zeitung","Die Zeit, 19.11.1982","Dies alles erfüllte das Volk mit Hoffnungen."
"179","1989-11-10","Zeitung","Die Zeit, 10.11.1989","""Schande, Schande!"", ""Jagt lieber Verbrecher!"", ""Jungs, geht zu uns über, das Volk siegt sowieso""."
"180","1970-02-06","Zeitung","Die Zeit, 06.02.1970","Und das trifft nicht etwa nur für das einfache Volk zu."
"181","1972-07-14","Zeitung","Die Zeit, 14.07.1972","Deutschland gehörte von da an nicht mehr zu den Mächten, die nach Mao Tse-tungs Ansicht ""dem chinesischen Volk freundlich gesinnt"" waren."
"182","1987-11-13","Zeitung","Die Zeit, 13.11.1987","Das Volk fordert, will Herr und nicht mehr Diener sein."
"183","1988-10-28","Zeitung","Die Zeit, 28.10.1988","Selbst der indische Chefredakteur der Hindustan Times, Khushwant Singh, teilt die Befürchtungen des Westens: Den McBride-Bericht hätten gerade die Völker am stärksten befürwortet, die die Medienfreiheit am wenigsten achten."
"184","1986-01-17","Zeitung","Die Zeit, 17.01.1986","""Gab der Holocaust den Juden das moralische und politische Recht, ein anderes Volk, das ihnen nichts angetan hatte, heimatlos zu machen?"""
"185","1976-10-29","Zeitung","Die Zeit, 29.10.1976","Exponenten der Bewegung wie die Professoren Nahrstedt und Opaschowski mit ihren Anhängern sehen die Ursachen für den Rückschlag nicht nur in der wirtschaftlichen Rezession, in der der Kampf um den Arbeitsplatz wichtiger schien als eine ""sinnvolle"" Gestaltung der Freizeit; auch nicht nur in einer gewissen Skepsis gegenüber angeblichen Manipulationsversuchen in der freien Zeit, oder in einem mangelnden Freizeitbewußtsein eines Volkes, das Müßiggang als ""aller Laster Anfang"" empfindet."
"186","1987-10-30","Zeitung","Die Zeit, 30.10.1987","""Der fünfte Oktober"" (gemeint ist der 5. Oktober 1789, als das hungernde Volk von Paris nach Versailles aufbricht) ist eine einzige Bilderkette, ein Gedicht in Prosa."
"187","1982-11-12","Zeitung","Die Zeit, 12.11.1982","""Lobet und preiset ihr Völker den Herrn"" in der Stadtpfarrkirche, die an einem hellen Werktagnachmittag voll ist."
"188","1974-11-15","Zeitung","Die Zeit, 15.11.1974","Gegenüber dem Volks- und Rassenfeind war alles erlaubt; unter seinesgleichen aber hatte man sich anständig zu verhalten, und vor dem Volk, das der Läuterung der Ausgewesenen noch nicht teilhaftig werden konnte, war vorbildliches Auftreten geboten - auch absolute Verschwiegenheit, versteht sich."
"189","1972-06-23","Zeitung","Die Zeit, 23.06.1972","Die Deutschen sind eines von den wenigen europäischen Völkern, die sich, ähnlich wie wir Polen, dafür interessieren, wie sie von anderen Völkern gesehen werden."
"190","1976-02-06","Zeitung","Die Zeit, 06.02.1976","Er sei ""ein geborener Maler, wie unserem Volke nur wenige beschert worden sind"", schrieb Ludwig Justi über Lovis Corinth, als er vor fünfzig Jahren die riesige Gedächtnisausstellung in der Berliner Nationalgalerie einrichtete."
"191","1985-05-31","Zeitung","Die Zeit, 31.05.1985","""Ich bete jeden Tag, daß diese Sache nicht auf einem slawischen Land und Volk lasten möge."""
"192","1974-11-22","Zeitung","Die Zeit, 22.11.1974","Das jüdische Volk soll seine Identität darin finden, daß es Palästina kolonisiert."
"193","1977-03-04","Zeitung","Die Zeit, 04.03.1977","Alle haben die Notwendigkeit betont, die militärischen Ausgaben zu senken und den wirtschaftlichen Erfordernissen ihrer Völker zu entsprechen."""
"194","1970-10-23","Zeitung","Die Zeit, 23.10.1970","Dem Volk soll Gelegenheit geboten werden, sich seiner Aggressionen zu entledigen."
"195","1973-01-12","Zeitung","Die Zeit, 12.01.1973","Und das Volk hat das natürliche Recht, diese Gedichte zu bekommen."
"196","1979-11-02","Zeitung","Die Zeit, 02.11.1979","Schon jetzt rufen einige Energiepolitiker das amerikanische Volk auf, mit Protestbriefen an ihre Senatoren eine baldige, harte und gerechte Besteuerung von Big Oil durchzusetzen."
"197","1970-09-11","Zeitung","Die Zeit, 11.09.1970","""Kunst ist fürs Volk, nicht für die Behörde!"""
"198","1989-11-10","Zeitung","Die Zeit, 10.11.1989","Aber die beschwörenden Worte, mit denen der neue Regierungssprecher ""in dieser politisch und ökonomisch ernsten Situation"" sich an das Volk wandte, daß ""alle lebenswichtigen Aufgaben aufrechterhalten"" werden müßten, zeigte, wie bedrohlich die Lage inzwischen geworden ist."
"199","1989-03-31","Zeitung","Die Zeit, 31.03.1989","""Wer damit rechnet, daß etwa die Teilnahme an einer Versammlung oder einer Bürgerinitiative behördlich registriert wird und daß ihm dadurch Risiken entstehen können, wird möglicherweise auf eine Ausübung seiner entsprechenden Grundrechte ... verzichten"" - deutliche Worte im Namen des Volkes."
"200","1977-02-11","Zeitung","Die Zeit, 11.02.1977","Ihren Vorgesetzten begegnen sie mit kaum verhohlener Verachtung, der patriotische Dreiklang Volk Reich Führer nötigt ihnen allenfalls ein müdes Lächeln ab."
"201","1986-08-15","Zeitung","Die Zeit, 15.08.1986","Ein zukünftiger Thronfolger ist kein Kind, das man vernachlässigen darf: von ihm kann das Schicksal eines Volkes abhängen."
"202","1979-11-09","Zeitung","Die Zeit, 09.11.1979","So erklärte die kambodschanische Regierung zum Auftakt der Konferenz zynisch, die Meldungen über das Verhungern ihres ganzen Volkes sei eine hauptsächlich von ""den USA inszenierte maßlose Übertreibung""."
"203","1977-08-26","Zeitung","Die Zeit, 26.08.1977","Doch der Respekt vor der Identität der Völker in der EG kennt zur Gleichberechtigung der Sprachen keine Alternative."
"204","1988-01-08","Zeitung","Die Zeit, 08.01.1988","Die Sowjetunion sei ""in den Kreis der Völker eingetreten, die den Frieden wollen""."
"205","1989-01-20","Zeitung","Die Zeit, 20.01.1989","Um sie zu überwinden, sind wir auf die Solidarität vor allem der westeuropäischen, aber möglichst auch der osteuropäischen Völker angewiesen."
"206","1986-10-03","Zeitung","Die Zeit, 03.10.1986","Aber im Parlament loben die Politiker mit warmherzigen Worten sich und uns, also die ""Deutschen"", das brave, geplagte, tolerante ""Volk""."
"207","1986-05-30","Zeitung","Die Zeit, 30.05.1986","er kann der Welt nicht einmal erzählen, wie die Geschichte seines Volkes weiter- und vielleicht zu Ende ging: ""Erinnern ist im Guatemala von heute ein subversiver Akt, denen vorbehalten, die außerhalb des Landes leben."""
"208","1981-09-18","Zeitung","Die Zeit, 18.09.1981","Sie sei im V-Fall ohnehin die einzige Streitkraft auf bundesrepublikanischem Territorium, die Interessen des deutschen Volkes wahrnähme, die Amerikaner etwa hätten nur ihre Truppen zu verteidigen, sonst nichts, die Bundeswehr aber das nationale Überleben."
"209","1973-05-18","Zeitung","Die Zeit, 18.05.1973","""In aller Offenheit und Aufrichtigkeit"", sagte er einmal zum westdeutschen Botschafter Hans Kroll, und er setzte dabei ein feierlich-ernstes Gesicht auf, ""die endgültige Versöhnung des deutschen und sowjetischen Volkes würde die Krönung meiner außenpolitischen Lebensarbeit bedeuten."
"210","1985-12-13","Zeitung","Die Zeit, 13.12.1985","Heutzutage wird es meist zu der ""westlichen Welt"" oder zu den ""westlichen Völkern"" gerechnet."
"211","1988-07-22","Zeitung","Die Zeit, 22.07.1988","Wochenlang fütterte die deutsche Propaganda das Volk und das Ausland mit grauenvollen Berichten von den Massakern in Katyn."
"212","1985-10-11","Zeitung","Die Zeit, 11.10.1985","Begonnen hatte alles mit einer Rede in der Großen Halle des Volkes, zu der Lothar Späth anläßlich seines dritten Besuches in China durch den chinesischen Ministerpräsidenten Zhao eingeladen worden war."
"213","1989-06-16","Zeitung","Die Zeit, 16.06.1989","""In dieser lebensgefährlichen Situation haben unsere Soldaten niemals das Volk, die Partei und das Wohl des Volkes aus den Augen verloren."""
"214","1978-10-20","Zeitung","Die Zeit, 20.10.1978","Aber es genügt hier nicht, auf die tödliche Wirkung der Lächerlichkeit zu vertrauen, denn daß man Studenten (wie auch Gauklern und fahrendem Volk) im allgemeinen mißtrauen müsse, gehört zum kleinen Katechismus des Aberglaubens, der den Leuten immer wieder eingehämmert wird."
"215","1976-11-12","Zeitung","Die Zeit, 12.11.1976","Die Verschiedenheit der Sprachen war der Verschiedenheit der Völker und sogar den Kriegen günstig; die Welt ist zum Latein zurückgekehrt."
"216","1979-09-07","Zeitung","Die Zeit, 07.09.1979","Arnheims Studie leidet darunter, daß er nicht eindringlich gefragt hat, ob die System-Kapitel: ""Die Kunst, zu allen zu sprechen"", ""Der Rundfunk und die Völker"", ""Psychologie des Rundfunkhörers"" - die Tugend produzieren können, die er ""Tugend der Blindheit"" und ""Befreiung vom Körper"" nennt."
"217","1971-10-15","Zeitung","Die Zeit, 15.10.1971","""Bist du der Schelm"", schreit Deveroux ihn an, ""der des Kaisers Volk zu dem Feind überführen und Seiner Majestät die Krone vom Haupte herunterreißen will?"
"218","1979-10-05","Zeitung","Die Zeit, 05.10.1979","""Die Kulturrevolution war eine entsetzliche Katastrophe für unser ganzes Volk."""
"219","1986-11-07","Zeitung","Die Zeit, 07.11.1986","Kann ein Volk eine 145jährige Zwangsherrschaft unbeschadet überstehen?"
"220","1983-02-25","Zeitung","Die Zeit, 25.02.1983","Meyer, der deutsche Bürger, trage dazu bei, ""daß sich die Beziehungen zwischen unseren Völkern verbessern""."
"221","1983-12-02","Zeitung","Die Zeit, 02.12.1983","Barzini geht auch mit seinem eigenen Volk durchaus kritisch um."
"222","1976-06-11","Zeitung","Die Zeit, 11.06.1976","Die Jugend und zumal die kommenden geburtenstarken Jahrgänge ""sind keine Last, sie sind eine Chance für uns alle, für unsere Wirtschaft, für unseren Staat und unser Volk und für unsere Zukunft als Nation""."
"223","1989-03-24","Zeitung","Die Zeit, 24.03.1989","""So gehört auch der Sündenbock der Juden, gehören die mannigfaltigen magischen Riten primitiver Völker zum gegenwärtigen Drama meiner Seele, und wenn ich ausdrücklich oder unausgesprochen ihre Geschichte erlebe, so erlebe ich zugleich die Geschichte meiner eigenen gegenwärtigen Lage "" Das war vor 1933 gesagt."
"224","1982-10-15","Zeitung","Die Zeit, 15.10.1982","Er war gegen jede Einmischung in innerrussische Angelegenheiten ""Volk und Regime waren durch eine dialektische Beziehung aneinander gebunden, so daß man dem Volk nicht helfen konnte, ohne dem Regime zu helfen, und dem Regime nicht schaden, ohne dem Volk zu schaden."
"225","1984-06-29","Zeitung","Die Zeit, 29.06.1984","Auch die Tarifparteien müssen sich dem obersten Gebot unterwerfen, das für die Politiker gilt: Schaden von unserem Volk abzuwenden."
"226","1976-08-27","Zeitung","Die Zeit, 27.08.1976","Als die Bilder laufen lernten, entzückten die kurzen Sensationen des ""Kinematographen"" zuvörderst das gemeine Volk."
"227","1972-03-31","Zeitung","Die Zeit, 31.03.1972","Nicht Hirohito, sondern das ganze vom westlichen Bazillus infizierte japanische Volk drängte auf eine Lösung."
"228","1980-09-12","Zeitung","Die Zeit, 12.09.1980","In den Wochen vor dem Wahltermin sollten die Politiker dem Volk umsichtig und deutlich ihre jeweilige Politik erläutern - und persönliche Angriffe möglichst vermeiden."
"229","1979-09-28","Zeitung","Die Zeit, 28.09.1979","""Goerdeler mußte dem deutschen Volk und dem Ausland aus seiner Zelle verkünden, Staufenbergs mißglücktes Attentat auf den Führer sei ein unwiderlegbarer Beweis für den Schutz der Vorsehung, für Gottes Willen gewesen."""
"230","1982-11-19","Zeitung","Die Zeit, 19.11.1982","Wie anders als durch Gewalt kann sich das Volk im Iran vor einer solchen Herrschaft retten?"
"231","1975-06-13","Zeitung","Die Zeit, 13.06.1975","Auf einer Fahrt nach Bagdad wurde er Zeuge des grausamen Massakers an den Armeniern; die jungtürkische Regierung trieb damals zwei Millionen, also etwa die Hälfte dieses Volkes, in die mesopotamische Wüste und ließ sie dort umkommen."
"232","1980-04-11","Zeitung","Die Zeit, 11.04.1980","""Es gibt Völker, da wird heute noch mit 'Familienhilfe' geheiratet."
"233","1981-10-30","Zeitung","Die Zeit, 30.10.1981","Dies Volk jedenfalls hat nichts Böses getan, man hat es nur aufs Kreuz gelegt und verführt, und Schuld hatten immer die anderen."
"234","1979-05-25","Zeitung","Die Zeit, 25.05.1979","Die Forderung dieses Bildes erschließt sich leicht: die Last der Vergangenheit ohne Widerstreben auf sich nehmen, der Zukunft ohne Eigennutz den Weg bereiten, im Gehorsam gegenüber den Göttern, deren Kultbilder der Vater im Arme birgt - ein Volk, dem man solche Haltung als Aufgabe vor Augen stellte, mußte einen anderen Weg nehmen als eines, dem man Nibelungentreue anempfahl."
"235","1971-01-15","Zeitung","Die Zeit, 15.01.1971","Lebt ein Volk in ihren Grenzen, oder sind es zwei Völker?"
"236","1983-09-09","Zeitung","Die Zeit, 09.09.1983","Muammar al-Ghaddafi beruft sich seinerseits auf den libyschen Freiheitshelden Omar el-Mokhtar, der den Widerstand gegen die italienischen Kolonisatoren anführte und 1931 hingerichtet wurde; ihm verdankt er seine Vorstellung von der historischen Mission des ""großen libyschen Volkes"" und seiner ""glorreichen Armee""."
"237","1987-03-06","Zeitung","Die Zeit, 06.03.1987","Rovan, Veil und Klarsfeld haben sich sehr kritisch über die neue Rechtsprechung geäußert; sie sehen darin eine indirekte ""Banalisierung"" der Rassenmorde und den bis heute kaum begriffenen Zivilisationsbruch ignoriert, der die industrielle Ermordung eines ganzen Volkes von immer und überall vorgekommenen Grausamkeiten eines Krieges qualitativ unterscheidet."
"238","1986-05-09","Zeitung","Die Zeit, 09.05.1986","Wie es im Räume Tschernobyl wirklich aussieht und wie sich die Giftwolke für die übrige Ukraine auswirkt, erfahren weder das sowjetische Volk noch die Weltöffentlichkeit."
"239","1980-12-26","Zeitung","Die Zeit, 26.12.1980","Der israelische Außenminister Jitzhak Schamir weist alle Lösungsabsichten zu Lasten seines Landes brüsk zurück: ""Wer Jerusalem von Israel trennen will, will das jüdische Volk enthaupten."""
"240","1983-04-29","Zeitung","Die Zeit, 29.04.1983","""Es wäre ein großer Fehler anzunehmen, wir könnten die Russen mit einer Strategie abschrecken, die von unseren Völkern nicht akzeptiert wird."""
"241","1986-04-11","Zeitung","Die Zeit, 11.04.1986","Aber über welches andere Volk ließe sich eigentlich heute mit solchen abgewirtschafteten Ausdrücken wie ""die alten Dämonen"" oder ""Umkehrung aller Werte"" noch operieren?"
"242","1985-05-03","Zeitung","Die Zeit, 03.05.1985","Das Volk bejubelte also mit Recht ""Tancredo"", die Person, und nicht eine Partei."
"243","1979-01-26","Zeitung","Die Zeit, 26.01.1979","Einmal in der Woche lotst Verkehrsamtsleiter Wolfgang Till zumeist junges Volk auf die Jausenstation Kohlschnait, wo Leih-Rodel kühne Abfahrer erwarten, die freilich vor der Talfahrt mit Fackeln erst einmal hochprozentig auftanken."
"244","1971-02-05","Zeitung","Die Zeit, 05.02.1971","Dieser Haushalt umreißt unser fiskalisches Programm für die neue amerikanische Revolution - eine friedliche Revolution, in der die Macht an das Volk zurückgegeben wird -, in der die Regierung auf allen Ebenen dynamischer gestaltet, erneuert und aufgeschlossener gemacht wird."
"245","1989-04-14","Zeitung","Die Zeit, 14.04.1989","Wenn überhaupt versucht wird, den Ausbruch des fanatischen Hasses zu erklären, der nicht nur im übertragenen Sinne einem Kampf zwischen Völkern gleicht, so wird auf die wirtschaftliche Lage oder auf die Demagogie des serbischen Parteiführers Slobodan MiloseviÄ verwiesen."
"246","1971-05-28","Zeitung","Die Zeit, 28.05.1971","Wie will er - was in seinen Parteireden immer wieder angeklungen ist - ""alle ehrlichen Menschen"", ""die erdrückende Mehrheit des Volkes"" für eine aktive Mitarbeit gewinnen?"
"247","1989-05-12","Zeitung","Die Zeit, 12.05.1989","Das ""Kuratorium Unteilbares Deutschland"" versuchte - beispielsweise durch Wachtfeuer an der Zonengrenze - die Bedeutung des Tages dem deutschen Volk nahezubringen."
"248","1978-11-03","Zeitung","Die Zeit, 03.11.1978","""Wie das deutsche Volk keinen neuen Hitler zulassen wird, so sind wir fest entschlossen, nie mehr einen neuen Lin Piao oder eine neue Viererbande zuzulassen."""
"249","1978-09-15","Zeitung","Die Zeit, 15.09.1978","So kämpft der Ritter Alfred, als der Dregger in einem unters Volk gebrachten Würfelspiel figuriert, nicht nur um Wiesbaden, sondern auch gegen Bonn."
"250","1975-11-28","Zeitung","Die Zeit, 28.11.1975","Die brave Frau aus dem Volk sagt darin: ""Mir wenn lebe ün werde üs wehre."""
"251","1982-12-24","Zeitung","Die Zeit, 24.12.1982","Das Motto seiner ersten Weihnachtsansprache könnte so etwas wie das Leitmotiv der Botschaft abgeben, die Karl Carstens unters Volk bringen will:"
"252","1982-09-24","Zeitung","Die Zeit, 24.09.1982","Mit dieser Schlußfolgerung haben berufsmäßige Stadtbeschreiber, die dem Volk aufs Maul schauen sollen, ihre Versuche beendet, eine Charakteranalyse Kopenhagens und seiner rund 500000 Einwohner vorzunehmen."
"253","1978-06-09","Zeitung","Die Zeit, 09.06.1978","Die Deutschen sind ein Volk von Genossen."
"254","1989-08-25","Zeitung","Die Zeit, 25.08.1989","Er mußte von unten kommen, aus dem Volk, aus jener trügerisch verklärten Arbeiterklasse, die aus dem forcierten, nur halb geglückten Sprung Polens vom Agrar- zum Industriestaat hervorgegangen ist."
"255","1978-10-27","Zeitung","Die Zeit, 27.10.1978","Nicht nur über Inder und Chinesen, die alten Ägypter und Römer weiß er vielerlei zu sagen - auch die europäischen Völker seiner Gegenwart sind ihm nicht unbekannt:"
"256","1983-07-01","Zeitung","Die Zeit, 01.07.1983","Die Engländer konnten das Volk nicht verstehen, das einer schlechten eigenen Regierung den Vorzug gab gegenüber einer vernünftigen Regierung, die von außen aufgezwungen war."""
"257","1981-07-31","Zeitung","Die Zeit, 31.07.1981","Von allen Völkern der Erde erreichen die Japaner das durchschnittlich höchste Lebensalter - neben den Isländern."
"258","1979-12-21","Zeitung","Die Zeit, 21.12.1979","Da im islamischen Staatsverständnis ein Angriff auf die gottgegebene Autorität seitens des Volkes nicht möglich ist, kann sich der Volkswille zwangsläufig nur dadurch Gehör verschaffen, daß er dem jeweils Herrschenden einen anderen, besseren, frömmeren Sachwalter Gottes entgegenstellt - einen neuen ""Imam""."
"259","1970-05-01","Zeitung","Die Zeit, 01.05.1970","Alle Länder und Völker, die der Aggression, Kontrolle, Intervention und Tyrannei des US-Imperialismus und des sowjetischen Revisionismus ausgesetzt sind, schließen sich zur breitesten Einheitsfront zusammen."
"260","1981-01-30","Zeitung","Die Zeit, 30.01.1981","Die Maxime des skeptischen französischen Historikers, ""jedes Volk verdient die Regierung, die es hat"", ist ein Bonmot, das, wenn man es ernst nimmt, nur irreführen kann."
"261","1986-12-05","Zeitung","Die Zeit, 05.12.1986","Die Belege dafür gleiten einem ebenso aus der Hand wie für die Vermutung, bei den Ostfranzosen, über die der Lektoratsgutachter herrlich defaitistisch herzieht, handle es sich um das ungarische Volk."
"262","1986-10-10","Zeitung","Die Zeit, 10.10.1986","""Es gibt wenige"", so schreibt Heinrich Heine 1835 in seiner ""Romantischen Schule"", ""denen das deutsche Volk, in Hinsicht seiner geistigen Ausbildung, mehr verdankt als Voß."
"263","1978-09-29","Zeitung","Die Zeit, 29.09.1978","Die Jugend der Völker, ""müde des Sattseins und des Überdrusses"", ""müde aber andererseits des Kommandostils von Kaserne und Polizei"", verlange nach dieser Sprache."
"264","1989-11-10","Zeitung","Die Zeit, 10.11.1989","Nun den Gürtel enger zu schnallen - diese Forderung kann keine Regierung ans Volk richten, die nicht selber das Vertrauen des Volks genießt."
"265","1972-09-08","Zeitung","Die Zeit, 08.09.1972","Die Eidgenossen schrieben sich die Festrede selbst, und sie wurde kurz, eindrucksvoll und sachlich, wie's diesem Volk der Hirten ansteht, eine Notiz:"
"266","1986-12-05","Zeitung","Die Zeit, 05.12.1986","So, gut getarnt, sieht man sie in der dunklen Stammtisch-Nacht nicht allzu deutlich, diese mit dem Geld und allen übrigen deutschen Werten befreundeten Politiker und deren Bewohner (das Wahlvolk, das Volk ihrer Wahl, das die Politiker in ihrem Innersten hegen und pflegen und nur zu den Wahlen herauslassen), wenn sie wieder einmal slowenische Ortstafeln demolieren gehen, über die Dörfer hin."
"267","1977-09-23","Zeitung","Die Zeit, 23.09.1977","Aber die linke Ideologie ist trotzdem im französischen Volk verwurzelt."
"268","1972-02-18","Zeitung","Die Zeit, 18.02.1972","Was gab es Angenehmeres als die Rolle des großzügigen Beschützers für ein hilfloses, zurückgebliebenes, religiös vielleicht umnachtetes, im übrigen aber ansprechbares und anscheinend dankbares Volk?"
"269","1973-06-01","Zeitung","Die Zeit, 01.06.1973","Die Masse kann sich daher nicht zu einem Volk verdichten."""
"270","1988-02-12","Zeitung","Die Zeit, 12.02.1988","Nach der Unabhängigkeit 1980 hatte der Premierminister seinem Volk ""Bildung für alle"" versprochen."
"271","1978-07-07","Zeitung","Die Zeit, 07.07.1978","Israels isolierte Position am Vorabend des Londoner Minigipfels erinnert an die Weissagung Moses: ""Das Volk, das allein haust."""
"272","1984-08-10","Zeitung","Die Zeit, 10.08.1984","Die Frage ist nur, ob das die Ausnahme oder die Regel ist in einem Widerstand, der in einem Volk von Mittätern und Mitläufern selbst die Ausnahme war."
"273","1973-05-04","Zeitung","Die Zeit, 04.05.1973","Unerfüllt dagegen blieb der Wunsch der sozialistischen Zionisten, wonach das ""auserwählte Volk"" auch als ein sozial-gerechtes Volk für alle Welt vorbildlich sein müßte."
"274","1988-11-25","Zeitung","Die Zeit, 25.11.1988","Benazir Bhutto hat ihrem in feudaler Abhängigkeit verharrenden Volk erklärt, daß nach der Rückkehr zur Demokratie alles besser werden würde."
"275","1986-02-21","Zeitung","Die Zeit, 21.02.1986","Wie wenig dauerhaft Volkes Stimme nachhallt, hat sich zudem seit der letzten Befragung erwiesen."
"276","1981-10-02","Zeitung","Die Zeit, 02.10.1981","Das Volk gibt in seiner Unmäßigkeit nicht eher Ruhe, bis Blut fließt."
"277","1979-06-15","Zeitung","Die Zeit, 15.06.1979","Es ist eine Regierung mit begrenzter Herrschaft; denn die eigentliche Macht geht nicht vom Volke, sondern von den Syrern aus, die 1976 in den libanesischen Bürgerkrieg eingegriffen haben."
"278","1989-09-01","Zeitung","Die Zeit, 01.09.1989","Entsprechend begegnen sich die beiden Völker heute nicht mehr im Hochgefühl ihrer nationalen Aspirationen, sondern mit der Erfahrung ihrer eigenen Begrenztheiten."
"279","1977-07-15","Zeitung","Die Zeit, 15.07.1977","daß er sich selber zum Erlöser seines Volkes und der Menschheit stilisiert habe;"
"280","1978-06-16","Zeitung","Die Zeit, 16.06.1978","Ein Stück, das nicht fürs Volk bestimmt war, ging über die Bühne."
"281","1975-12-19","Zeitung","Die Zeit, 19.12.1975","""Ein Volk von Dieben"""
"282","1975-08-01","Zeitung","Die Zeit, 01.08.1975","""Das Militär hat dem Volk die Revolution gestohlen."""
"283","1978-09-08","Zeitung","Die Zeit, 08.09.1978","Denn wenn Tito nach seinem Tode ein unzufriedenes Volk hinterläßt, droht das in viele Stämme zersplitterte Land auseinanderzufallen und eine Einfallpforte für die Sowjetunion zu werden."
"284","1972-08-25","Zeitung","Die Zeit, 25.08.1972","Kurz: Sport, das neue Opium des Volkes."
"285","1983-09-09","Zeitung","Die Zeit, 09.09.1983","Da hing das Kabelende aus dem Gartenmäuerchen, der kleine Unterschied, der - glaubt man der Mediendiskussion in Deutschland - entweder eine finanzielle Totgeburt oder den geistigen Ausverkauf des Volkes zur Folge haben soll."
"286","1987-08-28","Zeitung","Die Zeit, 28.08.1987","Er hatte dafür gesorgt, daß die SPD-Exilführer aus Lissabon nach London geflogen wurden, wo sie die ""Union der deutschen sozialistischen Organisationen"" gründen konnten, als Sammlungsbewegung für eine neue ""Partei des ganzen Volkes""."
"287","1979-11-02","Zeitung","Die Zeit, 02.11.1979","Für die Gaullisten sind die Betriebe in erster Linie eine Möglichkeit, ihre Ideen unters werktätige Volk zu bringen und Mitglieder zu werben."
"288","1980-08-01","Zeitung","Die Zeit, 01.08.1980","Kein Volk ohne Raum."
"289","1984-11-09","Zeitung","Die Zeit, 09.11.1984","Seine Regierung ist demzufolge ungewöhnlich erfolgreich, macht eine ""prima Politik"", trifft Entscheidungen, die einen ""ungeheuren Mut"" erfordern, und hat zum Ergebnis eine Republik, die ""ein blühendes Gemeinwesen im Reigen der Völker der Welt"" ist."
"290","1982-07-02","Zeitung","Die Zeit, 02.07.1982","Mag auch der unmittelbar nach dem 2:1-Sieg über Deutschland ins Mikrophon gesprochene euphorische Satz des algerischen Trainers Khalef ""Durch das Volk für das Volk"" -"
"291","1971-01-22","Zeitung","Die Zeit, 22.01.1971","Das Volk ist in diesem Spektakel der Macht, dessen Opfer es ist, auf mehr als eine Weise abwesend."
"292","1979-02-02","Zeitung","Die Zeit, 02.02.1979","""Die Juden sind ein Volk, das man bewundern muß, aber nicht lieben kann."""
"293","1988-07-01","Zeitung","Die Zeit, 01.07.1988","Beide hätten längst einsehen können, daß die Völker ihres jeweiligen Vorfeldes umso widerspenstiger werden, je kräftiger die Großen versuchen, sie unter ihre ""Obhut"" zu bringen."
"294","1974-11-15","Zeitung","Die Zeit, 15.11.1974","""Im Namen des Volkes"" von Ottokar Runze."
"295","1989-09-22","Zeitung","Die Zeit, 22.09.1989","Warum fürchtet sich gerade dieses Volk vor dem Ende, vor dem Abgrund, dem Finale, statt sich dort, wie etwa die Angelsachsen, mit gediegener Gastlichkeit gemütlich einzurichten?"
"296","1970-01-23","Zeitung","Die Zeit, 23.01.1970","Auf der einen Seite die Bereitschaft zu Verträgen von völkerrechtlich relevanter Qualität und der Verzicht auf die staatliche Einheit, auf der anderen Seite der Sperriegel: keine völkerrechtliche Anerkennung - wird das Volk solche Definitionen mittragen oder wird es in weiten Teilen wiederum der amtlichen Politik vorauseilen und auch in Brandts Politik bald nur eine gemilderte, aber dennoch hemmende Neuauflage des früher so oft beklagten juristischen Denkens in Bonn sehen?"
"297","1976-04-02","Zeitung","Die Zeit, 02.04.1976","Die Dokumente zeigen, wie die Vereinigten Staaten versuchten, eine Regierungsübernahme durch eine kommunistisch-sozialistische ""Volksfront"" in Italien zu verhindern - durch mancherlei Tricks und Intrigen, durch offene und geheime Unterstützung der nichtkommunistischen Parteien, besonders der Christdemokraten, natürlich auch im Einverständnis mit dem Vatikan, vor allem aber durch Hilfe für das hungernde Volk."
"298","1984-03-09","Zeitung","Die Zeit, 09.03.1984","Die Russen und die anderen Völker der Sowjet-Union und des Comecon müssen ökonomisch unter den Folgen dieser Entwicklung leiden."
"299","1971-10-29","Zeitung","Die Zeit, 29.10.1971","Nach und nach muß in der nach-nationalen Ära aus dem Klub der Regierungen eine Union der Völker entstehen."
"300","1970-08-14","Zeitung","Die Zeit, 14.08.1970","Frieden sollte zugesichert werden für das polnische Volk in seiner derzeitigen geographischen Lage."
"301","1975-02-07","Zeitung","Die Zeit, 07.02.1975","Man sieht Top-Leute in Top-Terrains individuell und das Volk in Massenszenen als Statisterie untergehen."
"302","1975-07-18","Zeitung","Die Zeit, 18.07.1975","Als Hauptziel nationalsozialistischer Außenpolitik bezeichnet er es, ""unser Volk und seine Kraft zu sammeln zum Vormarsch auf jener Straße, die aus der heutigen Beengtheit des Lebensraumes dieses Volk hinausführt zu neuem Grund und Boden"", und er nennt auch die neuen deutschen Kolonien beim Namen: ""Rußland und die ihm Untertanen Randstaaten."""
"303","1975-05-02","Zeitung","Die Zeit, 02.05.1975","Die CDU schickt ihre Minister geschlossen in Bussen auf die Dörfer, wo sie jovial dem Volk begegnen."
"304","1972-09-01","Zeitung","Die Zeit, 01.09.1972","Ich bin sicher, daß Sie falsch beraten werden und Sie deshalb die Interessen Ihres Volkes ignorieren."
"305","1989-04-14","Zeitung","Die Zeit, 14.04.1989","Von Dialogbereitschaft ist aber auch bei den anderen Völkern Jugoslawiens wenig zu spüren."
"306","1970-08-28","Zeitung","Die Zeit, 28.08.1970","Es ist ganz allgemein ein Ausdruck für die Einstellung der Bürokratie zum Volk:"
"307","1980-07-11","Zeitung","Die Zeit, 11.07.1980","Vom Volk der Schlächter und Henker nach vorn zurück zum Volk der Dichter und Denker; Weltniveau als Alibi."
"308","1984-10-05","Zeitung","Die Zeit, 05.10.1984","In Pekings ""Großer Halle des Volkes"" setzten die beiden Verhandlungsführer ihre Paraphe unter den Vertragsentwurf über die Rückgabe der britischen Kronkolonie an die Volksrepublik China zum 1. Juli 1997."
"309","1980-07-11","Zeitung","Die Zeit, 11.07.1980","[...] Das Rätsel der jüdischen Existenz und des jüdischen Überlebens - immer in zwei Sphären lebend, im eigenen Staate undi in viel längeren Perioden, in der Mehrzahl in der Diaspora - ist nur erklärbar durch die ideologisch religiöse Synthese; einmal der großartige Gedanke des einen Gottes für die ganze Menschheit, die kühnste Konzeption, die die größte Wirkung auf die menschliche Entwicklung ausgeübt hat und die das jüdische Volk der Welt gegeben hat; und damit verbunden die, logisch gesehen, entgegengesetzte These, daß der universale Gott der ganzen Menschheit das jüdische Volk vor allen anderen auserwählt hat, urö die religiösen und moralischen Vorschriften Gottes auf der Erde zu verwirklichen - das Ganze gekrönt durch die Ankunft des Messias, der ein Erlöser nicht nur für die Juden, sondern für alle Menschen sein wird, aber in erster Reihe das jüdische Volk wieder in sein Land zurückführen wird. [...]"
"310","1977-10-21","Zeitung","Die Zeit, 21.10.1977","In der ersten Erregung fiel wenig mehr auf als die Tatsache, daß die Erklärung zwar von den ""legitimen Rechten des palästinensischen Volkes"" spricht, aber nicht die UN-Resolution 242 erwähnt, das einzige internationale Dokument, das Israel implizit das Recht auf seine staatliche Existenz verbürgt."
"311","1989-11-24","Zeitung","Die Zeit, 24.11.1989","""Sind Sie tatsächlich das Volk?"" fragte sie."
"312","1987-04-17","Zeitung","Die Zeit, 17.04.1987","Und trotzdem möchten die über das Land verstreuten ""Hochsicherheitstrakte"" zwischen Wackersdorf und Brokdorf noch hingehen, wenn sie die Ausnahmen wären, die die Regel bestätigten, daß eben doch ein freies Volk auf freiem Grund wohnt, in der Bundesrepublik Deutschland."
"313","1989-06-02","Zeitung","Die Zeit, 02.06.1989","Besitz meinte für sie, daß Besitz zugleich bedroht war: seit jeher vom Meer, von eifersüchtigen Nachbarn, von Gott, der das neue, auserwählte Volk auch strafen konnte."
"314","1970-03-06","Zeitung","Die Zeit, 06.03.1970","Die parlamentarische Demokratie findet ihre Rechtfertigung in dem Grundsatz, daß die maßgeblichen politischen Entscheidungen von jenen getroffen werden, die dazu vom Volk legitimiert sind: von den gewählten Parlamentariern also und der vom Vertrauen der Mehrheit getragenen Regierung."
"315","1981-05-08","Zeitung","Die Zeit, 08.05.1981","Wenn es so weitergeht, steht unserem Volk schon bald eine ungeheure Katastrophe bevor."
"316","1982-09-17","Zeitung","Die Zeit, 17.09.1982","Könnte Deutschland nicht eine ungewöhnliche und beispielhafte Tat für die Menschheit vollbringen, indem es darauf verzichtet, ein Nationalstaat wie die anderen Völker der Welt zu sein?"
"317","1979-09-21","Zeitung","Die Zeit, 21.09.1979","Allerdings kann sich das Volk auch in den heizbaren Monaten nicht ganz der wohligen Wärme hingeben."
"318","1974-02-01","Zeitung","Die Zeit, 01.02.1974","Der ""Stiftung Preußischer Kulturbesitz"" wurde 1961 vom Bundestag die Aufgabe übertragen, ""bis zu einer Neuregelung nach der Wiedervereinigung den Preußischen Kulturbesitz für das deutsche Volk zu bewahren, zu pflegen, zu ergänzen und seine Auswertung für die Wissenschaft und den Kulturaustausch zwischen den Völkern zu gewährleisten""."
"319","1979-06-22","Zeitung","Die Zeit, 22.06.1979","Nichts gegen einen ""lebendigen Austausch der intellektuellen und emotionellen Kräfte der Völker Europas"", gegen ""Kontakte zwischen Künstlern, Vermittlern von Kunst wie Verlegern und Übersetzern"" - ob im Bayerischen Wald oder in Ostholstein, in den Schulen wie bei Alten oder Behinderten:"
"320","1989-05-19","Zeitung","Die Zeit, 19.05.1989","Lacht dir das Glück, dann schenkt dir Pablo Escobar ein Heim, lautet das Motto fürs Volk."
"321","1973-10-05","Zeitung","Die Zeit, 05.10.1973","Sein Manager Beierlein: ""Heino ist ein Junge aus dem Volke."""
"322","1989-12-15","Zeitung","Die Zeit, 15.12.1989","In der Frage der Wiedervereinigung muß, so Dumas ""die Empfindsamkeit des deutschen Volkes"", aber auch ""die Empfindsamkeit seiner Nachbarn"" berücksichtigt werden."
"323","1977-12-02","Zeitung","Die Zeit, 02.12.1977","Darüber hinaus jedoch ist sie von solch grandioser Schlichtheit, daß sie sich der Gefühle auch der Völker zu bemächtigen vermag."
"324","1980-12-12","Zeitung","Die Zeit, 12.12.1980","Es wurde bekräftigt, daß das sozialistische Polen, die Polnische Vereinigte Arbeiterpartei und das polnische Volk fest mit der brüderlichen Solidarität und Unterstützung der Teilnehmerstaaten des Warschauer Vertrags rechnen können."
"325","1985-04-05","Zeitung","Die Zeit, 05.04.1985","Für die Details des Exodus allerdings läßt er das Volk der Dichter und Denker beiseite und wendet sich an das Volk des common sense, auf das andere Vorbild der Wiener Kulturträger: die Engländer."
"326","1987-11-27","Zeitung","Die Zeit, 27.11.1987","Als Präsident José Sarney im Februar 1986, knapp ein Jahr nach seiner Machtübernahme, den ""Cruzado-Plan"" verkündete, da weckte er große Euphorie im Volk."
"327","1976-10-15","Zeitung","Die Zeit, 15.10.1976","Das Volk der Deutschen Demokratischen Republik hat sich in freier Selbstbestimmung für immer für den Sozialismus und die Zugehörigkeit zu den Staaten der sozialistischen Gemeinschaft entschieden."
"328","1986-03-07","Zeitung","Die Zeit, 07.03.1986","""Unruhe im Volk ..."
"329","1981-11-06","Zeitung","Die Zeit, 06.11.1981","Christians: Eine völkische Identität, wir fühlen uns ja immer noch als deutsches Volk."
"330","1978-05-26","Zeitung","Die Zeit, 26.05.1978","Eigentlich sollten wir uns glücklich schätzen, daß sich ""unser"" nationales Kulturgut im Ausland befindet, wo es für unser kulturelles Image wirbt, als Werbeträger auftritt; denn gerade diese Tatsache befürwortet doch den Stellenwert der geistigen und künstlerischen Lebensäußerungen eines Volkes."
"331","1975-06-20","Zeitung","Die Zeit, 20.06.1975","Dieser heute weltweit verbreitete Terrorismus kann auch in freiheitlichen Staaten, wie wir sehen, da auftreten, wo in der Jugend eines Volkes revolutionäre Impulse, im Streben nach einer besseren Welt und einer menschlicheren Gesellschaft, entstehen und sich nicht rechtzeitig und zureichend in ein reformerisches Engagement innerhalb des politischen Systems umsetzen und übersetzen."
"332","1972-06-16","Zeitung","Die Zeit, 16.06.1972","Danach ist eine Ordnung freiheitlich demokratisch, ""die unter Ausschluß jeglicher Gewalt- und Willkürherrschaft eine rechtsstaatliche Herrschaftsordnung auf der Grundlage der Selbstbestimmung des Volkes nach dem Willen der jeweiligen Mehrheit und der Freiheit und Gleichheit darstellt""."
"333","1984-03-23","Zeitung","Die Zeit, 23.03.1984","1956, das Jahr des polnischen Oktober und der Überwindung des Stalinismus - auch damals gab es einen Arbeiterführer mit dem Vornamen Lech, ganze drei Tage war er der Mann der Stunde, bis der Sprecher des Volkes verdrängt wurde von Gomulka, dem Mann der Partei."
"334","1977-10-21","Zeitung","Die Zeit, 21.10.1977","Der Realitätsverlust, der - mit guten Gründen - denen bescheinigt wird, die einen von der Mehrheit des Volkes gewünschten und verteidigten Rechtsstaat mit Mord und Terror aushöhlen wollen - wirkt er nicht. bereits ansteckend auf manche, die gleich einen ""Sympathisantensumpf"" wittern, wo nur das Recht eigener freier Meinung behauptet wird?"
"335","1973-11-09","Zeitung","Die Zeit, 09.11.1973","""Wir rufen - selbst während des seit Monaten gegen uns geführten blutigen Angriffs - die im Staate Israel lebenden Angehörigen des arabischen Volkes auf, den Frieden zu bewahren und sich am Aufbau des Staates auf der Grundlage voller bürgerlicher Gleichberechtigung und angemessener Vertretung in allen vorläufigen und permanenten Institutionen des Staates zu beteiligen."""
"336","1972-08-25","Zeitung","Die Zeit, 25.08.1972","[...] Darin stellte der deutsche Philosoph den Grundsatz auf, das ""kein Staat... sich in die Verfassung und Regierung eines andern Staats gewalttätig einmischen (soll)"" (Präliminarartikel 5), es sei denn, daß ""ein Staat sich durch innere Veruneinigung in zwei Teile spaltete, deren jeder für sich einen besonderen Staat vorstellt, der auf das Ganze Anspruch macht... Solange aber dieser innere Streit noch nicht entschieden ist, würde diese Einmischung äußerer Mächte Verletzung der Rechte eines nur mit seiner inneren Krankheit ringenden, von keinem andern abhängigen Volks, selbst also ein gegebener Skandal sein und die Autonomie aller Staaten unsicher machen."" [...]"
"337","1986-09-19","Zeitung","Die Zeit, 19.09.1986","Die öffentliche Reaktion auf diesen Mord, für den die baskische Eta schon kurze Zeit später die Verantwortung übernahm, führt in die immer ungeduldiger geführte Diskussion über den Kampf gegen den Terrorismus hinein: Dolores Gonzalez Catarain war für ihre Mörder eine Abtrünnige, die ""nicht nur sich selbst"", sondern auch das ""baskische Volk"" verraten habe, wie ein schwülstig-pathetisches Kommuniqué der Eta formulierte."
"338","1985-12-20","Zeitung","Die Zeit, 20.12.1985","Aber ""sei dem, wie ihm wolle"", mit den Aufklärern zu reden, oder mit dem Kirchenvater Johannes Damaszenus: ""Verhalte es sich nun so oder anders"" - wir sind längst von der ausgelaugten Genesis, die jahrhundertelang jeder nur denkbaren Spekulation, sei sie kosmologischer oder psychologischer, mystischer oder moralischer Art, zum Vorwand diente, zum Exodus und seinen Fortsetzungen in den folgenden Mose-Büchern gekommen, nachdem Josef und seine Brüder (in Begleitung von Thomas Mann natürlich) nach Ägypten gezogen waren, wo der Stamm zum Volke ward."
"339","1981-04-24","Zeitung","Die Zeit, 24.04.1981","Wird es überhaupt noch so regiert, wie es der Artikel 2 der Verfassung vorschreibt: ""durch das Volk und für das Volk""?"
"340","1982-10-15","Zeitung","Die Zeit, 15.10.1982","Der Wählerauftrag habe doch nicht nur gelautet, die Koalition mit Schmidt fortzusetzen, Sondern auch und vor allem Schaden vom deutschen Volk zu wenden."
"341","1985-07-12","Zeitung","Die Zeit, 12.07.1985","Auch die Azteken waren ein kriegerisches Volk, nicht besser, aber auch nicht schlechter als die Spanier."
"342","1976-10-08","Zeitung","Die Zeit, 08.10.1976","Das griechische Volk unterstellt dem Gericht eine Ordnungsphilosophie, aus der dieses und kein anderes Urteil resultieren konnte."
"343","1970-10-23","Zeitung","Die Zeit, 23.10.1970","[...] Böhm zieht mit einer Gruppe herum, die mehr ihn, den Fanatiker und Sozialutopisten mit der erfolgreichen eschatologischen Ausstrahlung, benutzen, als er sie; Antonio das Mortes ist unter ihnen, ein Black-Panther-Führer, ein moderner Revolutionär; Böhm spricht zum Volk über Arbeit, Lohn und Profit, den Wert der Waie, pädagogische Probleme, Aktionskomitees und die Notwendigkeit des bewaffneten Aufstands; man hört Texte aus einer Berliner APO-Zeitung, aus der Enzyklika Humanae Vitae und von Camillo Torres, fromme Choräle, heißen Beat und das Lied von den roten Fahnen; zur gesummten Internationale ruft Penthesilea in originalen Kleist-Versen den schrecklichen Ares herab, während der Bischof im Mercedes auf der Hinrichtungsstätte, einem Autofriedhof, vorfährt und seine MP-Garde mit der Heil-Geste begrüßt. [...]"
"344","1982-12-31","Zeitung","Die Zeit, 31.12.1982","Noch am Vortag, zu Hause in Schliersee, wo er mit seiner Frau Christine und dem dreijährigen Sohn sozusagen am Busen des bayerischen Volkes lebt, hatte er dieses Gsangl in seinem Kopf bewegt, mit seinem Sprachgefühl jongliert, an der knappen Form der Darstellung geknobelt und als echter Profi die empörende Wirkung auch am Besucher getestet:"
"345","1971-03-05","Zeitung","Die Zeit, 05.03.1971","Andere Völker mögen gewandter sein und witziger und ergötzlicher; aber keins ist so treu wie das deutsche Volk ..."
"346","1972-01-28","Zeitung","Die Zeit, 28.01.1972","Daß nicht mehr im Namen des Volkes, sondern des kroatischen Volkes Recht gesprochen wurde, daß die Universität Zagreb in Universität von Kroatien umgetauft werden sollte, daß nur noch von der kroatischen anstatt der kroatisch-serbischen Sprache die Rede war - das alles waren ebensolche Bagatellen wie die kindische Begeisterung über kroatische Wappen, Wimpel und Autoabzeichen."
"347","1974-11-08","Zeitung","Die Zeit, 08.11.1974","Stipendium der Studienstiftung des deutschen Volkes."
"348","1989-10-06","Zeitung","Die Zeit, 06.10.1989","Das erlesenste Programm literarisch anspruchsvoller Bücher, mit Wiederentdeckungen und - zunehmend - Neuerscheinungen, mit luxuriöser bibliophiler Ausstattung, in einem Verlagshaus, das sich zu Recht etwas darauf zugute hält, preiswerte, ja, billige Bücher, Witzbroschüren und Sponti-Sprüche unters Volk zu bringen."
"349","1986-05-30","Zeitung","Die Zeit, 30.05.1986","Auch in den Völkern der Industrieländer steckt noch genügend Potential für ""People's Power"", das für die Idee einer echten Friedensethik zu gewinnen sein müßte."
"350","1981-11-06","Zeitung","Die Zeit, 06.11.1981","Wenn seine Reden nach Ansicht seiner Kritiker immer noch oft zum Oberbürgermeister-Dialog mit dem Volk geraten, so ist die Ursache dafür nicht nur mangelndes Vermögen, sondern politisches Kalkül:"
"351","1971-05-21","Zeitung","Die Zeit, 21.05.1971","Sonst aber führt der rumänische Staat Regie; Rumänen leiten das Hotel mit jener unerschöpflichen Liebenswürdigkeit, die dieses Volk auszeichnet."
"352","1972-10-13","Zeitung","Die Zeit, 13.10.1972","Das norwegische Volk war, wie die ""Berliner Zeitung"" jetzt weiß, nicht bereit, sich ausplündern zu lassen, Joachim Nawrocki"
"353","1977-05-06","Zeitung","Die Zeit, 06.05.1977","Sie muß thematisieren und problematisieren, wie das heutzutage heißt, was das Volk im Innersten bewegt."
"354","1987-08-21","Zeitung","Die Zeit, 21.08.1987","Saddam Hussein, seit zehn Jahren der starke Mann, kam mit seinem populistischen Nasserismus beim Volk gut an."
"355","1979-08-24","Zeitung","Die Zeit, 24.08.1979","Sollte Chomeini, ""der das Verdienst hatte, die Volksrevolution gegen die korrupte Monarchie anzuführen, in seinem Verdummungseifer fortfahren und den Weg der Gewalt weitergehen, wird sein Regime das gleiche Schicksal erleiden, das die Völker jeder Diktatur und jeder Tyrannei bereiten"", heißt es in der Erklärung weiter."
"356","1984-07-27","Zeitung","Die Zeit, 27.07.1984","Der Vorgang gehört zum Unappetitlichsten in der europäischen Geistesgeschichte; beteiligt waren große Geister wie mindere Reimer; eine rührende Minderheit blieben, die dem patriotischen - Geheul ihrer Völker widerstanden."
"357","1978-04-14","Zeitung","Die Zeit, 14.04.1978","Das junge Volk (bis 35 Jahre) sucht an der Spree vornehmlich Unterhaltung, Vergnügungen und Kontakte."
"358","1983-01-14","Zeitung","Die Zeit, 14.01.1983","Die Partei und das Volk setzten denn auch mit Begeisterung, mit größerer Entschiedenheit und Einigkeit ihre Arbeit fort, die Beschlüsse des 8. Parteikongresses durchzusetzen."
"359","1989-12-01","Zeitung","Die Zeit, 01.12.1989","Tatsächlich hatten die beiden Opfer den Terror der ETA immer wieder als eine Art Befreiungskampf eines unterdrückten Volkes interpretiert."
"360","1988-01-29","Zeitung","Die Zeit, 29.01.1988","Den Antisemitismus kennzeichnet die biologisch begründete Ideologie, zu ihm gehört die kategorische Diffamierung eines Volkes als rassistisch minderwertig, Solch ein ""existenzphilosophischer Rassismus"", den Rainer Merten im Nachgang zu Farias bei Heidegger entdeckt haben will, läßt sich nicht nachweisen."
"361","1972-04-21","Zeitung","Die Zeit, 21.04.1972","Sie steht gegenwärtig vor der Wahl, Freund oder Feind der Sowjetunion, unseres Volkes zu sein."
"362","1970-04-17","Zeitung","Die Zeit, 17.04.1970","Präsident Nixon wetteifert mit jenen demokratischen Senatoren wie Gaylord Nelson, Edmund Muskie und Henry Jackson, die den Feldzug gegen die Umweltverschmutzung - ""pollution"" - seit langem auf ihre Fahnen geschrieben haben, vor dem Volk um die Ehre, die besten und wirksamsten Maßnahmen vorzuschlagen."
"363","1989-05-19","Zeitung","Die Zeit, 19.05.1989","... und das Volk von Paris strömte auf die Straßen und tanzte, ausgerechnet auf der Place de la Bastille!"
"364","1977-08-12","Zeitung","Die Zeit, 12.08.1977","Alexander Agins Zeichnungen zu Gogols ""Toten Seelen"", im Holzstichverfahren publiziert, fehlen ebensowenig wie die für den Bildungsbürger gedachten Kunstblätter mit aktuell informierendem Inhalt oder die Luboks, Bilderbögen für das einfache Volk, in denen die Bilderwelt Chagalls präfiguriert war."
"365","1983-08-12","Zeitung","Die Zeit, 12.08.1983","""Wir müssen uns mit den Völkern der arabischen Nationen Ägypten, Sudan, Somalia und Oman verbünden, um gegen die Invasion der US-Truppen in diesen Ländern zu kämpfen."""
"366","1979-11-02","Zeitung","Die Zeit, 02.11.1979","Die PSOE und die anderen gemäßigten Parteien hätten sich vorgenommen, mit Hilfe des Autonomiestatuts das Volk zu betrügen."
"367","1981-12-25","Zeitung","Die Zeit, 25.12.1981","Dort heißt es in dem Kapitel, wo Gott den Jeremias zum Propheten für die Völker bestellt:"
"368","1984-01-20","Zeitung","Die Zeit, 20.01.1984","""Es gibt ein Volk ohne Land - aber es gibt kein Land ohne Volk... Palästina hat eine Bevölkerung von 700000 Seelen, ein Volk, das seit Jahrhunderten im Lande lebt und mit vollem Recht dieses Land als sein Vaterland und seine Heimat betrachtet."
"369","1980-09-05","Zeitung","Die Zeit, 05.09.1980","Zwanzig Minuten später vollzieht nach Brünnhildes Feuergesang und Feuersprung ein größerer Haufen räudig gemischten Volks die gleiche Kehrtwendung, aber diesmal treffen die Blicke dieser Nicht-mehr-Zuschauer die Zuschauer."
"370","1977-12-23","Zeitung","Die Zeit, 23.12.1977","Klaus Völker wies darauf hin, daß das Theater der DDR, das in den fünfziger und sechziger Jahren Maßstäbe lieferte, stagniert, nicht nur durch das Verbot vieler neuer Stücke, sondern auch dadurch, daß die bedeutenden Regisseure seit einiger Zeit ermutigt werden, im Westen zu inszenieren."
"371","1976-05-21","Zeitung","Die Zeit, 21.05.1976","Je mehr sie versuchen, Glanz und Glamour abzustreifen und sich auf dem Marktplatz mit dem Volk gemein zu machen, um so mehr schwindet ihre eigentliche Funktion, ferne und strahlende Figuren zu sein."
"372","1983-10-28","Zeitung","Die Zeit, 28.10.1983","Von dem Wagen des deutschen Volkes wurden seit 1974 mehr als sechs Millionen Exemplare gebaut, das von Toyota als ""japanisches Volks-Auto apostrophierte Modell hat es seit 1966 auf mehr als zehn Millionen Exemplare gebracht."
"373","1979-02-16","Zeitung","Die Zeit, 16.02.1979","Das Nationalheiligtum, in dem sich verzweifelter Widerstand der nur noch auf das kleine Mädchen aus Lothringen hoffenden französischen Nation gegen die Übermacht der Engländer manifestierte, zeitweilig-zur Verbrecherbehausung degradiert, ist heute nur noch Objekt des fahrenden Volkes, der Touristen, ein Kristallisationskern für den Kitsch der Andenken- und der Photoindustrie."
"374","1982-10-15","Zeitung","Die Zeit, 15.10.1982","[...] Positionen zurückgenommen werden müßten; 2 daß das übertrieben enge Hand in Hand Arbeiten mit Rußland, das man unser Volk zu erhoffen gelehrt hatte, für die Erhaltung des Weltfriedens nicht wirklich entscheidend war daß ein vernünftiges Ausbalancieren der Macht und das Respektieren der gegenseitigen Interessensphären dasselbe erreichen würden; und 3 daß Moskau keinen Anlaß habe, ein weiteres militärisches Vordringen in Europa zu erwägen; daß dem Westen nicht von einer russischen Invasion Gefahr drohe, sondern von den im Westen selbst bestehenden kommunistischen Parteien und von den irrealen Hoffnungen und Befürchtungen, mit denen man die Völker im Westen gefüttert hatte "" [...]"
"375","1988-07-29","Zeitung","Die Zeit, 29.07.1988","Damals, 1964, konstatierte Theodor W. Adorno bei Wagner einen ""fast unwiderstehlichen, aber vergifteten Versuch, eine mythologische Jüngstvergangenheit des deutschen Volkes zu fingieren, an der es sich dann hat berauschen lassen"", überlegte er, ob nicht die ""aktuelle Wagner-Interpretation-... zu Strichen sich entschließen soll"" - Frage nur wo, da bei Wagner ""das Großartige nicht fein säuberlich vom Fragwürdigen sich trennt"" - und resümierte, forsch dekretierend:"
"376","1970-04-24","Zeitung","Die Zeit, 24.04.1970","Zumindest völkerrechtlich ist die staatliche Existenz der Republik China (Taipei) nunmehr ebenso real wie die der Volksrepublik China (Peking), auch wenn der Alleinvertretungsanspruch der ersteren für das ganze chinesische Volk irreal ist."
"377","1985-05-10","Zeitung","Die Zeit, 10.05.1985","Und gegen Versuchungen totalitärer Art ist dieses Volk nun wirklich gefeit wie kein anderes."
"378","1979-04-27","Zeitung","Die Zeit, 27.04.1979","Diktaturen entstanden, theokratische Fanatismen brachen auf, namenloses Elend suchte die befreiten Völker heim, das - und hier denke ich an Kambodscha, aber auch an Uganda - weit schlimmer war als die kolonialistische Unterdrückung."
"379","1971-03-19","Zeitung","Die Zeit, 19.03.1971","Demnach würde China eingreifen, wenn Hanoi ""Freiwillige"" anfordere, die amerikanische Eskalation als Bedrohung der eigenen Sicherheit empfinden oder wenn Russen und Amerikaner sich auf Kosten des vietnamesischen Volkes einigen sollten."
"380","1970-07-31","Zeitung","Die Zeit, 31.07.1970","Die Wünsche nach Frieden, ""nach der Freundschaft des Volkes dieser Stadt"", nach einer Sprache für die ganze Erde, schienen heißer zu sein als der, in diesem Reigen, an diesem Abend die Erste zu werden."
"381","1989-10-13","Zeitung","Die Zeit, 13.10.1989","Dabei haben sich die beiden Fraktionen der Regierungspartei, Chalq (das Volk) und Partscham (Flagge), jahrelang bis aufs Blut bekämpft."
"382","1976-11-19","Zeitung","Die Zeit, 19.11.1976","""Das türkische Volk will die Demokratie, aber die herrschende türkische Regierung möchte eine Diktatur."""
"383","1970-01-30","Zeitung","Die Zeit, 30.01.1970","Heinrich von Brentano war es auch gewesen, der einmal geäußert hatte, bekäme er das Mandat des Volkes, so würde er auf die Ostgebiete verzichten."
"384","1975-08-15","Zeitung","Die Zeit, 15.08.1975","Viele Offiziere sahen die Entwicklung mit Unbehagen; aber die von ihnen selbst errichtete Fiktion der doppelten Einheit - Einigkeit innerhalb der ""Bewegung der Streitkräfte""; unverbrüchliches Zusammengehen von Volk und Soldaten - hinderte sie daran, offen in die Opposition zu gehen."
"385","1976-02-13","Zeitung","Die Zeit, 13.02.1976","Zu gewissen Zeiten will sich das ganze Volk befreien."
"386","1989-03-24","Zeitung","Die Zeit, 24.03.1989","Denn: Alle Richter sprechen ihre Urteile ""im Namen des Volkes""."
"387","1975-03-21","Zeitung","Die Zeit, 21.03.1975","""Der Gang der Geschichte will es, daß die 450-Jahr-Feier des deutschen Bauernkrieges fast genau zusammentrifft mit der 30-Jahr-Feier der Befreiung unseres Volkes durch die Sowjetarmee ..."" Nein, nicht der Gang der Geschichte will es, sondern der schiere Jubiläumsrausch."
"388","1988-12-23","Zeitung","Die Zeit, 23.12.1988","Der Mord am eigenen Volk, Verrat, Opferung von Unbeteiligten wurden nachträglich mehr als einmal zur Fußnote solcher Biographien."
"389","1975-10-31","Zeitung","Die Zeit, 31.10.1975","""Das Volk fürchtet um seinen Frieden und liebt den, der ihn verspricht."""
"390","1970-11-06","Zeitung","Die Zeit, 06.11.1970","Aber wie man es auch drehen mag - wehe dem Volk, das sich nur aus dem Fernsehen informieren wollte..."
"391","1971-01-15","Zeitung","Die Zeit, 15.01.1971","Sie wären schon damals gern mit dem Vorwurf der ""Verleumdung des slowakischen Volkes"" gekommen, aber in den sechziger Jahren konnte man auch unter Novotny den slowakischen Klerikalfaschismus nicht öffentlich verteidigen."
"392","1989-11-24","Zeitung","Die Zeit, 24.11.1989","""Das Volk, ungeachtet seines kriegerischen Geistes, hat fortdauernd eine durch seinen freyen und unabhängigen Sinn erklärbare Abneigung gegen den Zwang militärischer Einrichtungen, gegen allzu häufige und tiefe Einmischung der Zentralität, gegen die Erscheinung und das Walten eidgenössischer Stabsoffiziere und so fort."
"393","1972-03-17","Zeitung","Die Zeit, 17.03.1972","Wer wissen will, wie das einfache Volk lebte und zum Teil noch lebt, sollte dieses Viertel durchwandern, er sollte eine Expedition durch die Welt der Traboules, der Gassen und Treppen machen, die den Berg der Arbeit durchziehen."
"394","1982-03-12","Zeitung","Die Zeit, 12.03.1982","Sironi entfaltete, angeregt wohl von den bedeutenden sozialistischen Mexikanern, seinen muralismo: Wandkunst damals - die Kunst dem Volk."
"395","1989-04-21","Zeitung","Die Zeit, 21.04.1989","Manfred George zum Beispiel, der später in New York den ""Aufbau"" gründete, schrieb im April 1937 in der Jüdischen Revue ""In dem Kampf (...) kann es für das jüdische Volk nur eine Stellung geben: die neben dem spanischen Volk, das von denselben Mächten angegriffen wurde, die auch auf den Untergang des jüdischen Volkes sinnen."""
"396","1980-09-05","Zeitung","Die Zeit, 05.09.1980","Die Parteien haben den Satz des Grundsatzartikels 21, wonach sie bei der politischen Willensbildung des Volkes mitwirken, mittlerweile ziemlich exzessiv zu ihren Gunsten uminterpretiert."
"397","1982-10-22","Zeitung","Die Zeit, 22.10.1982","""Die schmücken sich mit uns bei öffentlichen Veranstaltungen, um dem Volk zu zeigen, wie gut der Naturschutz in ihren Händen aufgehoben ist."
"398","1978-05-12","Zeitung","Die Zeit, 12.05.1978","""Das politische Ziel der Bundesrepublik bleibt es, zum Frieden in Europa beizutragen, in dessen Bedingungen das deutsche Volk seine Einheit in freier Selbstbestimmung erreichen könnte."
"399","1973-11-09","Zeitung","Die Zeit, 09.11.1973","(Selbstverständlich gilt Entsprechendes noch verstärkt für den Versuch einer rassistischen Diktatur, die biologische Entwicklung des beherrschten Volkes zu planen - nur daß dieser Versuch schon auf einer frühen Stufe auf Grund der gleichzeitig geplanten kriegerischen Expansion und ihres Scheiterns abgebrochen wurde.)"
"400","1979-01-05","Zeitung","Die Zeit, 05.01.1979","Die eingefleischten Nationalisten und Revanchisten in der Bundesrepublik können nichts daran ändern, daß der Sozialismus die Entwicklung der Nation in der DDR bestimmt und die besten Traditionen der Geschichte des deutschen Volkes von ihr verkörpert werden..."""
"401","1987-07-24","Zeitung","Die Zeit, 24.07.1987","Seine vielfältigen internationalen Kontakte, zumal zu den islamischen und den arabischen Völkern, haben ihm schon in den sechziger Jahren seinen arabisch klingen sollenden Spitznamen eingetragen."
"402","1984-10-05","Zeitung","Die Zeit, 05.10.1984","Dann wendet er sich gleichsam der Tiefenstruktur dieses Ereignisses zu und untersucht in den folgenden sechs Kapiteln das europäische Bündnissystem, das militärstrategische Denken, die Innen- und Wirtschaftspolitik, die imperialistischen Gegensätze sowie den ""Zeitgeist des Jahres 1914"" der am Krieg beteiligten Länder und Völker."
"403","1970-03-13","Zeitung","Die Zeit, 13.03.1970","Gerade deshalb sollte man anerkennen, daß die Brüsseler von heute den Deutschen ebenso freundlich wie den Angehörigen der traditionell befreundeten Völker gegenübertreten."
"404","1981-01-16","Zeitung","Die Zeit, 16.01.1981","""Doch in dem Moment, wo man sagt, daß es da auch Begriffe wie Zusammengehörigkeit, wie Volk gab (jetzt ohne:"
"405","1973-09-07","Zeitung","Die Zeit, 07.09.1973","Das sowjetische Volk hat viele Ängste durchlitten:"
"406","1976-08-20","Zeitung","Die Zeit, 20.08.1976","So erzählt sie von dem jungen Weißen, der seinem treuesten Diener die Frau wegnimmt; von der Engländerin, die sich inmitten selbstgerechter Spießer zu einem eigenen Lebensstil bekennt; von dem Kind, das plötzlich begreift, daß seines Vaters Farmland von den schwarzen Arbeitern immer noch als das Land ihres Volkes betrachtet wird."
"407","1975-04-11","Zeitung","Die Zeit, 11.04.1975","Die Völker, die in ihnen leben, haben noch das Bewußtsein ihrer nationalen Einheit, die staatliche ging verloren."
"408","1987-05-22","Zeitung","Die Zeit, 22.05.1987","Über den Sinai führte Moses sein auserwähltes Volk aus ägyptischer Sklaverei."
"409","1976-12-17","Zeitung","Die Zeit, 17.12.1976","Zwar haben die Sozialdemokraten (PSD/PPD) und das konservative Demokratisch-Soziale Zentrum (CDS) gegenüber den Parlamentswahlen jeweils einen Prozentpunkt eingebüßt; dafür konnten sich aber die Kommunisten, mit zwei linken Kleinparteien in der ""Wahlfront Vereintes Volk"" verbunden, auf fast 20 Prozent verbessern."
"410","1980-01-18","Zeitung","Die Zeit, 18.01.1980","""Wir hülfen nur, das Volk noch mehr zu unterdrücken!"""
"411","1970-01-16","Zeitung","Die Zeit, 16.01.1970","""(Der) ständige Prozeß der Meinungs- und Willensbildung des Volkes ist eine Grundvoraussetzung für das richtige Funktionieren einer freiheitlichen Demokratie, die nicht nur aus der Anwendung formaler Regeln bestehen und leben kann ..."
"412","1989-07-14","Zeitung","Die Zeit, 14.07.1989","Die zentralplanerische Versklavung ganzer Landstriche und Bevölkerungen in der ""fortschrittlichen"" Baumwollproduktion (Usbekistan); die Verelendung vieler Provinzen durch die Abholzung von Wäldern, Umleitung von Flüssen und die unaufhaltsame Zerstörung riesiger Gewässer (Aralsee); die chemische Verpestung erstickender Städte und die apokalyptische Verwüstung der Öl-Regionen, in denen winzige Völker samt ihren Rentierherden zugrunde gehen - das alles haben Deputierte aus den düsteren Perspektiven ihrer Provinzen ins parlamentarische Licht gerückt."
"413","1974-08-02","Zeitung","Die Zeit, 02.08.1974","Freilich, weniger vitale, weniger glaubensstarke Völker wären längst total demoralisiert:"
"414","1971-06-04","Zeitung","Die Zeit, 04.06.1971","Nguyen Du geißelte in seinem Werk die Korruption der dekadenten Feudalclique, er zeigte mit bis dahin unbekanntem Realismus die Grausamkeit einer Gesellschaft, die das Volk in Kriege und Not stürzte und der Macht mehr galt als menschliche Würde."
"415","1988-03-18","Zeitung","Die Zeit, 18.03.1988","Endlich ist mal etwas anderes los in Bonn, und schon, es ist morgens um elf, strömt viel besseres Volk zur Godesberger Redoute."
"416","1981-05-08","Zeitung","Die Zeit, 08.05.1981","""Bedrohung"", empfunden als Gefährdung der Rasse, des Volkes, als Zukunftsangst ist ein weiterer Faktor."
"417","1986-08-01","Zeitung","Die Zeit, 01.08.1986","""Eine während der letzten vier Jahre totgeweihte Industrie"", verkündete jüngst der neue Tourismusminister Antonio Gonzales in einer Pressemitteilung des philippinischen Fremdenverkehrsamtes, ""beginnt mit der Einführung einer neuen demokratischen Ordnung wieder zu blühen, dank der gewaltlosen 'Kraft des Volkes'."""
"418","1983-10-21","Zeitung","Die Zeit, 21.10.1983","Ochsen und Hammel überläßt man dem niederen Volk, Wild darf nur von einem Edelmann ausgeweidet werden."
"419","1989-02-24","Zeitung","Die Zeit, 24.02.1989","""... auf ihn der Deutschland schützt, zu dem wir / schau'n, das Herz voll Liebe, Volk, Männer, / und Frauen: / Das Heil! / Gesundheit, Sieg und Segen für den Führer!"""
"420","1987-08-28","Zeitung","Die Zeit, 28.08.1987","In Amerika geht das nicht, dort kommen immer nur die oberen Schichten, aber nicht das Volk."
"421","1981-02-20","Zeitung","Die Zeit, 20.02.1981","Die marxistischleninistische ""Säkularisierung"" der Völker geht nach hinten los:"
"422","1970-07-31","Zeitung","Die Zeit, 31.07.1970","Wenn Diktatoren ihren Rücktritt anbieten, ruft das Volk emphatisch: Nein, nein."
"423","1980-05-23","Zeitung","Die Zeit, 23.05.1980","Doch wenn Grass vom ""Rausch der Befreiung"" redet und von einem ""beleidigten Volk"", das ""oft keine andere Möglichkeit"" hat, ""als im Unrecht Zuflucht zu suchen - um sein Recht durchzusetzen"": heißt dies, daß Späne fallen, wo gehobelt wird?"
"424","1973-08-03","Zeitung","Die Zeit, 03.08.1973","Das ""Ja"", für das Papadopoulos sich in unzähligen Plakaten ""an das Herz des Volkes"" wendete, war auch abgesehen von den Stimmungen dieses kapriziösen Organs wohl abgesichert."
"425","1984-08-03","Zeitung","Die Zeit, 03.08.1984","Aber nur der Islam konnte unser Volk gegen den Aggressor mobilisieren, und die Kriegsziele entsprechen nun einmal dem islamischen Verständnis von Politik."""
"426","1982-02-05","Zeitung","Die Zeit, 05.02.1982","Erst schrieben sie - so der Vorsitzende der 1971 in Krefeld gegründeten ""Partei der Arbeit"" und 1975 umbenannten ""Volkssozialistischen Bewegung"", Friedhelm Busse, ein 52jähriger wort- und redegewandter Schriftsetzer, der noch 1969 für die NPD zur Bundestagswahl kandidiert hatte und wegen Strafdelikten zwei Jahre später aus dieser Partei ausgeschlossen worden war: 'Volk zu Volk - Raum zu Raum - Sprache zu Sprache - Das ist unser Naturgesetz."""
"427","1980-02-15","Zeitung","Die Zeit, 15.02.1980","Eine bessere Kenntnis internationaler Vorgänge - und nicht zuletzt der Nord-Süd-Fragen - wird unseren Blick weiten, die Anteilnahme am Schicksal anderer Völker zu etwas machen, das uns selbst angeht."
"428","1978-09-01","Zeitung","Die Zeit, 01.09.1978","Die brutale Schamlosigkeit, mit der die Somozas die Hilfsgüter und -gelder des Auslands in ihre Taschen umleiteten, riß jene Furchtbarriere des Volkes nieder, das in diesem Jahrhundert zu oft die Zeche der Bürgerkriege zahlen mußte."
"429","1970-10-23","Zeitung","Die Zeit, 23.10.1970","Ich benutze sehr gern die mir gebotene Möglichkeit, vor den Lesern dieser angesehenen Zeitung Probleme zu behandeln, die nicht nur das Schicksal meiner Heimat berühren, sondern auch für die westeuropäischen Völker und ihre Zusammenarbeit von großer Bedeutung sind."
"430","1983-01-14","Zeitung","Die Zeit, 14.01.1983","Freiheit und Gerechtigkeit, so erklärte derweilen Frau Thatcher, gingen von den Falklands aus ""wie ein Lichtstrahl"" zu all jenen Völkern, für die es weder das eine noch das andere gebe."
"431","1989-05-26","Zeitung","Die Zeit, 26.05.1989","""Eine Regierung des Volkes, durch das Volk und für das Volk"", fiel ein Student aus der Provinz Henan ein."
"432","1980-06-13","Zeitung","Die Zeit, 13.06.1980","Immerhin ist ein starker Flügel der Ansicht, die Stationierung der Mittelstreckenraketen belaste die Völker Mitteleuropas ""und insbesondere das deutsche Volk mit neuen Risiken und läßt eine Beschleunigung des Rüstungstempos befürchten""."
"433","1982-03-19","Zeitung","Die Zeit, 19.03.1982","Um das Salz sind Kriege entbrannt, seinetwegen haben sich ganze Völker eine neue Heimat suchen müssen."
"434","1974-03-29","Zeitung","Die Zeit, 29.03.1974","Amerika müsse die Tür weiter offenhalten - doch nicht für den eigenen Handel, sondern für die revolutionäre Verwirklichung des Rechtes der unterdrückten Völker auf Selbstbestimmung."
"435","1976-08-13","Zeitung","Die Zeit, 13.08.1976","Indira Gandhi: ""Unsere Völker werden nie die Freiheit ohne wirtschaftliche Befreiung erlangen."
"436","1972-04-07","Zeitung","Die Zeit, 07.04.1972","Nach dem Besuch der Residenz verschnaufen Sie einen Moment vor der Feldherrnhalle; sollte Föhn sein, und das ist meistens der Fall, ist jetzt der Blick auf die Ludwigstraße, links die Theatiner Kirche, wirklich von präraffaelitischem Glanz, schlendern Sie durch den Hofgarten oder kehren Sie um und in die ""Residenz-Weinstuben"" ein, hier sitzt ab 18 Uhr. ein fröhliches Volk, jenseits des Twenalters, beieinander und prostet sich zu, denn der Münchner, trinkt Wein ebenso gern wie Bier."
"437","1971-04-30","Zeitung","Die Zeit, 30.04.1971","In dieser Geschichte eines Bankskandals rechtfertigt Capra den rigorosen, tat- und entschlußfreudigen Bankier als standhaften Individualisten gegenüber der allgemeinen Hysterie und dem Egoismus, er fordert indirekt zugleich die Unterwerfung gegenüber der starken, autoritären Persönlichkeit und diffamiert das Volk als ängstliche, törichte, beliebig lenkbare Masse."
"438","1985-10-11","Zeitung","Die Zeit, 11.10.1985","Das wäre Gottes Friede den Völkern."
"439","1975-12-05","Zeitung","Die Zeit, 05.12.1975","""Syrien kämpft für die Sache der Araber und opfert die Rechte des palästinensischen Volkes nicht für ein paar Kilometer Wüste"", erklärte ein offizieller Sprecher mit deutlicher Anspielung auf den ägyptischen Sündenfall."
"440","1972-06-23","Zeitung","Die Zeit, 23.06.1972","Sie rechnete den Völkern ihre ökologischen Fehler vor, sie brandmarkte die Folgen des Abholzens von Wäldern, des Raubbaus der Bodenschätze, der Zersiedelung von Landstrichen und all der anderen zivilisatorischen Eingriffe in das bis jetzt noch halbwegs ausbalancierte Gefüge aus Erde, Luft, Licht und Lebewesen."
"441","1985-06-21","Zeitung","Die Zeit, 21.06.1985","Im weiteren legten sie die Formel ""dem Volke dienen"" so großzügig aus, daß unsere Einwände verstummten."
"442","1983-12-02","Zeitung","Die Zeit, 02.12.1983","Ein Volk, das jahrzehntelang eine Heimat suchte, muß sich jetzt erst einmal nach einem neuen Führer umsehen, der ihre Sache mit Durchsetzungsvermögen vertreten kann."
"443","1972-03-10","Zeitung","Die Zeit, 10.03.1972","Charles Yost fragt: ""Wenn Strauß und Barzel die Verträge vereiteln, die ja nicht allein von Deutschlands östlichen Nachbarn unterstützt werden, sondern ebenso von allen seinen westlichen Verbündeten, einschließlich der USA, wohin wollen sie das deutsche Volk dann führen?"""
"444","1983-08-05","Zeitung","Die Zeit, 05.08.1983","Diese äußeren Gefahren verursachten damals eine Art Einheit aus Angst - Einheit des Sowjetstaates und der von ihm unterdrückten Völker."
"445","1978-02-10","Zeitung","Die Zeit, 10.02.1978","Die Reichswehr sah er - wie Seeckt - als Übergangserscheinung, als Gerüst für eine spätere größere Wehrmacht; ihre Loyalität galt nur einer imaginären Größe ""Volk und Staat""."
"446","1988-09-23","Zeitung","Die Zeit, 23.09.1988","Sein Schweigen könnte aber auch etwas über seine persönliche Einschätzung, zumindest aber über die des Roten Kreuzes aussagen: Waren Kriegsgefangene wichtiger als die Juden? David Wyman (""Das unerwünschte Volk"", Verlag Huber, Ismaning 1986) schreibt dazu:"
"447","1987-11-20","Zeitung","Die Zeit, 20.11.1987","Alle Völker, alle Menschen sind Brüder."""
"448","1982-12-03","Zeitung","Die Zeit, 03.12.1982","Wozu auch: soll es doch pennen, das Volk, wenn Maria Schell und Günter Lamprecht unter Max Peter Ammanns Regie ein Friedrich Dürrenmatt-Stück spielen, wie es besser nicht geht!"
"449","1970-03-20","Zeitung","Die Zeit, 20.03.1970","Auch dürfte zu bestimmen schwerfallen, worin ""das Recht... des deutschen Volkes"" exakt besteht und was mit ""deutschem Volk"" sinnvoll gemeint ist."
"450","1977-05-20","Zeitung","Die Zeit, 20.05.1977","Ehrenberg aber, der an der Spitze des Ministeriums wichtige Mitarbeiter durch Leute seines Vertrauens ersetzt hat, bietet seinen Beamten das, was diese ihrerseits dem Volke verschaffen sollen: Arbeit."
"451","1989-12-08","Zeitung","Die Zeit, 08.12.1989","Die deutschen Intellektuellen und das deutsche Volk"
"452","1985-11-29","Zeitung","Die Zeit, 29.11.1985","Es verkündet das Urteil ""im Namen des Volkes"":"
"453","1978-06-30","Zeitung","Die Zeit, 30.06.1978","Ein leidgeprüftes Volk"
"454","1979-06-22","Zeitung","Die Zeit, 22.06.1979","""Die UdSSR ist gegen eine Einmischung in die inneren Angelegenheiten anderer Länder, und wir sind der Meinung, daß jedes Volk das Recht hat, selbst über sein Schicksal zu entscheiden."
"455","1987-04-17","Zeitung","Die Zeit, 17.04.1987","Den vierten - den wichtigsten - hat er übersehen: das Engagement eines Volkes, die Bereitschaft, sich unter bestimmten Umständen ohne Rückhalt voll einzusetzen."
"456","1984-11-30","Zeitung","Die Zeit, 30.11.1984","Marion Dönhoff hat sich einen festen Platz auf der Liste jener Deutschen erobert, die die Versöhnung mit dem polnischen Volk als eines der wichtigsten Ziele ihres Lebens betrachten."
"457","1988-04-01","Zeitung","Die Zeit, 01.04.1988","Als Brücke zwischen den Welten des Orients und des Okzidents ist der Balkan oft bezeichnet worden, und in der unzugänglichen, verwinkelten Vielfalt seiner Völker und Kulturen haben auch tatsächlich beide tiefe Spuren hinterlassen: Morgenland und Abendland, Islam und Christentum."
"458","1986-11-21","Zeitung","Die Zeit, 21.11.1986","Denn so etwas könne nur funktionieren, wenn man ""zuerst das Volk überzeugt""."
"459","1982-12-31","Zeitung","Die Zeit, 31.12.1982","Und so erreichten wir Bundesbürger, längst nicht mehr einem Volk und einem Reich angehörig und auch nicht mehr gemeinsam die Karre aus dem Dreck ziehend, das Jahr des Trends 1982."
"460","1979-08-03","Zeitung","Die Zeit, 03.08.1979","Jene Bayern, die in diesen Wochen mit einem Stimmungsgemisch aus Unsicherheit und Siegeswillen über die Donau hinauf nach Norden schauen, um die Chancen der Kanzlerkandidatur von Franz Josef Strauß im deutschen Volk abzuwägen, werden nicht allein von parteipolitischen Gründen bewegt."
"461","1989-03-17","Zeitung","Die Zeit, 17.03.1989","Der fand in der Katholischen Bischofskonferenz, im Caritas-Verband und in den CDU-Sozialausschüssen, wo Kritik an der Asylpolitik der Bundesregierung laut geworden war, ""selbsternannte Verteidiger der Humanität"", und er bescheinigte ihnen, sie betrieben ""das Geschäft derjenigen, die alles andere als das Wohl der Bundesrepublik Deutschland und des deutschen Volkes im Auge haben""."
"462","1973-04-27","Zeitung","Die Zeit, 27.04.1973","Als eine ""Ehrenpflicht des deutschen Volkes"", so Konrad Adenauer, zahlte die Bundesregierung ab 1952 3,45 Milliarden Mark, global an den jüdischen Staat und die jüdische Weltorganisation, ausgewiesen als Eingliederungskosten."
"463","1972-06-30","Zeitung","Die Zeit, 30.06.1972","5. Fast alle Völker zu allen Zeiten haben aber auch an Hirngespinste, heilige Kühe, Hexen und viele andere Dinge geglaubt, die den Erkenntnissen der Wissenschaft nicht standgehalten haben."
"464","1980-09-26","Zeitung","Die Zeit, 26.09.1980","Das ganze Volk soll sehen, wer die erste Kraft in der Republik Türkei ist und wie ihr von jeder Regierung, vom Parlament, von allen zivilen Autoritäten dieser Rang immer wieder bestätigt wird."
"465","1986-03-07","Zeitung","Die Zeit, 07.03.1986","Simone de Beauvoir, die mit dem achtzehn Jahre jüngeren Lanzmann eng befreundet war, schildert ihn in ihren Memoiren als einen überaus bewußten und stolzen Juden, in dem die Tragödie seines Volkes tiefe Narben hinterlassen hat:"
"466","1976-06-11","Zeitung","Die Zeit, 11.06.1976","[...] Das wunderschöne Pathos der ehernen Präsidentenworte, die darin zitiert werden - ""Erst müssen wir uns selbst frei machen, und nur dann werden wir unser Land retten"", ""Es geht um den ewigen Kampf zwischen Recht und Unrecht"" oder ""... daß diese Nation mit Gottes Beistand eine Wiedergeburt der Freiheit erleben werde und daß die Regierung des Volkes durch das Volk und für das Volk nicht von dieser Erde verschwinden möge"" - hat es einigermaßen schwer, ein paar Erinnerungen an amerikanische Polit-Aktivitäten der jüngsten Jahre, die ohne Gottes Beistand geschahen, zu überspielen. [...]"
"467","1975-07-04","Zeitung","Die Zeit, 04.07.1975","'In jedem Gewählten erkennt dann das ganze Volk, also auch jeder Stand und jeder Teil des Volkes, seinen eigenen Stellvertreter.'"""
"468","1978-02-10","Zeitung","Die Zeit, 10.02.1978","Was uns französischen Kommunisten und auch unserem Volk Sorgen bereitet, ist, daß 32 Jahre nach Kriegsende eine regelrechte Rechtfertigung des Hitlerismus stattfindet, der unseren Völkern doch so viel Leid zugefügt hat."
"469","1977-11-25","Zeitung","Die Zeit, 25.11.1977","Da macht der Winzlingsstaat Mauritius, im vorigen Jahr Schauplatz der OAU-Gipfelkonferenz, die den ""Beginn des bewaffneten Kampfes in Südafrika"" forderte, ""damit das Volk die Macht übernehme"", völlig ungeniert in südafrikanischen Touristenprospekten Reklame mit seinen schönen Stränden und preist sich für einen Kombinationsurlaub Südafrika-Mauritius an."
"470","1982-06-04","Zeitung","Die Zeit, 04.06.1982","Und gleichzeitig bin ick überzeugt davon, daß, ohne Rücksicht darauf, was in den europäisch-amerikanischen Beziehungen passiert, die Vereinigten Staaten ihre Verpflichtung für die Verteidigung Berlins nicht schwächen; denn wenn das geschähe, wäre die Grundlage für das Vertrauen der übrigen deutschen Bevölkerung und der europäischen Völker in einem Grad unterspült, daß dies eine Revolution im Gleichgewicht der Interessen und Mächte wäre."
"471","1978-12-01","Zeitung","Die Zeit, 01.12.1978","""Gelungen ist trotz der regelmäßig auftretenden Spannungen und der von den Massenmedien hochgespielten Vertrauenskrisen die Versöhnung zwischen den beiden Völkern, deren volle Tragweite erst angesichts der in Deutschland gern verdrängten, in Frankreich aber ständig bewußt gehaltenen Leiden und Verbrechen des Zweiten Weltkrieges zu ermessen ist..."
"472","1971-08-20","Zeitung","Die Zeit, 20.08.1971","Die Bundesregierung glaube noch immer, daß Verhandlungen einen Ausweg bieten könnten, wenngleich die westliche Bereitschaft dazu am 13. August schwer belastet worden sei; sie werde die Hoffnung nicht aufgeben, daß durch diese Verhandlungen die Lösung des Deutschland- und Berlin-Problems auf der Grundlage des Selbstbestimmungsrechtes der Völker ermöglicht werde."
"473","1984-06-22","Zeitung","Die Zeit, 22.06.1984","Der große Vorsitzende Mao liegt aufgebahrt in einem Mausoleum im Herzen Pekings, vor der Halle des Volkes, am Platz des Himmlischen Friedens, wo Chinas Herrscher sich ein neues, imperiales Denkmal gesetzt haben."
"474","1970-02-27","Zeitung","Die Zeit, 27.02.1970","Vor dem amerikanischen Volk und der Weltöffentlichkeit lassen sich die B-52-Operationen freilich eher rechtfertigen, wenn sie von kräftigen Gefechtsklängen und dem Marschtritt von Geisterarmeen begleitet werden."
"475","1978-12-22","Zeitung","Die Zeit, 22.12.1978","Das Naziregime, das eine Aggression gegen die europäischen Länder beging, erhob das Genozid zur Staatspolitik und setzte sich zum Ziel, ganze Völker auszurotten."
"476","1980-10-24","Zeitung","Die Zeit, 24.10.1980","Die Malaien, ob nun in Malaysia, Indonesien oder auf den Philippinen sind eines der liebenswertesten Völker dieser Erde, in ihrer Einfachheit oft rührend, in der Tiefe ihres intuitiven Philosophierens so weise."
"477","1971-01-01","Zeitung","Die Zeit, 01.01.1971","Das Heeresmuseum in der alten Kalemegdan-Festung ist der Geschichte der Völker Jugoslawiens gewidmet."
"478","1989-03-17","Zeitung","Die Zeit, 17.03.1989","Die Reichsleitung hatte das deutsche Volk vier Jahre lang systematisch irregeführt."
"479","1975-02-14","Zeitung","Die Zeit, 14.02.1975","Insbesondere ist es unerläßlich, daß das institutionalisiert wird, was auf unbestimmte Zeit die gesellschaftliche und politische Achse der Demokratie bleibt - das Bündnis des Volkes mit den Streitkräften."
"480","1989-02-24","Zeitung","Die Zeit, 24.02.1989","Der wahre Präsident von Österreich, der diesem Volk so ähnlich war in seiner wohlbegründeten Wut über alles und jeden in diesem Land, wurde von seinen Landsleuten nicht geliebt."
"481","1975-08-15","Zeitung","Die Zeit, 15.08.1975","Vielmehr hat das Volk eines jeden Staates das souveräne Recht, über seine inneren Angelegenheiten zu entscheiden und sich seine Gesetze selbst zu geben ..."
"482","1982-02-19","Zeitung","Die Zeit, 19.02.1982","""Wir sind schon ein verdammtes Volk, uns schlägt eine Geißel nach der andern"", signiert der Inhaber einer stilliegenden Autowerkstatt in Managua: ""Zuerst die Somoza-Diktatur, dann das große Erdbeben, dann der Bürgerkrieg, die Revolution und schließlich noch diese Sandinisten."""
"483","1972-12-22","Zeitung","Die Zeit, 22.12.1972","Ohne Mütter und Kinder kein Volk."
"484","1971-04-30","Zeitung","Die Zeit, 30.04.1971","Die politische Aufgabe, das Volk um den Thron zu scharen und gleichzeitig auf Distanz zu halten, übernahm zu einem Teil das Fernsehen, zum andern der Apparat des Innenministers mit seinen Stimmungsberichten, seinen Präfekten und seiner Polizei."
"485","1984-09-14","Zeitung","Die Zeit, 14.09.1984","Ein Volk, das während langer Perioden seiner Geschichte unter fremden Zwingherren, Besetzern und Machthabern gelitten hat oder leiden muß, hat gelernt, sich durch Zeichen und Symbole zu verständigen."
"486","1989-11-17","Zeitung","Die Zeit, 17.11.1989","""Möge den Völkern"" - läßt Landauer die Revolution hochleben - ""aus dem urtief Ewigen und Unbedingten der neue, der schaffende Geist zuströmen, der erst recht neue Verhältnisse erzeugt."
"487","1985-02-08","Zeitung","Die Zeit, 08.02.1985","""Vierzig Jahre Vertreibung - Schlesien bleibt unsere Zukunft - Im Europa freier Völker."""
"488","1984-12-14","Zeitung","Die Zeit, 14.12.1984","In Fortsetzung dieses Themas fordern ein junger Pole und ein jüngerer Repräsentant der Deutsch-Polnischen Gesellschaft: die Ausweitung des Dialogs zwischen den Völkern."
"489","1971-10-01","Zeitung","Die Zeit, 01.10.1971","Ganz offensichtlich hat das Volk es gerne so und fühlt sich hier völlig zu Hause."
"490","1989-08-25","Zeitung","Die Zeit, 25.08.1989","Er wird erst dann wirklich zu Ende sein, wenn Stalins Nachfolger den geschundenen Völkern der Region das Recht einräumt, jenes Joch abzuschütteln, unter das sie sich nach dem Zweiten Weltkrieg beugen mußten: die marxistisch-leninistische Ideologie wie die moskowitische Hegemonie."
"491","1974-11-15","Zeitung","Die Zeit, 15.11.1974","Dabei enthält gerade jenes Dokument, ""eines der erschreckendsten Zeugnisse in deutscher Sprache überhaupt"" (Fest), noch einmal im Konzentrat die ganze Hybris nationalsozialistischer Zweiteilung der Welt: ""Das, was in den Völkern an gutem Blut unserer Art vorhanden ist, werden wir uns holen, indem wir ihnen, wenn notwendig, die Kinder rauben und sie bei uns großziehen."
"492","1970-06-12","Zeitung","Die Zeit, 12.06.1970","""Wir müssen Sie offen und ehrlich auf die Tatsachen aufmerksam machen, die das Verhältnis unseres Volkes zur Bundesrepublik beeinflussen."
"493","1989-12-08","Zeitung","Die Zeit, 08.12.1989","Nun haben sie dem Volk auch das noch genommen, indem sie ihre absolute Macht zu Korruption, persönlicher Bereicherung, sogar illegalem Waffenhandel mißbraucht haben."
"494","1980-04-04","Zeitung","Die Zeit, 04.04.1980","Vor dem Gebäude Polizei, Mannschaftswagen, Hunde, auch im Treppenhaus Polizei; im Verhandlungssaal viel junges, buntes Volk, friedlich und heiter, motiviert zur Ruhe durch gelassene Richter."
"495","1979-03-09","Zeitung","Die Zeit, 09.03.1979","Der Monarch hatte das Land am 16. Januar verlassen und soll sich nun wegen ""seiner Verbrechen am iranischen Volk"" verantworten."
"496","1987-12-04","Zeitung","Die Zeit, 04.12.1987","Die Verfassung der Deutschen Demokratischen Republik vom Oktober des Jahres 1949 spricht ebenfalls vom ""deutschen Volk"", von ""Deutschland"" und von ""nur eine(r) deutsche(n) Staatsangehörigkeit"", korrigierte dies jedoch 1968 zugunsten des ""Volkes der Deutschen Demokratischen Republik"", einer Republik, die ein ""sozialistischer Staat deutscher Nation"" sei, der aber gleichwohl - so die Präambel - Verantwortung für die ""ganze deutsche Nation"" trage."
"497","1982-03-26","Zeitung","Die Zeit, 26.03.1982","Ich glaube damit den Wunsch der europäischen Völker richtig zu interpretieren."
"498","1989-05-19","Zeitung","Die Zeit, 19.05.1989","Tatsächlich gehört ja die große Mehrheit unseres Volkes einer christlichen Kirche an, nimmt deren Dienste in entscheidenden Stadien des Lebens in Anspruch und möchte auf deren vielfältige soziale Leistungen nicht verzichten."
"499","1982-11-12","Zeitung","Die Zeit, 12.11.1982","Stärker noch als Amnesty International, das große Vorbild, dem man nacheifert, steht die ,,Gesellschaft für bedrohte Völker"" mitten im Spannugsfeld politischer Interessen."
"500","1978-01-20","Zeitung","Die Zeit, 20.01.1978","Die Geschichte der beiden Völker ist ganz verschieden verlaufen."
