"No.","Date","Genre","Bibl","Hit"
"1","1944-06-27","Zeitung","Archiv der Gegenwart, Bd. 14, 27.06.1944, S. 6428 [ff.]. Zit. n. CD-ROM-Ausgabe 2001.","Marinetruppen der Kastenbatterien der Nachrichten- und Landdienststellen sowie an Land eingesetzte Schiffsbesatzungen haben sich bei den Kämpfen um Cherbourg unter dem Oberbefehl des Seekommandanten der Normandie Konteradmiral Hennecke und unter Führung des Hafenkommandanten von Cherbourg Fregattenkapitän Witt besonders ausgezeichnet."
"2","1942-06-27","Zeitung","Archiv der Gegenwart, Bd. 12, 27.06.1942","Um unseres Landes willen werdet ihr in großer Zahl gehen."
"3","1945-06-12","Zeitung","Archiv der Gegenwart, Bd. 15, 12.06.1945","Gewaltsam sind sie aus dem Land, das von der deutschen Nation ausgesogen worden ist vertrieben worden, aber auch in ihrer Heimat sind sie unerwünscht."
"4","1940-07-19","Zeitung","Archiv der Gegenwart, Bd. 10, 19.07.1940, S. 4624 [ff.]. Zit. n. CD-ROM-Ausgabe 2001.","Tollkühne Angriffe auf die Gegner, auf Schiffe und Landungstruppen stehen kaum über dem zähen Heldentum jener Transportflieger, die trotz unvorstellbar schlechtem Wetter immer wieder in das Land der Mitternachtssonne hinaufflogen, um dort oft im Schneesturm Soldaten abzusetzen oder Lasten abzuwerfen Die Fjorde Norwegens sind zu Friedhöfen zahlreicher britischer Kriegsschiffe geworden."
"5","1945-06-16","Zeitung","Archiv der Gegenwart, Bd. 15, 16.06.1945, S. 274 [ff.]. Zit. n. CD-ROM-Ausgabe 2001.","Gegenüber dem deutschen Standpunkt, daß das, was in Dänemark und Norwegen geschehe, Schweden nichts angehe, stellten die schwedische Gesandtschaft in Berlin und das Außenministerium immer wieder fest, daß diese deutsche Einstellung nicht die Tatsache ändere, an der man nicht vorbeikommen könne, daß das, was in diesen Ländern geschehe, von entscheidender Bedeutung für die weiteren schwedisch-deutschen Beziehungen sei."
"6","1935-01-01","Zeitung","Archiv der Gegenwart, Bd. 5, 01.01.1935, S. 1791 [ff.]. Zit. n. CD-ROM-Ausgabe 2001.","[...]; Portugal E 59, A 24; Rumänien E 79, A 85; Rußland E 132, A 262; Schweden E 208, A 227; Schweiz E 276 A 162; Spanien E 144, A 89; Tschechoslowakei E 162, A 205; Ungarn E 43, A 49; Argentinien E 226, A 321; Britisch-Indien E 293, A 347; Canada E 331, A 432; Japan E 391, A 406; Vereinigte Staaten E 928, A 1 293; Der gesamte statistisch erfaßte Welthandel von 52 Ländern (je 26 in und außer Europas) stellte sich 1933 (1932) in der Einfuhr auf 48,6 (544) Milliarden RM. in der Ausfuhr auf 43,4 (47,8) Milliarden. [...]"
"7","1935-09-16","Zeitung","Archiv der Gegenwart, Bd. 5, 16.09.1935","Glücklicherweise werde diese Theorie der Sicherung des Angriffes nur von sehr wenig Ländern geteilt."
"8","1934-02-27","Zeitung","Archiv der Gegenwart, Bd. 4, 27.02.1934, S. 1305 [ff.]. Zit. n. CD-ROM-Ausgabe 2001.","Wie diese beiden Länder dabei besser wegkommen könnten als bisher, sei nicht ersichtlich."
"9","1937-10-06","Zeitung","Archiv der Gegenwart, Bd. 7, 06.10.1937, S. 3244 [ff.]. Zit. n. CD-ROM-Ausgabe 2001.","Der Ministerrat beschloß zur Förderung der Motorisierung des Landes eine Herabsetzung der autonomen Mindestzollsätze für Kraftwagen von 30 auf 15 % und eine Ermäßigung der staatlichen und banalen Verbrauchssteuern für Benzinmischung."
"10","1933-02-02","Zeitung","Berliner Tageblatt (Morgen-Ausgabe), 02.02.1933","Der Karfreitag als allgemeiner Feiertag mit Sonntagsruhe auch in katholischen Ländern wird von einer dem Vatikan nahestehenden Agentur angekündigt."
"11","1945-10-12","Zeitung","Süddeutsche Zeitung, 1995 [1945]","Molotow, Byrnes und er selbst seien sich darin einig gewesen, daß bindende Beschlüsse über Friedensverträge und Abkommen mit den einzelnen besiegten Ländern nur von jenen Staaten gefaßt werden sollten, die seinerzeit die Waffenstillstands- bzw. Waffenstreckungsurkunden unterzeichnet hätten."
"12","1936-01-10","Zeitung","Archiv der Gegenwart, Bd. 6, 10.01.1936, S. 2374 [ff.]. Zit. n. CD-ROM-Ausgabe 2001.","Die unter der Bezeichnung ""Oxford Group Movement"" bekannte religiöse Bewegung beschäftigt die öffentliche Meinung vieler Länder so stark, daß eine knappe Darstellung ihrer Methoden und Ziele angezeigt ist."
"13","1942-05-20","Zeitung","Archiv der Gegenwart, Bd. 12, 20.05.1942, S. 5505 [ff.]. Zit. n. CD-ROM-Ausgabe 2001.","""Ich zweifle, daß das Parlament oder das Land überhaupt sich ein richtiges Bild machen vom riesigen Ausmaß der Angriffe, die Malta auszuhalten hat, oder von der ungeheuren Menge der Flugzeuge, die wir nach Malta schaffen mußten, um diesen Angriffen standzuhalten."
"14","1933-04-29","Zeitung","Archiv der Gegenwart, Bd. 3, 29.04.1933, S. 813 [ff.]. Zit. n. CD-ROM-Ausgabe 2001.","Schatznoten ausgegeben werden die nicht auf Gold, sondern auf dem Kredit des Landes beruhen. (L. B. Währung 803 B.)"
"15","1934-03-18","Zeitung","Archiv der Gegenwart, Bd. 4, 18.03.1934","Österreich gegenüber verfolge Italien eine Politik der Freundschaft mit dem Ziel, die Integrität und die Unabhängigkeit dieses Landes zu erhalten."
"16","1941-05-26","Zeitung","Archiv der Gegenwart, Bd. 11, 26.05.1941, S. 5035 [ff.]. Zit. n. CD-ROM-Ausgabe 2001.","Zu Land hatten deutsche Fallschirmtruppen ein Militärspital und einen kleineren Teil der Insel im Norden besetzt, und diese Positionen sind nun wieder im Besitze britisch-griechischer Truppen."
"17","1937-12-31","Belletristik","Klepper, Jochen: Der Vater, Gütersloh: Bertelsmann 1962 [1937], S. 69","»Zu den Expeditionen, die im Lande bleiben oder an den Hof gehen, müssen keine feinen, sondern nur gemeine und graue Papiere gebraucht und also das in dem Kammeretat dazu ausgesetzte Quantum bestmöglich menagieret werden."
"18","1942-12-31","Belletristik","Seghers, Anna: Das siebte Kreuz, Berlin: Aufbau-Taschenbuch-Verl. 2002 [1942], S. 12","Als er um Marnets Gehöft herum war, konnte er über das freie, sacht abfallende Land auf den Nebel hinuntersehn."
"19","1940-12-31","Belletristik","Schaper, Edzard: Der Henker, Zürich: Artemis 1978 [1940], S. 239","Die Schuldigen, die man noch vorfand, waren die Seßhaften, dem Lande Pflichtigen: die kleinen Kätner, Knechte, Tagelöhner und Bauern."
"20","1939-12-30","Zeitung","Archiv der Gegenwart, Bd. 9, 30.12.1939, S. 4365 [ff.]. Zit. n. CD-ROM-Ausgabe 2001.","In Nordfinnland sind die sowjetrussischen Truppen nach der Besetzung des Hafens von Petsamo am 1. Dezember 130 km weit ins Innere des Landes vorgestoßen."
"21","1943-10-01","Zeitung","Archiv der Gegenwart, Bd. 13, 01.10.1943, S. 6117 [ff.]. Zit. n. CD-ROM-Ausgabe 2001.","Wir werden unsere verschiedenen Standpunkte vertreten, im allgemeinen sind aber die Interessen unseres Landes, des britischen Commonwealth der Vereinigten Staaten von Amerika, Rußlands und Chinas die gleichen, weil sie sich im großen und ganzen nicht überschneiden und alle auf den Frieden ausgerichtet sind."
"22","1945-04-11","Zeitung","Archiv der Gegenwart, Bd. 15, 11.04.1945, S. 174 [ff.]. Zit. n. CD-ROM-Ausgabe 2001.","Die westeuropäischen Länder haben auf die Anrufung der UNRRA mit Ausnahme von kleineren Hilfsdiensten verzichtet."
"23","1936-03-03","Zeitung","Völkischer Beobachter (Berliner Ausgabe), 03.03.1936","Keine der beiden politischen Hälften des Landes kann theoretisch ohne die Stimmen der Kommunisten eine parlamentarische Regierung stellen."
"24","1937-12-31","Gebrauchsliteratur","Bodenreuth, Friedrich [d.i. Jaksch, Friedrich]: Alle Wasser Böhmens fließen nach Deutschland, Berlin: Büchergilde Gutenberg 1938 [1937], S. 302","Wer das Land erwirbt, besitzt auch das Wildvieh."
"25","1944-04-30","Zeitung","Archiv der Gegenwart, Bd. 14, 30.04.1944, S. 6358 [ff.]. Zit. n. CD-ROM-Ausgabe 2001.","Eine gewaltige Zahl von kleineren und mittleren Hilfsbetrieben, die weit im Lande verstreut sind, fertigten in den Vereinigten Staaten einzelne Schiffsteile an, die nur im letzten Stadium der Fertigung in den Küstenorten bei den Standortswerften zusammenströmen, und dann nach vollzogener Montage in vereinfachter Rollmethode zu Wasser gelassen werden."
"26","1945-09-29","Zeitung","Archiv der Gegenwart, Bd. 15, 29.09.1945","Die Frage, ob der ständige Sitz in das Staatsgebiet eines bestimmten Landes verlegt werden oder ob er internationalisiert werden sollte, entweder als autonomer Staat, wie die Vatikanstadt, oder als internationale Zone, wie Tanger, bleibt einer späteren Besprechung vorbehalten."
"27","1935-12-31","Zeitung","Archiv der Gegenwart, Bd. 5, 31.12.1935, S. 2362 [ff.]. Zit. n. CD-ROM-Ausgabe 2001.","Uruguay sowie in einigen zentralamerikanischen Republiken Auflockerungen. (""Die Wirtschaft"", Prag.) (L. B. Währungsschau 2233 B, Italien 2319 D, Iran 1721 A, alle übrigen Länder 2217 A.)"
"28","1938-12-31","Gebrauchsliteratur","Harmjanz, Heinrich: Ostpreußische Bauern, Königsberg: Reichsnährstand Verl. Ges. 1939 [1938], S. 49","Im Lande selbst mußte die alte Ordnung wiederhergestellt werden; zahllose Söldner hielten sich mit ihren Führern im Lande auf, die der Orden wegen des drohenden Krieges in aller Welt hatte anwerben lassen."
"29","1943-06-27","Zeitung","o. A.: REKLAME ohne ""GRENZEN"". In: Koralle, 27.06.1943, S. 255","Diese Marken, als Symbole des Friedens gedacht, konnten nicht darüber hinwegtäuschen, auf was es dem Präsidenten und seinem Kreise ankam: durch die Erinnerung an den Unabhängigkeitskrieg und die Gestalt George Washingtons, dessen Testament verraten worden war, für sich selbst Sympathien zu erwecken, im Spanien der Volksfront und in Polen, in den Ländern Südamerikas, wo der Einfluß der Vereinigten Staaten unter panamerikanischen Vorzeichen verbreitert wurde, aber auch in Ländern wie der Türkei, in denen die amerikanische Politik erst noch Fuß fassen möchte."
"30","1939-11-29","Zeitung","Archiv der Gegenwart, Bd. 9, 29.11.1939, S. 4329 [ff.]. Zit. n. CD-ROM-Ausgabe 2001.","Der Außenminister erinnerte daran, daß dem Briand-Kellogg-Pakt andere mit Rußland abgeschlossene Vertrage gefolgt seien, die die Sicherheitsverpflichtungen des Landes definierten."
"31","1945-10-10","Gebrauchsliteratur","Brief von Ernst G. an Irene G. vom 10.10.1945, Feldpost-Archive mkb-fp-0270","Gestern habe ich die Bohnen aus dem Land gerissen, dann bin ich in die Heia."
"32","1936-06-06","Zeitung","Archiv der Gegenwart, Bd. 6, 06.06.1936, S. 2584 [ff.]. Zit. n. CD-ROM-Ausgabe 2001.","Das Mißverhältnis zwischen Inland- und Auslandpreisen, das durch die Währungsabwertung der angelsächsischen Länder entstanden sei und nicht ausgeglichen werden konnte, habe einen Rückgang der Ausfuhr, eine Disparität zwischen Produktion und Konsum im Innern, einen Verfall des Fremdenverkehrs, eine Überhöhung des Zinsniveaus und eine Kapitalhortung infolge mangelnder Nachfrage nach Kapital zur Folge."
"33","1934-10-20","Zeitung","Archiv der Gegenwart, Bd. 4, 20.10.1934","Der Industriellenbund gliedert sich räumlich in einen Verband für das Gebiet der Stadt Wien und in Landesverbände für die Gebiete der einzelnen Länder, doch können innerhalb dieser Verbände für kleinere räumliche Gebiete Unterverbände errichtet werden."
"34","1936-02-29","Zeitung","Archiv der Gegenwart, Bd. 6, 29.02.1936, S. 2445 [ff.]. Zit. n. CD-ROM-Ausgabe 2001.","Hitler erwiderte, daß das Buch zur Zeit des Ruhreinbruches im Augenblick der größten Spannung zwischen beiden Ländern geschrieben wurde, während es heute keinen Grund mehr für einen Konflikt gebe."
"35","1941-05-02","Zeitung","Archiv der Gegenwart, Bd. 11, 02.05.1941","Ich werde auch weiterhin meinem Lande nach bestem Können als Privatmann dienen."" (L. B. 5001 A.)"
"36","1942-11-19","Zeitung","Archiv der Gegenwart, Bd. 12, 19.11.1942","In seinem Land von den eigenen Volksgenossen mit tiefstem Mißtrauen betrachtet, wenn nicht gar wegen seiner Vergangenheit verachtet, sei er, um an der Macht zu bleiben, angewiesen auf die Unterstützung des britischen Elements gegen die Mehrheit seiner burischen Landsleute, die er -- der Demokrat -- in ihren nationalen Aspirationen zu unterdrücken helfe."
"37","1935-03-14","Zeitung","Archiv der Gegenwart, Bd. 5, 14.03.1935, S. 1933 [ff.]. Zit. n. CD-ROM-Ausgabe 2001.","[...] 623 670 655 699 Japan 460 434 402 401 389 356 334 Korea 400 370 312 290 160 138166 Kolumbien 352 298 248 194 159 48 40 Kongo 340 320 284 238 196 173138 Philippinen 330 282 230 182 179 161107 Goldküste 324 306 279 262 241 208158 Indien 321 335 330 330 329 364376 Schweden 250 239 132 62 34 35 29 Chile 217 147 38 21 17 1129 Neuguinea 160 158 75 44 27 3656 Neuseeland 152 162 166 130 123 120119 Rumänien 140 127 103 88 71 5866 Brasilien 135 110 115 115 97 107 100 Andere Länder 1 127 1 014 932 779 777 646 659 Weltproduktion insgesamt 27 350 25 344 24 330 22 373 20 836 19 586 19 399 (Samuel Montagu & Co.) (L. B. 1594 D.) [...]"
"38","1938-03-13","Zeitung","Völkischer Beobachter (Norddeutsche Ausgabe), 13.03.1938","In dieser Rührung singen die Massen mit, während der Führer sichtlich bewegt - an seinem Geburtshause vorbei - die Fahrt ins österreichische Land fortsetzt."
"39","1940-10-31","Zeitung","Archiv der Gegenwart, Bd. 10, 31.10.1940","So konnte in baldiger Zukunft die Last der Leiden unseres Landes erleichtert, das Schicksal unserer Gefangenen verbessert und die Bürde der Besatzungskosten vermindert werden."
"40","1945-07-08","Zeitung","Archiv der Gegenwart, Bd. 15, 08.07.1945, S. 313 [ff.]. Zit. n. CD-ROM-Ausgabe 2001.","Ausgenommen davon sind maschinelle Einrichtungen, welche die Deutschen zunächst aus der Tschechoslowakei wegnahmen, später aber wegen des Bombenkrieges wieder in das Land zurückbrachten."
"41","1936-10-24","Zeitung","Archiv der Gegenwart, Bd. 6, 24.10.1936","Über die Besprechungen des Führers und Reichskanzlers mit Graf Ciano wurde von deutscher Seite amtlich mitgeteilt, daß die schwebenden politischen, wirtschaftlichen und sozialen Fragen von größerer Bedeutung erörtert worden seien, namentlich diejenigen, welche beide Länder unmittelbar betreffen."
"42","1943-12-31","Belletristik","Weismantel, Leo: Die höllische Trinität, Berlin: Union-Verl.1966 [1943], S. 293","Der Anker haft't auf Erden, das Schiff ist nun an Land, Gott's Wort will nun Fleisch werden, der Sohn ist uns gesandt."""
"43","1941-02-05","Zeitung","Archiv der Gegenwart, Bd. 11, 05.02.1941, S. 4880 [ff.]. Zit. n. CD-ROM-Ausgabe 2001.","Die Sowjetunion sei wohl größer geworden und das rote Banner flattere auch an der Ostseeküste, aber die Flamme des Krieges lodere in den kapitalistischen Ländern weiter."
"44","1945-01-19","Zeitung","Archiv der Gegenwart, Bd. 15, 19.01.1945, S. 6665 [ff.]. Zit. n. CD-ROM-Ausgabe 2001.","Churchill legte zum Abschluß seiner Ausführungen über Griechenland den Unterschied in den allgemeinen politischen Verhältnissen zwischen Griechenland und den westeuropäischen Ländern klar."
"45","1934-12-31","Belletristik","Fallada, Hans: Wer einmal aus dem Blechnapf frißt - Bd. 2, Berlin u. a.: Aufbau-Verl. 1990 [1934], S. 156","Sie erzählte mit ihrer hellen hohen Altweiberstimme, die manchmal wie Singen klang, von der Pfarrei, zu der auch Land gehört hatte, sechzig Morgen."
"46","1937-10-05","Zeitung","Archiv der Gegenwart, Bd. 7, 05.10.1937, S. 3243 [ff.]. Zit. n. CD-ROM-Ausgabe 2001.","Ministerpräsident Dr. Stojadinovic hob die außerordentlich rasche Fertigstellung des Werkes im Laufe eines Jahres hervor und verwies darauf, daß sich das gesamte Land im wirtschaftlichen Aufstieg befinde."
"47","1935-12-19","Gebrauchsliteratur","Tucholsky, Kurt: An Hedwig Müller, 19.12.1935. In: ders., Kurt Tucholsky, Werke - Briefe - Materialien, Berlin: Directmedia Publ. 2000 [1935], S. 12244","Die Frage »Deutschland« ist für mich gelöst - ich hasse das Land nicht, ich verachte es."
"48","1941-01-22","Zeitung","Archiv der Gegenwart, Bd. 11, 22.01.1941, S. 4859 [ff.]. Zit. n. CD-ROM-Ausgabe 2001.","Wenn -- möge Gott dies verhüten -- England geschlagen werden sollte, schnell geschlagen, meine ich, und es den Deutschen gelingen sollte, die britische Flotte zu nehmen, dann wäre unser Land nicht vorbereitet, die eigenen Küsten zu schützen, vom ganzen nordamerikanischen Kontinent gar nicht zu reden."
"49","1941-03-09","Zeitung","Archiv der Gegenwart, Bd. 11, 09.03.1941, S. 4923 [ff.]. Zit. n. CD-ROM-Ausgabe 2001.","Material in einem Werte bis zu 1,3 Milliarden Dollar kann sofort an die in Frage kommenden Länder abgetreten werden."
"50","1944-12-03","Zeitung","Archiv der Gegenwart, Bd. 14, 03.12.1944","Das Land, das dort nach dem Kriege zuerst Fuß faßt, wird davon wahrscheinlich einen dauernden Vorteil haben."
"51","1939-12-08","Zeitung","Hannoverscher Anzeiger, 08.12.1939","Dieses neue Wirtschaftssystem, das in den Kriegsgesellschaften ausgezeichnete ""Unabkömmlichkeitsbetriebe"" schuf und wo vielfach eine Hand die andere wusch, begann mit der Abschnürung jedes ehrlichen Handels, mit dem ""Klubsessel mit Fixum"", mit der amtlich abgestempelten Korruption, der Untergrabung der moralischen Grundlagen des privaten und öffentlichen Lebens, der spekulative Aufkäufe, dem Spazierenfahren geschobener Lebensmittel (so daß im kartoffelreichsten Land Europas schließlich eine schwere Kartoffelnot entstand) und endete nach einer grotesken Volksbewucherung mit der Selbstaushungerung des Volkes."
"52","1937-10-08","Zeitung","Archiv der Gegenwart, Bd. 7, 08.10.1937, S. 3247 [ff.]. Zit. n. CD-ROM-Ausgabe 2001.","Wenn alle Teile dieses Grundsätzes eingedenk blieben, wäre dem wahren Verständnis und der Durchsetzung der alten Binsenwahrheit gedient, daß nur der die Entwicklung eines Landes innerlich mitmachen kann und die Verantwortung zu tragen befähigt ist, der im Lande selbst die persönliche Beziehung zu Dingen und Menschen aufrechterhält und dem dieses Land eine Herzenssache bedeutet. (L. B. Vaterländische Front 3236 D, Außenpolitik 3237 L Innenpolitik 3242 A.)"
"53","1945-12-31","Zeitung","Archiv der Gegenwart, Bd. 15, 31.12.1945, S. 594 [ff.]. Zit. n. CD-ROM-Ausgabe 2001.","7. Provinz Sachsen: Ausgliederung des Regierungsbezirkes Erfurt in das Land Thüringen am 2. Juli (302 A); Punkt 18."
"54","1940-12-31","Belletristik","Schaper, Edzard: Der Henker, Zürich: Artemis 1978 [1940], S. 195","Dieser unsagbare dunkle Schmerz zog über das Land, von einem müden Pferd gezogen; ein nachtschwarzes Erstarren, das in den blinden, blassen Augen unaufhörlich taute und in den Bart rann; ein eisiges Gehäuse aus einem übermächtigen Schmerz, das sich zuweilen, wie unter der wachsenden Kälte dieser winterdunklen Welt, noch härter um das leere, müde Herz zusammenzog."
"55","1945-08-26","Zeitung","Archiv der Gegenwart, Bd. 15, 26.08.1945, S. 397 [ff.]. Zit. n. CD-ROM-Ausgabe 2001.","[...] Nationalregierung der chinesischen Republik, in dem Wunsche, die friedlichen Beziehungen, welche zwischen den beiden Ländern immer bestanden haben, durch das Mittel eines Bündnisses und einer gutnachbarlichen Zusammenarbeit in der Nachkriegszeit zu verstärken, und vom Willen erfüllt, jede Ihnen mögliche weitere Hilfe im Kampfe gegen die Aggression der Feinde der Vereinten Nationen in diesem Weltkrieg zu leisten, ferner im Wunsche zur Zusammenarbeit im gemeinsamen Kriege gegen Japan bis zu dessen bedingungsloser Kapitulation, drücken ihre unerschütterliche Entschlossenheit zur Zusammenarbeit in der Aufgabe der Wahrung des Friedens und der Sicherheit zum Nutzen der Völker beider Länder und aller friedliebenden Nationen auf der Grundlage der oben angegebenen Grundsätze aus. [...]"
"56","1935-10-24","Zeitung","Archiv der Gegenwart, Bd. 5, 24.10.1935, S. 2274 [ff.]. Zit. n. CD-ROM-Ausgabe 2001.","Japan ist an der Ausfuhr von 1934 mit 60 % und an der Einfuhr des Landes mit 80 % beteiligt."
"57","1944-08-01","Zeitung","Archiv der Gegenwart, Bd. 14, 01.08.1944, S. 6473 [ff.]. Zit. n. CD-ROM-Ausgabe 2001.","Sie werde daher alles daransetzen, das Land weiterhin zu einem wichtigen Stützpunkt gegen den Feind in Indien und China auszubauen."
"58","1945-12-18","Zeitung","Süddeutsche Zeitung, 1995 [1945]","3. Die Handelsbanken und Sparkassen werden einen Teil ihrer Deposite in der Staatsbank des betreffenden Landes als Reserve für den Clearingsausgleich anlegen."
"59","1940-12-31","Belletristik","Schaper, Edzard: Der Henker, Zürich: Artemis 1978 [1940], S. 415","Er war wie ein kleiner König hier im Kirchspiel, der Pastor, auf einem Pastoratshof mit hundertvierzig Hektar Land, und hatte eine so überzeugende Art zu reden, daß seine Hoffnungen schon wie Gewißheiten klangen."
"60","1941-01-08","Zeitung","Archiv der Gegenwart, Bd. 11, 08.01.1941, S. 4841 [ff.]. Zit. n. CD-ROM-Ausgabe 2001.","Irgendein südamerikanisches Land in den Händen der Nationalsozialisten würde stets ein Sprungbrett für einen deutschen Angriff auf irgendeine der anderen Republiken dieser Halbkugel darstellen."
"61","1942-11-17","Zeitung","Archiv der Gegenwart, Bd. 12, 17.11.1942, S. 5719 [ff.]. Zit. n. CD-ROM-Ausgabe 2001.","Der von Gunston berührte Punkt betrifft die Grenze zwischen zwei alliierten Ländern, und ich habe volles Vertrauen, daß diese Frage auf der Grundlage der engen und freundschaftlichen Beziehungen zwischen den beiden Ländern geregelt werden wird."
"62","1945-02-03","Zeitung","Archiv der Gegenwart, Bd. 15, 03.02.1945, S. 76 [ff.]. Zit. n. CD-ROM-Ausgabe 2001.","In Mill Dollar Warenart Groß- Sowjet- Afrika China,Indien Andere Insgesamt britannien union Naher Osten Australien Länder Mittelmeer Neuseeland"
"63","1943-03-09","Zeitung","Archiv der Gegenwart, Bd. 13, 09.03.1943, S. 5863 [ff.]. Zit. n. CD-ROM-Ausgabe 2001.","Auch die holländische Exilregierung und Australien seien zur Teilnahme an diesem Projekt bereit; der Sowjetunion sei versichert worden, daß diese keinerlei imperialistische Absichten der Vereinigten Staaten zu befürchten habe. -- In einer vorangegangenen Pressekonferenz am 27. Februar hatte der amerikanische Marinesekretär Knox u. a. erklärt, die Vereinigten Staaten müßten schon jetzt mit den Verhandlungen über die ausländischen Stützpunkte beginnen, die das Land nach dem Kriege benötigen werde."
"64","1943-09-14","Zeitung","Archiv der Gegenwart, Bd. 13, 14.09.1943, S. 6089 [ff.]. Zit. n. CD-ROM-Ausgabe 2001.","Hierbei sei ihm allerdings die Entgleisung passiert, daß er die Vereinigten Staaten für die Zeit, in der sie noch an dem Grundsatz der passiven und aktiven Monroe-Doktrin festhielten, als ein ""mittelmäßiges"" Land hingestellt habe, das erst durch die Hilfeleistung an England seine ""weltweite"" Mission erkannt habe."
"65","1939-07-25","Zeitung","Archiv der Gegenwart, Bd. 9, 25.07.1939, S. 4149 [ff.]. Zit. n. CD-ROM-Ausgabe 2001.","Zu seinen Plänen über die Ausgestaltung des Landes erwähnte er den Neubau der Prager Museen und den Plan einer Untergrundbahn für Prag."
"66","1943-12-31","Belletristik","Weismantel, Leo: Die höllische Trinität, Berlin: Union-Verl.1966 [1943], S. 213","Zu viele derer, die das gleiche Kleid, die gleiche Würde tragen, laufen als nichtsnutzige Aussauger und Ausbeuter der Menschen durch das Land."
"67","1941-01-22","Zeitung","Archiv der Gegenwart, Bd. 11, 22.01.1941, S. 4857 [ff.]. Zit. n. CD-ROM-Ausgabe 2001.","Dann folgte in rascher Folge die Einverleibung Österreichs unter direkter Verletzung der Versicherungen, die von Hitler betreffs der Souveränität und der Unabhängigkeit dieses Landes gegeben worden waren."
"68","1943-12-31","Belletristik","Weismantel, Leo: Die höllische Trinität, Berlin: Union-Verl.1966 [1943], S. 475","""Es ist eine so ungeheure Unrast in mir"", sagte Mathis, ""ich muß über das Land wandern."
"69","1939-12-31","Wissenschaft","Elias, Norbert: Über den Prozeß der Zivilisation - Soziogenetische und psychogenetische Untersuchungen Bd. 2, Frankfurt a. M.: Suhrkamp 1992 [1939], S. 286","Es wurde schon darauf hingewiesen, daß in anderen Ländern, vor allem in England, auf Grund eines anderen, gesellschaftlichen Aufbaus allmählich eine Annäherung und ein gemeinsames Vorgehen bestimmter, städtischer und ländlicher Schichten zustande kommt, die - bei allen Spannungen und Feindseligkeiten auch zwischen ihnen selbst - schließlich nicht wenig zur Beschränkung der Königsmacht beiträgt."
"70","1938-12-31","Gebrauchsliteratur","Harmjanz, Heinrich: Ostpreußische Bauern, Königsberg: Reichsnährstand Verl. Ges. 1939 [1938], S. 16","Die Preußen des Kulmer Landes, Pomesaniens, Pogesaniens, Warmiens und Natangens geloben dem Orden und der Kirche Treue und Gehorsam; sie alle werden freie Leute gleich den Deutschen."
"71","1936-09-09","Zeitung","Archiv der Gegenwart, Bd. 6, 09.09.1936, S. 2716 [ff.]. Zit. n. CD-ROM-Ausgabe 2001.","Während Unruhe, Haß und Mißtrauen die Welt erfüllen und in den Ländern Europas, mit Ausnahme einer Großmacht und einigen anderen Ländern Zuckungen, bolschewistische Aufstände feststellbar sind, fand in Berlin die olympische Feier edelster Menschlichkeit statt."
"72","1944-12-31","Wissenschaft","Beenken, Hermann: Das Neunzehnte Jahrhundert in der deutschen Kunst, München: Bruckmann 1944, S. 20","[...] Sie enthält - und gerade dies Programm ist besonders bemerkenswert - außer der Sommer- und der Winterwohnung der Fürstlichkeiten Räume für den Staatsrat und das oberste Gericht des Landes, dann aber, vielleicht am bezeichnendsten, eine Bibliothek, eine Bildergalerie, eine Statuen-, eine Antiken-, eine Naturaliensammlung, damit in Verbindung ein ""besonderes Local für Gesellschaft von Gelehrten und Künstlern"", Ateliers für Bildhauer und Maler, Ausstellungssäle, ein ""Odeon als Musiksaal"", eine Kathedrale, ""gymnastische Plätze"" für Pferderennen, militärische Übungen und allerlei Sportarten, ein Theater, eine Halle für die öffentlichen Denkmäler, zugleich für Nationalfeste, große Plätze für Volksfeste"", schließlich außer großen Gartenanlagen ""Pavillons auf der Höhe des Berges mit weiter Fernsicht"". [...]"
"73","1936-10-21","Zeitung","Archiv der Gegenwart, Bd. 6, 21.10.1936, S. 2774 [ff.]. Zit. n. CD-ROM-Ausgabe 2001.","Hievon sind jedoch die Präferenzen ausgenommen, die Canada den Ländern des englischen Reiches vertraglich gewährt. (L. B. Deutschland 2745 C, Canada 2369 C.)"
"74","1933-04-09","Zeitung","Archiv der Gegenwart, Bd. 3, 09.04.1933, S. 782 [ff.]. Zit. n. CD-ROM-Ausgabe 2001.","Veredlungsprodukte sollen dem Entwurf zufolge gleichfalls dem Einfuhrverbot unterliegen, falls sie nicht mindestens zu 25 % aus Arbeit anderer Länder bestehen."
"75","1933-09-10","Zeitung","Archiv der Gegenwart, Bd. 3, 10.09.1933","Der Stand der Elektrifizierung der Vollbahnen in Europa Anfang 1933 ist nach einer Zusammenstellung der ""Electrical Review"" in Prozenten der Gesamtlänge des Vollbahnnetzes in den einzelnen Ländern wie folgt:"
"76","1937-10-31","Zeitung","Archiv der Gegenwart, Bd. 7, 31.10.1937, S. 3277 [ff.]. Zit. n. CD-ROM-Ausgabe 2001.","Die Gewinne seien für die Errichtung neuer Produktionsunternehmungen und für den Ankauf von Land verwendet worden."
"77","1938-12-31","Gebrauchsliteratur","Haluschka, Helene: Noch guter Ton? In: Zillig, Werner (Hg.) Gutes Benehmen, Berlin: Directmedia Publ. 2004 [1938], S. 8173","Wir sind - und das ist ja gewiß entschuldbar - gerne geneigt, die Größe und Schönheit unseres Landes rühmend zu betonen, Vergleiche mit anderen Ländern zu ziehen und uns über sie zu stellen."
"78","1935-01-07","Zeitung","Archiv der Gegenwart, Bd. 5, 07.01.1935, S. 1801 [ff.]. Zit. n. CD-ROM-Ausgabe 2001.","[...] Neben dieser amtlichen Verlautbarung meldet die Agence Havas aus Paris den Abschluß von vier Abkommen, und zwar: 1. ein Protokoll über die Gleichheit der Ansichten beider Regierungen in den Hauptfragen der allgemeinen Politik (soll veröffentlicht werden); 2. eine Empfehlung Frankreichs und Italiens an die ""Nachbar- und Nachfolgestaaten Österreichs"" (Deutschland, Österreich, Ungarn, Tschechoslowakei, Jugoslawien, Polen, Rumänien) in einem Abkommen die gegenseitige Achtung der Grenzen und Nichteinmischung in die inneren Angelegenheiten zu gewährleisten; 3. ein Konsultativabkommen Frankreichs und Italiens, in dem sich die beiden Länder verpflichten, sich bei Ereignissen, die die Unabhängigkeit Österreichs bedrohen, ins Einvernehmen zu setzen. [...]"
"79","1941-11-03","Zeitung","Archiv der Gegenwart, Bd. 11, 03.11.1941, S. 5253 [ff.]. Zit. n. CD-ROM-Ausgabe 2001.","Es handelt sich um eine Karte Südamerikas und eines Teiles Mittelamerikas, die zeigt, wie Hitler diese Länder zu reorganisieren gedenkt."
"80","1936-05-10","Zeitung","Archiv der Gegenwart, Bd. 6, 10.05.1936","Auswanderung im Monatsdurchschnitt 1935 (1934, 1933, 1930, siehe für die vorhergehende Zeit 2348 B, 1879 E): Anzahl der Auswanderer 471 (420, 403, 2241), hievon nach den europäischen Ländern 244 (220, 265, 1472). (""Statistisches Staatsamt"".) (L. B. 2348 B.)"
"81","1945-12-28","Zeitung","Süddeutsche Zeitung, 1995 [1945]","Der Vatikan gab die Ernennung von 32 neuen Kardinälen in 16 Ländern bekannt."
"82","1938-12-05","Zeitung","Archiv der Gegenwart, Bd. 8, 05.12.1938, S. 3836 [ff.]. Zit. n. CD-ROM-Ausgabe 2001.","Künftig könnten Emigranten, wenn nicht besondere Genehmigungen des Justizministers vorliegen, nur noch vorübergehend und in dem Maße aufgenommen werden, in welchem eine endgültige Einwanderungsmöglichkeit in andere Länder besteht."
"83","1935-01-07","Zeitung","Archiv der Gegenwart, Bd. 5, 07.01.1935, S. 1801 [ff.]. Zit. n. CD-ROM-Ausgabe 2001.","Die beiden Länder seien übereingekommen, die von ihnen getroffenen Vereinbarungen möglichst schnell der Prüfung durch interessierte Länder zu unterbreiten."
"84","1935-08-27","Zeitung","Archiv der Gegenwart, Bd. 5, 27.08.1935, S. 2197 [ff.]. Zit. n. CD-ROM-Ausgabe 2001.","Es sei dahin zu wirken, die Presse beider Länder der Herstellung normaler Beziehungen mehr als bisher nutzbar zu machen. (L. B. 2134 D.)"
"85","1943-08-29","Zeitung","Archiv der Gegenwart, Bd. 13, 29.08.1943, S. 6066 [ff.]. Zit. n. CD-ROM-Ausgabe 2001.","In einer zweiten vom Ministerpräsidenten verlesenen Proklamation wurde kundgemacht, daß nach der bulgarischen Verfassung der Ministerrat bis zur Nachfolge der Regentschaft das Land regieren werde. -- Der siebenjährige Thronfolger Prinz Simeon von Tirnowo bestieg als Simeon II. den Thron."
"86","1945-10-16","Zeitung","Archiv der Gegenwart, Bd. 15, 16.10.1945, S. 479 [ff.]. Zit. n. CD-ROM-Ausgabe 2001.","Die ganze bulgarische Nation sei machtlos und überzeugt, daß ihre Freiheit nicht garantiert sei, solange das Innen- und das Justizministerium in der Hand einer Partei seien, die einen beispiellosen Terror anwandte und im ganzen Land Furcht und Unsicherheit schufen."
"87","1933-08-28","Zeitung","Archiv der Gegenwart, Bd. 3, 28.08.1933, S. 1001 [ff.]. Zit. n. CD-ROM-Ausgabe 2001.","Der Kongreß nahm gleichzeitig die Resolution der gemischten Abrüstungskommission an, in welcher dasjenige Land als Angreifer bezeichnet wird, das sich weigert, im Konfliktsfall den internationalen Schiedsspruch anzuerkennen."
"88","1945-12-12","Zeitung","Archiv der Gegenwart, Bd. 15, 12.12.1945, S. 566 [ff.]. Zit. n. CD-ROM-Ausgabe 2001.","Frankreich könne einer deutschen Zentralverwaltung nur zustimmen, wenn das Ruhrgebiet und das Rheinland in gleicher Weise von Deutschland abgetrennt werde, wie dies mit den Ländern jenseits der Oder-Neiße-Linie geschehen sei."
"89","1939-08-31","Zeitung","Archiv der Gegenwart, Bd. 9, 31.08.1939, S. 4199 [ff.]. Zit. n. CD-ROM-Ausgabe 2001.","Durch ein Dekret des Caudillo wurde ein ""Hoher Generalstab"" geschaffen dessen Hauptaufgabe die Zusammenfassung der wirtschaftlichen und militärischen Kräfte der Nation ist, um im Kriegsfall die Unabhängigkeit des Landes zu sichern."
"90","1945-11-16","Zeitung","Süddeutsche Zeitung, 1995 [1945]","So darf sich jeder für den guten Geist Deutschlands einsetzen und auch dafür daß das "" heilig Herz der Völker "", wie Hölderlin unser Land besungen hat, aus seinen Trümmern wieder erstehe."
"91","1944-09-22","Zeitung","Archiv der Gegenwart, Bd. 14, 22.09.1944, S. 6532 [ff.]. Zit. n. CD-ROM-Ausgabe 2001.","2. Obwohl die Wirtschaftssysteme beider Länder einander entgegengesetzt seien, fänden sich doch alle Voraussetzungen für eine Zusammenarbeit."
"92","1933-12-31","Belletristik","Feuchtwanger, Lion: Die Geschwister Oppermann, Berlin: Aufbau-Taschenbuch-Verl. 2001 [1933], S. 205","Wenn ihn Deutschland ausstieß, dieses andere Land sträubte sich nicht dagegen, ihm Heimat zu sein."
"93","1933-05-18","Zeitung","Archiv der Gegenwart, Bd. 3, 18.05.1933, S. 845 [ff.]. Zit. n. CD-ROM-Ausgabe 2001.","In gleicher Form wie in den übrigen Ländern wurde auch der preußischen Regierung vom Landtag ein verfassungsänderndes, weitgehendes Ermächtigungsgesetz mit allen Stimmen gegen die der Sozialdemokraten bewilligt."
"94","1942-12-31","Gebrauchsliteratur","Wiehle, Hermann u. Harm, Marie: Lebenskunde für Mittelschulen - Klasse 1, Halle u. a.: Schroedel u. a. 1942, S. 18","Die Pflanzen des Schilfgürtels unserer Teiche sind auf dem Lande geblieben, wenngleich ihr Wurzelstock bei hohem Wasserstand auch einmal überflutet wird."
"95","1942-11-08","Zeitung","Archiv der Gegenwart, Bd. 12, 08.11.1942","Diese Männer, die mir damals nachgegangen sind, die ihr Leben für mich damals einsetzten, die ihr Leben gegeben haben nicht nur im Altreich, sondern in der Ostmark, im Sudetenland und darüber hinaus auch noch in anderen Ländern, ich muß sie bewundern."
"96","1933-04-25","Zeitung","Archiv der Gegenwart, Bd. 3, 25.04.1933, S. 806 [ff.]. Zit. n. CD-ROM-Ausgabe 2001.","Dies nehme a priori jedem Staat das Recht, anderen Ländern gegenüber Grundsätze geltend machen zu wollen, die er sich selbst gegenüber anzuwenden nicht die Absicht habe."
"97","1937-08-15","Zeitung","Archiv der Gegenwart, Bd. 7, 15.08.1937, S. 3172 [ff.]. Zit. n. CD-ROM-Ausgabe 2001.","Frankreich äußerte Genugtuung über die Gleichheit der Gefühle, die von den gegenwärtigen Verhältnissen bei den Regierungen beider Länder ausgelöst werden."
"98","1936-09-14","gesprochen","o.A., Reichsparteitag der NSDAP in Nürnberg Abschlussveranstaltung in der Kongresshalle, 14.09.1936","Die brutale Massenabschlachtung nationalistischer Kämpfer, das Anzünden der mit Benzin übergossenen Frauen nationalistischer Offiziere, das Abschlachten von Kindern und Babys nationalistischer Eltern, zum Beispiel in Spanien, soll als warnendes Exempel die ähnlich eingestellten Kräfte in anderen Ländern vor jedem Widerstand in ähnlicher Lage zurückschrecken."
"99","1941-01-22","Zeitung","Archiv der Gegenwart, Bd. 11, 22.01.1941, S. 4860 [ff.]. Zit. n. CD-ROM-Ausgabe 2001.","Was das ganze Land anbetrifft, sind die Schäden nicht groß."
"100","1941-09-15","Zeitung","Archiv der Gegenwart, Bd. 11, 15.09.1941, S. 5191 [ff.]. Zit. n. CD-ROM-Ausgabe 2001.","Sie bringen Nahrungsmittel und andere Waren für Zivilisten und sie tragen Kriegsmaterial an Bord, für das das amerikanische Volk Milliarden Dollar ausgibt und das mit Billigung des Bundeskongresses als wesentlich für die Verteidigung des eigenen Landes erklärt worden ist."
"101","1933-05-22","Zeitung","Archiv der Gegenwart, Bd. 3, 22.05.1933, S. 851 [ff.]. Zit. n. CD-ROM-Ausgabe 2001.","[...] In ""Wirtschaft und Statistik"" sind nachfolgende Daten für die Übersee-Aus- und Einwanderung einzelner Länder 1931 (1930) enthalten (Zahlen in Tausend): Belgien Ausw. 1,3 (2,6), Einw. 2,2 (1,7); Deutschland 13,6 (37,4) und 40,4 (43,1)- England 34,3 (92,2) und 71,3 (66,2); Frankreich 1,8 (3,0) und 0,0 (0,0); Griechenland 10,5 (6,3) und 8,3 (5,1); Irland 1,5 (16,0) und 3,4 (2,6); Italien 40,8 (59,1) und 43,4 (46,6); Jugoslawien 3,4 (11,4) und 7,6 (6,0), Österreich 2,6 (4,2) und 0,0 (0,0); Polen 11,8 (46,) und 7,2 (7,6); Rumänien 2,6 (10,7) und 2,4 (3,5); Schweden 1,2 (3,7) und 5,7 (4,6) Schweiz 1 3 (3,0) und 0,0 (0,0), Spanien 14,3 (41,4) und 53,9 (41,6); Tschechoslowakei 1,3 (8,8) und 3,0 (3,0). [...]"
"102","1935-01-05","Zeitung","Archiv der Gegenwart, Bd. 5, 05.01.1935","Amtliche Mitteilungen über den Inhalt der in Rom geplanten Besprechungen, bezw. Abkommen liegen nicht vor, doch geht aus den Pressestimmen der beiden Länder und von dritter Seite hervor, daß eine Regelung der Kolonialfrage und ein Abkommen betreffs Österreich sowie eine gewisse Klärung des Verhältnisses Italien-Jugoslawien, bezw. Kleine Entente im Vordergrund stehen."
"103","1939-08-31","Zeitung","Archiv der Gegenwart, Bd. 9, 31.08.1939","Bei der Festlegung unserer Aufgaben auf außenpolitischem Gebiet definierte Stalin unsere Beziehungen mit anderen Ländern wie folgt: Fortsetzung der Politik des Friedens und der Konsolidierung der Beziehungen mit allen Ländern."
"104","1938-07-18","Zeitung","Archiv der Gegenwart, Bd. 8, 18.07.1938","Im Bau befindlicher Für Registrierung Bauländer Gesamttonnage in anderen Ländern"
"105","1945-08-07","Zeitung","Archiv der Gegenwart, Bd. 15, 07.08.1945, S. 355 [ff.]. Zit. n. CD-ROM-Ausgabe 2001.","Das würde genügen, um ihm die Rückkehr in das Land für immer zu verbieten."
"106","1939-08-31","Zeitung","Archiv der Gegenwart, Bd. 9, 31.08.1939","Man vergißt, daß es sich nicht um unsere Haltung gegenüber dem inneren Regime eines anderen Landes handelt, sondern um die auswärtigen Beziehungen zwischen zwei Staaten."
"107","1934-04-25","Zeitung","Archiv der Gegenwart, Bd. 4, 25.04.1934, S. 1395 [ff.]. Zit. n. CD-ROM-Ausgabe 2001.","Die beteiligten Länder würden diesen Gedanken sicher wohlwollend aufgenommen haben."
"108","1938-03-15","Zeitung","Archiv der Gegenwart, Bd. 8, 15.03.1938","""Ich proklamiere nunmehr für dieses Land seine neue Mission; sie entspricht dem Gebot, das einst die deutschen Siedler aus allen Gauen des Altreiches hieherberufen hat."
"109","1937-12-31","Belletristik","Klepper, Jochen: Der Vater, Gütersloh: Bertelsmann 1962 [1937], S. 181","Es sollte kein Edelmann mehr sein Land verlassen, sofern er sich nicht zuvor schriftlich verpflichtete, in keines anderen Landes Dienste zu treten."
"110","1938-02-24","Zeitung","Archiv der Gegenwart, Bd. 8, 24.02.1938, S. 3439 [ff.]. Zit. n. CD-ROM-Ausgabe 2001.","Hierzu kommen weitere Maßnahmen, die bestimmt sind, der Arbeitsbeschaffung im Lande zu dienen."
"111","1938-02-16","Zeitung","Archiv der Gegenwart, Bd. 8, 16.02.1938, S. 3425 [ff.]. Zit. n. CD-ROM-Ausgabe 2001.","Die Bundesregierung teilt mit, daß diese vom Geiste der Versöhnlichkeit getragene Maßnahme getroffen wurde, um allen bisher abseits gestandenen Staatsbürgern den Weg zu einer Mitarbeit am Aufbau des Vaterlandes freizumachen und somit den inneren und äußeren Frieden des Landes zu sichern."
"112","1935-08-31","Zeitung","Archiv der Gegenwart, Bd. 5, 31.08.1935, S. 2203 [ff.]. Zit. n. CD-ROM-Ausgabe 2001.","[...] Die Stanford University in Kalifornien errechnet den Weizenverbrauch einiger wichtiger europäischer Länder für den Durchschnitt der Jahre 1929/34 (1909/14) wie folgt (in Mill. Bushel): Frankreich 338,4 (354,4), England 283,4 (271,2), Italien 293,9 (229,4), Deutschland 189,6 (199,0), Spanien 148,9 (130,1), Belgien 56,4 (62,2), Holland 36,7 (25,4), Schweden 24,1 (14,5), Schweiz 21,4 (21,7), Dänemark 21,0 (10,5), Portugal 17,6 (11,8), Norwegen 8,2 (3,8), Finnland 6,4 (5,0). (L. B. 2060 E.) [...]"
"113","1940-04-27","Zeitung","Archiv der Gegenwart, Bd. 10, 27.04.1940, S. 4509 [ff.]. Zit. n. CD-ROM-Ausgabe 2001.","An Norwegen und Schweden würde lediglich in einer Note der Durchmarsch notifiziert werden, ohne daß die Regierungen der beiden Länder hierzu um Erlaubnis gefragt würden."
"114","1936-11-02","Zeitung","Archiv der Gegenwart, Bd. 6, 02.11.1936, S. 2787 [ff.]. Zit. n. CD-ROM-Ausgabe 2001.","Die Regierung habe die Absicht, die Summe des Gemeinsamen höher zu werten als die Differenz des Trennenden -- und das sei nicht nur in bezug auf die sogenannte Rechtsopposition gedacht -- weil die Regierung sich dessen bewußt sei daß in diesen Monaten und Jahren das Schicksal nicht nur eines Teiles sondern der Gesamtheit des Landes entschieden werde. (L. B. Neues Leben 2666 B, Beziehungen 2779 F.)"
"115","1936-06-14","Zeitung","Pariser Tageblatt, 14.06.1936","An den Gegenstätzen im Lande jedenfalls hat er nichts geändert."
"116","1933-09-20","Zeitung","Archiv der Gegenwart, Bd. 3, 20.09.1933, S. 1044 [ff.]. Zit. n. CD-ROM-Ausgabe 2001.","Königin Wilhelmine hat am 19. September die Generalstaaten (beide Kammern der Volksvertretung) mit einer Thronrede eröffnet, in der sie erklärte, daß der Wohlstand des Landes rückgängig sei."
"117","1944-01-01","Gebrauchsliteratur","Böttner, Johannes: Gartenbuch für Anfänger, Frankfurt (Oder) u. a.: Trowitsch & Sohn 1944 [1895], S. 129","Wenn hierbei die Saatkartoffeln ohne weitere Vorbereitungen in das Land kommen, so gibt's zwar auch Kartoffeln, aber keine Frühkartoffeln."
"118","1933-11-29","Zeitung","Archiv der Gegenwart, Bd. 3, 29.11.1933","Hierzu ist zu bemerken, daß der Orden die aus Spanien und Rußland ausgewiesenen Mitglieder als in diesen Ländern ansässig führt. (L. B. 870 E.)"
"119","1940-03-13","Zeitung","Völkischer Beobachter (Berliner Ausgabe), 13.03.1940","In beiden Ländern richtete man ein und dieselben Fragen an mich:"
"120","1943-07-18","Zeitung","Archiv der Gegenwart, Bd. 13, 18.07.1943, S. 6016 [ff.]. Zit. n. CD-ROM-Ausgabe 2001.","Ich denke an das freie politische Leben unseres Landes."
"121","1940-03-19","Zeitung","Archiv der Gegenwart, Bd. 10, 19.03.1940","Diese beiden Länder glaubten, vom Mittelpunkt der gegenwärtigen Kriegswirren fern genug zu liegen, um nicht das Schicksal der Tschechoslowakei und Polens zu erleiden."
"122","1942-11-02","Zeitung","Archiv der Gegenwart, Bd. 12, 02.11.1942, S. 5698 [ff.]. Zit. n. CD-ROM-Ausgabe 2001.","Dieser Aufbaukrieg zielt auf die Schaffung einer Neuordnung ab, die auf der Moral und auf dem Recht beruhen wird und in der ein Großostasien verwirklicht werden soll, in dem alle Länder und Völker dieser Sphäre den ihnen zukommenden Platz einnehmen werden und in dem Japan den Mittelpunkt bilden wird."
"123","1936-10-20","Zeitung","Archiv der Gegenwart, Bd. 6, 20.10.1936, S. 2773 [ff.]. Zit. n. CD-ROM-Ausgabe 2001.","Sie dient insbesondere dem Zweck, eine vorzeitige Abwanderung der jugendlichen Intelligenz des flachen Landes in die Städte zu verhindern, ihr aber trotzdem die Möglichkeit einer höheren Schulbildung zu geben."
"124","1942-12-31","Belletristik","Seghers, Anna: Das siebte Kreuz, Berlin: Aufbau-Taschenbuch-Verl. 2002 [1942], S. 411","Nach Minuten blieb es immer kurz stehen um zu sehen, wieviel Land sich dort unten entfaltet hatte und mit dem Land auch der Himmel."
"125","1941-04-07","Zeitung","Archiv der Gegenwart, Bd. 11, 07.04.1941, S. 4965 [ff.]. Zit. n. CD-ROM-Ausgabe 2001.","""Anläßlich der alarmierenden Gerüchte, die in unserem Lande von fremden Agenten verbreitet werden, und unsere Bevölkerung und die Beamtenschaft in Unruhe zu versetzen, habe ich folgende Anordnungen erlassen allen und jedermann zu Verkünden und mitzuteilen, sich durch derartige ungenaue, geschickt lancierte und verbreitete Nachrichten nicht beeindrucken zu lassen, denn für Alarmstimmungen ist kein Grund vorhanden."
"126","1936-12-31","Gebrauchsliteratur","o. A.: Heumann-Heilmittel, o. O.: [1936], S. 83","Ich litt lange Zeit an Hämorrhoiden, aber wie es auf dem Lande schon ist, man wartet, bis es nicht mehr geht."
"127","1945-08-23","Zeitung","Archiv der Gegenwart, Bd. 15, 23.08.1945, S. 390 [ff.]. Zit. n. CD-ROM-Ausgabe 2001.","Sie empfehlen ihm, Handlungen vorzunehmen, die den nationalen Interessen des rumänischen Volkes und den Interessen der Krone schädlich sind, verbreiten falsche Gerüchte im Bestreben, die öffentliche Meinung irrezuführen und die Regierung innerhalb und außerhalb des Landes zu diskreditieren."
"128","1934-05-15","Zeitung","Archiv der Gegenwart, Bd. 4, 15.05.1934, S. 1432 [ff.]. Zit. n. CD-ROM-Ausgabe 2001.","Die lettische Regierung hat über das ganze Land den Ausnahmezustand für sechs Monate verhängt, da nach amtlicher Mitteilung die Gefahr eines bewaffneten Staatsstreiches von linker Seite sowie innerer Unruhen bestehe."
"129","1945-10-17","Zeitung","Archiv der Gegenwart, Bd. 15, 17.10.1945, S. 483 [ff.]. Zit. n. CD-ROM-Ausgabe 2001.","Einerseits ist es nach meiner Auffassung unbedingt notwendig, daß ihr euren Willen betont, zu einer neuen Republik zu kommen, was kaum möglich wäre, wenn wir schon zu Beginn zu dem Regime zurückkehren würden, dessen Schwäche offensichtlich war und zur Not unseres Landes führte, zu einer neuen Republik, für die das Zweikammer-System durchaus nicht angeschlossen ist."
"130","1936-11-30","Zeitung","Archiv der Gegenwart, Bd. 6, 30.11.1936, S. 2828 [ff.]. Zit. n. CD-ROM-Ausgabe 2001.","1935 betrügen die Ausgaben der Länder 1242, die Einnahmen 1271 Mill. Kc."
"131","1945-10-03","Zeitung","Archiv der Gegenwart, Bd. 15, 03.10.1945, S. 460 [ff.]. Zit. n. CD-ROM-Ausgabe 2001.","Die Sowjetunion wird drei, Großbritannien zwei, Frankreich zwei (433 A), die Vereinigten Staaten, Canada, China und Südafrika je einen Sitz erhalten, ferner erhalten die Länder des Pazifiks einen, Lateinamerika zwei, Australien, Indien und Ceylon- die skandinavischen Länder, Westeuropa, Zentraleuropa Südosteuropa, Südeuropa und der Nahe Osten je einen Sitz."
"132","1942-10-29","Zeitung","Archiv der Gegenwart, Bd. 12, 29.10.1942","Das bulgarische Volk habe die geschichtliche Bedeutung der Gegenwart für das Land erkannt."
"133","1945-11-02","Zeitung","Archiv der Gegenwart, Bd. 15, 02.11.1945","Es sei auch gut, daß er im Lande bei seiner Armee geblieben sei."
"134","1941-07-07","Zeitung","Archiv der Gegenwart, Bd. 11, 07.07.1941","Ein mächtiger Feind hat unser Land mit Krieg überzogen."
"135","1937-04-12","Zeitung","Archiv der Gegenwart, Bd. 7, 12.04.1937, S. 3010 [ff.]. Zit. n. CD-ROM-Ausgabe 2001.","Die französische und die tschechoslowakische Regierung dementierten amtlich die auf diese Länder bezughabenden italienischen Meldungen."
"136","1939-12-31","Wissenschaft","Jahresberichte für deutsche Geschichte, 1939, S. 559","Die beiden Gerichte entsprechen in Zuständigkeit und Verfahren weitgehend der Unterscheidung von Landtaiding und Hoftaiding in den obersten Gerichten der österreichischen Länder."
"137","1934-12-31","Belletristik","Knittel, John: Via Mala, Berlin: Deutsche Buch-Gemeinschaft 1957 [1934], S. 272","Schmeicheln immer nur unsern Bankiers und Pfarrern, die alle der Teufel holen soll und die man aus den zivilisierten Ländern davonjagen müßte."
"138","1938-12-06","Zeitung","Archiv der Gegenwart, Bd. 8, 06.12.1938","In diesem Geiste haben die Außenminister der beiden Länder eine Erklärung unterzeichnet, die, vorbehaltlich der besonderen Beziehungen der beiden Regierungen zu dritten Mächten, ihren Willen zum Ausdruck bringt, in gegenseitiger Achtung friedlich zusammenzuarbeiten, und die so einen wichtigen Schritt auf dem Weg der allgemeinen Befriedung darstellt."""
"139","1937-12-31","Gebrauchsliteratur","Bodenreuth, Friedrich [d.i. Jaksch, Friedrich]: Alle Wasser Böhmens fließen nach Deutschland, Berlin: Büchergilde Gutenberg 1938 [1937], S. 298","So wollen wir heute in Stadt und Land zu Tausenden an den Kundgebungen teilnehmen, die sich gegen die Vergewaltigung richten."
"140","1934-11-18","Zeitung","Archiv der Gegenwart, Bd. 4, 18.11.1934, S. 1732 [ff.]. Zit. n. CD-ROM-Ausgabe 2001.","Entsprechend den Beschlüssen der Stockholmer Konferenz (1613 F) wurde ein ständiger Ausschuß für die Erhöhung des Warenaustausches der nordischen Länder gebildet. (L. B. 1684 B und 1613 F.)"
"141","1936-05-25","Zeitung","Archiv der Gegenwart, Bd. 6, 25.05.1936","Die Besetzung des ganzen Landes und die Entwaffnungsaktion der Eingeborenen werde planmäßig weitergeführt."
"142","1936-10-09","Zeitung","Archiv der Gegenwart, Bd. 6, 09.10.1936, S. 2758 [ff.]. Zit. n. CD-ROM-Ausgabe 2001.","Bei Rohmaterialien und sonstigen aus überseeischen Ländern bezogenen Waren hätte eine Abwertung des Schillings eine entsprechend hohe Steigerung der Schillingpreise solcher Waren verursacht."
"143","1937-10-11","Zeitung","Archiv der Gegenwart, Bd. 7, 11.10.1937","RM. -- Von der Gesamtverschuldung der Länder und Hansestädte entfiel auf die einzelnen Länder in Mill."
"144","1937-12-31","Gebrauchsliteratur","Bodenreuth, Friedrich [d.i. Jaksch, Friedrich]: Alle Wasser Böhmens fließen nach Deutschland, Berlin: Büchergilde Gutenberg 1938 [1937], S. 288","Dieses Land ist nicht unsere engere Heimat."
"145","1945-03-02","Zeitung","Archiv der Gegenwart, Bd. 15, 02.03.1945, S. 124 [ff.]. Zit. n. CD-ROM-Ausgabe 2001.","Das Land habe Zutrauen in seine Währung."
"146","1944-01-30","Zeitung","Archiv der Gegenwart, Bd. 14, 30.01.1944, S. 6256 [ff.]. Zit. n. CD-ROM-Ausgabe 2001.","4. Um überhaupt mit Aussicht auf Erfolg seinen Bestand in Europa wahren zu können, war die Zusammenfassung aller jener Länder notwendig, die von Deutschen bewohnt oder über ein Jahrtausend zum Deutschen Reich gehörige Räume darstellen, die völkisch und wirtschaftlich für die Erhaltung des Reiches, das heißt für seine politisch-militärische Verteidigung unentbehrlich sind."
"147","1943-11-06","Zeitung","Archiv der Gegenwart, Bd. 13, 06.11.1943, S. 6161 [ff.]. Zit. n. CD-ROM-Ausgabe 2001.","Die Länder Großostasiens, vom Wunsch beseelt, zum Weltfrieden beizutragen, verpflichten sich, zur Durchführung des Großostasienkrieges zusammenzuarbeiten, ihr Gebiet von dem Joch der britisch-amerikanischen Unterdrückung zu befreien und ihre eigene Existenz und Verteidigung sicherzustellen und weiterhin auf Grund der folgenden Prinzipien zur Errichtung Großostasiens beizutragen."
"148","1934-01-03","Zeitung","Archiv der Gegenwart, Bd. 4, 03.01.1934","Der volle Transfer für Holland und die Schweiz beruhe auf Sonderabmachungen, die auch andere Länder treffen könnten, es aber nicht täten, nämlich auf Zusatzexportverpflichtungen dieser Länder."
"149","1942-06-29","Zeitung","Archiv der Gegenwart, Bd. 12, 29.06.1942","Die Hauptaufgabe des Komitees ist es, die Produktion der beiden Länder so zu koordinieren, daß die verfügbaren Mittel zu den Operationen in Beziehung gebracht werden, wie sie das kombinierte Stabschefskomitee plant."
"150","1935-07-25","Zeitung","Archiv der Gegenwart, Bd. 5, 25.07.1935","Engelbert Dollfuß habe sich um sein Volk und um sein Land verzehrt und sei nicht müde geworden, das soziale Recht, den sozialen Frieden im freien Land der Väter zu verkünden."
"151","1939-12-31","Wissenschaft","Jahresberichte für deutsche Geschichte, 1939, S. 338","1. der Bevölkerungswechsel zwischen Stadt und Land, 2. die weltanschaulich-politischen und 3. die beruflich-wirtschaftlichen Wanderungen im deutschen Volksraum."
"152","1933-12-31","Belletristik","Goote, Thor [d.i. Langsdorff, Werner von]: Die Fahne Hoch!, Berlin: Zeitgeschichte-Verlag 1933 [1933], S. 344","Auch mal wieder im Land?"
"153","1945-08-23","Zeitung","Archiv der Gegenwart, Bd. 15, 23.08.1945, S. 392 [ff.]. Zit. n. CD-ROM-Ausgabe 2001.","Und dennoch: Furchtbares ist schon vor dem Kriege in Deutschland und während des Krieges durch Deutsche in den besetzten Ländern geschehen."
"154","1945-02-13","Zeitung","Archiv der Gegenwart, Bd. 15, 13.02.1945, S. 96 [ff.]. Zit. n. CD-ROM-Ausgabe 2001.","Der amerikanische Vertreter Sidney Hillman machte auf dem Internationalen Gewerkschaftskongreß (86 D) namens der CIO den Vorschlag der Gründung einer neuen demokratisch aufgebauten Internationale der Gewerkschaftsbewegungen aller Länder, um der Arbeiterschaft den ihr zustehenden Einfluß auf den kommenden Frieden wirksam zur Geltung kommen zu lassen."
"155","1945-02-23","Zeitung","Archiv der Gegenwart, Bd. 15, 23.02.1945, S. 108 [ff.]. Zit. n. CD-ROM-Ausgabe 2001.","Die Aufgabe des neu ernannten Kabinetts wird nach der Befreiung des ganzen Landes abgeschlossen sein."
"156","1943-12-31","Belletristik","Weismantel, Leo: Die höllische Trinität, Berlin: Union-Verl.1966 [1943], S. 48","Aber während es in deutschen Landen als etwas Unerhörtes erschiene, Männer oder Frauen nackten Leibes vor sich in der Werkstätte zu haben, um danach zu zeichnen oder zu malen, so sei dies jenseits der Alpenberge doch Brauch, und, wie Kunstkenner ihm zu Nürnberg erzählt hätten, sehr zum Vorteile dieser Kunst der Welschen, die dadurch vieles an Kraft und Natürlichkeit vor der Malweise der Deutschen voraushätten."
"157","1945-07-23","Zeitung","Archiv der Gegenwart, Bd. 15, 23.07.1945, S. 333 [ff.]. Zit. n. CD-ROM-Ausgabe 2001.","Sie werden damit die Zwietracht in Frankreich verschärfen und verlängern, während das Land es nötig hätte, sich zu finden und sich gegenseitig zu verständigen, um wieder den Platz einzunehmen, den es seinerzeit unter den Völkern innehatte."
"158","1940-10-15","Zeitung","Archiv der Gegenwart, Bd. 10, 15.10.1940, S. 4738 [ff.]. Zit. n. CD-ROM-Ausgabe 2001.","Dieses Land ist unser Land und es gibt keine Gewalt, die es uns wegnehmen kann."
"159","1945-10-30","Zeitung","Süddeutsche Zeitung, 1995 [1945]","Dieser letzte aud furchtbarste aller Kriege hat über die ganze zivilisierte Welt unsagbares Leid gebracht, und die berechtigten Lebensmittelforderungen aller anderen zerstörten Länder sind so groß, daß die Vertreter der amerikanischen Regierung in Deutschland nur die Versicheruug geben können, daß sie in jeder möglichen Weise bei der Einbringung und Verteilung der diesjährigen Ernte mit den deutschen Stellen zusammenarbeiten werden, um die akute Lebensmittelknappheit der kommenden Monate zu vermindern."
"160","1936-06-13","Zeitung","Pariser Tageszeitung, 13.06.1936","Gepäckbeförderung über See ist billig, auf dem Lande teuer."
"161","1943-07-21","Zeitung","Archiv der Gegenwart, Bd. 13, 21.07.1943, S. 6019 [ff.]. Zit. n. CD-ROM-Ausgabe 2001.","Der Präsident der amerikanischen Marinemission, Admiral Land, erklärte am 16. Juli vor Pressevertretern u. a., daß in den Vereinigten Staaten im Jahre 1942 Handelsschiffsraum von 8,089.732 Tonnen und im ersten Halbjahr 1943 von 8,818.622 Tonnen neu erbaut worden sei."
"162","1935-03-03","Zeitung","Völkischer Beobachter (Berliner Ausgabe), 03.03.1935","Vielleicht, daß irgendwer an Land sie sieht, daß sie ein Rettungsboot zu Wasser bringen können, um sie aus der Brandung zu holen."
"163","1939-12-31","Wissenschaft","Elias, Norbert: Über den Prozeß der Zivilisation - Soziogenetische und psychogenetische Untersuchungen Bd. 2, Frankfurt a. M.: Suhrkamp 1992 [1939], S. 278","Nur die besondere Situation der Gesellschaft, nur das eigentümliche Spannungsgleichgewicht zwischen den aufsteigenden bürgerlichen und den schwächer werdenden Adelsgruppen, dann zwischen den vielen, großen und kleinen Gruppen des Landes überhaupt, gibt dem Zentralherrn seinen gewaltigen Verfügungs- und Entscheidungsspielraum."
"164","1936-12-31","Wissenschaft","Jahresberichte für deutsche Geschichte, 1936, S. 250","Aber es ist doch bezeichnend, daß sich sein Blick für die geographischen Gegebenheiten nicht mit den heute im Norden vorhandenen Räumen begnügen kann, daß er vielmehr wegen ihrer Kleinheit dasjenige Land mit hinzunimmt, das sich einst bis zur Doggerbank hin ausgedehnt hat und in nachneolithischer Zeit dem Meer zum Opfer gefallen ist."
"165","1945-08-22","Zeitung","Archiv der Gegenwart, Bd. 15, 22.08.1945","Den wichtigeren kirchlichen Institutionen (Kirchen, Klöster, Kirchenbehörden) oder solchen von historischer Bedeutung werden bis zu 30 ha pflügbaren Landes und bis zu 30 ha Wald ihres gegenwärtigen Besitzes belassen werden."
"166","1939-07-18","Zeitung","Archiv der Gegenwart, Bd. 9, 18.07.1939","Dänemark 576 770.430 705 1.174.944 Frankreich 1.025 1.922.286 1.231 2.933.933 Deutschland 2.090 5.134.720 2.459 4.482.662 Griechenland 407 820.861 607 1.780.666 Holland 709 1.471.710 1.523 2.969.578 Italien 637 1.430.475 1.227 3.421.804 Japan 1.103 1.708.386 2.337 5.629.845 Norwegen 1.656 1.957.353 1.987 4.833.813 Spanien 589 883.926 777 902.251 Schweden 1.088 1.015.364 1.231 1.577.120 vereinigte Meer 1.113 2.026.908 2.345 8.909.892 Staaten Binnenseen 579 2.260.441 508 2.451.641 Andere Länder 2.749 3.477.311 3.849 6.436.358"
"167","1944-01-01","Gebrauchsliteratur","Böttner, Johannes: Gartenbuch für Anfänger, Frankfurt (Oder) u. a.: Trowitsch & Sohn 1944 [1895], S. 211","Da gleichzeitig das aufkeimende Unkraut niedergehalten wird, ist das Land im allgemeinen völlig unkrautfrei."
"168","1940-07-13","Zeitung","Archiv der Gegenwart, Bd. 10, 13.07.1940, S. 4618 [ff.]. Zit. n. CD-ROM-Ausgabe 2001.","Eure Arbeit wird verteidigt werden, eure Familien werden den Schutz des Landes finden."
"169","1934-12-10","Zeitung","Archiv der Gegenwart, Bd. 4, 10.12.1934, S. 1769 [ff.]. Zit. n. CD-ROM-Ausgabe 2001.","Die Schweiz hat eine englische Bitte um Teilnahme mit der Begründung abgelehnt, daß die Entsendung von Truppen außer Landes verfassungsmäßig unzulässig ist, während die Polizei Angelegenheit der Kantone sei."
"170","1939-03-03","Zeitung","Völkischer Beobachter (Berliner Ausgabe), 03.03.1939","In der Nacht war viel Neuschnee gefallen, und das ganze Kitzbüheler Land glänzte am frühen Morgen in einer weißen Pracht."
"171","1939-12-31","Gebrauchsliteratur","Hahn, Christian Diederich: Bauernweisheit unterm Mikroskop, Oldenburg i.O.: Stalling 1943 [1939], S. 156","So angenehm und nützlich Hühnerfleisch und Hühnereier in jeder Küche auf dem Lande oder in der Stadt sind, - wir könnten ohne sie satt werden!"
"172","1939-08-01","Zeitung","Archiv der Gegenwart, Bd. 9, 01.08.1939, S. 4157 [ff.]. Zit. n. CD-ROM-Ausgabe 2001.","Dieselbe Haltung nehmen die anderen nordischen Länder ein."
"173","1943-12-31","Gebrauchsliteratur","Kriegk, Otto: Der deutsche Film im Spiegel der Ufa, Berlin: Ufa-Buchverl. 1943, S. 158","Die Elektro-Firmen traten vor die Schranken der Patentgerichte beider Länder."
"174","1945-01-01","Zeitung","Archiv der Gegenwart, Bd. 15, 01.01.1945, S. 5 [ff.]. Zit. n. CD-ROM-Ausgabe 2001.","Befolgt in den befreiten Teilen des Landes die Mobilisierungsbefehle und Eid in die Reihen der polnischen Wehrmacht zieht in den Kampf um die Freiheit Polens, um die polnischen Grenzpfähle an der Oder! 400 Jahre lang gab es zwischen Polen und Weißrussen, zwischen Polen und Russen ununterbrochene Konflikte zum Schaden beide Seiten in diesen Verhältnissen sind nun eine entscheidende Änderung angetreten."
"175","1937-06-12","Zeitung","Archiv der Gegenwart, Bd. 7, 12.06.1937, S. 3088 [ff.]. Zit. n. CD-ROM-Ausgabe 2001.","Sowohl dort, wie in Riga, das er sodann besuchte, hatte er Gelegenheit, mit den führenden Persönlichkeiten des Landes zusammenzutreffen und wurde auch von dem Staatspräsidenten empfangen."
"176","1937-12-31","Wissenschaft","Jahresberichte für deutsche Geschichte, 1937, S. 601","Auf seine Behauptung der Zugehörigkeit dieser Länder zu Polen schon unter Mieszko I. wird an anderer Stelle näher eingegangen."
"177","1945-05-16","Zeitung","Archiv der Gegenwart, Bd. 15, 16.05.1945, S. 228 [ff.]. Zit. n. CD-ROM-Ausgabe 2001.","In allen anderen Ländern, die ein ähnliches Schicksal erlitten, konnten die Inhaber der gesetzlichen Gewalt den Zugriff des Feindes entgehen."
"178","1939-05-22","Zeitung","Archiv der Gegenwart, Bd. 9, 22.05.1939, S. 4075 [ff.]. Zit. n. CD-ROM-Ausgabe 2001.","Die beiden Länder und die beiden Völker bilden nunmehr einen unzerstörbaren Block, der durch die Verwandtschaft ihrer Auffassungen, das Bestehen einer für immer festgelegten gemeinsamen Grenze, die Gemeinsamkeit ihrer Interessen und durch den vollkommenen Einklang ihrer Politik eng zusammengeschweißt ist."
"179","1943-12-31","Belletristik","Weismantel, Leo: Die höllische Trinität, Berlin: Union-Verl.1966 [1943], S. 540","Und die Reiterschwärme, die den Auftrag erhalten hatten, dies Gericht zu vollziehen, sprengten über das Land."
"180","1941-08-18","Zeitung","Archiv der Gegenwart, Bd. 11, 18.08.1941, S. 5155 [ff.]. Zit. n. CD-ROM-Ausgabe 2001.","Meine Autorität wird nur allzu oft gegen die Regierung angerufen um angebliche Unternehmungen zum Heile des Landes zu lancieren die in Tat und Wahrheit nur Appelle an die Disziplinlosigkeit sind."
"181","1945-11-06","Zeitung","Süddeutsche Zeitung, 1995 [1945]","Das kann in städtischen und dörflichen Abendvolkshochschulen geschehen und daneben, idealerweise, in Heimen auf dem Lande, in denen besonders erwachsene Jugend, auf einige Zeit, jenseits ihrer Berufstätigkeit zusammen lebt und arbeitet."
"182","1943-12-01","Zeitung","Archiv der Gegenwart, Bd. 13, 01.12.1943, S. 6186 [ff.]. Zit. n. CD-ROM-Ausgabe 2001.","In einem Communiqué wurde erklärt, daß beim gegenseitigen Meinungsaustausch festgestellt worden sei, daß eine starke Stimmung für die Errichtung einer Union der arabischen Länder, die im Interesse aller Beteiligten liege, vorhanden gewesen sei und alle Erörterungen von Anfang bis zum Ende beherrscht habe."
"183","1937-12-31","Belletristik","Klepper, Jochen: Der Vater, Gütersloh: Bertelsmann 1962 [1937], S. 368","Was sollte man von einem Herrscher denken, der in dieser verrotteten Welt in dem patriarchalischen Bestreben lebte, in seinem Lande keine Armen zu haben, und selbst der einzige Arme werden wollte!"
"184","1940-10-20","Zeitung","Archiv der Gegenwart, Bd. 10, 20.10.1940","Eine der Hauptsorgen der Regierung ist gegenwärtig der Kampf gegen die Arbeitslosigkeit deren Hauptursache in der Blockade liegt, die das Land der nötigen Rohstoffe beraubt, namentlich des Treibstoffes und der Rohstoffe für Textilien."
"185","1935-02-07","Gebrauchsliteratur","Tucholsky, Kurt: An Hedwig Müller, 07.02.1935. In: ders., Kurt Tucholsky, Werke - Briefe - Materialien, Berlin: Directmedia Publ. 2000 [1935], S. 11944","Diese Länder haben nichts, was sie den Deutschen entgegensetzen können: keine Ideale, keinen Schwung, nicht mal wirkungsvolle Phrasen."
"186","1937-02-01","Zeitung","Archiv der Gegenwart, Bd. 7, 01.02.1937, S. 2916 [ff.]. Zit. n. CD-ROM-Ausgabe 2001.","In wirtschaftlicher Beziehung wünsche Frankreich mit allen Ländern vertrauensvoll zusammenzuarbeiten."
"187","1938-12-31","Belletristik","Rangnow, Rudolf: Tropenpracht und Urwaldnacht, Braunschweig: Gustav Wenzel & Sohn 1938 [1938], S. 76","Nur das Blickfeld der Kamera blieb von diesem Morden verschont, dort wurden die Tiere bei ihrem letzten Versuch, sicheres Land zu erreichen, gefilmt und dem Europäer sichtbar gemacht."
"188","1940-12-31","Belletristik","Schaper, Edzard: Der Henker, Zürich: Artemis 1978 [1940], S. 466","Er wollte sich nicht klüger machen als ihn, den Erfahrenen, mit Land und Leuten Vertrauten, erwiderte Ovelacker lächelnd, aber schon einmal hätte er ihn gefragt: ob er ihn zum Gefangenen seiner Schrecklichkeit machen wollte."
"189","1944-07-16","Zeitung","Archiv der Gegenwart, Bd. 14, 16.07.1944, S. 6452 [ff.]. Zit. n. CD-ROM-Ausgabe 2001.","Die verschiedenen Länder müssen eine praktische Zusammenarbeit schaffen, um der dringendsten Erfordernisse vor Hunger, Elend und Krankheit Herr zu werden."
"190","1943-09-22","Zeitung","Archiv der Gegenwart, Bd. 13, 22.09.1943","Die Maßnahmen zielten darauf ab, eine ""nationale Kriegsstruktur"" des Landes zu schaffen, die ""dem Ernst der heutigen Lage gerecht wird und den Endsieg sicherstellt""."
"191","1938-03-02","Zeitung","Archiv der Gegenwart, Bd. 8, 02.03.1938, S. 3452 [ff.]. Zit. n. CD-ROM-Ausgabe 2001.","Die Freigrenze von Französisch-Indochina soll, von 30.000 auf 60.00 long tons erhöht werden, wobei dieses Land an der Restriktion nur mit der die Freigrenze übersteigenden Menge teilnimmt."
"192","1934-03-02","Zeitung","Völkischer Beobachter (Berliner Ausgabe), 02.03.1934","Hier war es, wo 300 dithmarscher Bauern unter Wulf Isenbrands Führung eine hundertfache Übermacht von Söldnerscharen aus allen Ländern Europas, die sogar Neger aus Afrika und schlitzäugige Mongolen in ihren Reihen als Streiter mitführten, aufs Haupt schlugen."
"193","1945-04-29","Zeitung","Archiv der Gegenwart, Bd. 15, 29.04.1945, S. 200 [ff.]. Zit. n. CD-ROM-Ausgabe 2001.","Seien Sie dessen gewiß daß die Staatsregierung der Republik Österreich immer im innigsten Einvernehmen und in treuester Zusammenarbeit mit der Hauptstadt unseres schwergeprüften Landes vorgehen wird."""
"194","1945-12-04","Zeitung","Süddeutsche Zeitung, 1995 [1945]","In der Frage der fehlenden Arbeitskräfte auf dem Lande kündigte Dr. Schlögl die Einführung einer Arbeitsdienstpflicht für Evakuierte an, durch die vor allem Nazis und Nazifrauen erfaßt werden sollen."
"195","1936-11-23","Zeitung","Archiv der Gegenwart, Bd. 6, 23.11.1936","(Bezüglich der Länder, die jüngst ihre Währung abgewertet haben, siehe oben.)"
"196","1939-02-07","Zeitung","Archiv der Gegenwart, Bd. 9, 07.02.1939, S. 3931 [ff.]. Zit. n. CD-ROM-Ausgabe 2001.","Nach meinen Informationen stellte der französische Außenminister Bonnet am 26. Januar in der Kammer fest, daß im Fall eines Krieges, in den beide Länder verwickelt werden alle Kräfte Großbritanniens zur Verfügung Frankreichs stehen würden, ebenso wie alle Kräfte Frankreichs zur Verfügung Großbritanniens stünden (siehe 3905 D)."
"197","1944-05-26","Zeitung","Archiv der Gegenwart, Bd. 14, 26.05.1944","Wir Esten verstehen nicht die Gleichgültigkeit, die in vielen Ländern gegenüber dem Bolschewismus gezeigt wird."
"198","1940-09-08","Zeitung","Archiv der Gegenwart, Bd. 10, 08.09.1940","Ich habe mich verpflichtet, mit meiner Vergangenheit meiner Ehrlichkeit und meinem Leben das Land und den Thron zu verteidigen."
"199","1945-01-22","Zeitung","Archiv der Gegenwart, Bd. 15, 22.01.1945, S. 57 [ff.]. Zit. n. CD-ROM-Ausgabe 2001.","Die Sowjetunion wurde hierbei als besetztes Land angesehen."
"200","1940-04-21","Zeitung","Archiv der Gegenwart, Bd. 10, 21.04.1940, S. 4504 [ff.]. Zit. n. CD-ROM-Ausgabe 2001.","1. Abschluß eines Handelsverträges, 2. Abschluß eines Zahlungsabkommens, 3. Abschluß eines Abkommens über die Errichtung von Handelsvertretungen in den Hauptstädten beider Länder."
"201","1934-05-01","Zeitung","Archiv der Gegenwart, Bd. 4, 01.05.1934, S. 1409 [ff.]. Zit. n. CD-ROM-Ausgabe 2001.","Die im Verlag Ullstein erscheinende, meist auf dem Lande verbreitete Zeitung ""Grüne Post"" wurde für drei Monate verboten."
"202","1937-12-31","Belletristik","Klepper, Jochen: Der Vater, Gütersloh: Bertelsmann 1962 [1937], S. 118","Im Hafen sahen sie die Schiffe sich rüsten zum Empfang des Siegers von Stralsund, des künftigen Herrn über Stadt und Hafen und Pommerns Küste und Land."
"203","1933-03-07","Zeitung","Archiv der Gegenwart, Bd. 3, 07.03.1933","In einer ganzen Reihe anderer Länder, z.B. Frankreich, Deutschland und der Schweiz, sei die Umwechslung von Banknoten in Gold, bezw. die Ausfuhr von Gold im Sinne der Goldkernwährung beschränkt worden. (L. B. 730 A.)"
"204","1941-04-09","Zeitung","Archiv der Gegenwart, Bd. 11, 09.04.1941, S. 4969 [ff.]. Zit. n. CD-ROM-Ausgabe 2001.","In einer Zeit, in der die Nachbarn Ungarns im Krieg stehen und auch in Ungarn die Gefahr eines Angriffes besteht, kann das Land kein anderes Ziel kennen, als sich den Bemühungen anzuschließen, den Kriegsschauplatz möglichst weit vom eigenen Land fernzuhalten."
"205","1933-01-10","Zeitung","Archiv der Gegenwart, Bd. 3, 10.01.1933","Bayern und Baden klagten daher beim Staatsgerichtshof (419 C, zweiter Absatz), doch lehnte dieser eine prinzipielle Entscheidung, welche Maßnahmen gegen Länder zulässig sind, ab (533 A)."
"206","1938-05-30","Zeitung","Archiv der Gegenwart, Bd. 8, 30.05.1938, S. 3579 [ff.]. Zit. n. CD-ROM-Ausgabe 2001.","Außerdem solle nach dem Willen des Führers die österreichische Landesregierung binnen Jahresfrist ihre Aufgabe erfüllt haben, die bisherigen österreichischen Länder in ein enges und unmittelbares Verhältnis zum Reiche zu bringen."
"207","1944-02-11","Zeitung","Archiv der Gegenwart, Bd. 14, 11.02.1944, S. 6273 [ff.]. Zit. n. CD-ROM-Ausgabe 2001.","Keine bulgarische Regierung habe die Absicht gehabt, fremdes Land an sich zu reißen."
"208","1933-12-31","Belletristik","Toller, Ernst: Eine Jugend in Deutschland, Reinbek bei Hamburg: Rowohlt 1985 [1933], S. 84","Dem Rausch des Nationalismus hielt der internationale Gedanke nicht stand, der Chauvinismus triumphierte, die Proletarier aller Länder vergaßen die brüderlichen Schwüre und Schossen aufeinander, nicht mehr die Menschheit war das Vaterland, sondern der kapitalistische Staat, nicht mehr der Bourgeois war der Feind, sondern der Genösse jenseits der Grenze, die Ideale der Vergangenheit waren stärker als die Ideale der Zukunft, die von der herrschenden Klasse gezüchteten Instinkte stärker als flüchtige intellektuelle Einsichten."
"209","1940-03-03","Zeitung","Völkischer Beobachter (Berliner-Ausgabe), 03.03.1940","Nach einer Kriegführung von sechs Monaten zu Lande, zur See und in der Luft ist als militärisches Ergebnis festzustellen:"
"210","1939-12-31","Wissenschaft","Elias, Norbert: Über den Prozeß der Zivilisation - Soziogenetische und psychogenetische Untersuchungen Bd. 2, Frankfurt a. M.: Suhrkamp 1992 [1939], S. 13","Diese Gesetzlichkeit, diese Gesellschaftsstruktur bildete sich früher oder später und mannigfach modifiziert in fast allen Ländern des Abendlandes heraus."
"211","1943-04-09","Zeitung","Archiv der Gegenwart, Bd. 13, 09.04.1943, S. 5896 [ff.]. Zit. n. CD-ROM-Ausgabe 2001.","Die Entwicklung der Militärtechnik die Verringerung der Entfernungen und die Festlegung gewisser Länder auf einen autarken Kurs ließ die Vorstellung, daß die Neutralität die sichere und wünschenswerte Lösung für die schwächeren Länder sei, als überholt erscheinen."
"212","1943-11-15","Zeitung","Archiv der Gegenwart, Bd. 13, 15.11.1943, S. 6170 [ff.]. Zit. n. CD-ROM-Ausgabe 2001.","Beide Regierungen und Währungsbehörden sollen einander periodisch konsultieren, um Operationen, die ""mit der Währungs- und Wirtschaftspolitik beider Länder unvereinbar"" sind, zu verhindern und die Geschmeidigkeit des Zahlungsverkehrs aufrechtzuerhalten."
"213","1941-12-31","Belletristik","Blunck, Hans Friedrich: Sage vom Reich I, Hamburg: Hanseatische Verlagsanstalt 1941/42, S. 53","Gejagt, irrfällig, getrieben Von seiner Reue, durchfloh der Jäger das Land Und versteckte sich in Schämen und Fürchten Vor dem Schöpfer."
"214","1940-05-17","Zeitung","Archiv der Gegenwart, Bd. 10, 17.05.1940, S. 4539 [ff.]. Zit. n. CD-ROM-Ausgabe 2001.","Staatssekretär Hull hielt auf dem wissenschaftlichen Kongreß in Washington eine Rede, in welcher er erklärte, daß die Amerikaner in ihrem eigenen Lande vor den am Horizont drohenden Wolken nicht sicher seien."
"215","1945-11-20","Gebrauchsliteratur","o. A.: Erster Tag. Dienstag, 20. November 1945. In: Der Nürnberger Prozeß, Berlin: Directmedia Publ. 1999 [1945], S. 1284","Diese Morde und Mißhandlungen standen im Widerspruch zu internationalen Vereinbarungen, insbesondere zu Artikel 46 der Haager Bestimmungen von 1907, den Kriegsgesetzen und Kriegsbräuchen, den allgemeinen Grundsätzen des Strafrechts, wie sie sich aus den Strafrechten aller zivilisierten Völker herleiten, den einheimischen Strafgesetzen der Länder, in denen diese Verbrechen begangen wurden., und zu Artikel 6 (b) des Statuts."
"216","1937-10-01","Zeitung","Archiv der Gegenwart, Bd. 7, 01.10.1937, S. 3238 [ff.]. Zit. n. CD-ROM-Ausgabe 2001.","Der Schlußbericht der Studienkommission des Völkerbundes über die Rohstofffrage (siehe 2966 E) stellt fest, daß sich für gewisse Länder, die ihre industrielle Produktion unter dem Druck einer wachsenden Bevölkerung erweitern müssen, obschon ihnen unentbehrliche Rohstoffe fehlen, und die gleichzeitig in finanzieller Bedrängnis sind, ernste Schwierigkeiten ergeben können."
"217","1937-03-01","Zeitung","Völkischer Beobachter (Berliner Ausgabe), 01.03.1937","Wenn viele Kenner des Fernen Ostens behaupten, Japan sei das Land mit den zwei Gesichtern, dann stützen sie ihre Meinung auf eine Tatsache, die an sich nicht verwunderlich ist und schon eine Art ""Eingesichtigkeit"" bedeutet, weil sie so verständlich ist."
"218","1936-12-31","Wissenschaft","Jahresberichte für deutsche Geschichte, 1936, S. 562","-- H. Westerfeld <325>, der auf Bauernhöfen und in Archiven Urkunden und Akten eingesehen und mündliche Überlieferung gesammelt hat, gliedert seine »Beiträge zur Geschichte und Volkskunde des Osnabrücker Landes« in geschichtliche und volkskundliche Abschnitte."
"219","1943-12-31","Gebrauchsliteratur","Kriegk, Otto: Der deutsche Film im Spiegel der Ufa, Berlin: Ufa-Buchverl. 1943, S. 220","Aus allen Ländern wurde Material bezogen, in die meisten dieser Länder ging die deutsche Wochenschau in Form der seit 1927 bestehenden ""Ufa-Auslandswoche""."
"220","1940-09-18","Zeitung","Archiv der Gegenwart, Bd. 10, 18.09.1940, S. 4702 [ff.]. Zit. n. CD-ROM-Ausgabe 2001.","Die eine wie die andere der kriegführenden Parteien würde den bedingungslosen Willen unseres Landes zur Neutralität anerkennen müssen."
"221","1942-11-10","Zeitung","Archiv der Gegenwart, Bd. 12, 10.11.1942","Diese Politik geht nicht allein aus meiner Liebe für mein Land hervor, sondern sie stützt sich auch auf die Vernunft, denn ein Deutscher konnte genau so von seinem Vaterland sprechen, wenn er an eine mögliche Einigung mit Frankreich denkt."
"222","1935-02-07","Zeitung","Archiv der Gegenwart, Bd. 5, 07.02.1935, S. 1856 [ff.]. Zit. n. CD-ROM-Ausgabe 2001.","Der Rest verteilt sich auf sonstige Länder. (L. B. 1812 C.)"
"223","1945-04-07","Zeitung","Archiv der Gegenwart, Bd. 15, 07.04.1945, S. 165 [ff.]. Zit. n. CD-ROM-Ausgabe 2001.","Falls die Entwicklung so weitergeht, stehen wir einer kritischen Lage für unser Land gegenüber."
"224","1945-07-14","Zeitung","Archiv der Gegenwart, Bd. 15, 14.07.1945, S. 321 [ff.]. Zit. n. CD-ROM-Ausgabe 2001.","Das Zentralkomitee der polnischen Arbeiterpartei = Kommunisten (PPR) und das zentrale Exekutivkomitee der polnischen sozialistischen Partei (PPS) erzielten auf ihrer gemeinsamen Sitzung vom 12. Juli nach einer Diskussion über die politischen und wirtschaftlichen Fragen eine Übereinstimmung bezüglich der gegenwärtigen Lage des Landes und die bevorstehenden Aufgaben."
"225","1938-02-20","Zeitung","Archiv der Gegenwart, Bd. 8, 20.02.1938, S. 3430 [ff.]. Zit. n. CD-ROM-Ausgabe 2001.","Das einzige, was das Zusammenleben dieser Staaten vergiftet und damit belastet, ist eine geradezu unerträgliche Pressehetze die in diesen Ländern unter dem Motto ""Freiheit der persönlichen Meinungsäußerung"" getrieben wird."
"226","1938-07-22","Zeitung","Archiv der Gegenwart, Bd. 8, 22.07.1938, S. 3646 [ff.]. Zit. n. CD-ROM-Ausgabe 2001.","Im Anschluß an die Denkmalenthüllung fanden Generalstabsbesprechungen zwischen dem britischen Kriegsminister Hore-Belisha und dem französischen Generalissimus Gamelin unter Beziehung andere hoher Militärs der beiden Länder statt. (L. B. England 3645 D, Frankreich 3640 C.)"
"227","1938-12-31","Gebrauchsliteratur","Harmjanz, Heinrich: Ostpreußische Bauern, Königsberg: Reichsnährstand Verl. Ges. 1939 [1938], S. 42","Ja, der Orden brauchte die Masovier; er war es, der Masovier ins Land holte, weil er Siedler benötigte; denn der Siedlerstrom aus dem Mutterland versiegte schon um 1330/50 völlig."
"228","1933-05-08","Zeitung","Archiv der Gegenwart, Bd. 3, 08.05.1933, S. 826 [ff.]. Zit. n. CD-ROM-Ausgabe 2001.","Die Handelskammern der beiden Länder haben beschlossen, zwecks Behebung der Hindernisse des gegenseitigen Warenverkehrs regelmäßige Zusammenkünfte abzuhalten. (L. B. Tschechoslowakei 787 G, Deutschland 820 F, Ungarn 656 C.)"
"229","1939-03-05","Zeitung","Archiv der Gegenwart, Bd. 9, 05.03.1939, S. 3967 [ff.]. Zit. n. CD-ROM-Ausgabe 2001.","Allen kritischen Stimmen, auch im eigenen Lande gegenüber, müsse immer wieder darauf verwiesen werden, daß die Nationalsozialisten an diesem bedauernswerten Zustand keinerlei Schuld trügen."
"230","1937-12-31","Wissenschaft","Jahresberichte für deutsche Geschichte, 1937, S. 628","Außer den Kaufherrn, Seeleuten, Soldaten und Büchsenmachern waren auch zahlreiche Handwerker wie Steinmetze, Buchdrucker, Gold- und Silberschmiede, Weber, Schuster usw. ins Land gekommen."
"231","1940-03-14","Zeitung","Archiv der Gegenwart, Bd. 10, 14.03.1940","""Ich danke Ihnen, Herr Reichsprotektor, für ihre Erinnerung an die Wiederkehr des Tages, an dem das Deutsche Reich die alten Länder Böhmen und Mähren wieder in seinen starken Schutz genommen hat."
"232","1937-12-31","Belletristik","Klepper, Jochen: Der Vater, Gütersloh: Bertelsmann 1962 [1937], S. 36","Der Königssohn trat seine Pilgerfahrt an durch die Nacht des Todes, die Söhne des Landes zu suchen, dessen Fürst er einmal werden sollte."
"233","1939-09-18","Zeitung","Archiv der Gegenwart, Bd. 9, 18.09.1939, S. 4234 [ff.]. Zit. n. CD-ROM-Ausgabe 2001.","Die Sowjetregierung gab gleichzeitig mit ihrem Beschluß, ihre Truppen in Polen einrücken zu lassen (4232 C), dem schwedischen, finnischen, lettischen, litauischen und rumänischen Gesandten in Moskau bekannt, daß Sowjetrußland diesen Ländern gegenüber eine neutrale Haltung einnehmen werde. (L. B. Sowjetunion 4234 E, Schweden 4228 A, Finnland 4228 A, Lettland 4204 H, Litauen 4234 B, Rumänien 4234 A.)"
"234","1936-12-31","Wissenschaft","Jahresberichte für deutsche Geschichte, 1936, S. 760","[...] -- Der langjährige Erforscher des Deutschtums in Kongreßpolen, Schulleiter A. Breyer, stellt nach Kirchenbüchern, Familiennamen, alten Gesangbüchern und dem volkskundlichen Gut die überwiegende Herkunft der deutschen Landbevölkerung auf der kujawischen Seenplatte <5> aus dem alten Herzogtum Cassubien mit Zwischenetappen im Netzegau, der Neumark und Westpreußen fest und schlägt statt des üblichen irreführenden Namens »Kaschuben« die Benennung Pommern vor. -- In einem andern kurzen, aber grundlegenden Aufsatz stellt der gleiche Verf. erstmalig die landschaftliche Gliederung des Deutschtums in Mittelpolen, womit Kongreßpolen ohne den nördlichen Zipfel und ohne das Cholmer Land gemeint ist, fest <6>. [...]"
"235","1939-10-11","Zeitung","Archiv der Gegenwart, Bd. 9, 11.10.1939, S. 4274 [ff.]. Zit. n. CD-ROM-Ausgabe 2001.","2. Beide vertragschließenden Seiten verpflichten sich, sich gegenseitige Hilfe, darunter auch militärische zu erweisen im Falle eines Angriffs auf ihr Gebiet von seiten einer dritten europäischen Macht zu Wasser und zu Lande."
"236","1939-04-01","Zeitung","Archiv der Gegenwart, Bd. 9, 01.04.1939, S. 4009 [ff.]. Zit. n. CD-ROM-Ausgabe 2001.","Der staatliche, kulturelle und politische Rahmen, den der Erlaß des Führers für die Länder Böhmen und Mähren darstellt, ist weit genug, um dem tschechischen Volkstum eine ungestörte, freie Entwicklung seiner reichen Gaben zu gewährleisten und die böhmisch-mährischen Länder, denen Deutsche wie Tschechen in tiefer Heimatliebe verbunden sind, einer neuen kulturellen und wirtschaftlichen Blüte entgegenzuführen."
"237","1944-02-07","Zeitung","Archiv der Gegenwart, Bd. 14, 07.02.1944, S. 6268 [ff.]. Zit. n. CD-ROM-Ausgabe 2001.","Verbrecher waren aus den Gefängnissen entlassen und hatten sich über das Land verteilt."
"238","1939-06-20","Zeitung","Archiv der Gegenwart, Bd. 9, 20.06.1939, S. 4109 [ff.]. Zit. n. CD-ROM-Ausgabe 2001.","-- Der schwedische Staatsminister Hansson hob die stabile Politik der Länder des Nordens hervor und betonte, daß Friede, Freiheit und Demokratie die charakteristischen Merkmale der Nordstaaten seien. (L. B. Dänemark 4086 E, Norwegen 4090 C, Schweden 4090 B, Skandinavien 4072 C.)"
"239","1939-12-31","Wissenschaft","Elias, Norbert: Über den Prozeß der Zivilisation - Soziogenetische und psychogenetische Untersuchungen Bd. 2, Frankfurt a. M.: Suhrkamp 1992 [1939], S. 200","[...] Der Erdteil Europa als Ganzes beginnt ein interdependentes Ländersystem mit einer eigenen Gleich- und Schwergewichtsdynamik zu werden, innerhalb dessen jede Stärkeverschiebung mittelbar oder unmittelbar jede einzelne Einheit, jedes Land, in Mitleidenschaft zieht; noch einige Jahrhunderte später, im Kriege 1914/18, dem ersten ""Weltkrieg"", wie er genannt worden ist, kündigt sich dann an, wie die Spannungen und Gleichgewichtsverschiebungen im Zuge der gleichen Transformation, der immer weiter wachsenden Verflechtung, nun schon Herrschaftseinheiten über einen noch größeren Raum, Länder über weite Teile der Erde hin affizieren; Art und Stufen der Monopolbildung, auf die Spannungen einer solchen Weltverflechtung hinsteuern, ebenso wie ihr Ausgang, wie die Herrschaftseinheiten höherer Größenordnung, die sich in solchen Kämpfen heranbilden mögen, alles das hat in unseren Gedanken gewiß erst ganz vage Umrisse, wenn es überhaupt einmal am Horizont des Bewußtseins erscheint; aber das verhält sich kaum anders mit den Territorialhäusern und den Menschengruppen, die sich ehemals in den hundertjährigen Krieg verwickelt finden; auch von ihnen spürt jede Einheit nur die unmittelbare Bedrohung, die die Größe oder das Größerwerden der anderen für sie bedeutet; die größeren Einheiten [...]"
"240","1933-04-19","Zeitung","Archiv der Gegenwart, Bd. 3, 19.04.1933","Europa werde in den nächsten Monaten in schwere Streitigkeiten verwickelt sein, doch glaube er nicht an einen kriegerischen Konflikt, weil kein Land in diesem zerrütteten Kontinent dazu stark genug sei deshalb würden auch die Anträge auf Revision der Grenzen keinen Erfolg haben. (L B. Außenpolitik 205 M, Innenpolitik 715 C.)"
"241","1945-01-13","Zeitung","Archiv der Gegenwart, Bd. 15, 13.01.1945, S. 37 [ff.]. Zit. n. CD-ROM-Ausgabe 2001.","Auch der Ersatz weiterer Schäden, die Finnland dem Eigentum anderer alliierter Länder und ihrer Bürger in Finnland während des Krieges zugefügt hat, ist vorgesehen, wobei die Höhe der Entschädigung gesondert festgestellt wird."
"242","1933-09-20","Zeitung","Archiv der Gegenwart, Bd. 3, 20.09.1933, S. 1044 [ff.]. Zit. n. CD-ROM-Ausgabe 2001.","Für den Schuldendienst des Umschuldungsverbandes wird das Reich bei etwaigen Ausfällen einspringen und diese Zuschüsse von den Steuer-überweisungen an die Länder abziehen."
"243","1938-03-03","Zeitung","Völkischer Beobachter (Berliner Ausgabe), 03.03.1938","So wollen wir dem Staat dienen, dessen deutsches Erbe auf uns gekommen ist, dem Land, das immer wieder feindlichem Anprall getrotzt hat, das immer wieder deutschen Geist und deutsche Kultur ostwärts ausgestreut und seine deutsche Sendung erfüllt hat."
"244","1933-01-03","Zeitung","Frankfurter Zeitung (1. Morgenblatt), 03.01.1933","Der Reichsrat darf dem Wunsche Ausdruck geben, daß es der bewährten Weisheit Eurer Exzellenz gelingen möge, hier den gerechten Ausgleich zu finden zwischen der Notwendigkeit einer einheitlichen Staatsführung und den berechtigten Ansprüchen der Länder."
"245","1945-10-19","Zeitung","Süddeutsche Zeitung, 1995 [1945]","Wir sind erfüllt von dem Wunsche, dieser Sammluug zwischen Stadt und Land, zwischen Handwerk und Industrie, zwischen den Konfessionen endlich in die Tat umzusetzen und hoffen mit Ihnen, daß Ihr Appell zur Sammlung Gehör finden möge."
"246","1945-01-08","Zeitung","Archiv der Gegenwart, Bd. 15, 08.01.1945","Der argentinische Außenminister Peiuffo erklärte am gleichen Tage, daß die juristisch und politisch ungerechtfertigte Nichtanerkennung Argentinien in jene Isolation dränge, die man dem Lande zum Vorwurf mache."
"247","1943-08-24","Zeitung","Archiv der Gegenwart, Bd. 13, 24.08.1943, S. 6060 [ff.]. Zit. n. CD-ROM-Ausgabe 2001.","Im ersten Vertrag erklären die beiden Regierungen ihre Absicht, sobald als möglich eine Zollunion zwischen beiden Ländern durchzuführen."
"248","1940-12-31","Gebrauchsliteratur","Rhein, Eduard: Du und die Elektrizität, Berlin: Ullstein 1956 [1940], S. 476","Man kann diesen Steuermechanismus durch drahtlose Telegrafie sogar vom Lande her beeinflussen."
"249","1938-10-27","Zeitung","Archiv der Gegenwart, Bd. 8, 27.10.1938, S. 3779 [ff.]. Zit. n. CD-ROM-Ausgabe 2001.","Die behauptete Bedrohung amerikanischer Länder durch die autoritären Staaten sei höchst unwahrscheinlich."
"250","1940-12-31","Belletristik","Schaper, Edzard: Der Henker, Zürich: Artemis 1978 [1940], S. 558","Immer hatte die Ritterschaft als die höchste Autorität des Landes für ihn gezeugt, es haftete dem beinahe etwas Feierliches an, wie wenn sich Schilde auf einen Ruf hin erhoben."
"251","1940-04-19","Zeitung","Archiv der Gegenwart, Bd. 10, 19.04.1940","Unser Land ist einem Blitzangriff von seiten einer Nation ausgesetzt worden, zu der wir immer freundschaftliche Beziehungen unterhalten hatten."
"252","1936-01-04","Zeitung","Archiv der Gegenwart, Bd. 6, 04.01.1936","Das Ausfuhrverbot wird obligatorisch auf alle Länder ausgedehnt, die erst später am Krieg teilnehmen."
"253","1939-03-02","Zeitung","Völkischer Beobachter (Berliner Ausgabe), 02.03.1939","Für die Postversorgung des platten Landes hat man im Rahmen des Landkraftpostdienstes bei der Reichspost ein Sonderfahrzeug entwickelt."
"254","1944-05-14","Zeitung","Archiv der Gegenwart, Bd. 14, 14.05.1944","Die Bande des Zusammenwirkens Japans mit Nanking-China auf Grundlage des treuen und natürlichen Verwandtschaftsverhältnisses der beiden Länder werden täglich stärker."
"255","1942-02-18","Zeitung","Archiv der Gegenwart, Bd. 12, 18.02.1942, S. 5402 [ff.]. Zit. n. CD-ROM-Ausgabe 2001.","Daß Wien unter dem Regime von St. Germain eine sterbende Stadt gewesen sei, daß das Land seine Bevölkerung nicht habe ernähren können, das alles sei Churchill entgangen, als hätte der die letzten zwanzig oder dreißig Jahre verschlafen."
"256","1945-02-24","Zeitung","Archiv der Gegenwart, Bd. 15, 24.02.1945, S. 6700 [ff.]. Zit. n. CD-ROM-Ausgabe 2001.","Sie wird in Stadt und Land das Vorbild sein für zahllose kommende Generationen."
"257","1936-07-21","Zeitung","Völkischer Beobachter (Ausgabe A / Norddeutsche Ausgabe), 21.07.1936","der Fighter aus dem Lande des Zeppelin!"
"258","1940-12-10","Zeitung","Archiv der Gegenwart, Bd. 10, 10.12.1940, S. 4805 [ff.]. Zit. n. CD-ROM-Ausgabe 2001.","Aber im Gegenteil, in diesem Lande ist der Klassenunterschied der krasseste, den man sich denken kann, Armut, unvorstellbare Armut auf der einen Seite, und auf der anderen Seite ebenso unvorstellbarer Reichtum."
"259","1939-05-18","Zeitung","Archiv der Gegenwart, Bd. 9, 18.05.1939, S. 4072 [ff.]. Zit. n. CD-ROM-Ausgabe 2001.","Dänemark: Die dänische Regierung, die bereits auf eine frühere Anfrage geantwortet hat, daß sich Dänemark von Deutschland nicht bedroht fühlt, hat der deutschen Reichsregierung mitgeteilt, daß sie gerne zur Bestätigung des bestehenden freundschaftlichen Nachbarverhältnisses Verhandlungen über ein Nichtangriffsabkommen einleiten will, welches den Willen der beiden Länder ausdrückt, keine Gewaltmittel gegeneinander anzuwenden."
"260","1936-08-01","gesprochen","o.A., Jugendfeier im Berliner Lustgarten anlässlich der Eröffnung der XI. Olympischen Spiele, 01.08.1936","Zu ihren Häuptern weht die Flagge ihrer Länder."
"261","1941-06-16","Zeitung","Archiv der Gegenwart, Bd. 11, 16.06.1941","Wir werden uns bemühen, zu Lande und zur See Widerstand zu leisten."
"262","1945-12-15","Zeitung","Archiv der Gegenwart, Bd. 15, 15.12.1945, S. 572 [ff.]. Zit. n. CD-ROM-Ausgabe 2001.","Die Landwirtschaft und die Industrie müßten ausgebaut und eine chinesische Nationalarmee geschaffen werden, die das Land instand setze, seinen nationalen und internationalen Verpflichtungen in bezug auf die Aufrechterhaltung des Friedens und der öffentlichen Ordnung nachzukommen."
"263","1945-01-12","Zeitung","Archiv der Gegenwart, Bd. 15, 12.01.1945, S. 29 [ff.]. Zit. n. CD-ROM-Ausgabe 2001.","1. Die Wahlen für die Verfassungsgebende Versammlung werden spätestens drei Monate nach Befreiung des ganzen Landes ausgeschrieben werden."
"264","1938-02-12","Zeitung","Archiv der Gegenwart, Bd. 8, 12.02.1938, S. 3419 [ff.]. Zit. n. CD-ROM-Ausgabe 2001.","Die japanische Regierung habe gemäß ihrem Grundsatz des Nichtangriffes und der Nichtbedrohung keinerlei Absicht, eine andere Länder bedrohende Rüstung zu besitzen."
"265","1940-06-06","Zeitung","Archiv der Gegenwart, Bd. 10, 06.06.1940","Das französische Volk hört mit Abscheu, daß diese Propaganda uns als plutokratisches Land behandelt."
"266","1936-06-14","Zeitung","Pariser Tageszeitung, 14.06.1936","sie vertreiben eine beträchtliche Zahl der bei ihnen Zuständigen und überlassen die Sorge um sie anderen Ländern."
"267","1940-03-11","Zeitung","Völkischer Beobachter (Berliner Ausgabe), 11.03.1940","Auf einem Vortragsabend, den die Deutsch-Bulgarische Gesellschaft in den Räumen der Kameradschaft der Deutschen Künstler veranstaltete, sprach der bekannte bulgarische Staatsrechtler Prof. Dr. Lüden Wladikin über die unheilvollen Einflüsse der liberalen Demokratie auf das innerpolitische Leben Bulgariens seit der Befreiung des Landes in den letzten 60 Jahren."
"268","1944-01-01","Gebrauchsliteratur","Böttner, Johannes: Gartenbuch für Anfänger, Frankfurt (Oder) u. a.: Trowitsch & Sohn 1944 [1895], S. 182","Nun, erstens ist solches Land mit flachem Grundwasserstand überhaupt kein brauchbares Land für Obstbäume, zweitens aber, wenn man ausnahmsweise sonst gutes Land, das schon bei 50 cm Tiefe oder gar noch früher Grundwasser zeigt, bepflanzen will, so werden überhaupt keine Baumgruben ausgeworfen."
"269","1940-01-01","Zeitung","Archiv der Gegenwart, Bd. 10, 01.01.1940, S. 4369 [ff.]. Zit. n. CD-ROM-Ausgabe 2001.","Im Innern des Landes sind alle Maßnahmen getroffen, um diesen Krieg zu einem siegreichen Ende zu führen."
"270","1941-11-10","Zeitung","Archiv der Gegenwart, Bd. 11, 10.11.1941","König Christian von Dänemark hielt am 1. November anläßlich einer Versammlung von Studenten zum erstenmal seit der Okkupation des Landes eine öffentliche Rede, in der er u.a.. den Wunsch aussprach, Dänemark seinem Sohn so frei überlassen zu können, wie er es einst übernommen habe."
"271","1939-12-31","Wissenschaft","Jahresberichte für deutsche Geschichte, 1939, S. 467","Schultze <2520> gibt auf aktenmäßiger Grundlage wie aus langjähriger eigener Kenntnis einen Überblick über die vielseitige Wirksamkeit des Schlesischen Hauptvereins im Evangelischen Bund, die sich vor allem an die Persönlichkeit des Breslauer Bernhardinpropstes G. Hoffmann knüpfte, und über den Widerhall, den sie im Lande gefunden hat."
"272","1938-05-30","Zeitung","Archiv der Gegenwart, Bd. 8, 30.05.1938, S. 3580 [ff.]. Zit. n. CD-ROM-Ausgabe 2001.","Das Volk unseres Landes hat in Gemeinschaft mit allen Nationen das Verlangen nach stabilen und dauernden Verhaltnissen des Friedens, der Gerechtigkeit und des Fortschrittes und den dringendsten Wunsch, daß der Frieden aberall und unter allen Umständen aufrechterhalten werden möge, wo Meinungsverschiedenheiten zwischen den Nationen bestehen. (L. B. 3550 D.)"
"273","1940-06-18","Zeitung","Archiv der Gegenwart, Bd. 10, 18.06.1940, S. 4581 [ff.]. Zit. n. CD-ROM-Ausgabe 2001.","Das Land ist bereit in Ehren nach Mitteln und Wegen zu suchen, wie den Feindseligkeiten ein Ende gesetzt werden kann."
"274","1940-07-25","Zeitung","Archiv der Gegenwart, Bd. 10, 25.07.1940","Die neue europäische Wirtschaftsordnung wird ebenfalls aus den natürlichen Gegebenheiten herauswachsen, zumal für eine enge wirtschaftliche Zusammenarbeit zwischen Deutschland und den europäischen Ländern natürliche Grundlagen vorhanden sind."
"275","1939-07-19","Zeitung","Archiv der Gegenwart, Bd. 9, 19.07.1939, S. 4142 [ff.]. Zit. n. CD-ROM-Ausgabe 2001.","Preußenland -- deutsches Land!"
"276","1938-02-24","Zeitung","Archiv der Gegenwart, Bd. 8, 24.02.1938","Wenn nunmehr das österreichische Volk in allen seinen Teilen aufgerufen wird, sich um die Fahne des Vaterlandes zu scharen und wenn wir feierlich vor aller Welt unseren unerschütterlichen Willen, die Freiheit und Unabhängigkeit der Heimat zu erhalten, betonen, dann müssen wir uns auch darüber Rechenschaft ablegen, ob die realen Grundlagen für diese Unabhängigkeitspolitik gegeben sind, mit anderen Worten ob unser Land leben kann und ob die Entwicklungsmöglichkeiten, deren es zu seinem Leben bedarf, vorhanden sind."
"277","1939-11-06","Zeitung","Archiv der Gegenwart, Bd. 9, 06.11.1939, S. 4303 [ff.]. Zit. n. CD-ROM-Ausgabe 2001.","Es gibt eine Sache, der wir in keiner Weise zustimmen können, daß wir nämlich auf die Freiheit unseres Landes, als eines neutralen Landes verzichten sollten."
"278","1937-12-09","Zeitung","Archiv der Gegenwart, Bd. 7, 09.12.1937, S. 3329 [ff.]. Zit. n. CD-ROM-Ausgabe 2001.","Die Landherrnschaft ist eine Filiale der Stadtverwaltung, der ein Beirat beigegeben ist. -- In finanzieller Hinsicht bestimmt das Gesetz, daß die Hansestadt Hamburg Trägerin des gesamten Vermögens und aller Verbindlichkeiten des bisherigen Landes und der Gemeinde Hamburg sowie der bisherigen Hamburgischen und der aus Hamburg übergegangenen Gemein den ist."
"279","1939-12-31","Wissenschaft","Elias, Norbert: Über den Prozeß der Zivilisation - Soziogenetische und psychogenetische Untersuchungen Bd. 2, Frankfurt a. M.: Suhrkamp 1992 [1939], S. 185","[...] Offensichtlich wünscht der Besitzer der Dauphiné sein Land jemandem zu geben, der reich genug ist, die Summen zu bezahlen, die er braucht; dadurch, daß er es den Herrschern von Francien überläßt, schützt er es gleichzeitig davor, nach seinem Tode zum Streitobjekt für andere Nachbarn zu werden, denn die Pariser Könige sind stark genug, ihre Erwerbungen zu verteidigen; und dies ist gewiß nicht das einzige Beispiel für die Anziehungskraft, die die gewaltige Macht der Kapetingerfamilie auf schwächere Nachbarn ausübt; auch das Schutzbedürfnis der Schwächeren ist einer der Faktoren, die den Prozeß der Zentralisierung und Monopolisierung wenn er einmal eine bestimmte Stufe erreicht hat, fördert und weitertreibt. [...]"
"280","1934-04-06","Zeitung","Archiv der Gegenwart, Bd. 4, 06.04.1934, S. 1366 [ff.]. Zit. n. CD-ROM-Ausgabe 2001.","Da mit einer nennenswerten Einfuhr aus Jugoslawien, für welches Land die Herabsetzung des Weizenzolls grundsätzlich ebenfalls Anwendung fände, wegen relativer Knappheit der dortigen Vorräte nicht gerechnet wird, konnte das Ungarn zugestandene Weizenkontingent erhöht werden (1353 E)."
"281","1943-02-17","Zeitung","Archiv der Gegenwart, Bd. 13, 17.02.1943, S. 5834 [ff.]. Zit. n. CD-ROM-Ausgabe 2001.","Giraud hat die schwierige Aufgabe, ein Land, das zweieinhalb Jahre außerhalb des Krieges stand, für die Kriegszwecke umzugestalten, wo bei er vor dem Tatbestand steht, daß der Feind wichtige Teile des Landes besetzt hält."
"282","1942-11-10","Zeitung","Archiv der Gegenwart, Bd. 12, 10.11.1942, S. 5709 [ff.]. Zit. n. CD-ROM-Ausgabe 2001.","Diese Arbeiter, die fortreisen, ermöglichen uns eine bessere Wahrung der Interessen unseres Landes, und Frankreich wird sich rascher wieder finden wenn seine Söhne das Prinzip der Solidarität und der Anstrengung begreifen."
"283","1944-01-01","Gebrauchsliteratur","Böttner, Johannes: Gartenbuch für Anfänger, Frankfurt (Oder) u. a.: Trowitsch & Sohn 1944 [1895], S. 84","Man ist sich noch nicht recht klar darüber, ob die Wurzeln einer Pflanze Stoffe ausscheiden, die das Land für die Wiederholung der Kultur ungeeignet machen, ob die einseitige starke Inanspruchnahme bestimmter Stoffe das Land so verschlechtert, oder ob andre Ursachen mitsprechen."
"284","1935-09-10","Zeitung","Archiv der Gegenwart, Bd. 5, 10.09.1935","Am 30. Juni 1935 (1934) stellte sich der Goldbestand einzelner wichtiger Länder wie folgt in Mill."
"285","1940-12-31","Belletristik","Schaper, Edzard: Der Henker, Zürich: Artemis 1978 [1940], S. 269","Nicht jeden Tag geschah es, daß ein neuer Herr seinen Einzug auf einem der alten Güter hielt - 'obschon diese unruhigen Zeiten solch eine Behauptung Lügen strafen konnten, weiß Gott; denn auf vielen Herrenhöfen des Landes zogen die Erben zwischen Schutt und Asche ein."
"286","1936-01-05","Zeitung","Archiv der Gegenwart, Bd. 6, 05.01.1936, S. 2369 [ff.]. Zit. n. CD-ROM-Ausgabe 2001.","Es sollen 48.000 ha fruchtbares Land gewonnen werden, man hofft, jeden Hektar um 2600 Gulden zu verkaufen. (L. B. 1071 E.)"
"287","1945-04-25","Zeitung","Archiv der Gegenwart, Bd. 15, 25.04.1945, S. 191 [ff.]. Zit. n. CD-ROM-Ausgabe 2001.","[...] Wir dürfen uns nicht einbilden, daß wir mit unseren noch mangelhaften Brennstoffen, unseren Hochöfen, die sich nur schwer einer nach dem anderen wieder entzünden, unserer in ihren Produktionsmitteln erschütterten Landwirtschaft, unseren 1800 Milliarden öffentlichen Schulden, unseren beschädigten Bahnhöfen, Häfen und Brücken, unserer Million eingestürzter Häuser, den hundert Millionen Minen, die der Feind auf unserem Land zurückgelassen hat, unserem gut zwei Drittel verminderten Bestand an Lokomotiven und unserer reduzierten Handelsflotte und den ebenso sehr verminderten Beständen an Lastwagen und Transport-Flugzeugen von einem Tag auf den anderen unsere Blute wiedererlangen und sie nachher noch steigern können. [...]"
"288","1938-08-18","Zeitung","Archiv der Gegenwart, Bd. 8, 18.08.1938","Ab 1. Oktober 1938 wird durch Verordnung des Reichsfinanzministers das Reichsbesoldungsrecht im Lande Österreich eingeführt."
"289","1933-02-24","Zeitung","Archiv der Gegenwart, Bd. 3, 24.02.1933, S. 712 [ff.]. Zit. n. CD-ROM-Ausgabe 2001.","Alle übrigen Länder (darunter alle maßgebenden, soweit sie Mitglieder des Völkerbundes sind) haben den Bericht angenommen."
"290","1936-01-30","Zeitung","Archiv der Gegenwart, Bd. 6, 30.01.1936, S. 2405 [ff.]. Zit. n. CD-ROM-Ausgabe 2001.","Die hierdurch erzielte Bodenverbesserung entspricht der Neugewinnung von 250.000 ha Land."
"291","1937-12-31","Belletristik","Klepper, Jochen: Der Vater, Gütersloh: Bertelsmann 1962 [1937], S. 103","Die Einsichtigen um Karl XII., die es wußten, daß Schweden die von ihm eingenommenen Länder nicht mehr zu schützen vermochte, suchten den Gebieter zu einer Verständigung mit Preußen zu bewegen; und Preußen bot für den Fall der Kriegsverhütung sogar noch ein ansehnliches Darlehen."
"292","1938-12-31","Belletristik","Schneider, Reinhold: Las Casas vor Karl V., Berlin: Union-Verl. 1979 [1938], S. 113","Und als sich vor zwanzig Jahren die Städte in ihrer Verblendung gegen den jungen Kaiser erhoben - auch hier in Valladolid kochte und brodelte es auf allen Straßen und in den Häusern, und die Aufständischen rissen die Gewalt an sich -, da zogen sie hinaus, nahmen das Schloß und beugten die Knie vor der erschrockenen Königin und baten sie, daß sie ihr Land regiere und von den Flämischen frei mache."
"293","1940-04-19","Zeitung","Archiv der Gegenwart, Bd. 10, 19.04.1940, S. 4501 [ff.]. Zit. n. CD-ROM-Ausgabe 2001.","""In dieser Zeit der Prüfung -- der härtesten die mein Volk und mein Land seit hundert Jahren zu bestehen haben -- richte ich den dringenden Appell an alle norwegischen Männer und Frauen, ihr Äußerstes zu tun, um die Freiheit und Unabhängigkeit unseres geliebten Landes zu retten."
"294","1940-05-07","Zeitung","Archiv der Gegenwart, Bd. 10, 07.05.1940","In einem demokratischen Land müsse es Kritik geben."""
"295","1939-04-25","Zeitung","Archiv der Gegenwart, Bd. 9, 25.04.1939, S. 4037 [ff.]. Zit. n. CD-ROM-Ausgabe 2001.","Großbritannien habe wiederholt die Versicherung abgegeben, daß es Ägypten alle notwendige Unterstützung zur See, zu Land und in der Luft bieten werde um die Zusammenarbeit der beiden Armeen so wirksam zu gestalten, wie es die Verteidigung des Landes erfordert."
"296","1936-07-22","Zeitung","Archiv der Gegenwart, Bd. 6, 22.07.1936, S. 2652 [ff.]. Zit. n. CD-ROM-Ausgabe 2001.","Das International Tin Research and Development Council beziffert den sichtbaren Weltzinnverbrauch für das am 31. Mai 1936 abgelaufene Berichtsjahr mit 146.527 (Vorjahr 125.532) long tons; hievon entfielen auf die Vereinigten Staaten 66.288 (50.960), England 23.493 (21.215), Deutschland 9388 (9922), Frankreich 8850 (8639), Rußland 7700 (5897) und die andern Länder 30.808 (28.899)."
"297","1938-11-30","Zeitung","Archiv der Gegenwart, Bd. 8, 30.11.1938, S. 3828 [ff.]. Zit. n. CD-ROM-Ausgabe 2001.","Zum Vorsitzenden der Regierung des Landes Karpatho -- Rußland wurde Monsignore Augustin Woloschin und Abgeordneter Julian Revay zum Mitglied dieser Regierung ernannt. (L. B. Präsident 3750 G, Regierung 3783 E, Slowakei 3814 E, Karpatho-Rußland 3826 E.)"
"298","1939-04-28","Zeitung","Archiv der Gegenwart, Bd. 9, 28.04.1939, S. 4040 [ff.]. Zit. n. CD-ROM-Ausgabe 2001.","Ebenso ist es eine unerträgliche Belastung weltwirtschaftlicher Beziehungen, wenn es in Ländern möglich ist, aus irgendwelchen ideologischen Gründen über andere Völker und ihre Waren eine wilde Boykotthetze loszulassen und diese damit praktisch vom Markt auszuschließen Ich glaube, Herr Roosevelt, daß es ein großes Verdienst sein würde, wenn Sie zunächst in der amerikanischen Union gerade diese Hemmungen eines wirklichen freien Wirtschaftsverkehrs mit Ihrem starken Einfluß beseitigen würden."
"299","1940-07-19","Zeitung","Archiv der Gegenwart, Bd. 10, 19.07.1940, S. 4624 [ff.]. Zit. n. CD-ROM-Ausgabe 2001.","Die Dokumente geben aber auch ein Bild von der ganzen dilettantischen Methode, mit der diese politischen Kriegshetzer den von ihnen angezündeten Brand zu beherrschen versuchten, von ihrem militärischen Demokratismus, der mit verantwortlich ist für das grauenhafte Schicksal, das sie hunderttausenden und Millionen Soldaten ihrer eigenen Länder zufügten, ihrer barbarischen Gewissenlosigkeit, durch die sie ganz kaltbewußt ihre Völker zu einer Massenevakuierung trieben, deren militärische Auswirkungen für sie selbst nur abträgliche, deren allgemein menschliche Folgen aber erschütternd grauenhafte waren."
"300","1933-01-02","Zeitung","Archiv der Gegenwart, Bd. 3, 02.01.1933","Ein Land kann dann als unter Protektorat stehend bezeichnet werden, wenn es die Führung seiner auswärtigen Angelegenheiten einer anderen Macht übertragen hat."
"301","1945-12-18","Zeitung","Süddeutsche Zeitung, 1995 [1945]","In Anlehnung an das Generalsekretariat der süddeutschen Länder, des in der württembergischen Metropole seinen Sitz hat, wurde als Sitz des Sportverbandes ebenfalls Stuttgart gewählt."
"302","1938-01-28","Zeitung","Archiv der Gegenwart, Bd. 8, 28.01.1938, S. 3399 [ff.]. Zit. n. CD-ROM-Ausgabe 2001.","Der Vertreter Belgiens (Spaak) betonte die Treue seines Landes zum Völkerbund."
"303","1939-12-31","Gebrauchsliteratur","Hahn, Christian Diederich: Bauernweisheit unterm Mikroskop, Oldenburg i.O.: Stalling 1943 [1939], S. 300","Immer und überall kennt und berücksichtigt er auch das Gefälle des Landes. dem die Gräben, die Bäche und die Kanäle angepaßt sind."
"304","1933-09-21","Zeitung","Archiv der Gegenwart, Bd. 3, 21.09.1933, S. 1047 [ff.]. Zit. n. CD-ROM-Ausgabe 2001.","Sodann erörterte er die Möglichkeit gemeinsamer Bekämpfung der Wirtschaftskrise durch gegenseitigen Warenaustausch und regte hiebei an, Ungarn möge sich vom Weizenanbau auf Ölsaaten, die Produktion von Sojabohnen, Rizinus usw. umstellen, Produkte, die Deutschland gegenwärtig aus der Mandschurei, einem Land mit dem Deutschland keinerlei Interessen verbinden beziehe."
"305","1937-12-31","Belletristik","Klepper, Jochen: Der Vater, Gütersloh: Bertelsmann 1962 [1937], S. 792","Als sollte in seinem Leben die Bibel immer wieder unmittelbare Gegenwart werden, hatte der König sieben große Hungersnöte und Teuerungen seines Landes erlebt und siebenmal so überreiche Ernten eingebracht, daß jeder Halm, wie im biblischen Traum, sieben Ähren zu tragen schien."
"306","1936-11-30","Zeitung","Archiv der Gegenwart, Bd. 6, 30.11.1936, S. 2828 [ff.]. Zit. n. CD-ROM-Ausgabe 2001.","Der Leiter der Kommunistischen Partei des Leningrader Gebiets und Stellvertreter Stalins im Sekretäriat der Gesamtpartei Schdanow, verwies unter Bezugnahme auf Lettland, Estland, Finnland darauf, daß es in diesen kleinen Ländern große Abenteurer gebe, die ihr Land faschistischen Großmächten als Operationsbasis gegen die Sowjetunion zur Verfügung stellen möchten."
"307","1939-12-31","Wissenschaft","Jahresberichte für deutsche Geschichte, 1939, S. 150","Das »Deutsche Archiv für Landes- und Volksforschung« <243, S. 341> pflegt alle Zweige der Volksforschung, die Verbindung von Land und Volk, Wirtschaft, Bevölkerungsbewegung, Sprache, Musik und geistiges Leben; sie bringt Aufsätze und auch Schrifttumsberichte, ein reiches kartographisches Material, aber keine Besprechungen und Mitteilungen."
"308","1940-04-30","Zeitung","Archiv der Gegenwart, Bd. 10, 30.04.1940","Die alliierten Vertreter erklärten ferner, die Regierungen ihrer Länder würden alles tun, um die Käufe an amerikanischen landwirtschaftlichen Produkten in dem Maße aufrechtzuerhalten wie dies die Umstände gegenwärtig zulassen Es handelt sich hier um den Beschluß der Alliierten, die Käufe an Tabak, Früchten und Speck zu unterbin den. (L. B. Vereinigte Staaten: Außenhandelspolitik 4458 C, Außenpolitik 4508 G Wehrmacht 4505 D; England-Außenhandelspolitik 4506 C, Außenpolitik 4513 D, Wehrmacht 4513 D; Frankreich: Außenhandelspolitik 4486 A, Außenpolitik 4513 D, Wehrmacht 4513 D.)"
"309","1939-04-28","Zeitung","Archiv der Gegenwart, Bd. 9, 28.04.1939, S. 4040 [ff.]. Zit. n. CD-ROM-Ausgabe 2001.","Dies -- wie gesagt -- war ein Versuch von mir eine die ganze deutsche Nation innerlich bewegende Frage in einem wahrhaft einmaligen Kompromiß zu lösen, und zwar zu lösen zugunsten beider Länder."
"310","1938-03-24","Zeitung","Archiv der Gegenwart, Bd. 8, 24.03.1938, S. 3486 [ff.]. Zit. n. CD-ROM-Ausgabe 2001.","Das trifft besonders auf zwei Länder wie Großbritannien und Frankreich zu, die lange Freundschaftsverbindungen und eng verwobene Interessen besitzen und die den gleichen Idealen der demokratischen Freiheit ergeben und entschlossen sind, ihre Ideale aufrechtzuerhalten."" (L. B. England 3477 B, Tschechoslowakei 3484 D.)"
"311","1942-12-09","Zeitung","Archiv der Gegenwart, Bd. 12, 09.12.1942, S. 5750 [ff.]. Zit. n. CD-ROM-Ausgabe 2001.","Der am 11. Dezember des vergangenen Jahres mit Deutschland und Italien abgeschlossene Vertrag über die gemeinsame Führung des Krieges gegen die anglo-amerikanischen Länder (5310 rechts) habe die Beziehungen zu diesen Mächten gleichfalls noch enger gestaltet und den Krieg in Großostasien vom Kriegsgeschehen in Europa untrennbar gemacht."
"312","1937-12-31","Gebrauchsliteratur","Hoke, Ralph Johann u. Schmith, Otto: Grundlagen und Methodik der Leichtathletik, Leipzig: Barth 1937, S. 70","Der Fuß dieses Beines muß dabei genau nach vorn gerichtet sein, denn jede Seitwärtsdrehung desselben würde den Läufer beim Landen hinter der Hürde aus der Richtung bringen."
"313","1945-02-12","Zeitung","Archiv der Gegenwart, Bd. 15, 12.02.1945, S. 94 [ff.]. Zit. n. CD-ROM-Ausgabe 2001.","Zweimal wurde die Nationaldemokratische Front gezwungen einer Koalitionsregierung zuzustimmen Regierungen Sanatescu (42 E, 4. Spalte) und Radescu (42 E, 5. Spalte) in der Hoffnung auf eine zukünftige Zusammenarbeit zur Rettung des Landes."
"314","1944-08-21","Zeitung","Archiv der Gegenwart, Bd. 14, 21.08.1944, S. 6495 [ff.]. Zit. n. CD-ROM-Ausgabe 2001.","""Diese wird es auch verstehen, unser Land zu verteidigen."
"315","1937-12-31","Belletristik","Klepper, Jochen: Der Vater, Gütersloh: Bertelsmann 1962 [1937], S. 652","Da war endlich für Ansbach der Anlaß gefunden, offenen Streit mit der ältesten Tochter des Königs von Preußen zu suchen, von der man nicht wollte, daß sie hier im Lande etwas gelte."
"316","1945-08-22","Zeitung","Archiv der Gegenwart, Bd. 15, 22.08.1945","Art. 12. -- Der pflügbare Boden des staatlichen Agrarfonds wird den Bauern zugeteilt werden, die kein Land besitzen oder zuwenig haben, um es bewirtschaften und davon leben zu können, und zwar an Ort und Stelle und in unmittelbarer Nachbarschaft oder auch in irgendeinem anderen Siedlungsgebiet. Art. 13. --Der Boden dieses Fonds wird frei von jeder Hypothek oder sonstigen Belastung zugeteilt werden."
"317","1943-06-30","Zeitung","Archiv der Gegenwart, Bd. 13, 30.06.1943, S. 5995 [ff.]. Zit. n. CD-ROM-Ausgabe 2001.","Ich bin überzeugt, daß die Freundschaft und die Zusammenarbeit zwischen unseren beiden Ländern im kommenden Entscheidungskampf noch weiter vertieft werden und daß diese Erscheinungen noch umfassenderen Ausdruck in der Nachkriegsperiode finden werden, in der das Abkommen zur Errichtung und Wahrung eines gerechten und dauerhaften Friedens im Sinne der Zusammenarbeit mit allen freiheitsliebenden Völkern angewandt werden wird."""
"318","1934-03-04","Zeitung","Völkischer Beobachter (Berliner Ausgabe), 04.03.1934","Darüber hinaus hat sich in eingehenden Verhandlungen mit allen beteiligten Stellen durch die beabsichtigte Ausdehnung des Übernahmescheinverfahrens auf Schlachtvieh ein Weg finden lassen, der es ermöglicht, Dänemark auch auf dem für dieses Land besonders wichtigen Vieh-Gebiete ein gewisses Entgegenkommen zu gewähren, ohne daß dadurch der deutsche Schlachtviehmarkt gestört wird."
"319","1934-08-16","Zeitung","Archiv der Gegenwart, Bd. 4, 16.08.1934","[...] An diese Aufgabe trete er voll Zuversicht heran weil er des festen Glaubens sei, daß die auf Blutsverwandtschaft und gemeinsamer Geschichte beruhenden Bande zwischen den beiden Ländern unzerstörbar seien und weil ferner eine Zusammenarbeit auf geistigem, sozialem und wirtschaftlichen Gebiete für den europäischen Wiederaufbau unersetzlich sei. -- Der Bundespräsident gab in seiner Erwiderung seiner Genugtuung darüber Ausdruck, daß Herr v. Papen in erster Linie mit der besonderen Mission betraut sei, ganz im Sinne des nun in Gott ruhenden großen Reichspräsidenten Generalfeldmarschallls v. Hindenburg das Verhältnis zwischen Österreich und dem Deutschen Reiche weder zu einem normalen zu gestalten. [...]"
"320","1935-10-24","Zeitung","Archiv der Gegenwart, Bd. 5, 24.10.1935, S. 2274 [ff.]. Zit. n. CD-ROM-Ausgabe 2001.","Ein viertes Dekret erinnert an das Gesetz vom Jahre 1901, daß jede Vereinigung für eine unerlaubte Sache, die den Gesetzen oder den guten Sitten zuwider ist, oder die den Zweck verfolgt, die territoriale Unversehrtheit des Landes oder die republikanische Staatsform zu gefährden, null und nichtig ist."
"321","1933-03-03","Zeitung","Völkischer Beobachter (Berliner Ausgabe), 03.03.1933","Millionen an Menschen sind verelendet, in einem Land, das vor Ueberfluß heute überfließen könnte."
"322","1943-08-05","Zeitung","Archiv der Gegenwart, Bd. 13, 05.08.1943, S. 6039 [ff.]. Zit. n. CD-ROM-Ausgabe 2001.","""Jetzt sind Gerüchte im Umlauf, wonach Mussolini und andere Angehörige seiner faschistischen Bande versuchen konnten, in einem neutralen Land Zuflucht zu suchen."
"323","1940-12-31","Belletristik","Schaper, Edzard: Der Henker, Zürich: Artemis 1978 [1940], S. 462","Er konnte und wollte nichts einsehen, wenn Ovelacker zweiflerisch äußerte, daß es nicht so viele deutsche Bauern gäbe, wie ihrer nötig sein würden, und nicht so viel freies Land, sie anzusiedeln, damit dieses Land deutsch durch sie würde."
"324","1939-12-31","Wissenschaft","Elias, Norbert: Über den Prozeß der Zivilisation - Soziogenetische und psychogenetische Untersuchungen Bd. 2, Frankfurt a. M.: Suhrkamp 1992 [1939], S. 81","In einer bestimmten Phase ist immer und überall im Abendland die Angewiesenheit der jeweils Höheren auf Dienste größer als die Angewiesenheit der jeweiligen Vasallen, wenn sie einmal über ein Stück Land verfügen, auf Schutz."
"325","1935-06-03","Gebrauchsliteratur","Tucholsky, Kurt: An Hedwig Müller, 03.06.1935. In: ders., Kurt Tucholsky, Werke - Briefe - Materialien, Berlin: Directmedia Publ. 2000 [1935], S. 12089","Daß die Verräter am Land - davon darf man hier wirklich sprechen - dieses Mal auf der rechten Seite sitzen; daß die Arbeiter dabei auf alle Fälle die Dummen sein werden, und daß sie unterliegen müssen, weil es keine Internationale gibt, weil die französische Linke hohl ist."
"326","1934-01-17","Zeitung","Archiv der Gegenwart, Bd. 4, 17.01.1934, S. 1232 [ff.]. Zit. n. CD-ROM-Ausgabe 2001.","[...] 1. Vereinbarung von Abkommen über die definitive Gestaltung der gegenseitigen Wirtschaftsbeziehungen und ihrer Entwicklung; 2. Zusammenarbeit der in den Ländern der Kleinen Entente bestehenden wirtschaftlichen Institutionen und Organisation der wirtschaftlichen Propaganda; 3. Zusammenarbeit der Kleinen Ententestaaten auf dem Gebiete des Eisenbahnverkehrs; 4. Zusammenarbeit in der Donauschiffahrt; 5. Zusammenarbeit in Fragen des Flugverkehrs; 6. Organisation einer Post-, Telegraphen- und Telephonunion; 7. Zusammenarbeit auf dem Gebiete der Normung; 8. Vereinheitlichung des Handels-, des Wechsel- und Scheckrechts; 9. Unifizierung des Zollrechts und der Zolltarife sowie Vereinfachung der Zollformalitäten; 10. Zusammenarbeit auf dem Gebiete der Statistik; 11. Zusammenarbeit auf dem Gebiete des landwirtschaftlichen Unterrichts und Verbreitung der in der Landwirtschaft erzielten technischen Fortschritte; 12. Zusammenarbeit im Fremdenverkehr; 13. Industrielle Kooperation- 14. Kooperation der Notenbanken; 15. Zusammenarbeit der Sparkassen in den Staaten der Kleinen Entente; 16. Warenaustausch. [...]"
"327","1940-03-09","Zeitung","Völkischer Beobachter (Berliner Ausgabe), 09.03.1940","Gegenstand der Besprechung der leitenden Persönlichkeiten beider Länder ist daher die organische Fortentwicklung aktueller Fragen unter dem Gesichtspunkt der oft erprobten fruchtbaren und wirksamen Zusammenarbeit."
"328","1939-08-25","Zeitung","Archiv der Gegenwart, Bd. 9, 25.08.1939, S. 4186 [ff.]. Zit. n. CD-ROM-Ausgabe 2001.","Dazu kommt, daß dann dieser unausbleibliche Ansturm gegen Frankreich über noch ansehnlichere Kraftreserven und materielle Mittel verfügen wurde, als welche heute das Land bedrohen."
"329","1939-10-11","Zeitung","Archiv der Gegenwart, Bd. 9, 11.10.1939, S. 4272 [ff.]. Zit. n. CD-ROM-Ausgabe 2001.","Eine Pioniertruppe wird gebildet, die Pionierarbeit im Lande und Übersee leisten wird."
"330","1935-11-25","Zeitung","Archiv der Gegenwart, Bd. 5, 25.11.1935, S. 2316 [ff.]. Zit. n. CD-ROM-Ausgabe 2001.","In einer Botschaft an das griechische Volk erklärte er, während seiner Verbannung sorgfältig jeden Schritt vermieden zu haben, der das politische, soziale und wirtschaftliche Leben des Landes hätte stören können."
"331","1936-01-06","Zeitung","Archiv der Gegenwart, Bd. 6, 06.01.1936","80,5 (47,8). (L. B. Finnland 1294 C, Jugoslawien 1949 F, Großhandelspreise und alle übrigen Länder 2088 B.)"
"332","1935-12-05","Gebrauchsliteratur","Tucholsky, Kurt: An Fritz Tucholsky, 05.12.1935. In: ders., Kurt Tucholsky, Werke - Briefe - Materialien, Berlin: Directmedia Publ. 2000 [1935], S. 12204","Nach vier, fünf Jahren wirst Du das Land drüben besser verstehen, es wird sein wie alle andern auch, schwarz und weiß, und da Du kein Philosoph bist, sondern Geld verdienen sollst, so zerbrich Dir den Kopf darüber, ob das besser oder schlechter als Europa ist, erst, wenn Du Geld hast."
"333","1937-12-31","Belletristik","Klepper, Jochen: Der Vater, Gütersloh: Bertelsmann 1962 [1937], S. 791","Er las; und tat nicht einen Federzug davon ab oder dazu, ob sie nun die Menschen oder das Land, das Heer, den Schatz oder die Kirche, den Jahres- oder den Stundenplan des Vaters betrafen."
"334","1945-07-14","Zeitung","Archiv der Gegenwart, Bd. 15, 14.07.1945, S. 322 [ff.]. Zit. n. CD-ROM-Ausgabe 2001.","Die Kongreßpartei habe wiederholt ihre Bereitschaft erklärt, die Verantwortung für die Regierungsverwaltung zu übernehmen, bevor er seiner Partei geraten habe, an der Konferenz teilzunehmen, habe er dem Vizekönig erklärt, daß der Kongreß trotz seiner Zustimmung, daß Indien unter der vorgeschlagenen neuen Regierung den Krieg gegen Japan fortsetzen solle, nicht bereit sei, auch nur einen einzigen Penny aus dem indischen Staatsschatz oder einen einzigen indischen Sepoy (eingeborener indischer Soldat) für die Rückerstattung der Länder Südostasiens an ihre ehemaligen imperialistischen Herren herzugeben."
"335","1934-12-31","Belletristik","Knittel, John: Via Mala, Berlin: Deutsche Buch-Gemeinschaft 1957 [1934], S. 9","[...] Wenn man bedenkt, daß Graubünden zu jener Zeit aus nahezu dreißig kleinen Republiken bestand, die sämtlich ihre unabhängige Verfassung, ihre eigenen Gesetze und Satzungen besaßen; wenn man sich erinnert, daß Hungersnot und Seuchen fast ständig die hundert Täler heimsuchten, daß die Bevölkerung trotz ihrer eingebildeten Unabhängigkeit von ihren eigenen glattzüngigen Räten ausgebeutet und von landhungrigen Baronen und Geistlichen überlistet, betrogen und ausgesaugt wurde; wenn man sich die grenzenlose, sowohl physische wie seelische Armut vorstellt, die in dem Lande herrschte, wird man sich nicht wundern, daß Lauretz viele bereitwillige Zuhörer fand, wenn er von seinem Entschlüsse sprach, die ungeheuren Silberschätze auszugraben, die in den Bergen ruhten, Schätze, die genügen würden, jedermann reich zu machen und die Menschen für alle Zukunft vor jeder Not zu schützen. [...]"
"336","1941-08-18","Zeitung","Archiv der Gegenwart, Bd. 11, 18.08.1941, S. 5156 [ff.]. Zit. n. CD-ROM-Ausgabe 2001.","Damit diese Herrschaft auf politischem und wirtschaftlichem Gebiet verankert werde, würden die Nationen, die sich diesem Programm nicht unterwerfen wollen, das heißt die sogenannten ""Angreifer"" zu Land, zu Wasser und in der Luft entwaffnet bleiben."
"337","1939-03-13","Zeitung","Archiv der Gegenwart, Bd. 9, 13.03.1939, S. 3978 [ff.]. Zit. n. CD-ROM-Ausgabe 2001.","Trotz der Niederlage 1848 tauchte nun die Forderung nach der Herstellung der historischen ""Länder der Wenzelskrone"" immer wieder auf. 1863 bis 1878 verweigerten die Tschechen das Erscheinen im Reichsrate, während in den Landtagen der Kampf weiterging."
"338","1940-10-09","Zeitung","Archiv der Gegenwart, Bd. 10, 09.10.1940, S. 4731 [ff.]. Zit. n. CD-ROM-Ausgabe 2001.","Die materiellen Schwierigkeiten werden groß sein; aber wir werden etappenweise im glühenden Wunsche vorgehen, eines der Hauptprobleme für die moralische und soziale Gesundheit des Landes möglichst weitgehend zu, lösen."
"339","1935-03-02","Zeitung","Völkischer Beobachter, 02.03.1935","Der beste Teil der Bauernjugend dankt es ihm, er strömt ab nach Osten, sich mit dem Pflug neues Land zu erobern, zu Nutz und Frommen der Heimat."
"340","1945-06-14","Zeitung","Archiv der Gegenwart, Bd. 15, 14.06.1945","Indien wird in allen wichtigen Ländern durch vollakkreditierte Vertreter seine Interessen wahren, während in Indien ein Hochkommissar des britischen Königreichs eingesetzt werden soll."
"341","1933-12-31","Belletristik","Feuchtwanger, Lion: Die Geschwister Oppermann, Berlin: Aufbau-Taschenbuch-Verl. 2001 [1933], S. 65","Er tat das, was ein paar Jahrhunderte vorher die Makkabäer getan hatten, er lehnte sich auf gegen die Unterdrücker, schmiß sie aus dem Land."
"342","1941-09-23","Zeitung","Archiv der Gegenwart, Bd. 11, 23.09.1941, S. 5201 [ff.]. Zit. n. CD-ROM-Ausgabe 2001.","Dieser Kampf unserer Männer, Frauen und Kinder erfolgt aber nicht nur für sie selbst, sondern gleichzeitig für die Sicherheit der Freiheit der anderen Länder."
"343","1945-01-04","Zeitung","Archiv der Gegenwart, Bd. 15, 04.01.1945","""Es ist höchste Zeit, die Vorstellung zu zerstreuen, daß die Schweiz ein harmloses neutrales Land ist, das nur aus Alplern und Jodlern besteht."
"344","1937-01-05","Zeitung","Archiv der Gegenwart, Bd. 7, 05.01.1937, S. 2875 [ff.]. Zit. n. CD-ROM-Ausgabe 2001.","Da Deutschland und Japan die Hauptangriffsziele der Kommunistischen Internationale seien, sei der Zusammenschluß dieser beiden Länder nur natürlich."
"345","1936-12-31","Wissenschaft","Jahresberichte für deutsche Geschichte, 1936, S. 587","1933. 46 S.) schildert er die schweren Wirtschaftskrisen vor 100 Jahren, die mit der Teilung des Landes 1815, mit der industriellen Gegenarbeit Englands, mit der Zollpolitik Preußens und anderer Absatzländer besonders für die sächsische Textil- und Eisenindustrie hereinbrachen."
"346","1943-04-16","Zeitung","Archiv der Gegenwart, Bd. 13, 16.04.1943","""In den Jahren 1940 bis 1942 betrug die Zahl der nach Großbritannien gekommenen Flüchtlinge aus feindlichen oder von Feind besetzten Ländern mehr als 63.000."
"347","1945-11-17","Zeitung","Archiv der Gegenwart, Bd. 15, 17.11.1945","In der auswärtigen Politik werde die Regierung bemüht bleiben, vertrauensvolle Beziehungen insbesondere zu den alliierten Ländern herzustellen."
"348","1941-01-14","Zeitung","Archiv der Gegenwart, Bd. 11, 14.01.1941","Die Bedeutung der Industrie nimmt hingegen zu, da 85 % der gesamten Industrie im Lande verblieb."
"349","1943-12-31","Belletristik","Seghers, Anna: Transit, Gütersloh: Bertelsmann 1995 [1943], S. 36","Meine Freunde schämten sich auch für ihr Land."
"350","1936-12-15","Zeitung","Archiv der Gegenwart, Bd. 6, 15.12.1936, S. 2851 [ff.]. Zit. n. CD-ROM-Ausgabe 2001.","-- Preisüberwachungsstellen sind in Preußen und Bayern die Regierungspräsidenten, in Sachsen die Kreishauptleitung, in Hamburg das Amt für Wirtschaft und in den übrigen Ländern die Obersten Landesbehörden."
"351","1945-10-09","Zeitung","Süddeutsche Zeitung, 1995 [1945]","Bayern hat deshalb als ""wohl das erste Land in Deutschland"" einen festen Haushaltplan für Landes- und Reichsverwaltung aufgestellt, der die ""Grundlage für die kommenden finanziellen Maßnahmen"" sein soll."
"352","1939-12-31","Wissenschaft","Jahresberichte für deutsche Geschichte, 1939, S. 224","Jedenfalls hat sich mit zusammengeschmolzenen römischen Bevölkerungsinseln auch die Eisenverhüttung durch spätere Kaiserzeit und Völkerwanderungszeit in die slawische und karolingische Periode unseres Landes hinübergerettet.«"
"353","1940-06-09","Gebrauchsliteratur","Brief von Irene G. an Ernst G. vom 09.06.1940, Feldpost-Archive mkb-fp-0270","Jetzt muß ich öfters feststellen, daß unser Stückchen Land noch gar nicht ausreicht."
"354","1941-11-17","Zeitung","Archiv der Gegenwart, Bd. 11, 17.11.1941, S. 5272 [ff.]. Zit. n. CD-ROM-Ausgabe 2001.","Auch die Wirtschaftskraft des Landes sei auf den verschiedensten Gebieten verstärkt worden."
"355","1940-03-06","Zeitung","Archiv der Gegenwart, Bd. 10, 06.03.1940, S. 4445 [ff.]. Zit. n. CD-ROM-Ausgabe 2001.","Im Bereich dieses Restgebiets wird der Landverkauf unter Kontrolle gestellt, mit der Absicht, den Übergang arabischen Landes in jüdische Hände zu verhindern."
"356","1940-12-31","Belletristik","Schaper, Edzard: Der Henker, Zürich: Artemis 1978 [1940], S. 263","Schon in diesen Stunden ging ihm auf, daß er sein Leben im Lande der Väter in eine Schuld hinein gegründet hatte - oder etwas, was dem Lande und den ihm Eingeborenen als eine Schuld erschien."
"357","1942-02-02","Zeitung","Archiv der Gegenwart, Bd. 12, 02.02.1942, S. 5383 [ff.]. Zit. n. CD-ROM-Ausgabe 2001.","Was die schweren Kräfte anbetrifft, welche auf den Annäherungsstraßen nach Singapore und auf der malayischen Halbinsel wüten, so machte ich heute keine Prophezeiung machen, außer daß ich sage, daß diese Kämpfe von den britischen, australischen und indischen Truppen, die in diesem Lande zusammenstehen, bis zum letzten Zoll ausgefochten werden."
"358","1939-09-05","Zeitung","Archiv der Gegenwart, Bd. 9, 05.09.1939, S. 4212 [ff.]. Zit. n. CD-ROM-Ausgabe 2001.","Die Stellung eines neutralen Landes ist schwierig."
"359","1943-12-31","Belletristik","Weismantel, Leo: Die höllische Trinität, Berlin: Union-Verl.1966 [1943], S. 19","Meister Mathis glaubte in diesen Tagen und Wochen wahrzunehmen, daß aus der Stadt Basel ein solches blaues Licht aufbräche, und weiter entfernt im Land stiegen schwefelgelb die Lichtfluten der Verwesung auf."
"360","1943-01-09","Zeitung","Archiv der Gegenwart, Bd. 13, 09.01.1943, S. 5786 [ff.]. Zit. n. CD-ROM-Ausgabe 2001.","In Übereinstimmung mit der Anknüpfung neuer Beziehungen zwischen den beiden Ländern wird Japan in Zukunft auch im gleichen Geiste den verschiedenen bestehenden Abkommen erneute Beachtung schenken."
"361","1942-02-02","Zeitung","Archiv der Gegenwart, Bd. 12, 02.02.1942, S. 5383 [ff.]. Zit. n. CD-ROM-Ausgabe 2001.","Er hatte die Sicherheit der Türkei beeinträchtigt und Persien, den Irak, Syrien und Palästina einer ernsten Gefahr ausgesetzt, und außer diesen Ländern, die sich alle unter unserer Kontrolle befanden, hatte sich auch eine Bedrohung des Suezkanals und Ägyptens ergeben."
"362","1934-03-02","Zeitung","Völkischer Beobachter (Berliner Ausgabe), 02.03.1934","Sehr merkwürdig ist aber, daß schon vor dem geschichtlichen Auftauchen der Juden auch die früheren Bewohner Palästinas ganz dieselben Betätigungen und Einflüsse entwickelt haben, womit sie den heutigen Juden gleichen, so wie deren Wesen und Machtentfaltung uns aus den Ländern Europas und Nordamerikas nur allzu gut bekannt sind."
"363","1940-07-25","Zeitung","Archiv der Gegenwart, Bd. 10, 25.07.1940, S. 4639 [ff.]. Zit. n. CD-ROM-Ausgabe 2001.","Die Verordnung erweitert eine früher erlassene Verordnung, wonach Rohstoffe usw., die für Amerikas Landesverteidigung wesentlich sind, nicht außer Landes gehen dürfen."
"364","1945-07-11","Zeitung","Archiv der Gegenwart, Bd. 15, 11.07.1945, S. 318 [ff.]. Zit. n. CD-ROM-Ausgabe 2001.","Was die Frage von Teschen (298 B) anbetrifft, so beharren wir unerschütterlich auf der Integrität unseres Landes und wünschen auf der anderen Seite wahre Freundschaft."
"365","1945-09-19","Zeitung","Archiv der Gegenwart, Bd. 15, 19.09.1945","Die Sowjetunion habe die gegenwärtigen Regierungen in diesen Ländern unterstützt nicht nur deswegen, weil sie in ihrer Zusammensetzung demokratisch seien, sondern auch, weil sie Ruhe und Ordnung hergestellt hätten."
"366","1937-11-28","Zeitung","Archiv der Gegenwart, Bd. 7, 28.11.1937, S. 3316 [ff.]. Zit. n. CD-ROM-Ausgabe 2001.","Diese Freundschaft und ihre ständige Vertiefung diene nicht nur den Interessen beider Länder sondern bilde einen wesentlichen Beitrag zu allen auf die Befriedung Europas gerichteten Bestrebungen."
"367","1934-05-28","Zeitung","Archiv der Gegenwart, Bd. 4, 28.05.1934","Gew. Höchst- Steig- Fahr- Besatzung in PS geschwin- fähigk. bereich Mann Type und Land t digkeit Grad km ------------------------------------------------------------------------ Cardan Lloyd 1,8 40 42 45 150 2 M V I England ------------------------------------------------------------------------- Light-Tank M I 3,5 60 40 45 150 2 England ------------------------------------------------------------------------- Cardan-Lloyd- 2,8 50 auf Land 40150 2 Schwimm-Kpfw."
"368","1943-03-29","Zeitung","Archiv der Gegenwart, Bd. 13, 29.03.1943, S. 5888 [ff.]. Zit. n. CD-ROM-Ausgabe 2001.","Was Rumänien betreffe, so sei sich die Tschechoslowakei gewiß darüber im klaren, welche ""Mißgriffe"" dieses Land während des Krieges begangen habe, aber anderseits vergesse man nicht, daß die Regierung dieses Landes in der Zeit der Krise der Tschechoslowakei gegenüber mit ""bewunderungswürdiger Zurückhaltung und Loyalität"" aufgetreten sei."
"369","1936-05-05","Zeitung","Archiv der Gegenwart, Bd. 6, 05.05.1936, S. 2539 [ff.]. Zit. n. CD-ROM-Ausgabe 2001.","Da sich der räumliche Wirkungsbereich der Kaufmannschaften, bzw. ihrer Sektionen immer nur auf ein ganzes Land zu erstrecken hat und sich das Bedürfnis nach einer besonderen Interessenvertretung für die registrierten Kaufleute eines kleineren Gebietes ergeben kann, sieht das Gesetz vor, daß für solche Fälle auf Antrag maßgebender Fachleute Gilden errichtet werden können, die ebenfalls öffentlich-rechtliche Körperschaften sind."
"370","1937-10-10","Zeitung","Archiv der Gegenwart, Bd. 7, 10.10.1937","[...] Nach Prüfung der ihr unterbreiteten Tatsachen stelle die Kommission fest, daß die militärischen Operationen, die Japan gegen China zu Land, zur See und in der Luft unternimmt, außerhalb jedes Verhältnisses stehen mit dem Zwischenfall, der den Konflikt ausgelöst hat, daß diese Handlungen sicherlich die freundschaftliche Zusammenarbeit zwischen den beiden Ländern weder erleichtern noch befördern könnten, die die Staatsmänner Japans als das Ziel ihrer Politik bezeichnet haben, daß sie sich weder rechtfertigten auf Grund der bestehenden Verträge noch unter Bezugnahme auf das Recht der Notwehr und daß sie im Widerspruch stünden mit den Verpflichtungen, die Japan durch die Unterzeichnung des Neunmächtevertrages vom 6. Februar 1922 und des Pariser (Briand-Kellogg-) Paktes vom 27. August 1928 übernommen hat. -- Der Präsident der Völkerbundversammlung richtete am 6 Oktober an die Mitglieder des Neunmächtevertrages, die Mitglieder des Völkerbundes sind, gemäß der Resolution der Völkerbundversammlung eine Einladung zu einer Konferenz über den Fernostkonflikt -- Die chinesische Regierung hat am 9. Oktober diese Einladung angenommen. [...]"
"371","1934-03-25","Zeitung","Archiv der Gegenwart, Bd. 4, 25.03.1934, S. 1349 [ff.]. Zit. n. CD-ROM-Ausgabe 2001.","Die neue Reichsschlachtsteuer beseitigt verschiedene störende Unterschiede in den einzelnen Ländern (1279 E, Ende des 1. Absatzes)."
"372","1944-05-11","Zeitung","Archiv der Gegenwart, Bd. 14, 11.05.1944","Nie ist aber auch die Einheit aller Stämme so groß gewesen, nie hat wie heute ein Symbol über allem Land geflattert wie unter Adolf Hitler."
"373","1940-04-19","Zeitung","Archiv der Gegenwart, Bd. 10, 19.04.1940, S. 4501 [ff.]. Zit. n. CD-ROM-Ausgabe 2001.","Wir müssen uns an den Gedanken gewöhnen, daß er von einer Woche zur anderen ausbrechen kann und uns, wenn wir zu Bett gehen oder uns auf die Pritsche legen, an das Erlebnis des Herrn Kohl erinnern, der frühmorgens geweckt wurde, um zu vernehmen, daß man in sein Land eingedrungen war."
"374","1933-10-08","Zeitung","Archiv der Gegenwart, Bd. 3, 08.10.1933, S. 1073 [ff.]. Zit. n. CD-ROM-Ausgabe 2001.","Doch fordere Deutschland nicht die gleiche Zahl, die die anderen Länder besitzen. (L.B. 1069 D.)"
"375","1937-12-31","Wissenschaft","Jahresberichte für deutsche Geschichte, 1937, S. 263","Die Verfasserin beherrscht den Stoff nicht genügend und überspitzt die Formulierungen, wenn sie z. B. die ablehnende Haltung aus der entschiedenen und wesenhaft begründeten Andersartigkeit der beiden Länder und Völker erklären will."
"376","1942-08-24","Zeitung","Archiv der Gegenwart, Bd. 12, 24.08.1942, S. 5606 [ff.]. Zit. n. CD-ROM-Ausgabe 2001.","Danach werden für alle Briefsendungen (Briefe, Postkarten, Geschäftspapiere, Drucksachen, Warenproben, Mischsendungen und Päckchen) von Deutschland nach den beiden Ländern die deutschen Inlandsgebühren berechnet."
"377","1938-10-09","Zeitung","Archiv der Gegenwart, Bd. 8, 09.10.1938","Die Achse, über die in anderen Ländern manchmal gespottet worden sei, habe sich als dauerhaft erwiesen und habe gezeigt, daß sie auch in schlimmsten Stunden Bestand habe."
"378","1945-01-19","Zeitung","Archiv der Gegenwart, Bd. 15, 19.01.1945","Zum griechischen Problem (12 C) führte Eden aus: ""Schon vor dem deutschen Rückzug bestanden unmißverständliche Anzeichen dafür, daß es der Ehrgeiz der ELAS war, die Herrschaft über das Land durch Gewalt zu erlangen."
"379","1939-03-11","Zeitung","Archiv der Gegenwart, Bd. 9, 11.03.1939, S. 3974 [ff.]. Zit. n. CD-ROM-Ausgabe 2001.","In Afrika gebe es noch genügend Land, das sich für eine intensive wirtschaftliche Ausnutzung und als Raum für Menschen eignet."
"380","1941-07-05","Zeitung","Archiv der Gegenwart, Bd. 11, 05.07.1941, S. 5105 [ff.]. Zit. n. CD-ROM-Ausgabe 2001.","Die nationale Einigkeit sei die Stärke des Landes und helfe bei der Ausführung aller Maßnahmen für das Land."
"381","1945-01-12","Zeitung","Archiv der Gegenwart, Bd. 15, 12.01.1945","Argentinien und El Salvador wurden zunächst zur Konferenz nicht eingeladen, da Mexico mit diesen Ländern keine Beziehungen unterhielt."
"382","1945-01-27","Zeitung","Archiv der Gegenwart, Bd. 15, 27.01.1945","Es wünscht, mit diesen Ländern wieder Beziehungen anzuknüpfen und sieht in der Freundschaft mit der Sowjetunion die Hauptbedingung für seine eigene Sicherheit."
"383","1939-12-10","Zeitung","Archiv der Gegenwart, Bd. 9, 10.12.1939, S. 4341 [ff.]. Zit. n. CD-ROM-Ausgabe 2001.","Infolge der oben genannten Gründe hält es die Sowjetregierung für erforderlich, gegen die Maßnahmen Protest zu erheben, die auf Grund der Verordnung vom 28. November 1933 getroffen wurden und die eine Verletzung der Rechte und Interessen der neutralen Länder darstellen."
"384","1944-09-25","Zeitung","Archiv der Gegenwart, Bd. 14, 25.09.1944, S. 6535 [ff.]. Zit. n. CD-ROM-Ausgabe 2001.","Die arabischen Länder müßten sich in dieser Zeit der großen politischen Entscheidungen enger zusammenreihen und in unermüdliehem Kampf an der Seite der großen Freunde, Deutschlands und Japans, ihre Freiheit, Unabhängigkeit und eigene Ordnung erkämpfen."
"385","1942-01-01","Zeitung","Archiv der Gegenwart, Bd. 12, 01.01.1942, S. 5337 [ff.]. Zit. n. CD-ROM-Ausgabe 2001.","Das gleiche gilt auch für das faschistische Italien, in dem ebenfalls ein einzelner Mann seinen Namen für alle Zeiten durch eine zivilisatorische und nationale Revolution von säkularem Ausmaß verewigt hat und die ebenfalls nicht verglichen werden kann mit den demokratisch-politischen Stümpereien jener Tagediebe und Dividendenjäger, die zum Beispiel in den angelsächsischen Ländern die Vermögen ihrer Vater verzehren oder durch schmutzige Geschäfte neue Vermögen erwerben."
"386","1936-06-14","Zeitung","Archiv der Gegenwart, Bd. 6, 14.06.1936, S. 2596 [ff.]. Zit. n. CD-ROM-Ausgabe 2001.","Mehr als zwei Drittel der Route führen jedoch über arabisches Land was eine Rücksichtnahme auf die die arabische Welt bewegenden Gedanken notwendig macht und daher auf die englische Palästina-Politik nicht ohne Einfluß bleiben kann. (L. B. Empirepolitik 2562 D.)"
"387","1943-11-29","Zeitung","Archiv der Gegenwart, Bd. 13, 29.11.1943, S. 6183 [ff.]. Zit. n. CD-ROM-Ausgabe 2001.","Nach einer DNB-Meldung vom 29. November gab die Regierung von Kolumbien bekannt, daß das Land sich im Kriegszustand mit Deutschland befinde."
"388","1944-06-24","Zeitung","Archiv der Gegenwart, Bd. 14, 24.06.1944, S. 6422 [ff.]. Zit. n. CD-ROM-Ausgabe 2001.","Damals entstanden die englischostindische Companie, die 1661 das Privileg erhielt, in nichtchristlichen Ländern Handel zu treiben, die Preußische Seehandlung mit dem ausgesprochenen Auftrag, den Außenhandel zu beleben, die Donau-Handelsgesellschaft und viele andere Einrichtungen des Außenhandels."
"389","1942-09-07","Zeitung","Archiv der Gegenwart, Bd. 12, 07.09.1942, S. 5619 [ff.]. Zit. n. CD-ROM-Ausgabe 2001.","Wir wollen Frieden und Sicherheit nicht nur für unsere beiden Länder, sondern ebenso für alle verbündeten Nationen."
"390","1937-12-31","Wissenschaft","Jahresberichte für deutsche Geschichte, 1937, S. 142","Interessant wäre eine übersichtliche Zusammenstellung des corps diplomatique bei den einzelnen Ländern, sie würde die diplomatischen Fäden mit einem Blick erkennbar machen."
"391","1943-08-17","Zeitung","Archiv der Gegenwart, Bd. 13, 17.08.1943, S. 6051 [ff.]. Zit. n. CD-ROM-Ausgabe 2001.","Diese ungeheure militärische und organisatorische Leistung wurde ermöglicht durch die Tapferkeit der Truppen, die zu Lande jeden Durchbruch verhinderten, durch den unermüdlichen heldenhaften Einsatz der Kriegsmarine, die nur mit Kleinfahrzeugen den Verkehr bewältigte und mit leichten Seestreitkräften in den Flanken schützte, und durch den starken Schirm, den die Luftwaffe mit Jägern und Flak-Artillerie über der Straße von Messina spannte."
"392","1945-11-23","Zeitung","Archiv der Gegenwart, Bd. 15, 23.11.1945, S. 536 [ff.]. Zit. n. CD-ROM-Ausgabe 2001.","Wenn ich aber mit irgendeinem Lande über eine Sache verhandele, so liegt mir der Gedanke fern, einen Unterschied zu machen, ob es sich um eine Großmacht oder um einen kleinen Staat handelt."""
"393","1939-08-03","Zeitung","Archiv der Gegenwart, Bd. 9, 03.08.1939, S. 4159 [ff.]. Zit. n. CD-ROM-Ausgabe 2001.","Es kann kein Mißverständnis darüber herrschen, wo unser Land steht."
"394","1937-10-11","Zeitung","Archiv der Gegenwart, Bd. 7, 11.10.1937","Die Ende September in Stockholm zusammengetretene Konferenz der Delegierten der 9 an der European Timber Exporters Convention (Etec) beteiligten Länder Finnland, Sowjetrußland, Polen, Schweden, Österreich, Rumänien, Jugoslawien, Lettland und der Tschechoslowakei beschloß, die Gesamtschnittholzquote für 1938 für alle beteiligten Länder von 4 (2759 A) auf 3,6 Mill."
"395","1934-07-23","Zeitung","Archiv der Gegenwart, Bd. 4, 23.07.1934, S. 1542 [ff.]. Zit. n. CD-ROM-Ausgabe 2001.","Die Vereinigten Staaten genießen auf Grund der Verträge vom November 1903 und vor allem durch die wirtschaftliche Abhängigkeit des Landes weitgehenden Einfluß, haben jedoch, in konsequentem Verfolg ähnlichen Verhaltens gegen Haiti und Nicaragua (1390 K, 2. Abs., und 1385 F), auch in Panama die äußeren Kennzeichen ihres Einflusses, insbesondere Truppen und Polizei, außerhalb der Kanalzone weitgehend zurückgezogen."
"396","1942-12-31","Belletristik","Seghers, Anna: Das siebte Kreuz, Berlin: Aufbau-Taschenbuch-Verl. 2002 [1942], S. 273","Trotzdem - es gab welche, hier im Land - draussen erst recht."
"397","1943-12-31","Belletristik","Weismantel, Leo: Die höllische Trinität, Berlin: Union-Verl.1966 [1943], S. 55","Ob dies das Land aller Narrensehnsucht ist, ein Schlaraffenland, oder ob sie dort ihr Gericht erleben, oder ob Gott der Herr wie ein Arzt sie auf eine Insel kommen läßt, sie dort zu heilen, - Doktor Sebastian Brant bleibt nicht immer bei dem gleichen Bild."
"398","1944-01-01","Gebrauchsliteratur","Böttner, Johannes: Gartenbuch für Anfänger, Frankfurt (Oder) u. a.: Trowitsch & Sohn 1944 [1895], S. 43","In dieser Weise kann auch Abortjauche auf das Land gegossen werden, aber nur auf durchlässigen, hungrigen Böden"
"399","1944-06-03","Zeitung","Archiv der Gegenwart, Bd. 14, 03.06.1944, S. 6398 [ff.]. Zit. n. CD-ROM-Ausgabe 2001.","Die herrschende Hungersnot, die schon über zwei Millionen Menschen gefordert habe, schreibe Gandhi der Lebensmittelknappheit zu, die die britische Ausbeutungspolitik besonders im Jahre 1942 verursacht habe, als ungeheure indische Lebensmittelvorräte dem Lande entzogen worden seien, um der Ernährung der britischen Streitkräfte in Westasien und anderswo zu dienen."
"400","1937-08-03","Zeitung","Archiv der Gegenwart, Bd. 7, 03.08.1937, S. 3159 [ff.]. Zit. n. CD-ROM-Ausgabe 2001.","Ministerpräsident Generaloberst Göring hat in einem Erlaß den Reichs- und Preußischen Minister für Wissenschaft, Erziehung und Volksbildung beauftragt, die Bestände aller im Lande Preußen vorhandenen öffentlichen Kunstsammlungen ohne Rücksicht auf Rechtsform und Eigentumsverhältnisse im Sinne der Richtlinien des Führers und Reichskanzlers (3140 C, 3142 A) zu überprüfen und die erforderlichen Anordnungen zu treffen."
"401","1939-01-30","Zeitung","Archiv der Gegenwart, Bd. 9, 30.01.1939, S. 3913 [ff.]. Zit. n. CD-ROM-Ausgabe 2001.","Wenn gewisse Länder die Methode Deutschlands bekämpfen, so geschieht es wohl in erster Linie aus dem Grund, weil durch diese deutsche Art der Regelung des Handelsverkehrs die Praktiken internationaler Währungs- und Börsenspekulationen zugunsten eines redlichen Handelsgeschäftes beseitigt worden sind."
"402","1945-01-30","Zeitung","Deutsche Volkszeitung, 30.01.1945","Nach einer France-Presse-Meldung wurde im Laufe des Ministerrats, der am Montagabend unter Vorsitz Gouins tagte, Léon Blum zum außerordentlichen Botschafter der Provisorischen Regierung der Französischen Republik bestimmt, um mit den alliierten Ländern im Namen Frankreichs über Finanzabkommen und verstärkte Lebensmittellieferungen zu verhandeln."
"403","1945-05-24","Zeitung","Tägliche Rundschau, 24.05.1945","Die nationalen Schranken sind endlich durchbrochen, vor uns liegen die Länder unbegrenzter Filmmöglichkeiten."
"404","1944-04-02","Zeitung","Archiv der Gegenwart, Bd. 14, 02.04.1944, S. 6327 [ff.]. Zit. n. CD-ROM-Ausgabe 2001.","Auf Grund einer Vereinbarung, die im Geist der Ungarn mit dem Großdeutschen Reich verbindenden Schicksalsgemeinschaft zustande gekommen ist, beteiligen sich deutsche Truppen an der Verteidigung des Landes, wie dies auch in Finnland und anderen Ländern der Fall ist, damit wir unsere Grenzen, Europa und die Kulturmenschheit, den gemeinsamen Interessen entsprechend, gemeinschaftlich beschirmen."
"405","1941-01-22","Zeitung","Archiv der Gegenwart, Bd. 11, 22.01.1941, S. 4857 [ff.]. Zit. n. CD-ROM-Ausgabe 2001.","Über keine andere Frage der öffentlichen Politik stimmt das Volk in diesem Lande heute so einstimmig überein, als über die Tatsache, daß es in unserem eigenen lebenswichtigsten Interesse liegt, Großbritannien und anderen Opfern der Aggression das Maximum an materieller Unterstützung in der kürzestmöglichen Zeit zu geben."
"406","1934-07-16","Zeitung","Archiv der Gegenwart, Bd. 4, 16.07.1934, S. 1532 [ff.]. Zit. n. CD-ROM-Ausgabe 2001.","Die Tabelle zeigt, daß der Preisunterschied der Betriebsstoffe gegenüber dem Betriebsstrom in den einzelnen europäischen Ländern (mit Ausnahme der Schweiz) größer ist als in England, die wirtschaftlichen Vorteile des Drahtbusbetriebes auf dem europäischen Festland somit mindestens ebenso groß sind als in England."
"407","1939-12-31","Gebrauchsliteratur","Hahn, Christian Diederich: Bauernweisheit unterm Mikroskop, Oldenburg i.O.: Stalling 1943 [1939], S. 330","Ihre Odalshöfe lagen entweder einsam mitten im Lande oder beieinander in weitläufig angelegten Dörfern."
"408","1941-11-10","Zeitung","Archiv der Gegenwart, Bd. 11, 10.11.1941, S. 5266 [ff.]. Zit. n. CD-ROM-Ausgabe 2001.","König Christian von Dänemark hielt am 1. November anläßlich einer Versammlung von Studenten zum erstenmal seit der Okkupation des Landes eine öffentliche Rede, in der er u.a.. den Wunsch aussprach, Dänemark seinem Sohn so frei überlassen zu können, wie er es einst übernommen habe."
"409","1945-03-08","Zeitung","Archiv der Gegenwart, Bd. 15, 08.03.1945, S. 131 [ff.]. Zit. n. CD-ROM-Ausgabe 2001.","[...] eines Staates in die inneren oder äußeren Angelegenheiten eines anderen (Siebente Internationale Konferenz der amerikanischen Staaten, 1933 und Interamerikanische Konferenz für die Aufrechterhaltung des Friedens 1936); c) die Feststellung daß jeder Krieg und jede Kriegsdrohung unmittelbar oder mittelbar alle zivilisierten Völker berührt und die großen Prinzipien der Freiheit und Gerechtigkeit gefährdet, die das Ideal und die Grundlagen der amerikanischen internationalen Politik darstellen (Interamerikanische Konferenz für die Aufrechterhaltung des Friedens 1936); d) das Verfahren wechselseitiger Beratungen zur Feststellung von Mitteln friedlicher Zusammenarbeit im Falle eines Krieges oder einer Kriegsdrohung zwischen amerikanischen Ländern (Interamerikanische Konferenz für die Aufrechterhaltung des Friedens 1936); e) die Feststellung, daß jede Handlung, die geeignet ist den Frieden Amerikas zu bedrohen, jede einzelne amerikanische Nation berührt und die Einleitung des Beratungsverfahrens rechtfertigt (Interamerikanische Konferenz für die Aufrechterhaltung des Friedens 1936); f) daß jede Differenz oder Streitigkeit zwischen amerikanischen Nationen ohne Rücksicht auf ihren Charakter oder Ursprung durch Methoden der Versöhnung oder voller Schlichtung oder durch internationale Rechtsprechung beigelegt werden soll (Interamerikanische Konferenz für die Aufrechterhaltung des Friedens 1936); g) die Feststellung, daß die [...]"
"410","1933-03-02","Zeitung","Vossische Zeitung (Abend-Ausgabe), 02.03.1933","Die Vorschläge halten sich innerhalb der Grenzen, die der Verfassungsgesetzgebung der Länder heute noch unter Artikel 17 der Reichsverfassung gezogen sind."
"411","1940-12-31","Wissenschaft","Jahresberichte für deutsche Geschichte, 1940, S. 416","Der Abt von Neuzelle hatte die gleiche Stellung wie die übrigen Standesherrschaften, als geistlicher Stand sogar noch gewisse Ehrenvorrechte, mußte jedoch seit der Reformation als einziger katholischer Stand seinen Mitständen beim Regierungsantritt in Form eines Reverses bestimmte Versicherungen für die Rechte und Privilegien seines Landes und seiner Untertanen abgeben; über diesen Revers kam es wiederholt zu Streitigkeiten, bei denen sich der Kaiser also oberste Instanz für das Stift, der Kurfürst von Sachsen aber vermittelnd einsetzte."
"412","1940-12-31","Wissenschaft","Jahresberichte für deutsche Geschichte, 1940, S. 404","Prof. E. Meyer † stellt ausführlich das einstige Schützenwesen im Posener Land <2168> von den Anfängen der Überlieferung (1537) dar."
"413","1940-06-11","Zeitung","Archiv der Gegenwart, Bd. 10, 11.06.1940, S. 4569 [ff.]. Zit. n. CD-ROM-Ausgabe 2001.","Soldaten zu Lande, zu Wasser und in der Luft vereint mit euch wie nie zuvor, bin ich sicher, daß euer Mut und die Vaterlandsliebe des italienischen Volkes unserem ruhmreichen Waffen noch einmal den Sieg zu sichern vermögen."
"414","1940-04-23","Zeitung","Archiv der Gegenwart, Bd. 10, 23.04.1940, S. 4506 [ff.]. Zit. n. CD-ROM-Ausgabe 2001.","Einer Reuter-Meldung zufolge machte Lord Halifax am 20. April dem sowjetrussischen Botschafter in London, Maiski, die Mitteilung, daß Großbritannien bereit sei, in die von Maiski vor drei Wochen angeregten Vorbesprechungen über ein neues Handelsabkommen einzutreten und im Hinblick auf den Krieg die Möglichkeit eines solchen Handelsabkommens zwischen den beiden Ländern zu prüfen."
"415","1941-01-01","Zeitung","Archiv der Gegenwart, Bd. 11, 01.01.1941, S. 4831 [ff.]. Zit. n. CD-ROM-Ausgabe 2001.","Das neue Deutschland, das entschlossen war, diese das Volk und Land zum totalen Ruin führende Erpressung nicht mehr länger zu dulden, erweckte daher ihren besonderen Zorn und Haß."
"416","1938-12-31","Gebrauchsliteratur","Harmjanz, Heinrich: Ostpreußische Bauern, Königsberg: Reichsnährstand Verl. Ges. 1939 [1938], S. 72","Unter ihm kamen einigermaßen geordnete Verhältnisse ins Land."
"417","1940-12-31","Belletristik","Schaper, Edzard: Der Henker, Zürich: Artemis 1978 [1940], S. 614","Dieses alles meinte ich am ehesten in dem Land finden zu können, in das ich geflohen war, in Deutschland."
"418","1934-01-24","Zeitung","Archiv der Gegenwart, Bd. 4, 24.01.1934, S. 1245 [ff.]. Zit. n. CD-ROM-Ausgabe 2001.","Der Währungsrückgang in verschiedenen Ländern hat die Schuld beträchtlich ermäßigt. (L. B. 807 A.)"
"419","1939-07-07","Zeitung","Archiv der Gegenwart, Bd. 9, 07.07.1939","Der persönliche Meinungsaustausch, den Minister Steenberghe in überaus dankenswerter Weise angebahnt habe, werde dazu beitragen, die guten Wirtschaftsbeziehungen zwischen den beiden Ländern noch enger und erfolgreicher zu gestalten."
"420","1939-12-31","Wissenschaft","Jahresberichte für deutsche Geschichte, 1939, S. 616","Der Eindruck, daß in der neuen lettischen Geschichtsschreibung tatsächlich Bestrebungen dieser Art vorliegen, wird noch verstärkt durch die aus der Feder desselben Verf.'s stammenden Darlegungen zur Frühgeschichte des Landes, deren wissenschaftliche Unhaltbarkeit die Rezensionen Nordmanns <32,33> klarlegen."
"421","1939-01-08","gesprochen","o.A., Kundgebung in Znaim anlässlich der Aufteilung sudetendeutscher Gebiete in NSDAP-Gaue Nieder- und Oberdonau, Schlesien und Bayerische Ostmark, 08.01.1939","Südböhmen, das Land Witikos, das Land der Rosenberge ist in der deutschen Geschichte ein Kulturbegriff."
"422","1936-03-01","Zeitung","Völkischer Beobachter (Berliner Ausgabe), 01.03.1936","Auch aus den angrenzenden Ländern, Tschechoslowakei und Österreich, dürfte der Besuch um 30 bis 50 v.H. zunehmen."
"423","1940-10-24","Zeitung","Archiv der Gegenwart, Bd. 10, 24.10.1940, S. 4748 [ff.]. Zit. n. CD-ROM-Ausgabe 2001.","Einwohnern übernommen, von Finnland annähernd 44400 Quadratkilometer mit einer Bevölkerung von ursprünglich etwa 500000 Einwohnern, die aber zu einem unbekannten Teil das Land verlassen haben und umgesiedelt worden sind, von Rumänien 50400 Quadratkilometer mit 3,7 Mill."
"424","1945-12-06","Zeitung","Archiv der Gegenwart, Bd. 15, 06.12.1945, S. 557 [ff.]. Zit. n. CD-ROM-Ausgabe 2001.","Vor dem Kriege waren die Länder des Sterlingblocks vollkommen frei, ihre Guthaben jederzeit in irgendeine andere Währung auch außerhalb des Sterlingblocks umzuwandeln."
"425","1933-01-08","Zeitung","Archiv der Gegenwart, Bd. 3, 08.01.1933, S. 644 [ff.]. Zit. n. CD-ROM-Ausgabe 2001.","Die Städte müßten von den Parasiten gereinigt werden; neuer Zuzug vom Lande sei in Folge der schwierigen Lebensmitteiversorgung unerwünscht."
"426","1934-03-06","Zeitung","Archiv der Gegenwart, Bd. 4, 06.03.1934, S. 1317 [ff.]. Zit. n. CD-ROM-Ausgabe 2001.","Frankreich 650.00026 (da- 5 277 14.800 17.900 (im Mutter- darunter runter (dar. land) 38.090 Gen- 5 far- 57 farb. darmerie big) 29.530 Hilfstruppen"
"427","1934-03-02","Zeitung","Völkischer Beobachter (Berliner Ausgabe), 02.03.1934","Die Geschichte dieser Auswanderungen wird behandelt werden, wobei sich ergibt, daß die großen Wanderungen der Germanen und die Ostwanderung der Deutschen im Mittelalter ganz planmäßig vor sich gegangen sind, während die größten Wanderungen aller Zeiten im 19. Jahrhundert 6 Millionen Deutsche ganz wahllos und zusammenhanglos über alle Länder der Welt zerstreute."
"428","1940-04-07","Zeitung","Archiv der Gegenwart, Bd. 10, 07.04.1940, S. 4485 [ff.]. Zit. n. CD-ROM-Ausgabe 2001.","Sie hätten bezüglich der Länder, die ihre Neutralitätsverpflichtungen gewissenhaft erfüllen, nicht den Charakter einer Schikane."
"429","1939-12-31","Wissenschaft","Elias, Norbert: Über den Prozeß der Zivilisation - Soziogenetische und psychogenetische Untersuchungen Bd. 1, Frankfurt a. M.: Suhrkamp 1992 [1939], S. 92","Und dann lassen diese Leute als Menschen überhaupt nur die Adligen ihres eignen Landes gelten."
"430","1941-03-03","Zeitung","Archiv der Gegenwart, Bd. 11, 03.03.1941, S. 4915 [ff.]. Zit. n. CD-ROM-Ausgabe 2001.","""Ich mache auf den Umstand aufmerksam, daß in der Präambel der Erklärung gesagt wird, sie schaffe einen neuen Zustand hinsichtlich der bestehenden vertraglichen Verpflichtungen der beiden Länder gegenüber anderen Vertragsparteien."
"431","1936-11-29","Zeitung","Archiv der Gegenwart, Bd. 6, 29.11.1936","Den einzelnen Landes und Kreisbauernschaften falle daher in Zukunft eine viel größere Bedeutung und eine stärkere Verantwortung zu."
"432","1944-01-01","Gebrauchsliteratur","Böttner, Johannes: Gartenbuch für Anfänger, Frankfurt (Oder) u. a.: Trowitsch & Sohn 1944 [1895], S. 122","Frischgegrabenes Land ist frisch und feucht, und das ist notwendig, wenn die Bohnen schnell keimen sollen."
"433","1936-08-31","Zeitung","Archiv der Gegenwart, Bd. 6, 31.08.1936, S. 2706 [ff.]. Zit. n. CD-ROM-Ausgabe 2001.","Länder 5,4 5,9 2,2 2,8"
"434","1937-12-31","Wissenschaft","Jahresberichte für deutsche Geschichte, 1937, S. 457","Denn wenn es nach ihm gegangen wäre, würde Hildesheim der Regierungssitz geworden sein, und das Land hätte seinen Namen vielleicht danach erhalten."
"435","1938-02-09","Zeitung","Archiv der Gegenwart, Bd. 8, 09.02.1938, S. 3416 [ff.]. Zit. n. CD-ROM-Ausgabe 2001.","Von zuständiger Seite wurde zu den in der Auslandpresse veröffentlichten Nachrichten über die Ablehnung jüdischer Bücher und Musikstücke in Italien erklärt, daß es in Italien, wie in fast allen Ländern, eine antisemitische Bewegung gebe, die aber sehr gemäßigt sei, da es in Italien keine eigentliche jüdische Frage gebe."
"436","1941-02-05","Zeitung","Archiv der Gegenwart, Bd. 11, 05.02.1941","Hierauf verlas Haile Selassie eine Proklamation, die in Vervielfältigungen über dem ganzen Land abgeworfen wurde."
"437","1938-10-16","Zeitung","Archiv der Gegenwart, Bd. 8, 16.10.1938, S. 3765 [ff.]. Zit. n. CD-ROM-Ausgabe 2001.","Die Pläne, die der Erreichung dieses Zieles dienen, sehen eine Erweiterung des Handelsumfanges der beiden Länder vor, ferner die Durchführung konstruktiver wirtschaftlicher Aufgaben, Erhöhung der Produktion, Verbesserung des Verkehrs sowie der allgemeinen Methoden des deutsch-bulgarischen Güteraustausches."
"438","1943-06-13","Zeitung","Archiv der Gegenwart, Bd. 13, 13.06.1943, S. 5973 [ff.]. Zit. n. CD-ROM-Ausgabe 2001.","Auch wird jetzt der Verleumdung ein Ende gemacht, daß die kommunistischen Parteien in den verschiedenen Ländern nicht im Interesse ihres Volkes handelten, sondern nach Weisungen aus dem Ausland vorgingen."
"439","1944-01-01","Gebrauchsliteratur","Böttner, Johannes: Gartenbuch für Anfänger, Frankfurt (Oder) u. a.: Trowitsch & Sohn 1944 [1895], S. 128","Es wird vom 5. bis 10. Mai gleich in das freie Land gesät."
"440","1937-12-31","Belletristik","Klepper, Jochen: Der Vater, Gütersloh: Bertelsmann 1962 [1937], S. 688","Es wurde belächelt, daß der Kurfürst von Brandenburg noch jeden Tag getreulich und pünktlich zu dem Scheinkonsilium sich einfand und daß er, der doch in seinem Lande als der unnachsichtigste Lehrmeister galt, hier der unersättlichste Schüler war."
"441","1943-06-12","Zeitung","Archiv der Gegenwart, Bd. 13, 12.06.1943, S. 5973 [ff.]. Zit. n. CD-ROM-Ausgabe 2001.","Die vorgesehene Erklärung, daß künftig die Vernichtung aller Lebensmittelüberschüsse grundsätzlich verhindert werden solle, wurde auf den Einspruch Brasiliens hin fallen gelassen, da die brasilianische Delegation am 1. Juni darauf hinwies, daß sie gezwungen gewesen sei, 75 Millionen Säcke Kaffee eine Menge, die genügt hätte, um den Weltbedarf während dreier Jahre zu decken - wegen unübersteigbarer Zollmauern zu vernichten; als Brasilien nämlich den Kaffee unter dem Gestehungspreis verkauft habe, hätten einige Länder Einfuhrzölle und Taxen erhoben, die den brasilianischen Exportpreis um das Fünfundzwanzigfache überstiegen hätten."
"442","1940-12-31","Belletristik","Schaper, Edzard: Der Henker, Zürich: Artemis 1978 [1940], S. 426","Es war Blutzeit im Lande, es war Henkerszeit."
"443","1943-09-24","Zeitung","Archiv der Gegenwart, Bd. 13, 24.09.1943","Zum höchsten Wohl des Vaterlandes, das stets mein Leitgedanke und Lebenszweck war, habe ich das Waffenstillstandsgesuch bewilligt, um dem Land weitere noch schwerere Leiden und Opfer zu ersparen."
"444","1941-12-15","Zeitung","Archiv der Gegenwart, Bd. 11, 15.12.1941, S. 5317 [ff.]. Zit. n. CD-ROM-Ausgabe 2001.","Unsere Politik stützt sich auf eine Grundwahrheit, daß nämlich die Verteidigung jedes Landes, das Hitler und Japan Widerstand leistet, letzten Endes der Verteidigung unseres eigenen Landes gleichkommt."
"445","1940-06-17","Zeitung","Archiv der Gegenwart, Bd. 10, 17.06.1940, S. 4579 [ff.]. Zit. n. CD-ROM-Ausgabe 2001.","In Nordafrika sind zu Lande in der Luft und zur See Aktionen gegen die englischen Streitkräfte mit günstigem Ergebnis in voller Entwicklung."
"446","1939-06-08","Zeitung","Archiv der Gegenwart, Bd. 9, 08.06.1939","Ich habe mit großem Bedauern bemerkt, daß solche Behauptungen fortgesetzt gemacht werden, trotz meiner und des Außenministers ausdrücklichen Feststellungen im gegenteiligen Sinne in meinen Reden in der Albert Hall am 12. Mai (4062 K) und während der Debatte am 12. Mai (4073 B) stellte ich fest, daß alle Vermutungen phantastisch sind, daß wir Deutschland zu isolieren wünschen oder einer natürlichen und legitimen Ausbreitung seines Handels in Mittel- und Südosteuropa im Wege stehen oder daß wir irgendeine Verschwörung gegen Deutschland planen mit dem Gedanken, gegen dieses Land Krieg zu führen."
"447","1945-10-06","Zeitung","Süddeutsche Zeitung, 1995 [1945]","""Es gibt heute natürlich viele Städter, die sich nur über den Winter bei einem Bauern herausfüttern wollen und ihre Tätigkeit auf dem Land nur als vorübergehende Notlösung betrachten."
"448","1945-10-02","Zeitung","Archiv der Gegenwart, Bd. 15, 02.10.1945, S. 458 [ff.]. Zit. n. CD-ROM-Ausgabe 2001.","Durch seine Weigerung, unter der Okkupation zu regieren, habe er die Ehre und das Recht seines Landes auf Unabhängigkeit gerettet."
"449","1937-01-21","Zeitung","Archiv der Gegenwart, Bd. 7, 21.01.1937","Die Einfuhr betrug im Jahre 1936 (1935) aus den eigenen Kolonien 7,25 (5,41), aus fremden Ländern 18,15 (15,57)."
"450","1939-12-31","Wissenschaft","Jahresberichte für deutsche Geschichte, 1939, S. 530","Vor allem vertritt er die Auffassung, daß der in der Römerzeit vor dem Limes bewußt geschaffene Grenzödgürtel im wesentlichen auch von den Alamannen als Schutzstreifen gegen die Burgunden beibehalten wurde; demnach wäre das Gebiet des heutigen württembergischen Franken zum großen Teil erst von den Franken, denen K. auffälligerweise wieder alle Ortsnamen auf -- heim zuweist, aufgesiedelt worden, nachdem sie das Land den Alamannen abgenommen hatten."
"451","1935-03-12","Zeitung","Archiv der Gegenwart, Bd. 5, 12.03.1935, S. 1929 [ff.]. Zit. n. CD-ROM-Ausgabe 2001.","Für einzelne oder mehrere Verwaltungsbezirke innerhalb eines Landes, bezw. der Stadt Wien kann der Landeshauptmann (Bürgermeister der Stadt Wien) nach Anhörung des Gewerbebundes und des Landesgewerbeverbandes durch Verordnung Bezirksgewerbeverbände bilden."
"452","1940-12-31","Gebrauchsliteratur","Rhein, Eduard: Du und die Elektrizität, Berlin: Ullstein 1956 [1940], S. 454","Die Selbstanschlußtechnik ist das Land der unbegrenzten Möglichkeiten."
"453","1940-07-10","Zeitung","Archiv der Gegenwart, Bd. 10, 10.07.1940, S. 4612 [ff.]. Zit. n. CD-ROM-Ausgabe 2001.","Der Admiral a. D. Muselier wird vor den Gerichten seines Landes zur Rechenschaft gezogen werden. (L. B. Frankreich: Wehrmacht 4611 B, Außenpolitik 4608 C England: Wehrmacht 4611 B, Außenpolitik 4608 C.)"
"454","1941-03-17","Zeitung","Archiv der Gegenwart, Bd. 11, 17.03.1941, S. 4934 [ff.]. Zit. n. CD-ROM-Ausgabe 2001.","Und wenn die Diktaturen zerfallen -- gebe Gott, daß das früher sein wird, als wir jetzt zu hoffen wagen --, dann muß unser Land weiterhin seine große Rolle in der Zeit des Wiederaufbaues der Welt spielen."""
"455","1945-05-24","Zeitung","Tägliche Rundschau, 24.05.1945","Mit diesen großen Vorzügen erschließt sich der ausländische Film und hoffentlich auch bald der neue deutsche Film ein Absatzgebiet, das über die Grenzen des eigenen Landes hinausgeht."
"456","1945-12-04","Zeitung","Süddeutsche Zeitung, 1995 [1945]","Deine Ration erhält dich am Leben, doch wirst du nie das Körpergewicht dessen erreichen, der so Furchtbares auf dem Lande erdulden mußte."
"457","1933-08-28","Zeitung","Archiv der Gegenwart, Bd. 3, 28.08.1933, S. 1001 [ff.]. Zit. n. CD-ROM-Ausgabe 2001.","Die Arbeiter dieses Landes hätten den Generalstreik zu erklären, die Arbeiter der anderen Länder den Boykott gegen das betreffende Land durchzuführen. (L.B. 885 D.)"
"458","1935-03-01","Zeitung","Völkischer Beobachter (Berliner Ausgabe), 01.03.1935","Als einzige Partei des Landes ist die ""Republikanische Volkspartei"" das nationale Fundament des Parlaments, wobei die Gleichschaltung von Partei und Staat nicht nur durch die gemeinsame Führung durch Kemal Atatürk, sondern auch beispielsweise durch den Umstand ausgedrückt wird, daß sowohl die Legislaturperiode der Nationalversammlung vier Jahre beträgt, als auch die richtunggebenden Kongresse der Volkspartei alle vier Jahre abgehalten werden."
"459","1938-11-30","Zeitung","Archiv der Gegenwart, Bd. 8, 30.11.1938, S. 3828 [ff.]. Zit. n. CD-ROM-Ausgabe 2001.","Zum Vorsitzenden der Regierung des Landes Slowakei wurde Monsignore Dr. Josef Tiso ernannt und mit der Leitung der Angelegenheiten betraut, die in der Slowakei in das Ressort des Ministeriums des Innern, für soziale Fürsorge und öffentliches Gesundheitswesen fallen, zu Mitgliedern der Regierung des Landes Slowakei wurden Abgeordneter Paul Teplansky, Rechtsanwalt Dr. Ferdinand Durcansky, Professor Matusch Cernak und Abgeordneter Dr. Milosch Vanco ernannt."
"460","1933-01-17","Zeitung","Archiv der Gegenwart, Bd. 3, 17.01.1933, S. 655 [ff.]. Zit. n. CD-ROM-Ausgabe 2001.","Land 1932 1928 Ver. Staaten 34,5 44,8 Canada 2,0 2,2 Rußland 14,9 4,7 Tschechoslow. - 1,6 England 11,2 9,3 Schweden 1,2 0,9 Deutschland 8,9 11,6 Belgien 1,1 1,1 Frankreich 7,0 7,0 Österreich 0,6 0.6 Japan 3,7 2,4 Polen 0,6 0,8 Italien 3,4 3,2 Ungarn 0,4 0,4 Indien, Brit. 2,1 1,3 Chile 0,2 0,2"
"461","1945-07-16","Zeitung","Archiv der Gegenwart, Bd. 15, 16.07.1945","Allen antifaschistisch-demokratischen Organisationen im ganzen Lande wird empfohlen, sich zwecks einer gemeinsamen Aufbauarbeit zusammenzuschließen ebenso wie dies von den Zentralorganisationen getan wurde."
"462","1945-12-28","Zeitung","Süddeutsche Zeitung, 1995 [1945]","Der Winter wird hart sein, da keine Kohle für die Heizung von Räumen vorhanden ist, aber es wird nicht härter sein als die Winter, die jene Länder erduldeten, die von Deutschland besetzt waren."
"463","1944-02-05","Zeitung","Archiv der Gegenwart, Bd. 14, 05.02.1944, S. 6266 [ff.]. Zit. n. CD-ROM-Ausgabe 2001.","""Ich kann Ihnen hierauf nichts Genaueres antworten, aber es ist anzunehmen, daß die sowjetischen Truppen bald in Länder einrücken werden, die außerhalb der Sowjetunion liegen."
"464","1940-03-25","Zeitung","Tribüne, 1940, Nr. 8","Für ihn werden Essen und Kleidung verschlechtert, das Land wird abgeschlossen von der Welt, wird ein einziges Kriegslager - mit den dazugehörigen schlechten Sitten, der Unehrlichkeit, Unwissenheit, sittlichen Unempfindlichkeit; und entsetzlich vereinsamt ist dort jeder fühlende, denkende Mensch."
"465","1945-05-03","Zeitung","Archiv der Gegenwart, Bd. 15, 03.05.1945, S. 212 [ff.]. Zit. n. CD-ROM-Ausgabe 2001.","Ferner erklärte der Ministerpräsident, die provisorische Regierung sei seitens der Tschechoslowakei und Jugoslawiens anerkannt, die ersten Anfänge einer Zusammenarbeit mit Italien, Schweden und anderen Ländern seien eingeleitet."
"466","1935-03-08","Zeitung","Archiv der Gegenwart, Bd. 5, 08.03.1935, S. 1922 [ff.]. Zit. n. CD-ROM-Ausgabe 2001.","Es gebe niemanden in Wien, dem nicht bekannt sei, daß jene wider besseres Wissen reden und handeln, die behaupten daß blutgierige Diktaturgelüste bei der Führung des Staates am Werke sind, um die Arbeiterschaft zu knechten; es gebe niemanden, der nicht wüßte, daß sich die Staatsführung im Interesse der arbeitsfähigen Bevölkerung wehren müsse, wenn das Land nicht neuerdings in Brand gesteckt werden solle."
"467","1943.0","Gebrauchsliteratur","§ 1 Ausführungsanordnung zur Konzessionsabgabenanordnung (KAEAAnO), 1943.","Den Gemeindeverbänden stehen die Reichsgaue als Selbstverwaltungskörperschaften und die Länder, den Zweckverbänden die Zusammenschlüsse des öffentlichen und privaten Rechts gleich, an denen ausschließlich Länder, Reichsgaue, Gemeindeverbände, Gemeinden, Zweckverbände oder sonstige Zusammenschlüsse von Körperschaften oder Vereinigungen der genannten Art beteiligt sind."
"468","1937-12-31","Belletristik","Klepper, Jochen: Der Vater, Gütersloh: Bertelsmann 1962 [1937], S. 203","Nun fuhr er heim, schwieg von dem Glanz der Waffen und dem Wetterleuchten der Fahnen - und erbat sich ein gewaltiges Stück wüsten Landes im ödesten Osten zum wunderlichen Unterpfande ihrer Fürstenfreundschaft."
"469","1941-12-31","Gebrauchsliteratur","Wiehle, Hermann u. Harm, Marie: Lebenskunde für Mittelschulen - Klasse 3, Halle u. a.: Schroedel u. a. 1941, S. 53","Alle die verschiedenen Verordnungen der einzelnen Länder sind damit gleichgeschaltet, und die Jagdvorschriften sind zum ersten Male vom Standpunkte des weidgerechten deutschen Jägers aus gegeben worden."
"470","1939-12-31","Gebrauchsliteratur","Hahn, Christian Diederich: Bauernweisheit unterm Mikroskop, Oldenburg i.O.: Stalling 1943 [1939], S. 339","Später kamen auch die größeren Bauern in eine wirtschaftliche Notlage und mußten Land verkaufen, weil sie zu ungünstigen Zeiten zu hohe Erbteile an viele Kinder auszuzahlen hatten und sie die Zinsen und Lasten für die Hypotheken nicht aufbringen konnten."
"471","1936-12-31","Wissenschaft","Jahresberichte für deutsche Geschichte, 1936, S. 680","Der erste Band behandelt das Land ob der Enns vor der Glaubensspaltung 1490--1525 und gibt eine minutiöse Darstellung der kirchlichen Verfassung, des religiösen Lebens, der Zustände im Klerus, der Stände und schließlich der Anfänge des Luthertums bis 1525. --Zibermayrs Arbeit über das oberösterreichische Landesmuseum wurde schon oben S. 675 besprochen."
"472","1944-06-17","Zeitung","Archiv der Gegenwart, Bd. 14, 17.06.1944, S. 6414 [ff.]. Zit. n. CD-ROM-Ausgabe 2001.","Es gibt Rüstungsindustrien in anderen Ländern, in denen die Rüstung auch mit scharfen Mitteln aber durch Nichttechniker befohlen wird."
"473","1939-07-20","gesprochen","o.A., Ansprache vor Rekruten am Ehrenmal in Tannenberg, 20.07.1939","So alt, wie diese Fähnriche des Heeres heute sind oder so jung, aber sie verstanden zu sterben, weil sie wussten, wofür sie starben, für ihr Land."
"474","1945-07-29","Zeitung","Archiv der Gegenwart, Bd. 15, 29.07.1945","Die Regierung beabsichtige daher -- nachdem sie vorher die Ansicht der Konsultativversammlung, die sie unbedingt respektieren wird, gehört habe --, dem Lande eine provisorische Lösung vorzuschlagen, von der sie"
"475","1940-05-21","Zeitung","Archiv der Gegenwart, Bd. 10, 21.05.1940, S. 4546 [ff.]. Zit. n. CD-ROM-Ausgabe 2001.","""Zum ersten Male spreche ich als Premierminister in der feierlichen Stunde des Lebens unseres Landes und unseres Kampfes unserer Alliierten und vor allem der Sache des Friedens."
"476","1935-10-25","Zeitung","Archiv der Gegenwart, Bd. 5, 25.10.1935, S. 2275 [ff.]. Zit. n. CD-ROM-Ausgabe 2001.","Der Reichsinnenminister hat die Beseitigung der Hoheitsgrenzstöcke der deutschen Länder angeordnet, die nach dem Wegfall der Eigenstaatlichkeit ihre Bedeutung verloren haben."
"477","1945-10-06","Zeitung","Süddeutsche Zeitung, 1995 [1945]","Länder mit geschwächten Industrien würden keinen unkontrollierten Welthandel annehmen wollen, weil sie fürchteten, daß die amerikanische Industrie aus dem Krieg gestärkt hervorgeht."
"478","1934-03-02","Zeitung","Völkischer Beobachter (Berliner Ausgabe), 02.03.1934","Polen soll dafür die Durchfahrt von Tieren und tierischen Erzeugnissen nach den westeuropäischen Ländern unter Wahrung der veterinärpolizeilichen Erfordernisse zugestanden werden."
"479","1937-03-01","Zeitung","Völkischer Beobachter (Berliner Ausgabe), 01.03.1937","Im fröhlichen Kameradenkreis fanden sich die deutschen Finnlandkämpfer, die seinerzeit in Finnland gegen den Bolschewismus kämpften, mit den Freunden dieses Landes und zahlreichen Angehörigen der Finnischen Kolonie zusammen."
"480","1933-11-20","Zeitung","Aschaffenburger Zeitung, 20.11.1933","Neuburg, 19. Nov. Ministerpräsident Siebert sprach bei der großen Kundgebung auf dem Kasernenplatz, wo die SA. von Neuburg und Umgebung, NSBO.-Abordnungen aus ganz Bayern und Stahlhelm, Hitlerjugend, sowie eine unübersehbare Zuhörerschaft aus Stadt und Land sich eingefunden hatte, zunächst seinen Dank aus für die Ehrung, die ihm in Neuburg a. D. durch die Ueberreichung der Ehrenbürgerurkunde bereitet worden sei."
"481","1943-12-31","Belletristik","Seghers, Anna: Transit, Gütersloh: Bertelsmann 1995 [1943], S. 170","Ich dachte, daß sie vielleicht seiner spotte, weil er sie mitgeschleppt hatte quer durch das ganze Land, jetzt aber ohne sie über das Meer fuhr."
"482","1938-09-26","Zeitung","Archiv der Gegenwart, Bd. 8, 26.09.1938, S. 3733 [ff.]. Zit. n. CD-ROM-Ausgabe 2001.","Das Volk dieses Landes ist eigentlich in den letzten Jahrzehnten niemals um seine eigene Meinung gefragt worden."
"483","1945-11-17","Zeitung","Archiv der Gegenwart, Bd. 15, 17.11.1945, S. 528 [ff.]. Zit. n. CD-ROM-Ausgabe 2001.","Auch gegen die Serben und gegen kroatische Katholiken, die die Freiheit ihres Landes liebten, haben sie sich manches zuschulden kommen lassen."
"484","1945-09-19","Zeitung","Archiv der Gegenwart, Bd. 15, 19.09.1945, S. 440 [ff.]. Zit. n. CD-ROM-Ausgabe 2001.","Dank der Bewegung herrscht in Spanien nicht ein materielles und moralisches Chaos, wie in so manchen Ländern."
"485","1937-12-31","Wissenschaft","Jahresberichte für deutsche Geschichte, 1937, S. 310","[...] Während in Egelhaafs »Historisch-politischer Jahresübersicht«, bearbeitet von O. Liermann <1381>, die Ereignisse des Jahres in drei großen Kapiteln (Internationale Politik, Deutsche Innenpolitik, Übersicht über die politischen und wirtschaftlichen Verhältnisse des Auslandes) unter wörtlicher Einfügung wichtiger Quellenstücke (z. B. Hitlers Reichstagsrede vom 21. Mai 1935) und unter Beigabe von zahlreichen Literaturhinweisen zusammenhängend dargestellt sind, hat der Bearbeiter von Schultheß' »Europäischem Geschichtskalender«, U. Thürauf <1382>, bei jedem Lande die Geschehnisse in rein chronologischer Folge datenmäßig aneinandergereiht (den Abschluß bilden die Abschnitte: Völkerbund, Diplomatischer Anhang, Internationales); aber auch er hat sich nicht auf die bloße Aufzählung der Tatsachen beschränkt, sondern gibt ebenso wie Liermann sehr ausführliche wörtliche Auszüge aus Reden, amtlichen Verlautbarungen, Gesetzen usw. [...]"
"486","1937-12-07","Zeitung","Archiv der Gegenwart, Bd. 7, 07.12.1937, S. 3327 [ff.]. Zit. n. CD-ROM-Ausgabe 2001.","Zwischen Finnland und den skandinavischen Ländern gäbe es keine unlösbaren Interessengegensätze."
"487","1935-12-31","Belletristik","Flake, Otto: Scherzo. In: ders., Lichtenthaler Allee, Gütersloh: Mohn 1965 [1935], S. 366","Die Pension war klein; im Eßzimmer standen nur vier Tafeln, besetzt von einer Schar von Gästen aus Pommern oder Mecklenburg, in jedem Fall aus dem Land der Rittergüter."
"488","1937-12-31","Belletristik","Klepper, Jochen: Der Vater, Gütersloh: Bertelsmann 1962 [1937], S. 750","Mit diesem einen Kinde hätte er neu beginnen dürfen; es war nicht mehr gezeichnet von dem, was um seine Geburt auf dem Hause und dem Land gelastet hatte und ihm um des Vaters willen den bitteren Namen gab: Das Kind der Schmerzen."
"489","1938-11-08","Zeitung","Archiv der Gegenwart, Bd. 8, 08.11.1938","Ich werde als verantwortlicher Führer die Nation auf Gefahren aufmerksam machen, und ich sehe eine Gefahr darin, daß in anderen Ländern eine ununterbrochene Kriegshetze getrieben wird."
"490","1933-04-07","Zeitung","Archiv der Gegenwart, Bd. 3, 07.04.1933, S. 779 [ff.]. Zit. n. CD-ROM-Ausgabe 2001.","Der Zahlungsverkehr von Land zu Land müsse wieder von seinen Fesseln befreit werden."
"491","1939-12-31","Wissenschaft","Jahresberichte für deutsche Geschichte, 1939, S. 514","Die Besetzung des Landes durch die Franzosen, Krankheit des Fürsten, Intrigen des Präsidenten v. Hammerer, Korrespondenzen des Sohnes Grafen Adolf von Ottweiler an die seit 1794 verwitwete Fürstin aus dem russischen Feldzug von 1812 u. a. m. würzen die Lektüre dieser gefälligen Darstellung."
"492","1940-03-13","Zeitung","Völkischer Beobachter (Berliner Ausgabe), 13.03.1940","Auf dem Lande bewirkte die unaufhaltsam vordringende Besiedlung, der Wille, Platz zum Leben für unser Volk zu gewinnen, daß fast kein Stückchen Erde blieb, wo nicht irgendwie Hand angelegt wäre."
"493","1935-04-06","Zeitung","Archiv der Gegenwart, Bd. 5, 06.04.1935","Die Bestimmungen über die Numerierung der Kandidatenlisten besagen, daß sowohl für die Wahlen in das Abgeordnetenhaus und in den Senat als auch für Landes und Bezirkswahlen die Stärke der Parteien bei den letzten Kammerwahlen für die Reihenfolge der Listen maßgebend ist."
"494","1936-03-03","Zeitung","Völkischer Beobachter (Berliner-Ausgabe), 03.03.1936","Die Vertretung der syrischen Interessen in allen anderen Ländern soll den französischen Konsuln überlassen bleiben."
"495","1938-08-28","Zeitung","Archiv der Gegenwart, Bd. 8, 28.08.1938, S. 3694 [ff.]. Zit. n. CD-ROM-Ausgabe 2001.","Mögen die Parteien anderer Länder die Massen des Volkes gegeneinander aktivieren -- in Deutschland aktiviere eine Partei das Volk für eine Gemeinschaft."
"496","1945-02-13","Zeitung","Archiv der Gegenwart, Bd. 15, 13.02.1945, S. 6690 [ff.]. Zit. n. CD-ROM-Ausgabe 2001.","In eine Erklärung über die gewünschte politische Entwicklung in den von den Alliierten ""befreiten"" Ländern heißt es, diese Staaten müßten ihre dringenden politischen und wirtschaftlichen Probleme ""mit demokratischen Mitteln"" lösen."
"497","1933-11-14","Zeitung","Archiv der Gegenwart, Bd. 3, 14.11.1933, S. 1134 [ff.]. Zit. n. CD-ROM-Ausgabe 2001.","Über den jährlichen Tabakverbrauch in einzelnen Ländern werden in einem Artikel von Dr. Tollenaar, den die Amsterdamsche Bank veröffentlicht, folgende Angaben gemacht:"
"498","1945-11-20","Gebrauchsliteratur","o. A.: Erster Tag. Dienstag, 20. November 1945. In: Der Nürnberger Prozeß, Berlin: Directmedia Publ. 1999 [1945], S. 1266","7. In den besetzten Teilen der USSR, in Polen und in anderen Ländern schafften sie die Rechte der Landesbewohner, landwirtschaftlichen und industriellen Besitz zu entwickeln und zu verwalten ab und behielten das Gebiet für die ausschließliche Ansiedlung, den Ausbau und Besitz von Deutschen und ihren sogenannten rassischen Brüdern vor."
"499","1935-03-01","Zeitung","Archiv der Gegenwart, Bd. 5, 01.03.1935","Der letzterwähnte ist der erste Vertrag mit einem europäischen Lande unter den neuen handelspolitischen Richtlinien und enthält die Möglichkeit, die eingeräumten Zollermäßigungen aufzuheben, falls ein drittes Land größere Vorteile aus ihnen ziehen sollte als der Partner; der Vertrag kann ferner bei stärkeren Währungsschwankungen außer Kraft gesetzt werden, enthält jedoch im übrigen die Meistbegünstigungsklausel."
"500","1935-03-02","Zeitung","Völkischer Beobachter (Berliner Ausgabe), 02.03.1935","Ihr wurdet von uns gerissen, weil Deutschland darauf verzichtete, eine Macht zu sein und andere Völker und ihre Politiker glaubten, nach Belieben mit diesem damals kraftlosen Land umspringen zu können."
