"No.","Date","Genre","Bibl","Hit"
"1","1973-06-01","Zeitung","Die Zeit, 01.06.1973","Der Konzern ist finanziell so autark, daß kein einziger Vertreter der drei großen Banken des Landes im Board der Gesellschaft sitzt."
"2","1989-03-10","Zeitung","Die Zeit, 10.03.1989","Der Koblenzer Verleger Werner Theisen und seine ""Bürgerinitiative Deutsches Eck"" wollen, nachdem sie jahrelang vergeblich der Stadt und dem Land Rheinland-Pfalz Geld für die ""Wiederherstellung"" des Denkmals aufgenötigt haben, jetzt vollendete Tatsachen schaffen."
"3","1988-03-04","Zeitung","Die Zeit, 04.03.1988","Sie wollte den von der Opposition erweckten Eindruck verscheuchen, es handle sich um eine Reform zugunsten der Reichen im Lande und zu Lasten der Durchschnittsverdiener."
"4","1989-11-10","Zeitung","Die Zeit, 10.11.1989","""Beide Länder werfen einander Hegemonie-Gelüste und wirtschaftliche Kolonialisierungsversuche vor"", konstatierte Japans liberale Tageszeitung Asahi Shimbun und erkundigte sich hilflos ""nach dem Verbleib der gegenseitigen Achtung, wenn schon die Bewunderung abhandengekommen ist""."
"5","1989-05-12","Zeitung","Die Zeit, 12.05.1989","Er setzt auf das Verantwortungsbewußtsein der Händler und auf die Ordnungsbehörden der Länder, die die Preisauszeichnungspflicht kontrollieren müssen."
"6","1972-06-30","Zeitung","Die Zeit, 30.06.1972","Ganz Hanoi, diese Hauptstadt eines Landes aus Flüssen und Lagunen, ist eingetaucht in drückende Schwüle."
"7","1978-02-24","Zeitung","Die Zeit, 24.02.1978","Bund, Länder und Gemeinden rechnen mit fünf Prozent mehr Lohn"
"8","1971-02-12","Zeitung","Die Zeit, 12.02.1971","In solcher Lage erinnert man sich gern an die goldenen Zeiten des Zusammenspiels bei den Empfehlungen des Wissenschaftsrates für die Jahre 1960 bis 1965, die von den Bedarfsmeldungen der Hochschulen ausgingen und von den Ländern erfüllt wurden."
"9","1976-07-02","Zeitung","Die Zeit, 02.07.1976","Dabei werden die Finanzierungsmöglichkeiten in Form von Krediten des Bundes und der Länder verbessert, sowie Zinszuschüsse der Länder und Rückbürgschaften des Bundes und der Länder gegeben."
"10","1975-07-18","Zeitung","Die Zeit, 18.07.1975","Das Land Niedersachsen ist aber - so ist jedenfalls zur Zeit die Meinung - nicht bereit, junge VW-Aktien zu übernehmen."
"11","1971-04-16","Zeitung","Die Zeit, 16.04.1971","Und gearbeitet wird in nahezu allen Ländern, zum Beispiel in Polen, Griechenland, Togo, Korea, Kanada und Jamaica."
"12","1970-11-13","Zeitung","Die Zeit, 13.11.1970","Wenn ich über die gesamtkontinentalen Lehrgänge spreche, dann mögen Sie nicht vergessen, daß wir auch in den einzelnen Ländern solche Kurse abhalten."
"13","1987-03-27","Zeitung","Die Zeit, 27.03.1987","Falsch war die Vorhersage zum Referendum der Spanier über den Nato-Verbleib; erheblich deutlicher als vorhergesagt votierten die Schweizer gegen den UNO-Beitritt ihres Landes, und auch bei den französischen Parlamentswahlen, stimmte die Prognose nicht:"
"14","1981-07-31","Zeitung","Die Zeit, 31.07.1981","Wir fuhren durch grünes Land."
"15","1976-04-30","Zeitung","Die Zeit, 30.04.1976","Vielleicht war dies Absicht des Autors, vielleicht wollte er die entwurzelten Litauer, die 1945 ihr Land verlassen mußten, in ihrer verzweifelten Lebenssituation in einer westlichen Wohlstandsgesellschaft beschreiben."
"16","1973-07-20","Zeitung","Die Zeit, 20.07.1973","Bei immer mehr Arten entwickelte sich eine Resistenz gegen das in einigen Ländern eingeschränkte oder ganz verbotene DDT."
"17","1971-07-30","Zeitung","Die Zeit, 30.07.1971","Mehr noch: ""Die Große Proletarische Kulturrevolution ist kein Muster, nach dem politische Aktionen in Länder anderer Gesellschaftsstrukturen in Gang gesetzt werden können; chinesische Volkskommunen sind nicht imitierbar; der Verlauf der chinesischen Revolution gibt keine Anhaltspunkte, wie Revolutionen in hochindustrialisierten, kapitalistischen Ländern verlaufen können"" (Vgl.: Edoarda Masi: ""Der Marxismus von Mao und die europäische Linke""; Internationale Marxistische Diskussion 4, Merve Verlag, Berlin 1970; 40 S., 2,- DM)."
"18","1981-09-04","Zeitung","Die Zeit, 04.09.1981","Doch Havanna zeigt offenkundig wenig Lust, noch einmal für die MPLA die Kastanien aus dem Feuer zu holen, und deswegen vermuten viele Weiße in Angola, die Warnung vor der Spaltung des Landes sei auch an das sich zurückhaltende Kuba gerichtet."
"19","1979-12-14","Zeitung","Die Zeit, 14.12.1979","Mehrere andere Länder einigten sich mit der Industrie, trotz der noch ausstehenden letzten Beweise die FKW-Produktion zu senken."
"20","1987-10-09","Zeitung","Die Zeit, 09.10.1987","Jeder, der Bilderbücher mag, sucht, verschenkt oder vorliest, kennt seine ""Wimmelbücher"" - prallbunte Szenerien vom Land, aus den Bergen, aus der Stadt, in denen sich tausenaundeine Geschichten verbergen - zwar ohne Worte, aber dafür mit Witz und Intelligenz."
"21","1979-08-03","Zeitung","Die Zeit, 03.08.1979","Wenn das Gesetz am Ende scheitern sollte, befände sich die Bundesrepublik in einer miserablen Lage: als Außenseiter in der Europäischen Gemeinschaft, dem Mißtrauen des Westens wie des Ostens ausgesetzt, obendrein im eigenen Lande unverstanden."
"22","1982-06-04","Zeitung","Die Zeit, 04.06.1982","Die westdeutsche Friedensbewegung wird sich, wenn sie nicht folgenlos bleiben will, dem politischen System, nach dem unser Land regiert wird, anpassen müssen."
"23","1983-10-14","Zeitung","Die Zeit, 14.10.1983","""Zwei Dinge sollten wir in den Vereinigten Staaten von diesem Land lernen"", sagte ein Konservativer aus den Südstaaten, der gerade mit einem Kreuzfahrtschiff mehrere chinesische Hafenstädte besucht hatte."
"24","1983-01-07","Zeitung","Die Zeit, 07.01.1983","Die finnischen Wähler wissen, daß ihr Land auch jetzt noch mit die geringsten Verteidigungslasten in Europa aufbringt - in absoluten Zahlen wie pro Kopf der Bevölkerung."
"25","1985-07-19","Zeitung","Die Zeit, 19.07.1985","Dies ist in Ländern mit großer Ungleichheit leider zu oft der Fall, weil Entwicklungshilfe in die bestehenden Macht- und Besitzverhältnisse einbezogen ist."
"26","1977-03-11","Zeitung","Die Zeit, 11.03.1977","""Alles über alle Länder unserer Erde."""
"27","1985-08-09","Zeitung","Die Zeit, 09.08.1985","Mehr öffentliche Mittel von Bund, Ländern und Gemeinden für die Städtebauförderung in den beiden nächsten Jahren."
"28","1972-04-14","Zeitung","Die Zeit, 14.04.1972","Von diesen Mitteln werden auch Bundes-, Landesminister und Abgeordnete - die überreichlich das Ausland aufsuchen - sowie Gäste aus dem Land, die jene zu sprechen wünschen, und ebenso deutsche Journalisten bewirtet."
"29","1989-06-09","Zeitung","Die Zeit, 09.06.1989","""Das Innenministerium darf nicht das Recht haben, eigenständig über den Einsatz von Sondereinheiten zu verfügen und ebensowenig über das Recht des Präsidiums des Obersten Sowjets, auf dem Territorium des ganzen Landes den Ausnahmezustand zu verhängen, mit anderen Worten"", so Landsbergis live vor Millionen Fernsehzuschauern, ""wenn man Michail Gorbatschow festnimmt, sich offen als regierende Junta zu erklären."
"30","1978-08-25","Zeitung","Die Zeit, 25.08.1978","Gewiß, niemand in Schwarzafrika hat seinem Land einen solch demokratischen Anstrich gegeben wie er - doch das ist Firnis."
"31","1972-10-13","Zeitung","Die Zeit, 13.10.1972","Das Triumphgefühl ist längst dem Katzenjammer über die ungewisse politische und wirtschaftliche Zukunft des Landes gewichen."
"32","1982-07-23","Zeitung","Die Zeit, 23.07.1982","""Bei Selbstwählferngesprächen in diese Länder kann die gebührenpflichtige Gesprächszeit bereits während der Herstellung der Gesprächsverbindung beginnen."""
"33","1981-12-18","Zeitung","Die Zeit, 18.12.1981","Die Vereinigten Staaten sind nicht nur so groß wie ein Kontinent, sie haben auch soviel zu bieten wie ein Erdteil - das Land der unbegrenzten Ferienmöglichkeiten."
"34","1984-04-20","Zeitung","Die Zeit, 20.04.1984","Ob die Offiziere um den Oberst Lansana Conte das Land wirklich demokratisieren werden, wie sie immer wieder ankündigen, mag nach allen afrikanischen Erfahrungen bezweifelt werden."
"35","1982-04-23","Zeitung","Die Zeit, 23.04.1982","Noch immer ist Spanien ein Land, in dem der aus dem Franquismus stammende Hauswart eine beträchtliche Kontrolle ausübt."
"36","1981-01-23","Zeitung","Die Zeit, 23.01.1981","... Und wenn wir uns selbst hier in unserem eigenen Land erneuern, dann wird man uns in der Welt als stärker einschätzen."
"37","1983-08-05","Zeitung","Die Zeit, 05.08.1983","In der Ukraine, in den baltischen, transkaukasischen und mittelasiatischen Republiken sind es vor allem national gesinnte Intellektuelle und Jugendliche, in russischen Städten sind es sowohl demokratische, liberale, sozialistische als auch nationalkonservative Gruppen und Grüppchen, und in verschiedensten Orten des großen Landes mehren sich religiöse Gemeinden - russisch-orthodoxe, evangelische - meist Baptisten, Pfingstler -, Zionisten, Katholiken, Muselmanen und andere."
"38","1972-02-18","Zeitung","Die Zeit, 18.02.1972","Erbsensuppe gibt es nun auch sonntags in Feinschmeckerlokalen, teuren Hotels und bekannten Gaststätten auf dem Lande, weil Männer, die während der ganzen Woche Steaks, Austern, Hummer oder Geflügel essen mußten, montags sagen wollen:"
"39","1972-10-27","Zeitung","Die Zeit, 27.10.1972","Sautters Optimismus (""Falls es auf der Erde noch ein Land kaum begrenzter Möglichkeiten gibt, so ist es Kanada"") mag jene Kanadier ermutigen, die seit 1967 daran zu zweifeln begonnen haben, daß ihre Nation jemals eine zweite Jahrhundertfeier erleben wird."
"40","1988-07-22","Zeitung","Die Zeit, 22.07.1988","Perestrojka - die Umstrukturierung der sowjetischen Ökonomie - ist seine Reaktion auf die Rückständigkeit seines Landes."
"41","1976-12-17","Zeitung","Die Zeit, 17.12.1976","Kürzlich verliehen ihm die Meister des Landes das ""Handwerkszeichen in Gold für Verdienste um das Handwerk"", und Eberle gab dafür eine Runde unter schwäbischen Kiesunternehmern und Spediteuren aus: 1,2 Millionen Tonnen Kies, Sand und Splitt, so entschied er, sollen nicht mehr umweltschonend in Kieszügen der Deutschen Bundesbahn an eine Autobahn-Neubaustelle bei Fischingen am Schwarzwaldrand befördert werden, sondern nach alter Väter Sitte mit dem Lastwagen."
"42","1979-04-20","Zeitung","Die Zeit, 20.04.1979","Die Folge ist; daß viele Wohnungen trotz Wohnraummangel auf dem Land leerstehen."
"43","1984-10-26","Zeitung","Die Zeit, 26.10.1984","Hunger im Land der Gourmets"
"44","1977-10-07","Zeitung","Die Zeit, 07.10.1977","Die rohstoff- und ölexportierenden Länder kommen in diesem Jahr im Schnitt sogar auf etwa fünfzehn Prozent."
"45","1978-04-28","Zeitung","Die Zeit, 28.04.1978","Was also ist zu tun: in einem Augenblick, wo es um, den Aufbruch in ein Land geht, in dem, handgreiflicher als 1936, das Stadion neben dem Konzentrationslager (beziehungsweise dessen über das Land verteilten Baracken, Kellern und Gelassen) liegt?"
"46","1984-08-17","Zeitung","Die Zeit, 17.08.1984","Im März ließen die PR-Leute dreißig deutsche Industrielle nach Westafrika fliegen, Ende Mai zeigten sie deutschen Journalisten das Land, vier Wochen später kam eine mit Ministern, hohen Beamten und Führungskräften gespickte Delegation von vierzig Gabunern nach Deutschland, und aus halbseitigen Anzeigen in überregionalen Zeitungen blickt Staatspräsident Bongo seit Wochen die deutschen Leser an und wirbt rar sein Land und um Investoren."
"47","1973-10-26","Zeitung","Die Zeit, 26.10.1973","Auf dieser ersten großen Konferenz, die der Rat nach drei Jahren einberufen hat, haben die Berichte aus den einzelnen Staaten gezeigt, daß der akute Notstand vorbei ist insofern, als die Anwendung von Gewalt in den meisten, freilich nicht in allen Ländern zurückgegangen ist."
"48","1984-11-02","Zeitung","Die Zeit, 02.11.1984","Die Stadtverwaltung hat beschlossen, der Sache auf den Grund zu gehen; denn wenn man auch die Ölhauptstadt des Landes ist, so hat man doch einen guten Ruf zu verlieren, und der ist nicht mit Geld aufzuwiegen."
"49","1977-09-23","Zeitung","Die Zeit, 23.09.1977","Das ""gesunde Volksempfinden"" hat sich in der Geschichte meistens als krank erwiesen, und nicht nur im Lande der häßlichen Deutschen."
"50","1989-11-17","Zeitung","Die Zeit, 17.11.1989","Auch auf diesen Bildern aus fremden Ländern erkennt man wieder die Liebe zum übersehenen Detail, zum Unspektakulären, zur unbeachteten Realität, ebenso aber ihre Fähigkeit zur strengen Komposition, die aus einer gewöhnlichen Alltagsszene eine rätselhafte Erscheinung macht."
"51","1971-05-07","Zeitung","Die Zeit, 07.05.1971","Schließlich kam noch der Koreakrieg, der zweifellos auch die Überlegung mit ausgelöst hat, daß Washington an der südlichen Hälfte des Landes eigentlich nicht ernsthaft interessiert sei."
"52","1986-05-02","Zeitung","Die Zeit, 02.05.1986","Es gibt wohl kein anderes Land in der Welt, in dem die Tarifpartner so viel miteinander zu tun haben wie bei uns."
"53","1979-01-05","Zeitung","Die Zeit, 05.01.1979","Mehr als 60 Prozent aller türkischen Großstädter wurden noch draußen auf dem offenen Land geboren, und gut die Hälfte dieser Zugezogenen brachte es noch nicht viel weiter als bis zu einer elenden Slumunterkunft in den Armutsgettos."
"54","1976-08-06","Zeitung","Die Zeit, 06.08.1976","Alberto Juantorena, Olympiasieger über 400 und 800 m, einer der Athleten, die neue sportliche Maßstäbe setzten, erklärte denn auch nach seinem Sieg über 800 m, sein sehnlichster Wunsch sei es, bald im Lande Lenins laufen zu dürfen."
"55","1984-02-17","Zeitung","Die Zeit, 17.02.1984","Es ist bisher nicht gefallen, weil die Sorgen vor den zusätzlichen Kosten und die Angst einiger Länder vor der Agrarkonkurrenz aus dem Süden das Beitrittssignal blockierten."
"56","1984-07-06","Zeitung","Die Zeit, 06.07.1984","Das Land verhandelt mit dem Währungsfonds über einen neuen Kredit in Höhe von 1,1 Milliarden Dollar, mit wirtschaftspolitischen Auflagen, versteht sich."
"57","1976-09-03","Zeitung","Die Zeit, 03.09.1976","Trotz solcher Versprechungen aber ist die Schrift eher unheimlich - und unverkennbar dafür geeignet, Verwirrung in deutschen Familien zu stiften, Angst im Lande zu verbreiten und genau das Gegenteil ihrer eigentlichen redlichen Absichten zu bewirken: Sie ist prädestiniert, Hysterie zu wecken und Vorurteile zu verstärken."
"58","1975-06-27","Zeitung","Die Zeit, 27.06.1975","311 Galerien aus 21 Ländern waren nach Basel gekommen, 1974 waren es erst 287 aus 18 Ländern."
"59","1979-06-29","Zeitung","Die Zeit, 29.06.1979","Diese Führungsschicht betrachtet die Welt gelassener als die reizbare öffentliche Meinung des Landes."
"60","1987-04-24","Zeitung","Die Zeit, 24.04.1987","Zugleich aber nahm die SPD durch alle Poren die Modernität auf, war die offenste Partei des Landes, das Forum der politischen Diskussion."
"61","1975-04-25","Zeitung","Die Zeit, 25.04.1975","Dabei werden Bund und Länder die Frage der Finanzausstattung der Gemeinden als gemeinsames Anliegen behandeln."""
"62","1984-03-16","Zeitung","Die Zeit, 16.03.1984","Essen: ""Peru durch die Jahrtausende - Kunst und Kultur im Lande der Inka"" (Villa Hügel bis 30. 6., Katalog 32 Mark)"
"63","1984-01-06","Zeitung","Die Zeit, 06.01.1984","Einer der Beliebtesten im Lande mit fröhlichen Plastiken und Wandteppichen an der Grenze zum besten Kunstgewerbe ist Fortunato Depero."
"64","1979-04-06","Zeitung","Die Zeit, 06.04.1979","Die Labourparty, traditionell weniger geeint als die politische Konkurrenz, sieht das Land vor der Wahl zwischen der Fortsetzung des Kurses zur industriellen Erneuerung des Landes in enger Verbindung mit den Gewerkschaften und der Hinwendung zu Experimenten, die zur Konfrontation führen, und bei denen, wie sich Premierminister James Callaghan ausdrückt, ""die Wurzeln ausgerissen werden""."
"65","1987-02-20","Zeitung","Die Zeit, 20.02.1987","Damit - und nicht erst mit dem Einmarsch der Sowjets (der dennoch mit nichts zu entschuldigen ist) - begann die eigentliche Auseinandersetzung, die dieses Land auf andere Weise zerreißt als in früheren Jahrhunderten."
"66","1970-10-23","Zeitung","Die Zeit, 23.10.1970","1960 nach seinem Olympiasieg im Halbschwergewicht antwortete er einem russischen Reporter auf die Frage, wie ihm zumute sei, der für sein Land eine Goldmedaille errungen habe, aber zu Hause nicht mit Weißen in einem Restaurant essen oder einem Hotel schlafen könne:"
"67","1983-03-11","Zeitung","Die Zeit, 11.03.1983","In vielen Fällen ist das Verteilen der Nahrung und nicht die Entwicklung des Landes Hauptbeschäftigung und größtes Problem für die Hilfsorganisationen."
"68","1972-03-24","Zeitung","Die Zeit, 24.03.1972","Und schließlich will der Bund von den 700 Millionen Mark nur 85 Prozent an die Länder auszahlen."
"69","1973-11-16","Zeitung","Die Zeit, 16.11.1973","""Die Genossen Steffen und Kuhlwein wollen postaliter den Boden ebnen, in diesem Land und in diesem Volk, für eine soziale Revolution außerhalb der Verfassung."""
"70","1984-02-24","Zeitung","Die Zeit, 24.02.1984","Inzwischen eifern alle CDU- beziehungsweise CSU-regierten Länder diesem Modell in Form von Landesstiftungen nach."
"71","1984-02-17","Zeitung","Die Zeit, 17.02.1984","Der amerikanische Fernsehgigant ABC leitete aus der Welle der nationalen Begeisterung, die damals das Land erfaßt hatte, eine Erwartung ab."
"72","1970-08-21","Zeitung","Die Zeit, 21.08.1970","Dabei wird übersehen, daß Amerika vorwiegend ein durchaus ""maskulines"" Land ist und starke Relikte davon sogar dort noch vorhanden sind, wo sie in anderen Industrienationen längst auf den Kehrichthaufen geworfen wurden: der ""National Pressclub"" in Washington will sich - wie ungezählte ähnliche Institutionen - nun endlich in diesem Jahr schlüssig werden, ob Frauen Mitglieder werden dürfen."
"73","1976-07-16","Zeitung","Die Zeit, 16.07.1976","Ein halbes Jahrhundert, von 1909 bis 1961, führte die Firma Lonrho (London and Rhodesian Mining & Land Co.) einen Dornröschenschlaf."
"74","1979-04-27","Zeitung","Die Zeit, 27.04.1979","Dabei hat das Land ein bemerkenswertes Wachstum des Bruttosozialprodukts: seit längerer Zeit real sieben Prozent jährlich."
"75","1975-04-04","Zeitung","Die Zeit, 04.04.1975","Der Außenwert des Franken, gemessen am Dollar so hoch wie nie zuvor, drückt auf den Außenhandel des Landes."
"76","1980-11-07","Zeitung","Die Zeit, 07.11.1980","Sie liegen nach Angaben des Ministeriums übers ganze Land verstreut und könnten nur schwer verwertet werden."
"77","1985-07-19","Zeitung","Die Zeit, 19.07.1985","Vor allem aber ist es eins, in dem Mutter und Sohn, Land und Sprache literarisch eine Einheit geworden sind."
"78","1970-02-06","Zeitung","Die Zeit, 06.02.1970","""Die hierzu bestehenden Verfahren des internationalen Währungsfonds wären ein Minimum - notfalls müßte der EWG-Ministerrat beschließen, daß ein Beistandskredit entzogen werden könnte, falls ein Land seine Preissteigerungen nicht im gemeinsam festgelegten, vernünftigen Ausmaß gemein-"
"79","1970-09-18","Zeitung","Die Zeit, 18.09.1970","""Wir sind ein kleines Land"", heißt es, ""das zwar die Schlachten immer gewonnen, die Kriege aber immer verloren hat."
"80","1986-09-19","Zeitung","Die Zeit, 19.09.1986","Noch schwankt das Land zwischen Fortschrittsplänen und schierer Selbstzufriedenheit"
"81","1970-12-18","Zeitung","Die Zeit, 18.12.1970","Erstens durch eine Umwandlung der bisherigen Rahmenkompetenz des Bundes für die Beamtenbesoldung in das Recht zur konkurrierenden Gesetzgebung, und zweitens durch ein Besoldungs-Neuregelungsgesetz mit einer zum Teil kräftigen Aufstockung der Grundgehälter samt strukturellen Verbesserungen für die bisher benachteiligten Beamten des Bundes (sowie der ""bundesfreundlichen"" Länder) als wesentliche Merkmale - also durch eine Korrektur nach oben, um so die Zulagen und andere Vergünstigungen ""einzufangen""."
"82","1984-09-21","Zeitung","Die Zeit, 21.09.1984","Die staatlichen Investitionskosten haben sich Bund, Länder und Gemeinden zu je einem Drittel geteilt."
"83","1981-10-23","Zeitung","Die Zeit, 23.10.1981","Die ""Befreier"" stürzten zwar 1979 den Diktator, blieben aber als Soldateska im Land, das weiterblutete."
"84","1988-04-08","Zeitung","Die Zeit, 08.04.1988","Dabei hat das 39-Millionen-Einwohner-Land im vergangenen Jahr einen beispiellosen wirtschaftlichen Aufschwung erlebt, um den andere Länder Spanien nur beneiden können."
"85","1989-03-17","Zeitung","Die Zeit, 17.03.1989","Ihre Kindheit und Jugend im Land der Amish People von Pennsylvania war peinvoll."
"86","1976-04-23","Zeitung","Die Zeit, 23.04.1976","Die Prager ""Abweichler"" leben trotz amtlicher Ächtung in einer Atmosphäre der Solidarität, die es ihnen erleichtert, die schlimmste Strafe der Machthaber zu ertragen: im eigenen Lande zum Schweigen verurteilt zu sein."
"87","1978-01-27","Zeitung","Die Zeit, 27.01.1978","Wenn die Hilfe an Somalia auch vordergründig als Abtragung einer Dankesschuld interpretiert wird so fällt dieser Schritt Bonn doch um so leichter, als sich das Land am Horn von Afrika von Moskau ab- und dem Westen zugewendet hat."
"88","1983-01-07","Zeitung","Die Zeit, 07.01.1983","Um den übrigen entgegenzukommen, wurde vor einem Jahr auch eine Abteilung in Hannover gegründet - das Erfinderzentrum Norddeutschland, das finanziell von den Ländern Niedersachsen und Schleswig-Holstein getragen wird."
"89","1973-06-15","Zeitung","Die Zeit, 15.06.1973","Vor fünfzehn Jahren, ehe die Legende der schwedischen Überflußgesellschaft, der hohen Löhne und sozialen Geborgenheit eine Masseninvasion von hoffnungsvollen Arbeitsuchenden aus 30 Ländern ausgelöst hatte, wurden die rund 40000 Ausländer in Schweden ohne weiteres akzeptiert."
"90","1980-11-21","Zeitung","Die Zeit, 21.11.1980","Die verklärende Rückschau auf geschwellte weiße Segel, schäumende Gischt und majestätisch zur Seite geneigte Masten läßt vergessen, daß immer das Hauptbuch an Land über Form und Fortschritte, der großen Rahschiffe entschieden hat."
"91","1988-07-22","Zeitung","Die Zeit, 22.07.1988","Was die Polen, im Lande wie im Exil, weiter beunruhigte, war das Schicksal der übrigen zehntausend Vermißten aus den beiden anderen Offizierslagern."
"92","1982-04-16","Zeitung","Die Zeit, 16.04.1982","Dario Domingues: ""Die Reise der Yaghan ist zu Ende"" - und dies ist gleichsam das letzte Lied, das ihnen gesungen wird, einem Indianerstamm, der von Asien her über die Beringstraße gekommen war und sich Feuerland, ""dieses unwirtliche Land vor Tausenden von Jahren ausgesucht"" hatte, um hier ""- bis zur Ankunft der Europäer - in ungetrübter Harmonie mit den Elementen zu leben""."
"93","1987-04-24","Zeitung","Die Zeit, 24.04.1987","In einem Land, das wie die Bundesrepublik ein Drittel seines Sozialprodukts exportiert, sollte man überhaupt nicht über Protektionismus reden."
"94","1986-09-05","Zeitung","Die Zeit, 05.09.1986","Die Neutralität des exponierten Landes in Europas Nordosten war ihm oberstes Gebot."
"95","1987-05-08","Zeitung","Die Zeit, 08.05.1987","Welch verheerende Wirkung eine Eskalation des Handelkonflikts zwischen den Vereinigten Staaten und Japan haben könnte, zeigt ein Blick auf die gegenseitige wirtschaftliche Verflechtung der beiden Länder."
"96","1976-01-23","Zeitung","Die Zeit, 23.01.1976","Zentren des Landes gekämpft."
"97","1988-02-05","Zeitung","Die Zeit, 05.02.1988","Mit der ""großen Ausreisewelle"" im Frühjahr 1984 wurden wir außer Landes geschwemmt - als ""Unruhestifter"", was wir bestenfalls im Kreis der Freunde gewesen waren."
"98","1979-02-23","Zeitung","Die Zeit, 23.02.1979","In anderen Fällen wurde der Erlös aus der von der EG den begünstigten Ländern gewährten Nahrungsmittelhilfe auf bedenkliche Weise verwendet."
"99","1973-10-26","Zeitung","Die Zeit, 26.10.1973","Die Empörung, die das ganze Land überschwemmte, entlud sich in Beschreibungen der politischen Wirklichkeit, die das Textbuch für die Vereinigten Staaten von Amerika nicht vorgesehen hat."
"100","1986-12-05","Zeitung","Die Zeit, 05.12.1986","Manchmal wird das Besondere des Landes dramatisch sichtbar."
"101","1981-09-04","Zeitung","Die Zeit, 04.09.1981","Hans Katzer liebte ein Schaukelpferd, Carl-Friedrich von Weizsäcker zeichnete mit zehn Jahren ""Landkarten, entwarf Tabellen der Wirtschaftsprodukte und der Kriegsflotten, gab meinen Eltern und Geschwistern und einigen Schulfreunden andere Länder in derselben Welt und trieb mit ihnen Außenpolitik mit Abrüstungskonferenzen, Notenwechsel usf.""."
"102","1987-09-25","Zeitung","Die Zeit, 25.09.1987","Mir ist aber von den Ländern versichert worden, daß die Bogen zugestellt sind."
"103","1989-03-31","Zeitung","Die Zeit, 31.03.1989","Einerseits, so das ehemalige CSU-Mitglied, finde in Libyen ""ja auch so etwas wie eine Perestrojka statt""; überdies bemühe er sich, ein so wichtiges Land ""wieder dichter an die Völkergemeinschaft heranzuführen""."
"104","1982-11-12","Zeitung","Die Zeit, 12.11.1982","Klar wurde auch, daß selbst eine vorbildliche Umweltpolitik im eigenen Lande - aber sie ist nicht vorbildlich - wenig nützt, wenn nicht endlich gemeinschaftliche Anstrengungen aller Staaten zustande kommen."
"105","1977-04-29","Zeitung","Die Zeit, 29.04.1977","Ein Autor aus Hannover reiste nicht durchs Land, ein bißchen Konstanz, ein bißchen Erlangen, ein bißchen Tübingen, sondern blieb an der Leine und zeigte ein Stück Welt, das ihm vertraut ist."
"106","1970-03-13","Zeitung","Die Zeit, 13.03.1970","Bei dem Versuch, das gravierende Wohlstandsgefälle zu mildern, ging man von der Vorstellung aus, daß der gordische Knoten der wirtschaftlichen Unterentwicklung durch entschlossene Eigenanstrengungen der betreffenden Länder und externe Hilfe der wohlhabenden Nationen zerschlagen werden kann."
"107","1975-07-25","Zeitung","Die Zeit, 25.07.1975","In weiten Teilen des Landes ist seit 1973 kein Regen mehr gefallen."
"108","1983-11-25","Zeitung","Die Zeit, 25.11.1983","Aufatmen beim internationalen Währungsfonds (IWF), bei den Zentralbanken der Industrieländer, bei den Banken, die hohe Kredite in die Länder der Dritten Welt gegeben haben, Aufatmen aber auch in Brasilien und anderen Staaten, die auf die Hilfe des IWF angewiesen sind: Fünf Minuten vor zwölf haben Senat und Repräsentantenhaus der Vereinigten Staaten 8,4 Milliarden Dollar freigegeben, mit denen die Mittel des IWF aufgestockt werden können."
"109","1989-02-17","Zeitung","Die Zeit, 17.02.1989","Als die Generäle kürzlich davon sprachen, daß sie ""nicht tatenlos zusehen"" würden, wenn die innere Stabilität des Landes gefährdet sei, kündigten sie damit keinerlei konkrete Maßnahmen an."
"110","1984-03-30","Zeitung","Die Zeit, 30.03.1984","Das Land ""muß ein Land der Weintrinker bleiben""."
"111","1986-01-17","Zeitung","Die Zeit, 17.01.1986","Der Prophet gilt im eigenen Land nichts, das alte Lied."
"112","1985-12-20","Zeitung","Die Zeit, 20.12.1985","Ein Austauschprogramm mit Frankreich gibt den Azubis beider Länder die Chance, ein paar Wochen auf die organisierte Walz zu gehen."
"113","1977-07-01","Zeitung","Die Zeit, 01.07.1977","""Doch wer leidet in unserem Land schon an Hunger?"" Warum - so kann man fragen - sammelt eigentlich das Diakonische Werk dann noch für Notleidende?"
"114","1980-02-29","Zeitung","Die Zeit, 29.02.1980","Ich weiß, daß auch meine Kollegen in den CDU-regierten Ländern die ZVS als ein notwendiges Übel reduzieren wollten und auch weiterhin reduzieren möchten."
"115","1975-12-19","Zeitung","Die Zeit, 19.12.1975","Die Ambonesen von Beilen und Amsterdam haben mit ihren Geiselnahmen das Land ins Blickfeld gerückt, von dem sie die Lösung ihres Problems erhoffen: Indonesien, mit rund 130 Millionen Einwohnern nach China und Indien das drittgrößte Entwicklungsland, nach der Sowjetunion und den USA das fünftgrößte Land überhaupt."
"116","1975-11-21","Zeitung","Die Zeit, 21.11.1975","Kommunisten und extreme Linke bekämpfen die Regierung Azevedo immer heftiger; die Gemäßigten sammeln sich im Norden des Landes."
"117","1979-11-02","Zeitung","Die Zeit, 02.11.1979","Hatte uns nach dem ersten Ölpreisschock vor fünf Jahren ein unerwarteter Exportboom die nötigen Devisen für die höhere Petroleumrechnung ins Land gebracht, so greifen die Scheiche mit ihren jüngsten Preisaufschlägen für Rohöl ans Eingemachte der Bundesrepublik."
"118","1984-04-27","Zeitung","Die Zeit, 27.04.1984","Überdies läßt der Service zu wünschen übrig in diesem mit billigen Arbeitskräften reichlich versorgten Land."
"119","1988-12-30","Zeitung","Die Zeit, 30.12.1988","Im Grund herrscht die simple Logik vom Lande, und die Gewissen schlagen so erratisch wie ein verklemmter Geigerzähler."
"120","1989-01-13","Zeitung","Die Zeit, 13.01.1989","Er machte das ""Affentheater"" - so stand es am nächsten Tag auch brav in den Zeitungen - nicht länger mit, hier mit den Ländern über irgendwelche Kautelen oder Kompetenzchen zu feilschen, derweilen draußen 250000 junge Menschen zusätzlich in die Hörsäle drängten, viel mehr als je zuvor."
"121","1989-12-22","Zeitung","Die Zeit, 22.12.1989","Das enervierende, lärmende Läuten, nein: scheppernde Dröhnen der Kirchen-Glocken - das könnte Echo sein aus katholischem Land."
"122","1975-12-05","Zeitung","Die Zeit, 05.12.1975","Wenn man in unserem Land über Solschenizyn reden will, begegnet man bei Intellektuellen, nicht nur linker Couleur, einer Reserviertheit, wenn nicht gar Verlegenheit."
"123","1972-06-23","Zeitung","Die Zeit, 23.06.1972","Die hochentwickelten Länder jedoch müssen die Stockholmer Forderungen als erste erfüllen."
"124","1971-05-21","Zeitung","Die Zeit, 21.05.1971","Über die Gründe der Trennung zerbricht sich keiner mehr den Kopf, denn heute spricht man in der Landeshauptstadt von einer Rückkehr Birkelbachs in das Land seiner Träume, in die Welt der Computer, der elektronischen Datenverarbeitung."""
"125","1982-04-23","Zeitung","Die Zeit, 23.04.1982","Das Land Popo ist ein böser Staat."
"126","1971-04-30","Zeitung","Die Zeit, 30.04.1971","Frankreich will dem Beitritt Großbritanniens und anderer Länder zur Europäischen Wirtschaftsgemeinschaft keine Hindernisse in den Weg legen."
"127","1984-10-12","Zeitung","Die Zeit, 12.10.1984","""Das Land"" ist der Wahnsinn, das merkt Covenant sofort."
"128","1971-04-23","Zeitung","Die Zeit, 23.04.1971","In einem Lande, das so sicherheitsbewußt ist wie Israel, wiegen derlei Überlegungen schwer."
"129","1970-04-10","Zeitung","Die Zeit, 10.04.1970","Frankreich gehört nach wie vor zu den inflationär gefährdeten Ländern."
"130","1980-03-28","Zeitung","Die Zeit, 28.03.1980","Die Nomenklatur-Funktionäre sind die wahren Herrscher des Landes."
"131","1987-04-24","Zeitung","Die Zeit, 24.04.1987","Unter den 880000 Gästen aus westlichen Ländern befanden sich knapp 300000 Bundesbürger."
"132","1981-05-22","Zeitung","Die Zeit, 22.05.1981","Diese Denkaufgabe gibt das Land Rheinland-Pfalz auf."
"133","1986-08-22","Zeitung","Die Zeit, 22.08.1986","Den Ländern wurden prozentuale Überweisungen aus dem Aufkommen der großen Steuern zugesichert."
"134","1972-01-28","Zeitung","Die Zeit, 28.01.1972","In dem Gespräch geht es um einen höheren Anteil der Länder am Umsatzsteueraufkommen."
"135","1981-08-07","Zeitung","Die Zeit, 07.08.1981","Da haben die Regierungschefs vereinbart, daß Bund und Länder konkrete Vorschläge machen."
"136","1984-03-02","Zeitung","Die Zeit, 02.03.1984","Jeder andere Wahlausgang setzte nicht nur einen Erdrutsch, sondern eine Umwälzung des politischen Gefüges des Landes voraus."
"137","1982-04-23","Zeitung","Die Zeit, 23.04.1982","Das Ergebnis der Umfrage über die Haltung der Deutschen zu den Fremden im Lande erinnert in vieler Hinsicht an die demoskopischen Erhebungen zum Thema Todesstrafe:"
"138","1986-11-14","Zeitung","Die Zeit, 14.11.1986","""In den kommenden Jahrzehnten werden die südlichen und nördlichen Länder in einem heftigen und langwierigen Kampf aneinandergeraten, einem Kampf um die Kontrolle des Genvorrates, des genetischen Pools unseres Planeten."""
"139","1988-09-30","Zeitung","Die Zeit, 30.09.1988","Bisher noch ohne private Konkurrenz aus dem eigenen Land, könnte sich die Wettbewerbssituation für die niedersächsischen Hörfunk-Pioniere allerdings schon bald verschärfen."
"140","1984-03-02","Zeitung","Die Zeit, 02.03.1984","Wie eine ""undurchdringliche Mauer"" stelle sich, so klagte in den siebziger Jahren Uli Maurer, jetzt SPD-Kandidat für das Amt des Umweltschutz-Ministers, das enge Verhältnis von CDU und dem Selbstverständnis des Landes für die Sozialdemokraten dar."
"141","1983-10-07","Zeitung","Die Zeit, 07.10.1983","Die Erfahrungen in anderen Ländern sprechen dafür, daß dies eher eine vorsichtige Schätzung ist."
"142","1972-11-10","Zeitung","Die Zeit, 10.11.1972","Das Kabinett Heath hat seit Monaten mit Entsetzen gesehen, daß der politische Beitritts Vollzug durch das Parlament die Unternehmer des Landes keineswegs in einen Investitionsrausch versetzt hat."
"143","1977-07-29","Zeitung","Die Zeit, 29.07.1977","Muß die Beurteilung von ein und demselben Medikament von Land zu Land wirklich so verschieden sein?"
"144","1971-01-22","Zeitung","Die Zeit, 22.01.1971","Der angekündigte Rückzug der Amerikaner aus Vietnam hatte in einigen Ländern große Sorgen ausgelöst."
"145","1974-07-19","Zeitung","Die Zeit, 19.07.1974","Wir haben auch die mit der Entästhetisierung komplementär verhakte Entmaterialisierung der Kunst gesehen und die Spielarten der immateriellen Kunst, die nicht mehr sichtbar, sondern weitgehend und vorwiegend denk- und vorstellbar ist in der Land Art und Konzept Art vor allem."
"146","1985-01-04","Zeitung","Die Zeit, 04.01.1985","""Wenn wir warten, bis alle zehn Länder über alles einig sind, wird nie dabei etwas herauskommen"", seufzte er in einem Interview vor zwei Jahren, als die Diskussion um Mehrheitsentscheidungen und politische Union noch nicht begonnen hatte."
"147","1982-02-12","Zeitung","Die Zeit, 12.02.1982","ZEIT: Ist es nicht zum Verzweifeln, in Ihrem Land zu dieser Zeit Präsident zu sein?"
"148","1980-07-11","Zeitung","Die Zeit, 11.07.1980","Wenn nicht, dann allerdings wird sich irgendwann die Frage stellen, ob der Schwall der vielen Asylsuchenden nicht am Ende hinwegschwemmen muß, was die Hoffnung der vielen im engsten Sinne Bedürftigen ist: die konstitutionell verbürgte Aufnahmebereitschaft unseres Landes."
"149","1984-11-23","Zeitung","Die Zeit, 23.11.1984","Ich kann nur sagen, hoffentlich werden wir uns wiedertreffen können, um für unser Volk und unser Land arbeiten zu können."
"150","1987-07-17","Zeitung","Die Zeit, 17.07.1987","Vom höchsten Punkt geht der Blick über den Schärengarten, ein Gewirr aus Wasser und Land, in dem die Ufer wie Delphinrücken aus den Wellen steigen."
"151","1978-09-15","Zeitung","Die Zeit, 15.09.1978","Die neuverteilten Parzellen waren zu klein und unwirtschaftlich, um die beschenkten Bauern auf dem Lande zu halten."
"152","1979-11-23","Zeitung","Die Zeit, 23.11.1979","Die Suche nach dem Vater wird zur Suche nach einem verlorenen Land und einer verspielten Harmonie der Geschlechter:"
"153","1981-12-04","Zeitung","Die Zeit, 04.12.1981","Länder, die viel Lebensmittel einführen, wie England und Deutschland, müssen viel nach Brüssel abführen."
"154","1989-12-08","Zeitung","Die Zeit, 08.12.1989","Gegenüber diesem Solidaritätsverständnis tun sich Auffassungen, die den zentralen Ansatz im eigenen Lande sehen, schwer."
"155","1974-02-15","Zeitung","Die Zeit, 15.02.1974","Aber, meint Emminger, das gelte nicht für das einzelne Land."
"156","1973-12-21","Zeitung","Die Zeit, 21.12.1973","Da saßen sie zu Beginn der Konferenz an einem langen Tisch, aufgereiht zu einem europäischen Gruppenbild: der dänische Premier Jörgensen, für den nach, seiner verheerenden Wahlniederlage der Gipfelvorsitz wahrscheinlich der letzte Auftritt im Rampenlicht war; der britische Premierminister, der gerade die Dreitagewoche hatte verkünden müssen und nun mit aufgestütztem Kopf über die seinem Lande drohende Katastrophe nachsann; der italienische Regierungschef, der ein Dauerchaos präsidiert; und neben ihnen lauter Politiker, die zu Hause ebenfalls nicht viel zu lachen haben."
"157","1974-08-23","Zeitung","Die Zeit, 23.08.1974","Das Recht der Länder"
"158","1986-01-24","Zeitung","Die Zeit, 24.01.1986","Ich bin hier heimisch geworden, und ich habe mich entschlossen, in diesem Land zu bleiben."""
"159","1975-07-11","Zeitung","Die Zeit, 11.07.1975","Ist dieser Auftrag des Stabilitätsgesetzes angesichts der Sparmaßnahmen der Länder illusorisch geworden?"
"160","1984-12-14","Zeitung","Die Zeit, 14.12.1984","Als langanhaltende Dürre hinzukam, trat die Hungerkatastrophe ein, die das Land jetzt erlebt."
"161","1976-10-29","Zeitung","Die Zeit, 29.10.1976","Den ausländischen Beobachter kann es nur beeindrucken, wie das Land mit den Herausforderungen seiner jüngsten Geschichte fertig geworden ist."
"162","1986-06-20","Zeitung","Die Zeit, 20.06.1986","Für dieses Land will nun ein Pianist, Justus Frantz, geboren in der Nähe von Posen, aufgewachsen aber im heutigen Ostholstein, ein ""Schleswig-Holstein Musik Festival"" veranstalten, mit 83 Konzerten an 15 verschiedenen Orten."
"163","1984-03-30","Zeitung","Die Zeit, 30.03.1984","Aber der große alte Mann der Waliser Literatur spricht über ""die bittere und beschämende Erfahrung, Emigrant im eigenen Land zu sein""."
"164","1972-11-17","Zeitung","Die Zeit, 17.11.1972","im Land werden lediglich vier Gesamtschulen errichtet, während zum Beispiel in Bayern zwölf und in Hessen achtundfünfzig arbeiten;"
"165","1974-01-25","Zeitung","Die Zeit, 25.01.1974","Die erdrückende ökonomische Vormachtstellung der Japaner, die kraft wirtschaftlicher Kontrolle auch Einfluß auf die Politik dieser Länder haben, lieferte den zunehmend aktiver werdenden Studenten Südostasiens den geeigneten Vorwand."
"166","1989-02-03","Zeitung","Die Zeit, 03.02.1989","Dieser deprimierende Befund vergrößert natürlich die Gefahr, daß jene Länder, die viel mehr importieren als exportieren, sich der unerwünschten ausländischen Waren mit Handelshemmnissen zu erwehren suchen."
"167","1982-08-27","Zeitung","Die Zeit, 27.08.1982","Die FDP wolle, so hat Morlok unlängst erklärt, Baden-Württemberg die ""liberale Identität"" zurückzugewinnen, damit es wieder zu jenem ""Modell deutscher Möglichkeiten"" werde könne, das Theodor Heuss in dem Land sah."
"168","1973-11-02","Zeitung","Die Zeit, 02.11.1973","Sicher, um den vergnügt brutalen Geist im Lande Nihilon zu schildern, das seine Gäste an der Grenze mit dem Spruchband empfängt:"
"169","1983-04-22","Zeitung","Die Zeit, 22.04.1983","Mag sein, daß die mit ""Eis-am-Stiel""-Albernheiten durchsetzte deutsche Synchronisation dem Film viel von der erschütternden Wirkung nimmt, für die er von der Kritik in anderen Ländern gepriesen wurde."
"170","1977-08-05","Zeitung","Die Zeit, 05.08.1977","""Wenn der Gesellschaftskörper des Landes von einer ansteckenden Krankheit befallen ist, die seine Eingeweide zerfrißt, dann entwickelt er Antikörper."
"171","1975-04-04","Zeitung","Die Zeit, 04.04.1975","Die Bindung der Währungen an die Sonderziehungsrechte soll dazu dienen, die Fluktuationen der eigenen Währungen gegenüber den europäischen Währungen und gegenüber dem japanischen Yen klein zu halten und danit mögliche Preissteigerungstendenzen im eigenen Lande abzufangen, die vom Sinken des Dollarkurses ausgehen."
"172","1983-07-08","Zeitung","Die Zeit, 08.07.1983","Die Philippinen werden mit besonderen Maßstäben gemessen, weil sie ein vorherrschend christliches Land sind, das dem Westen die Identifikation erleichtert."
"173","1970-05-15","Zeitung","Die Zeit, 15.05.1970","Er infiziert jede Schicht unserer Gesellschaft ... ist ein Krebs, der das Lebenswichtigste für das Land zerfrißt."
"174","1985-07-26","Zeitung","Die Zeit, 26.07.1985","Stolze Nomaden führen riesige, gesunde Herden friedlich weidender Rinder durch das weite Land."
"175","1982-09-17","Zeitung","Die Zeit, 17.09.1982","Es würde sich ein Machtwechsel in einem Land vollziehen, das als Erbhof einer politischen Couleur galt - ein Wechsel nicht nur als Konsequenz von Stimmen- und Stimmungsschwankungen um ein paar Prozent, sondern der Veränderung seines ganzen politischen Gefüges bis in die Grundfesten hinein."
"176","1976-10-29","Zeitung","Die Zeit, 29.10.1976","Ich habe weder in der DDR noch in Polen, erst recht nicht in der Sowjetunion, aber auch nicht in der mit Konsumgütern recht verwöhnten Tschechoslowakei so gut sortierte Metzgereien gesehen, deren Ware in Vielfalt und Qualität sogar in westdeutschen Läden bestehen könnte - ausgenommen die berühmt ungarische Salami, die es im Lande nur gelegentlich, für Ausländer gegen Devisen in den Ibusz-Läden jedoch immer gibt."
"177","1987-11-20","Zeitung","Die Zeit, 20.11.1987","Man kann freilich argumentieren, daß nicht die laufenden Ausgaben als drückend empfunden werden, sondern daß die Umleitung kostbarer Ressourcen und Begabungen, die die internationale Wettbewerbsfähigkeit eines Landes senkt, als wahre Last empfunden wird."
"178","1987-08-07","Zeitung","Die Zeit, 07.08.1987","Daß es hierzulande noch nicht zu größeren Unfällen gekommen ist, liegt auch daran, daß im Vergleich zu Ländern wie Japan, Schweden und den USA noch wenig Roboter eingesetzt werden."
"179","1976-01-30","Zeitung","Die Zeit, 30.01.1976","Rom, so scheint es deshalb, wird die Krise ein weiteres Mal nicht lösen, sondern dem Land höchstens nur eine neue Atempause geben können, Friedhelm Gröteke"
"180","1987-04-03","Zeitung","Die Zeit, 03.04.1987","Menschenleeres Land, eine unwirtliche Hochebene, ringsum nur Wasser, Hügel, Moos."
"181","1985-04-05","Zeitung","Die Zeit, 05.04.1985","Kämpfer für eine wenn schon nicht saubere, so doch stillgelegte Umwelt finden sich in diesem Lande in zunehmender Zahl, und es finden sich auch Richter, die ihnen recht geben."
"182","1978-07-21","Zeitung","Die Zeit, 21.07.1978","Nur vor diesem Hintergrund ist zu verstehen, wie der Beschluß der Regierungschefs des Bundes und der Länder zustande kam."
"183","1988-04-15","Zeitung","Die Zeit, 15.04.1988","Der Afghanistan-Konflikt, ""Amerikas Krieg"", wie er häufig in Pakistan genannt wird, wird für alle Übel im Land verantwortlich gemacht: für die ungeheure Kriminalität, die blutigen Unruhen, den beängstigenden Drogenkonsum und die überbordende Korruption - kurz dafür, daß wenig noch funktioniert in diesem Staate."
"184","1984-01-06","Zeitung","Die Zeit, 06.01.1984","Vier Kirchen wurden gebaut, zwei Schulen und eine Krankenstation, es gab viele Windmühlen und Wasserpumpen; Wasser war kostenlos in Mogopa, und jede der etwa 500 Familien bekam ein ungefähr neun Hektar großes Stück Land."
"185","1981-01-09","Zeitung","Die Zeit, 09.01.1981","Doch neben seinen vielfältigen Pflichten zu Hause diente Thorn auch draußen oft als politische Vielzweckwaffe seines Landes."
"186","1981-09-25","Zeitung","Die Zeit, 25.09.1981","Wo heute vergleichsweise bescheiden betuchte Touristen mit Sack und Pack, Auto und Campingausrüstung sommers anreisen, um die heiße Adriasonne zu genießen - zwischen dem italienischen Triest über die jugoslawische Halbinsel Istrien bis Rijeka (vormals Fiume) und den gegenüberliegenden Inseln des Quarnero (Kvarner Golf) -, tummelte sich um die Jahrhundertwende eine illustre Gesellschaft aus aller Herren Länder des Vielvölkerstaates."
"187","1985-11-08","Zeitung","Die Zeit, 08.11.1985","Überall witterten Amerikas Auguren Spione: Fünfhundert, nein tausend, nein zweitausend KGB-Agenten hätten das Land unterwandert."
"188","1989-03-03","Zeitung","Die Zeit, 03.03.1989","Die chemische Industrie ihres Landes ist technisch in der Lage, aus der FCKW-Herstellung auszusteigen, zumal in dem großzügigen Zeitrahmen, der vorgesehen ist."
"189","1987-04-17","Zeitung","Die Zeit, 17.04.1987","In Ländern, in denen nur ein Risiko für die Einheimischen existiert, plustert man sich auf ..."
"190","1970-11-13","Zeitung","Die Zeit, 13.11.1970","In Hessen ist passiert, was in anderen Ländern schon früher geschehen war:"
"191","1973-09-07","Zeitung","Die Zeit, 07.09.1973","Die verständlicherweise von keinem der zuständigen Politiker bestätigte Wahrscheinlichkeit ist somit groß, daß man sich zumindest in jenen Ländern, in denen zeitweilig nur Preisstopps oder stoppähnliche Preiskontrollen verfügt worden sind, im Widerspruch zur eigenen Beurteilung solcher Maßnahmen primär an der öffentlichen Meinung ausgerichtet hat."
"192","1972-09-29","Zeitung","Die Zeit, 29.09.1972","Umlever-Chef Weingardt: ""Wenn wir in Deutschland in der Margarine-Produktion bestreikt würden, fänden wir in keinem anderen Land die Kapazität, mit deren Hilfe wir die Streiksituation meistern könnten."""
"193","1989-11-03","Zeitung","Die Zeit, 03.11.1989","Viele Länder der Dritten Welt verfügen häufig nur über einen einzigen Rohstoff, der Grundlage ihrer Volkswirtschaft ist."
"194","1976-03-12","Zeitung","Die Zeit, 12.03.1976","Beide Einrichtungen haben für die Entwicklung der Schweiz zu einem Land des Management-Trainings besondere Bedeutung."
"195","1979-02-09","Zeitung","Die Zeit, 09.02.1979","In der politischen Welt unserer Vorfahren konnte noch eine gesittete Debatte darüber geführt werden, ob das Land mehr Weizen oder mehr Stahl benötige."
"196","1977-01-28","Zeitung","Die Zeit, 28.01.1977","Bei Ländern ohne ein großes Kernenergieprogramm sehe ich keinen Sinn in der Wiederaufbereitung."
"197","1974-06-21","Zeitung","Die Zeit, 21.06.1974","Jahrelang hatten die Repräsentanten der DDR auf allen Leipziger Messen erklärt, der Handel mit westlichen Ländern könne sich nur besser entwickeln, wenn es normale staatliche Beziehungen und auch reguläre Handelsverträge gebe."
"198","1974-11-15","Zeitung","Die Zeit, 15.11.1974","Wir werden im nächsten Jahr das größte Defizit haben, das es bisher gegeben hat - in der Größenordnung zwischen 45 bis 50 Milliarden Mark bei Bund, Ländern und Gemeinden."
"199","1970-04-03","Zeitung","Die Zeit, 03.04.1970","Weil er in Wahrheit genau weiß, daß sein Land dann nicht mehr lebensfähig wäre und er kein einziges libysches Pfund für den antiisraelischen ""Befreiungskrieg"" zahlen könnte, ließ er auch sogleich nach seinem Putsch die 45 Ölgesellschaften wissen, daß er nicht daran denke, sie zu verstaatlichen."
"200","1974-11-01","Zeitung","Die Zeit, 01.11.1974","Zudem handelt es sich entweder um Länder, die in der Ölversorgung autark oder mit arabischen Nationen befreundet sind."
"201","1982-03-05","Zeitung","Die Zeit, 05.03.1982","Als Bürgerin dieses Landes kann ich nicht umhin, gerade Reagan herauszugreifen - Reagan, den Gewerkschaftsknacker, Reagan, dessen Marionetten die Schlächter von El Salvador sind."
"202","1974-02-15","Zeitung","Die Zeit, 15.02.1974","Die von Präsident Nixon einberufene Zusammenkunft von 13 Ländern wurde wegen der Schwierigkeiten, einen Kompromiß zu finden, am Dienstagabend um einen Tag verlängert."
"203","1976-01-02","Zeitung","Die Zeit, 02.01.1976","Die Beiträge der Genossen aus dem ganzen Land zeigen, daß die ""weiche Welle"" noch nicht überall akzeptiert wird."
"204","1976-11-05","Zeitung","Die Zeit, 05.11.1976","Keinem Lande dürfe erlaubt werden, sein Recht in die eigenen Hände zu nehmen."
"205","1980-06-20","Zeitung","Die Zeit, 20.06.1980","Wimex: Unserem Lande Sicherheit vor sowjetischen Raketenüberfällen zu bieten."
"206","1983-02-25","Zeitung","Die Zeit, 25.02.1983","Ebenso falsch ist die Illusion, jede Regierung dürfe wirtschaftspolitisch tun oder lassen, was ihr innenpolitisch opportun erscheint, ohne Rücksicht auf die anderen Länder."
"207","1987-02-06","Zeitung","Die Zeit, 06.02.1987","""Viele Prominente stiegen bei uns ab"", erzählt Manager Wong Chin Wan, der 1942, gerade als Japan die britischen Kolonialherren aus dem Lande gejagt hatte, als vierzehnjähriger Kellner im ""Coliseum"" anfing."
"208","1970-12-25","Zeitung","Die Zeit, 25.12.1970","Sie sind den anderen asiatischen Ländern klar überlegen und dennoch vermochten sie 1968 bei den Olympischen Spielen in Mexiko nicht einmal eine Bronzemedaille zu gewinnen."
"209","1986-03-07","Zeitung","Die Zeit, 07.03.1986","In ein solches Land kommt nun der Film ""Shoah"", den Lanzmann teilweise in Polen gedreht hat."
"210","1984-06-08","Zeitung","Die Zeit, 08.06.1984","Nach Hitlers Befehl und Keitels Anordnung sollten in jenen Ländern auf diese Weise für jeden getöteten deutschen Soldaten fünf Widerstandsangehörige umgebracht werden."
"211","1979-04-20","Zeitung","Die Zeit, 20.04.1979","Selbst Stalins Handlanger hatten erkannt, daß keiner von ihnen das Land im Stil des monströsen Tyrannen weiter regieren konnte."
"212","1980-06-13","Zeitung","Die Zeit, 13.06.1980","Der Hamburger Finanzsenator Wilhelm Nölling zum Streit zwischen Bonn und den Ländern über die Verteilung der Steuereinnahmen, die Notwendigkeit eines Gesetzes-Moratoriums und die Unwilligkeit der Länder, Mitverantwortung für das ""Faß ohne Boden"" in Brüssel zu übernehmen."
"213","1986-09-19","Zeitung","Die Zeit, 19.09.1986","Weit scheint der amerikanische Surgeon General, der oberste Gesundheitsbeamte des Landes, C. Everett Koop, von seinem Ziel - einem raucherfreien Amerika - nicht mehr entfernt zu sein."
"214","1989-03-31","Zeitung","Die Zeit, 31.03.1989","Gewiß: Bei uns boykottiert die Kulturhoheit der Länder eine ähnlich integrale Leistung (und das Darmstädter Internationale Musikinstitut kann nicht kompensieren, was die Verfassung untergrabt)."
"215","1978-01-20","Zeitung","Die Zeit, 20.01.1978","Der bisher in der Öffentlichkeit unbekannte, publizitätsscheue Press, der immerhin mit seiner Firmengruppe auf einen Jahresumsatz von rund einer Milliarde Mark kommt (ein Mitarbeiter: ""Wir sind einer der Stillen im Lande"") macht sich zum Inhaber eines Unternehmens, das ihm selbst weitgehend unbekannt ist."
"216","1975-09-12","Zeitung","Die Zeit, 12.09.1975","Andere Untersuchungen wie etwa der Strukturplan des Landes Nordrhein-Westfalen oder Initiativen einzelner Kulturpolitiker wie des damaligen Dortmunder Kulturdezernenten Spielhoff haben ein bißchen die Diskussionen darüber versachlichen können, wie weit Strukturveränderungen in der bundesdeutschen Kulturlandschaft denkbar sind, haben aber auch die Schwierigkeiten aufgedeckt, die durch kommunalen Autonomie-Ehrgeiz wie instiutionale und personelle Profilneurosen solchen als notwendig erkannten Veränderungen entgegenstehen."
"217","1970-12-18","Zeitung","Die Zeit, 18.12.1970","Viele Jahre lang der Ausbildungsort für jene Töchter und Söhne des Landes, deren Väter es sich leisten konnten, einen ""Künstler"" in der Familie zu dulden."
"218","1986-09-12","Zeitung","Die Zeit, 12.09.1986","""Geh nach Hause"", verkündet der Magier, ""nimm den Telephonhörer in die Hand und frage: 'Telephon, Telephon in meiner Hand, wer wird Präsident in diesem Land?"""
"219","1975-08-15","Zeitung","Die Zeit, 15.08.1975","Unwillkürlich will man hier als Leser wissen, welches Land denn außer Rheinland-Pfalz mit seiner Stadt Ems den Zweithund doppelt besteuert."
"220","1973-11-23","Zeitung","Die Zeit, 23.11.1973","Ein Boykott, wie ihn jetzt die arabischen Länder zur Durchsetzung ihrer politischen Ziele anwenden, ist keineswegs etwas Neues."
"221","1979-02-09","Zeitung","Die Zeit, 09.02.1979","In der Nacht, aber immer häufiger auch am Tage, gehört dieses Land den Guerrilleros."
"222","1988-04-29","Zeitung","Die Zeit, 29.04.1988","[...] Da ist die ""fundamentalistische"" Schule, die in Moskau eine Macht am Werke sieht, welche unverhohlen auf Expansion und Weltherrschaft setzt (Hauptexponent Ronald Reagan); da ist die ""Unsicherheits""-Schule, die in der traditionellen Sorge um die Verwundbarkeit des eigenen Landes den eigentlichen sowjetischen Antrieb zur Überversicherung erblickt, auch auf Kosten anderer Länder (besonders in der europäischen Linken verbreitet); schließlich ist da die ""opportunistische"" Schule, die als treibende Kraft sowjetischer Politik den Wunsch ausmacht, ihre internationale Machtposition und ihren Einfluß stetig, aber ohne zu großes Risiko auszubauen. [...]"
"223","1973-06-01","Zeitung","Die Zeit, 01.06.1973","Bei Trappenkamp nämlich soll jetzt ein etwa 400 Hektar großer Erholungs- und Wildpark als eine Einrichtung des Landes entstehen."
"224","1978-11-03","Zeitung","Die Zeit, 03.11.1978","Land und Leute müssen hautnah herhalten - verordnet vom Reiseveranstalter, der seit kurzem durch mehr länderkundliche Erbauung mehr Umsätze erwartet."
"225","1981-01-30","Zeitung","Die Zeit, 30.01.1981","Daß jedoch nicht nur Rationalisierungsgründe zum Verzicht auf Ausdruck von Originalurkunden geführt haben, wurde spätestens deutlich, als sich das Bundesfinanzministerium auch dann gegen ""effektive Stücke"" aussprach, wenn einzelne Länder bereit waren, die höheren Kosten einer ausgedruckten Anleihe zu übernehmen."
"226","1985-12-27","Zeitung","Die Zeit, 27.12.1985","Es pfeift der Wörterwind, es tönt das Nebelhorn, sie segeln unverwandt durch Stürme und durch Flauten mit ihrem Silbenboot ins Land der Umbramauten."
"227","1988-10-28","Zeitung","Die Zeit, 28.10.1988","Die Informationsbeschaffung in fernen Ländern ist heute nicht minder ein Geschäft voller Widersprüche."
"228","1981-10-30","Zeitung","Die Zeit, 30.10.1981","Aber da der Saarländer das Sitzen beim Gehen, das Landen beim Fliegen und das Plätschern beim Schwimmen immer im Auge hat, ist er, weil er zugleich nach rückwärts und vorwärts, zugleich nach dem Gehen und dem Sitzen trachtet, wie Leonardo da Vinci sagt, ""ein Muster der Welt""."
"229","1984-04-27","Zeitung","Die Zeit, 27.04.1984","Sie hatten einsehen müssen, wie schwer sich China mit seiner wirtschaftlichen Modernisierung tut, wie sehr das Reich der Mitte - bei allem Drängen nach verstärkten Rüstungsanstrengungen des Westens - im eigenen Land weithin über Rhetorik nicht hinauskam."
"230","1980-12-05","Zeitung","Die Zeit, 05.12.1980","Ein Aufschrei der Entrüstung ging durchs Land, die unzüchtige Hosenidee entpuppte sich als Flop."
"231","1978-09-01","Zeitung","Die Zeit, 01.09.1978","Denn dieses kleine Land, das als armseliges Überbleibsel des jahrhundertelang bestehenden großen Vielvölkerreichs der Habsburger als erste Republik nach dem Ersten Weltkrieg als lebensunfähig erachtet wurde, und auch selber gar nicht an die Möglichkeit seiner selbständigen Existenz glaubte, ist heute ein moderner, ruhiger, sicherer, verläßlich demokratischer Modellstaat, in dem gemäß seiner Tradition der Reform, Neues versucht und auch verwirklicht wurde, das fern von aller Nachahmung der Vergangenheit bisher noch nicht da war."
"232","1982-09-10","Zeitung","Die Zeit, 10.09.1982","Noch bevor das genaue Ausmaß der Katastrophe feststand - erst jetzt fanden Buchprüfer in achtzehn Ländern beim Nachrechnen heraus, daß Wienerwald 1981 nicht 2,2 Milliarden Mark umsetzte, sondern nur rund die Hälfte -, verlor mancher Gläubiger den Glauben an die Zukunft des Konzerns."
"233","1982-10-08","Zeitung","Die Zeit, 08.10.1982","Das Land aber hat sich verändert, seine Seele hat Schaden genommen."
"234","1979-09-07","Zeitung","Die Zeit, 07.09.1979","Günstigere Technologie-Transfermechanismen einschließlich eines Wohlverhaltenskodex für Technologie-Übertragung im allgemeinen und deren Verhandlungspraktiken multinationaler Firmen im besonderen, Revision der von Entwicklungsländern als unvorteilhaft empfundenen Patentgesetzgebung und der Lizenzvergabekonditionen, Schaffung von weltweiten wissenschaftlich-technischen Informationssystemen, Hilfe bei der Schaffung eigener Forschungskapazitäten mit dem Ziel, daß im Jahre 2000 zwanzig Prozent des Weltforschungspotentials sich in den Ländern der Dritten Welt befinden."
"235","1973-08-24","Zeitung","Die Zeit, 24.08.1973","Niemand wird leugnen, daß das heutige Bundesbarikgesetz reformbedürftig ist, auch. wejm wir von vielen westlichen Ländern um unser Zentralbanksystem beneidet werden, vor allem wegen seiner relativen Unabhängigkeit von den jeweiligen Regierungen."
"236","1978-10-20","Zeitung","Die Zeit, 20.10.1978","Wer in diesem regnerischen Herbst übers Land fuhr, sah die Menschen überall mit bloßen Händen Kartoffeln aus der feuchten Erde wühlen, gewahrte lange Schlangen vor Schlachterläden, in denen nicht eine einzige Wurst am Haken hängt."
"237","1976-04-02","Zeitung","Die Zeit, 02.04.1976","Diese drei Länder vereinigen bereits rund 50 Prozent der gesamten Ausgaben im Auslandstourismus auf sich."
"238","1987-10-09","Zeitung","Die Zeit, 09.10.1987","Dem Hinweis, daß die englische Regierung umgerechnet jährlich dreißig Millionen Mark zur staatlichen Design-Förderung ausgäbe und selbst Taiwan einen größeren Design-Etat als die Bundesrepublik habe, entgegnete Schlecht, die Bundesregierung betreibe Wirtschaftspolitik eben ""ordnungspolitisch sensibler und konsequenter"" als andere Länder."
"239","1972-04-28","Zeitung","Die Zeit, 28.04.1972","Die Länder der Europäischen Wirtschaftsgemeinschaft, die 1,45 Millionen Süditalienern Arbeit und Brot geben, haben 1957 im Vertrag von Rom ""das besondere Interesse"" an der italienischen Mezzogiorno-Politik ""für die gesamte Wirtschaftsgemeinschaft"" anerkannt."
"240","1983-04-29","Zeitung","Die Zeit, 29.04.1983","Wir wußten doch, daß wir bei den Rentnern Verständnis für unsere Maßnahmen finden würden, gehören sie doch schon auf Grund ihrer Lebenserfahrung zu den Vernünftigen im Lande, von denen eine gewisse Einsicht erwartet werden kann."
"241","1984-10-05","Zeitung","Die Zeit, 05.10.1984","Indes ist Großbritannien das einzige Land der freien Welt, in dem dank einer Kombination von niedriger Wahlbeteiligung und Verzerrungen des Wahlrechts auch die moderne Linke mit einem Wähleranteil von weniger als 30 Prozent eine Unterhausmehrheit finden könnte."
"242","1989-12-08","Zeitung","Die Zeit, 08.12.1989","Kunze schob seine Poesie in die Zweimillimeteröffnungen, die ihm die DDR-Kulturpolitik bereithielt - wenn sie da aber durchgeschlüpft waren, hatten sie im Land einen Nachhall, dem nicht alle Gedichte gewachsen waren, der manche von ihnen zum Klirren brachte (wenn auch einem Rezensenten ein poetisches Bild gestattet ist)."
"243","1987-05-15","Zeitung","Die Zeit, 15.05.1987","Das Land ""kann sich keine Opposition im Senat leisten"", hatte sie den Filipinos eingehämmert."
"244","1985-10-04","Zeitung","Die Zeit, 04.10.1985","Als Land, dessen Sprache keine Weltsprache ist, als Land in politischer Abhängigkeit sind wir zum Provinzialismus verurteilt, wenn wir nicht immer wieder Türen und Fenster öffnen."""
"245","1980-05-16","Zeitung","Die Zeit, 16.05.1980","Susan: Am meisten bedrückt mich der Egoismus in diesem Lande."
"246","1978-09-22","Zeitung","Die Zeit, 22.09.1978","Der Abschied dieser beiden wichtigen Länder war zwar spektakulär."
"247","1979-09-07","Zeitung","Die Zeit, 07.09.1979","""Die besten Studienanfänger"", so triumphierte die Frankfurter Allgemeine Zeitung (FAZ), ""kommen aus den unionsregierten Ländern."""
"248","1973-02-23","Zeitung","Die Zeit, 23.02.1973","In der USA, dem Land der großen Vermögen und der großen Wohltätigkeit, erfüllen die Ableger dieses Überflusses, die großen Foundations und kleiner Stiftungen (selbst an den unbedeutendsten Universitäten) die gesellschaftliche Funktion, die in den Volksdemokratien der Staat hat."
"249","1984-03-02","Zeitung","Die Zeit, 02.03.1984","Im Lande dagegen blieben die Partei-Verhältnisse lange gleichgewichtiger:"
"250","1987-10-02","Zeitung","Die Zeit, 02.10.1987","Abweichend von der übrigen Staatspraxis in Bund und Ländern wird in Schleswig-Holstein über ein konstruktives Mißtrauensvotum in offener Abstimmung entschieden; einziger Anwendungsfall war bisher der Sturz von Ministerpräsident Bruno Diekmann am 5. September 1950."
"251","1977-11-11","Zeitung","Die Zeit, 11.11.1977","Vor allem aber, der zweite Punkt, hätte man, vom vorgeformten Material abweichend, gut daran getan, in Gesprächen mit einigen wenigen der mehr als einer Million Moslems in unserem Land das Phänomen Mekka aus der Perspektive von Landsleuten - oder sind sie das nicht, die Gastarbeiter aus der Türkei? - detailliert zu beleuchten:"
"252","1976-04-23","Zeitung","Die Zeit, 23.04.1976","Das Straßennetz ist in der Bundesrepublik dichter und besser als in allen vergleichbaren europäischen Ländern."
"253","1983-11-11","Zeitung","Die Zeit, 11.11.1983","Schließlich will ja jeder gut vorbereitet sein auf den neuen Beruf und das neue Land."
"254","1972-04-28","Zeitung","Die Zeit, 28.04.1972","In anderen Ländern gibt es bereits Opel-Wagen unter anderen Bezeichnungen (zum Beispiel den ""Ranger"" in der Schweiz, der technisch dem Commodore entspricht)."
"255","1975-09-19","Zeitung","Die Zeit, 19.09.1975","Die Entwicklung des Verhältnisses Rundfunk/Parteien nähert sich einem Punkt von tragischer Ironie: Demokratische Politiker der ersten Nachkriegsstunde haben den öffentlich-rechtlichen Rundfunk in unserem Lande geschaffen; sie erwecken manchmal den Anschein, als wollten sie mutwillig dieses beste aller denkbaren Systeme nun wieder in Frage stellen."
"256","1988-10-28","Zeitung","Die Zeit, 28.10.1988","Völlig unbeachtet blieb beispielsweise der von Uwe Hüser und seiner Fraktion eingebrachte ""Entwurf eines Gesetzes zur Änderung des Bundessozialhilfegesetzes und des Gesetzes über den Finanzausgleich zwischen Bund und Ländern""."
"257","1985-03-15","Zeitung","Die Zeit, 15.03.1985","In dem Land, in dem sich Colorado Springs befindet, fährt man BMW oder Saab, mankauft nicht in ordinären Supermärkten ein, sondern in Naturkost-Läden, man fährt im Mondschein Ski auf den Pisten des ""Pikes Peak"" oder redet beim Dinner im neuesten Feinschmecker-Restaurant über Selbsterfüllung, Computer-Software und die Kunst der Renaissance."
"258","1975-03-07","Zeitung","Die Zeit, 07.03.1975","Auch will er alle Stimmzettel des ganzen Landes an einer Stelle Londons sammeln und vor der Zählung mischen lassen, damit niemand je feststellen kann, ob Schottland anders gestimmt hat als England oder Nordirland oder Wales."
"259","1971-08-13","Zeitung","Die Zeit, 13.08.1971","Es dürfte Beobachter der fernöstlichen Sportentwicklung nicht einmal überraschen, wenn vor der afro-asiatischen Tischtennismeisterschaft - im Herbst dieses Jahres in Peking - auch europäische Länder den Sport als Beitrag zur Verbesserung ihrer Beziehungen zur Volksrepublik China verwenden."
"260","1976-01-02","Zeitung","Die Zeit, 02.01.1976","Erst dann boten sie materielle Hilfe für das ruinierte Land an."
"261","1970-12-11","Zeitung","Die Zeit, 11.12.1970","Noch bedeutsamer ist jener Paragraph des Entwurfs, der die Ausarbeitung von Empfehlungen für Prüfungsordnungen und Studiengänge gemischten Kommissionen aus Vertretern der Landesbehörden und Berufsverbände mit Sachverständigen aus den Hochschulen überträgt und den Ländern das Recht gibt, die Änderung von Beschlüssen der Hochschulgremien zu verlangen, die diesen Empfehlungen nicht entsprechen:"
"262","1973-04-27","Zeitung","Die Zeit, 27.04.1973","Von den rund 600000 Urlaubern, die Tjæreborg-Reisen im vergangenen Jahr zählte, kamen immerhin 10000 aus deutschen Landen."
"263","1974-06-14","Zeitung","Die Zeit, 14.06.1974","Australien ist ein Land mit sehr hohem Lebensstandard: der Durchschnittslohn des Arbeiten beträgt etwa 400 Mark in der Woche, und wer mit 40 Jahren noch kein eigenes Haus besitzt, ""mit dem stimmt was nicht"", wie die Leute sagen."
"264","1988-03-18","Zeitung","Die Zeit, 18.03.1988","Die Folgen: Gorbatschows konservative Gegner, die grundsätzlich der Meinung sind, daß seine Politik dem Land schadet, weil sie die inneren Bedingungen so sehr destabilisiert, daß der Partei die Kontrolle verlorengeht, werden sich bestätigt fühlen."
"265","1983-01-21","Zeitung","Die Zeit, 21.01.1983","Polen ist nicht als einziges Land Opfer der subversiven Tätigkeit des Vatikans ... seine Propagandaspezialisten werden auch in andere sozialistische Länder entsandt... und die religiöse Propaganda wird von Antikommunisten benutzt, die sich der friedlichen Koexistenz widersetzen und die Entspannung sabotieren wollen."""
"266","1987-12-11","Zeitung","Die Zeit, 11.12.1987","Wir leben zu einer Zeit, wo es nicht viel Zivilcourage braucht, auf den Rasen zu treten; in einem Land, wo für eine ""Protestation des Gewissens"" kaum mehr Helden erforderlich sind."
"267","1970-05-08","Zeitung","Die Zeit, 08.05.1970","Wenn man sich aber gegen die kanadische Metropole ausspricht, würden die Sympathien wiederum Vancouver zufliegen, da dann insgesamt viermal die Bewerbungen von Städten dieses Landes ""durchgefallen"" wäre."
"268","1976-11-26","Zeitung","Die Zeit, 26.11.1976","Da jedes Land den Ertrag der ""Rohstoffsteuer"" in nationaler Währung den internationalen Organisationen zur Verfügung stellen könnte, entstünden keine Zahlungsbilanzprobleme sondern in der Praxis nur eine gewisse Lieferbindung."
"269","1982-06-18","Zeitung","Die Zeit, 18.06.1982","Zumindest im eigenen Lande glückte das nicht,"
"270","1978-12-01","Zeitung","Die Zeit, 01.12.1978","im eigenen Lande mundtotgeschlagen zu werden."
"271","1971-11-05","Zeitung","Die Zeit, 05.11.1971","Der kollektive militärische Eingriff der Länder des Warschauer Paktes in die friedliche, auf gesetzlichen Prinzipien beruhende Entwicklung der Ereignisse in der Tschechoslowakei stellt einen gefährlichen Präzedenzfall auch für die NATO-Länder dar, wenn die Entwicklung in einem oder anderen westeuropäischen Lande Kurs auf eine friedliche sozialistische Revolution nimmt."
"272","1976-07-23","Zeitung","Die Zeit, 23.07.1976","Über 13,7 Prozent gebietet - direkt und indirekt - das Land Bayern."
"273","1985-05-03","Zeitung","Die Zeit, 03.05.1985","Im Innern des Landes, abseits der großen Straßen, ein josefinisches Schloß, venezianischroter Putz, riesiges Kuppeldach, Zopfstil."
"274","1971-04-23","Zeitung","Die Zeit, 23.04.1971","In dem von der polnischen Zeitung zuerst veröffentlichten Papier wird aber - und hier beginnt die entschiedene Kritik in der Bundesrepublik und auch bei den Westmächten - betont, daß amtliche Handlungen des Bundespräsidenten, der Bundesversammlung, der Bundesregierung, des Bundestages, des Bundesrats, der parlamentarischen Ausschüsse, der Länder, anderer staatlicher Institutionen oder offizieller Persönlichkeiten in Westberlin nicht gestattet werden sollen."
"275","1975-05-09","Zeitung","Die Zeit, 09.05.1975","Mit leiser Stimme und gütiger Strenge steuerte er das Gespräch hartnäckig auf jeweils einer Punkt hin, den er sich vorgenommen hatte, auf einen nächsten Schritt, eine Aktion, die bei gemeinsamen Interessen ansetze und die Verflechtung zwischen den Ländern der Gemeinschaft vorantreiben sollte."
"276","1975-01-10","Zeitung","Die Zeit, 10.01.1975","""Unser Beruf"", so lobte der Chef der Central Intelligente Agency (CIA) mit frommem Augenaufschlag, ""hat eine Tradition, die zumindest bis Moses reicht, denn der sandte einen Mann aus jedem Stamm Israel aus, um das Land Kanaan auszukundschaften."
"277","1983-02-04","Zeitung","Die Zeit, 04.02.1983","Und auch eine Waschmaschine mag in einem Land, in dem eine ganze Kaste nichts anderes tut, als für eine paar Rupien Wäsche zu waschen, eher überflüssig sein."
"278","1975-04-11","Zeitung","Die Zeit, 11.04.1975","Er lädt ""junge Erwachsene"" von 18 bis 35 Jahren (auch Nichtmitglieder) ein, die nicht nur Städte und Denkmäler kennenlernen wollen, sondern auch an Kontakten mit den Bewohnern des Landes interessiert sind."
"279","1970-07-17","Zeitung","Die Zeit, 17.07.1970","""Von den Mitgliedern des Rundfunkrates aus dem Land Niedersachsen sollen höchstens vier, aus dem Land Schleswig-Holstein und aus der Freien und Hansestadt Hamburg je zwei Mitglieder dem Bundestag, einem Landtag oder der Bürgerschaft angehören."""
"280","1988-06-17","Zeitung","Die Zeit, 17.06.1988","Zwar trug sie die übliche Lederjacke der Pilspubkundschaft, doch hatte sie als Zugeständnis an die im Lande vorherrschende Zünftigkeit das Leder über der Brust zum Revers umgeschlagen und mit einem Hirschhornknopfimitat zum Trachtenjanker aufgemotzt."
"281","1972-03-31","Zeitung","Die Zeit, 31.03.1972","Wer die Ostverträge nicht der Ablehnung aussetzen will, dem bleibt schlechthin nichts anderes übrig, als in diesem Lande jetzt SPD oder FDP zu wählen."
"282","1987-03-20","Zeitung","Die Zeit, 20.03.1987","""Mit den Sanktionen verhält es sich wie mit der Atombombe: Entscheidend ist die Androhung ihres Einsatzes und die abschreckende Wirkung"", vermerkt ein Mitglied der United Democratic Front (UDF), des Sammelbeckens der außerparlamentarischen Opposition im Lande."
"283","1988-04-29","Zeitung","Die Zeit, 29.04.1988","Immer mehr Menschen in der DDR messen ihr Land inzwischen an der Sowjetunion und dem, was sie von dort erfahren."
"284","1970-06-05","Zeitung","Die Zeit, 05.06.1970","Burma - ein eingeschlossenes Land"
"285","1980-01-25","Zeitung","Die Zeit, 25.01.1980","Keine Angst - die Zentralbanken der europäischen Länder und der Vereinigten Staaten werden nichts tun, um den Höhenflug des Goldpreises zu stoppen."
"286","1971-09-10","Zeitung","Die Zeit, 10.09.1971","Ein Dutzend waren immerhin so glaubwürdig, daß das Land Hessen ein Kopfgeld von 100000 Mark aussetzen ließ."
"287","1973-09-21","Zeitung","Die Zeit, 21.09.1973","""Viktor Palmgren ist tot. Weg für immer und von niemanden vermißt außer von vereinzelten Finanzhaien und Repräsentanten irgendwelcher suspekter Regime in weit entfernten Ländern ..."
"288","1987-02-20","Zeitung","Die Zeit, 20.02.1987","Know-how-Transfer soll es den Brasilianern ermöglichen, über fünfzig Prozent der Teile für die beiden letzten U-Boote im Land herzustellen."
"289","1979-05-04","Zeitung","Die Zeit, 04.05.1979","Die junge Frau betrachtet die Zeit ihres Eigenlebens als eine Art Ausflug in ein fremdes Land und tauscht erleichtert ihre Eigenständigkeit gegen eine kindliche Symbiose, mit einem Mann ein, von dem sie erwartet, daß er sie von nun an bemuttert (""Frauen heiraten häufig einen Mann, zu dem sie die gleiche unbewußte Bindung haben wie zu ihrer Mutter"", berichtet ein Psychologe in diesem Buch)."
"290","1985-03-01","Zeitung","Die Zeit, 01.03.1985","Nach Auffassung der Bundesregierung gehört die Verbrennung chlorierter Kohlenwasserstoffe auf See zu den ""Schadstoffeinträgen"", die sich ""möglicherweise nachteilig auf die Meeresumwelt auswirken können"", so daß man sie durch ""Verwertungs- und Beseitigungsmethoden an Land"" ersetzen müsse."
"291","1979-07-13","Zeitung","Die Zeit, 13.07.1979","reimte der englische Dichter Walter Savage Länder."
"292","1972-08-04","Zeitung","Die Zeit, 04.08.1972","Die östlichen Länder versprechen sich, wie es im Budapester Appell vom 17. März 1969 heißt, ""gemeinsame Anstrengungen auf dem Gebiet der Energetik, des Verkehrswesens, der Wasserwirtschaft und des Gesundheitswesens""."
"293","1978-06-09","Zeitung","Die Zeit, 09.06.1978","Aber nicht garstig, sondern richtig. schön hat General Videla, der Staatschef Argentiniens, gesungen, als er die Mannschaft des eigenen Landes zur Audienz empfing:"
"294","1981-12-04","Zeitung","Die Zeit, 04.12.1981","Wenn der Botschafter, der Vertreter des Auswärtigen Amtes, das Land verlassen muß, bleiben, die Mitarbeiter des Ministeriums für wirtschaftliche Zusammenarbeit zurück, und wo auch sie nicht mehr tätig sind, hält bestimmt ein Angestellter einer der Parteien-Stiftungen die bundesdeutsche Fahne hoch."
"295","1974-06-14","Zeitung","Die Zeit, 14.06.1974","Diese Röhrenwelt könnte autark sein - es gäbe Wasser, eine künstliche Atmosphäre, bebaubares Land, das sich nach Erdenart beackern ließe."
"296","1973-05-04","Zeitung","Die Zeit, 04.05.1973","Heute laufen in São Bernado täglich 1600 Autos vom Band, zum Teil Eigenkonstruktionen, zu hundert Prozent im Lande produziert."
"297","1988-10-14","Zeitung","Die Zeit, 14.10.1988","Vor einem Jahr war das Land als Käufer willkommen, als die große Emission von BP-Aktien aus dem Besitz der Regierung im Börsenkrach völlig zu scheitern drohte."
"298","1972-06-30","Zeitung","Die Zeit, 30.06.1972","Auf jeden Fall sollte Iren wie Briten vor dem Waffenstillstand noch einmal klargemacht werden, wer der wirkliche Herr auf den Straßen des Landes ist und daß es ganz im Benehmen der IRA liegt, jetzt erst einmal Ruhe zu geben - nach 400 Toten, darunter mehr als hundert jungen Soldaten, und einem Sachschaden, der an die Ausmaße des Bombenkrieges vor 30 Jahren heranreicht."
"299","1972-05-12","Zeitung","Die Zeit, 12.05.1972","Nach Paragraph 19 des Stabilitätsgesetzes kann sie durch Rechtsverordnung mit Zustimmung des Bundesrates die vom Bund, den Ländern, den Gemeinden, der Bundesbahn und der Bundespost geplanten Kreditwünsche auf 80 Prozent der durchschnittlichen Kreditaufnahme der letzten fünf Jahre beschränken."
"300","1983-11-04","Zeitung","Die Zeit, 04.11.1983","Das Land braucht jetzt Ruhe, um seine vor kurzem noch zaghaft prosperierende Wirtschaft wieder aufzubauen."
"301","1989-11-10","Zeitung","Die Zeit, 10.11.1989","Auch im Land des Wirtschaftswunders begann man, sich für eine andere Sicht der Dinge zu interessieren."
"302","1984-04-27","Zeitung","Die Zeit, 27.04.1984","Als Ende 1978 die Volkswut gegen das Schahregime zum Sieden kam, veröffentlichten streikende Angestellte der Iranischen Zentralbank eine Liste von Günstlingen, die mit 169 Überweisungen rund 2,4 Milliarden Dollar außer Landes geschafft hatten - auf Konten in Manhattan, Paris, Zürich und Genf."
"303","1989-10-13","Zeitung","Die Zeit, 13.10.1989","Fällt also ein Schatten auf das Land, wenn Carmen Romero am Wahltag des 29. Oktober den Listenplatz drei im Wahlkreis cádiz gewinnt und als Abgeordnete der Sozialistischen Arbeiterpartei in die Cortes, ins Parlament einzieht?"
"304","1986-11-21","Zeitung","Die Zeit, 21.11.1986","Am Paragraphen 166 des Strafgesetzbuches - ""Beschimpfung von Bekenntnissen"", früher Gotteslästerung - lassen sich die Freiheits- und Machtkämpfe im Lande besonders gut ablesen."
"305","1988-01-01","Zeitung","Die Zeit, 01.01.1988","Trotz massiver Staatshilfe macht das größte Stahlwerk des Landes immer größere Verluste"
"306","1979-10-12","Zeitung","Die Zeit, 12.10.1979","Beide Male sah das Land, wie der Chef der Partei vor deren Zahlmeister zurückschreckte."
"307","1978-09-15","Zeitung","Die Zeit, 15.09.1978","Unter der grünen Europa-Fahne der Europäischen Akademie in Otzenhausen/Saar trafen sich am vergangenen Wochenende deutsche und politische Journalisten zu einem Gedankenaustausch: um darüber zu diskutieren, welchen Beitrag die Massenmedien der beiden Länder für das Verständnis zwischen ihren Ländern leisten können."
"308","1982-07-23","Zeitung","Die Zeit, 23.07.1982","Wenn etwa Johano Strasser behauptet, der Regierungskurs in Bonn mache es den Sozialdemokraten in den Ländern und Gemeinden fast unmöglich, noch Wahlen zu gewinnen, so läuft er Gefahr, sich in die Tasche zu lügen."
"309","1979-10-19","Zeitung","Die Zeit, 19.10.1979","Die Erfüllung dieser Ziele kann nur dadurch aufgehalten werden, daß wir in der Bundesrepublik Deutschland zum außen- und sicherheitspolitischen Konsensus zurückkehren - daß die politischen Parteien unseres Landes sich erneut auf die großen Adenauerschen Optionen verpflichten, unter deren Gesetz die Bundesrepublik Deutschland nach dem Zweiten Weltkrieg angetreten ist."
"310","1980-10-03","Zeitung","Die Zeit, 03.10.1980","Praktisch jeder Franzose ist von den wirtschaftlichen Problemen des Landes betroffen."
"311","1987-12-11","Zeitung","Die Zeit, 11.12.1987","Im rumänischen Brasow revoltierten Arbeiter gegen die katastrophale Situation im Lande."
"312","1983-12-09","Zeitung","Die Zeit, 09.12.1983","Sie haben Erfahrung mit Publikum in vielen verschiedenen Ländern."
"313","1975-10-03","Zeitung","Die Zeit, 03.10.1975","Immerhin stammten von den 1971 in der Bundesrepublik ur- und erstaufgeführten 385 Spielfilmen noch 30 Prozent aus deutschen Landen."
"314","1989-12-08","Zeitung","Die Zeit, 08.12.1989","Währungsgemeinschaft bedeutet, daß die daran beteiligten Länder viel von ihrer früheren Autonomie in der Wirtschaftspolitik werden opfern müssen."
"315","1977-03-18","Zeitung","Die Zeit, 18.03.1977","Die sogenannten reichen Länder des Westens müssen freilich aufhören, einen liberalen Welthandel zu predigen, nur solange es ihnen selbst zum Nutzen gereicht."
"316","1988-12-09","Zeitung","Die Zeit, 09.12.1988","Das Land war zertrennt in vier Besatzungszonen."
"317","1979-02-02","Zeitung","Die Zeit, 02.02.1979","Für den Tag danach werden Sündenböcke gebraucht; wenn möglich nicht aus dem eigenen Land und wenn möglich nicht Kohl."
"318","1986-11-21","Zeitung","Die Zeit, 21.11.1986","Spieglein, Spieglein an der Wand, wer ist die (der) Größte im ganzen Land?"
"319","1978-02-17","Zeitung","Die Zeit, 17.02.1978","Da nimmt man das politische Risiko, das in dem Zwang zur Öffnung des Landes liegt, leichter in Kauf."
"320","1979-12-14","Zeitung","Die Zeit, 14.12.1979","Unfreundlichen Leuten sind wir auf der Insel auch begegnet, aber nicht mehr, als in anderen Ländern auch."
"321","1988-02-26","Zeitung","Die Zeit, 26.02.1988","Dort wurden die Hotels nicht gebaut für den Landadel, der in der Stadt ein home away from home haben wollte, nicht für die wohlhabenden Bürger des eigenen Landes, die in einiger Entfernung von den neugierigen Nachbarn Lüstgewinn suchten, sondern so gut wie ausschließlich für Touristen, Reisende, Erholung und Befriedigung Suchende aus fremden Ländern."
"322","1985-03-08","Zeitung","Die Zeit, 08.03.1985","""Unser Land warnt heute mit allem Nachdruck vor einer neuen Gefahr für die Menschheit."
"323","1987-11-20","Zeitung","Die Zeit, 20.11.1987","Staat und Bürokratie sind in diesem Land jahrelang Ursache für Ausbeutung gewesen."
"324","1977-11-25","Zeitung","Die Zeit, 25.11.1977","Einige Länder, wie Bayern und Bremen, erlauben auch den Volksschulabsolventen die Zulassung zur Ausbildung als Altenpfleger."
"325","1988-02-12","Zeitung","Die Zeit, 12.02.1988","Manche Freunde sehen im Einlenken der Regierung ihre Hoffnung bestätigt, daß sich langsam etwas ändert im Land."
"326","1977-09-09","Zeitung","Die Zeit, 09.09.1977","Alleingänge der Länder führen mit Sicherheit zu grotesken Zuständen."
"327","1985-12-13","Zeitung","Die Zeit, 13.12.1985","Doch wegen der unterschiedlichen Bestimmungen in den verschiedenen Ländern mag der japanische Markt den Ausländern vielleicht verschlossen vorkommen; oder es mag ihnen so erscheinen, als gäbe es nichttarifäre Handelshemmnisse."
"328","1971-08-20","Zeitung","Die Zeit, 20.08.1971","Mit dem Aufkauf von Kupfer- und Goldminen in politisch und wirtschaftlich unstabilen Ländern Afrikas wurde der Konzern reich."
"329","1986-08-22","Zeitung","Die Zeit, 22.08.1986","Von allen am Zweiten Weltkrieg beteiligten Ländern waren die Menschenverluste Polens, bezogen auf die Gesamtbevölkerung, die höchsten: 220 von 1000 Einwohnern."
"330","1979-11-23","Zeitung","Die Zeit, 23.11.1979","Mitglied der deutschen Seerechtsdelegation ist auch das Land Schleswig-Holstein, stellvertretend für die vier norddeutschen Küstenländer."
"331","1986-05-09","Zeitung","Die Zeit, 09.05.1986","Oder jene, die wie Jana freiwillig hierbleiben, weil sie ihr Land noch immer lieben, trotz allem; die lauen Sommernächte, die leuchtenden Wintermorgen, die Freunde, den Schutz der Großfamilie, die Nachbarn - Leidensgenossen in einem Krieg, den man seit einem Jahrzehnt gemeinsam zu überleben versucht."
"332","1989-12-01","Zeitung","Die Zeit, 01.12.1989","Zahlreiche empirische Untersuchungen haben jedoch gezeigt, daß letztlich das Verhalten auslandischer Investoren und ihre Wirkungen auf die Wirtschaft eines Entwicklungslandes wesentlich von der Politik des Landes abhängen."
"333","1988-03-25","Zeitung","Die Zeit, 25.03.1988","Das Land der Deutschen mit der Seele suchen: Eindrücke von der DDR auf der Leipziger Buchmesse"
"334","1988-12-16","Zeitung","Die Zeit, 16.12.1988","Was würde denn im Lande passieren, fragte ich, wenn die Regierung Mandela freiließe."
"335","1982-10-29","Zeitung","Die Zeit, 29.10.1982","Im Gegensatz dazu unterstützten die führenden Nationen der Zentralmächte, Deutschland und Österreich-Ungarn, die Türkei - ein moslemisches Land, das das Christentum verfolgte-, und darüber hinaus waren sie auch äußerst autoritäre Länder."
"336","1988-06-17","Zeitung","Die Zeit, 17.06.1988","Die immer selbstbewußtere Arbeiterschaft des Landes fordert und erhält höhere Löhne und zwingt Management und Wirtschaftsplaner, langsam vom alten Erfolgsrezept allein billiger Massenproduktion möglichen zu nehmen."
"337","1974-07-12","Zeitung","Die Zeit, 12.07.1974","Nicht nur Regierungsparteien und Opposition waren uneins, als es um definitive Beschlüsse ging, auch das Regierungslager war zerstritten und obendrein dann noch die Bundestagsfraktionen mit ihren jeweiligen Parteikonfidenten in den Ländern."
"338","1982-10-08","Zeitung","Die Zeit, 08.10.1982","Viele im Lande würden aufatmen, wenn er in seiner Regierungserklärung bekräftigte, daß es ihm darum gehe, das Mittelfeld der Politik zu verbreitern, nicht einzuengen - in der Innenpolitik wie in der Außenpolitik; zerbrochene Dialoge wieder, aufzunehmen, nicht ersterben zu lassen; über die Verwerfungslinien unserer Gegenwart hinweg Vertrauen zu schaffen."
"339","1977-09-16","Zeitung","Die Zeit, 16.09.1977","Da auf dem Lande Großbetriebe fehlen, müssen die durch Rohdes Gesetze abgeschreckten Handwerker für die Lehrlingsausbildung zurückgewonnen werden."
"340","1987-03-20","Zeitung","Die Zeit, 20.03.1987","Die beiden Programme, vom Land inszeniert und vom Bund gefördert, hießen in Berlin ""Abriß für den Wiederaufbau"" und ""Entstuckungs-Modernisierung""."
"341","1971-03-26","Zeitung","Die Zeit, 26.03.1971","Denn ""in praktisch allen Teilen der Welt legt man heute Wert darauf, an Stelle der bisherigen Importe die gewünschten Produkte im eigenen Lande herstellen zu lassen""."
"342","1987-06-12","Zeitung","Die Zeit, 12.06.1987","""Ich bin der schwerste im ganzen Land."""
"343","1973-08-17","Zeitung","Die Zeit, 17.08.1973","Er selber fühlte sich als Bürger Preußens, eines Landes also, wo sich Pruzzen, Polen und Deutsche in gemeinsamer Arbeit zusammenfanden."
"344","1974-09-20","Zeitung","Die Zeit, 20.09.1974","Durch zähe Verhandlungen gelang es den niederländischen Behörden, die drei japanischen Terroristen auf dem Luftweg außer Landes zu bringen."
"345","1980-07-11","Zeitung","Die Zeit, 11.07.1980","So blättern sich die Abenteuer des seefahrenden Gulliver in einer Legion von Kinderbüchern auf, und seit Grandville sie unvergeßlich bebilderte, existieren Lilliput und das Riesenland Brobdingnag, und womöglich auch die fliegende Insel Laputa und das Land der klugen Pferde auf dem satellitenvermessenen Erdball unverwüstlich weiter im Märchen-Hausschatz vieler Völker."
"346","1976-12-10","Zeitung","Die Zeit, 10.12.1976","Und das ist bei den niedrigen Einkommen auf dem Land eine sehr lange Zeit."
"347","1972-12-15","Zeitung","Die Zeit, 15.12.1972","Und recht hat auch Ludwig von Friedeburg, weil seine Bildungspolitik bestätigt wurde, die auf Förderstufen überall im Land abzielt."
"348","1988-04-08","Zeitung","Die Zeit, 08.04.1988","So generell auch in den anderen revierfernen Ländern."
"349","1981-06-19","Zeitung","Die Zeit, 19.06.1981","daß er anderen Ländern nicht ein bestimmtes politisches System aufzwinge und ""im Prinzip"" kein Land von der Wirtschaftshilfe ausgeschlossen wird."
"350","1975-07-18","Zeitung","Die Zeit, 18.07.1975","Die Länder hatten ihm bei der Verabschiedung der Steuerreform diesen Ausgleich zugebilligt."
"351","1984-04-13","Zeitung","Die Zeit, 13.04.1984","Ich habe es nie verstanden, warum sich die Menschen einen Garten halten und warum auch ich mich vor 35 Jahren, als ich mein erstes Haus auf dem Land gekauft hatte, zuallererst daranmachte, Erde für einen Gemüsegarten umzugraben."
"352","1984-08-31","Zeitung","Die Zeit, 31.08.1984","""Wir werden den Frieden dadurch bewahren, daß wir unser Land stärker halten, als es jeder unserer möglichen Feinde ist."""
"353","1983-04-22","Zeitung","Die Zeit, 22.04.1983","Technologie, vor wenigen Jahren noch als Gefährdung der Umwelt, als unheimliches Teufelszeug empfunden, gilt heute wieder als die große Hoffnung, um Amerikas Probleme zu lösen; auch deshalb wohl hat Reagans Vision vom ""Krieg der Sterne"" im Lande Resonanz gefunden."
"354","1985-01-11","Zeitung","Die Zeit, 11.01.1985","Mit Hilfe der Ausländer im Lande ließe sich ein deutsches Problem aus der Welt schaffen"
"355","1975-10-10","Zeitung","Die Zeit, 10.10.1975","Die Abschaffung der Todesstrafe wäre in unserem Land besonders notwendig, das von dem Geist der Härte und der Gleichgültigkeit menschlichem Leiden gegenüber vergiftet ist."
"356","1985-11-01","Zeitung","Die Zeit, 01.11.1985","""Flächendeckend"" freilich kann die gemeindenahe Versorgung zumindest auf dem Lande - gar nicht sein."
"357","1987-11-20","Zeitung","Die Zeit, 20.11.1987","Und da gibt es den jüngeren Germanisten, der, gerade als seine Assistenzzeit begonnen hatte, vier Jahre lang Schwerstarbeit auf dem Lande machen mußte, zusammen mit Verbrechern, beaufsichtigt von Bauern und kujoniert von Soldaten."
"358","1979-11-30","Zeitung","Die Zeit, 30.11.1979","Das ""Mädchen, das Gott sein wollte"", möchte immer alles auf einmal: die große Lyrik und eine verkäufliche Prosa, das Haus auf dem Land und ein Leben in der Stadt, das Lebensglück durch eigene Kinder und das lebensrettende Schreiben, die liebende Aufsicht der Mutter und die triumphierende Selbständigkeit, Kochendürfen und Nichtkochenmüssen, die Bindung an ihren Mann und dessen Freiheit."
"359","1982-07-16","Zeitung","Die Zeit, 16.07.1982","""Es war ein Morgen im Juni auf dem Land."
"360","1974-12-06","Zeitung","Die Zeit, 06.12.1974","Nicht weil dies von nahezu allen kritischen Zeitungen vorausgesagt worden ist, sondern weil ich die Interessen und Erwartungen meines Amtes und meines Landes mißachte, wenn ich den Wunsch unserer deutschen Genossen unterdrücken würde, euch, britische Genossen, an unserer Seite in der Gemeinschaft zu sehen..."
"361","1987-11-27","Zeitung","Die Zeit, 27.11.1987","Und schließlich gibt es auch heute genügend Länder, die riesige Probleme haben, obwohl sie vom Währungsfonds unterstützt werden."
"362","1975-01-24","Zeitung","Die Zeit, 24.01.1975","So erklärte ihr Öl- und Finanzminister Abdel-Rahman al-Atiqi vor einigen Tagen, Kuwait werde seine Produktion auf keinen Fall so weit herunterschrauben, daß Großbritannien und die USA Schaden nehmen könnten, denn beide Länder wären sichere Horte für kuwaitische Investitionen."
"363","1977-02-11","Zeitung","Die Zeit, 11.02.1977","Für alle, die lieber im Lande bleiben, net mit ihren großen Trachtenumzügen und den wertvollen geschnitzten Holzrnaskeri mehr als nur Geschunkel und Helau."
"364","1985-03-01","Zeitung","Die Zeit, 01.03.1985","Watteau ist nicht der Träumer, der Phantast, der sich aus einer rauhen, banalen Wirklichkeit ins Land Utopia flüchtet."
"365","1989-09-22","Zeitung","Die Zeit, 22.09.1989","Das Land besteht nicht mehr."
"366","1986-07-11","Zeitung","Die Zeit, 11.07.1986","Da erhob sich der Schriftsteller und sprach die geflügelten Worte, wir alle sollten zusammen gegen den ""künstlerischen Mist"" kämpfen, der das Gesicht des Landes entstelle."
"367","1970-08-21","Zeitung","Die Zeit, 21.08.1970","""Gibt es nicht viele in Ihrem Lande, die diesen Vertrag kritisieren, weil sie den Deutschen mißtrauen?"""
"368","1987-06-05","Zeitung","Die Zeit, 05.06.1987","Noch niemals ist ein Land, das ein hohes Wirtschaftswachstum, Vollbeschäftigung und soziale Sicherheit hat, ""NS-like"" geworden."
"369","1974-10-25","Zeitung","Die Zeit, 25.10.1974","Es ist höchste Zeit, deutlich zu verstehen, daß solche Versuche der Einmischung in innere Angelegenheiten nichts als Schaden anrichten, auch im Handel und der wirtschaftlichen Beziehungen zwischen unseren Ländern."""
"370","1981-09-04","Zeitung","Die Zeit, 04.09.1981","Ich muß befürchten, Und da gibt es ja auch Erfahrungen. daß dann. wenn unser Land diesen Weg ginge, mehrheitlich, daß dann andere die Konflikte auf deutschem Boden austragen, die wir, wenn wir Politik machen, in unserer Bedeutung Politik machen können, verhindern können."
"371","1982-04-30","Zeitung","Die Zeit, 30.04.1982","Produkte aus diesen Ländern werden zunehmend als zuverlässig und qualitativ hochstehend erachtet, unterstützt von einem weitgespannten Kundendienstnetz, das für Produktbetreuung auch nach dem Kauf sorgt."
"372","1973-03-02","Zeitung","Die Zeit, 02.03.1973","Erst wenn dann eines Tages auch noch in Nordostniedersachsen eine Hochschule gegründet würde - die Städte Leer und Emden bewerben sich als Standort -, würde die komplizierte Hochschulstruktur des Landes ausgewogener sein:"
"373","1973-12-07","Zeitung","Die Zeit, 07.12.1973","Als die ASCAP 1940 höhere Tantiemen forderte, streikten die Sender und suchten im ganzen Land nicht-lizenzierte Interpreten, Gruppen und Orchester, mit deren Hilfe sie das ASCAP-Monopol ein für allemal durchbrachen."
"374","1976-11-12","Zeitung","Die Zeit, 12.11.1976","Selbst wenn man unbeachtet läßt, daß ""Zusammenarbeit"" die Zusammengehörigkeit der Länder in einem föderalen Bundesstaat kaum zulänglich beschreibt, selbst wenn man vergißt, daß zur Wahrung oder Herstellung einheitlicher Lebensverhältnisse mehr als nur ""Kooperation"" gehört und daß demzufolge das Beiwort ""kooperativ"" den bundesstaatlichen Föderalismus eher aushöhlt als ihn zu stärken - selbst wenn man all das beiseite läßt, so wird bei näherem Hinsehen deutlich, daß der ""kooperative Föderalismus"" eine Art negativer politischer Programmsatz ist."
"375","1973-02-23","Zeitung","Die Zeit, 23.02.1973","Die ""Stiftung Preußischer Kulturbesitz"", der der Bundestag 1961 die Aufgabe übertrug, den preußischen Kulturbesitz ""für das deutsche Volk zu bewahren, zu pflegen, zu ergänzen"", wird zur Zeit vom Bund sowie den Ländern Baden-Württemberg, Berlin, Nordrhein-Westfalen und Schleswig-Holstein finanziert."
"376","1983-11-18","Zeitung","Die Zeit, 18.11.1983","Israel exportierte Waffen in über fünfzig Länder; die Angaben für das Exportvolumen schwanken stark:"
"377","1978-04-21","Zeitung","Die Zeit, 21.04.1978","In diesem Zusammenhang muß dann auch die Frage aufgeworfen werden, ob es nicht im Bildungswesen oder in anderen Bereichen Kompetenzen gibt, die vom Bund auf die Länder zu verlagern sind."
"378","1970-08-21","Zeitung","Die Zeit, 21.08.1970","Aber fürchten die Länder nicht mit einigem Recht den immer größer werdenden Einfluß des Bundes auf die Hochschulen, dem letzten Reservoir ihrer Hoheit?"
"379","1988-04-29","Zeitung","Die Zeit, 29.04.1988","Existiert schon in größeren EG-Staaten wie Frankreich und der Bundesrepublik eine festgefügte Allianz gegen ""Überfremdungs""-Versuche, so sitzen in den kleineren Ländern derartige Ängste noch ungleich tiefer."
"380","1974-05-10","Zeitung","Die Zeit, 10.05.1974","Die Gefahr des Machtmißbrauchs durch eine starke plebiszitäre Präsidialmacht, die durch ein zersplittertes Parlament keine wirksame Kontrolle und Begrenzung erfuhr, veranlaßte den Parlamentarischen Rat, der im September 1948 in Bonn zusammentrat und dessen Mitglieder von den Landtagen der einzelnen Länder gewählt worden waren, zu einer Revision und Beschneidung der Präsidialmacht, einer Änderung des Wahlmodus für die Wahl des Staatsoberhauptes, zu einer Verbesserung des Mehrheitswahlrechts und zu einer Stärkung der Kompetenz der Regierung."
"381","1978-09-15","Zeitung","Die Zeit, 15.09.1978","Aus Lusaka meldete sich Präsident Kaunda zu Wort und erinnerte mit Genugtuung daran, daß er schon vor mehr als zehn Jahren die britische Regierung informiert habe, britische Gesellschaften würden Öl nach Rhodesien liefern und also gegen die Sanktionen verstoßen, die London gegen dieses von der britischen Krone abgefallene Land verhängt hat."
"382","1983-04-15","Zeitung","Die Zeit, 15.04.1983","Es gibt eine These, die besagt, daß die Mexikaner Acapulco so perfekt auf die Bedürfnisse amerikanischer Pauschaltouristen zugeschnitten haben, um überall sonst im Land Ruhe vor ihnen zu haben."
"383","1985-02-08","Zeitung","Die Zeit, 08.02.1985","Diese ""Einmischung in die inneren Angelegenheiten der Länder oder - genauer gesagt - eine noch gravierendere Art der Einmischung, nämlich in das Bewußtsein der Bürger der Länder"", so Frankreichs streitbarer Kulturminister Jack Lang, wollten, mochten, oder konnten die in den Länderparlamenten vertretenen Parteien bei den gesetzlichen Vorgaben für private Fernsehveranstalter (die Regelung des Rundfunks ist Ländersache) nicht verhindern."
"384","1983-04-01","Zeitung","Die Zeit, 01.04.1983","Sie ist auf einer ihrer freitäglichen Gewalttouren durch das Land, um das ""Hohelied vom freien Unternehmertum"" zu singen."
"385","1983-09-02","Zeitung","Die Zeit, 02.09.1983","""Grenzüberschreitungen oder Literatur und Wirklichkeit"", Vorträge, Lyrik, Prosa und Übersetzungen von 35 Autoren aus 13 Ländern, herausgegeben von Walter Neumann."
"386","1972-01-21","Zeitung","Die Zeit, 21.01.1972","Idi glaube jedoch nicht, daß es viele Atheisten jinter den Managern gibt, es sei denn in Ländern, in denen Atheismus zur Staatsreligion befördert wurde."
"387","1974-03-08","Zeitung","Die Zeit, 08.03.1974","Gegen Mitbestimmung ist niemand in diesem Land: Sie wird seit zwei Jahrzehnten in so gut wie allen größeren Unternehmen praktiziert."
"388","1985-10-04","Zeitung","Die Zeit, 04.10.1985","Es ist das erste Mal, daß der Kremlführer in seinem neuen Amt ein westliches Land besucht."
"389","1988-12-09","Zeitung","Die Zeit, 09.12.1988","Unter dem Schlagwort ""Peacekeeping"" sollen derzeit 10000 Soldaten aus 35 Ländern weltweit Kriegeverhindern."
"390","1982-11-19","Zeitung","Die Zeit, 19.11.1982","Und genau das versuchte der ""Nationale Widerstandsrat"", in dem sich die größten progressiven Organisationen des Landes, wie die Volksmodjahedin, die Demokratische Partei Kurdistans und Persönlichkeiten wie Bani-Sadr, zusammengeschlossen hatten."
"391","1982-10-29","Zeitung","Die Zeit, 29.10.1982","Der Nobelpreis für den kolumbianischen Schriftsteller Gabriel García Márquez habe dem Lande genug internationale Anerkennung gebracht."
"392","1973-09-28","Zeitung","Die Zeit, 28.09.1973","Aber nicht nur aus deutschen Landen werden Neuheiten für Photofans angekündigt."
"393","1988-09-30","Zeitung","Die Zeit, 30.09.1988","Fast ein wenig verlegen spricht er über den Idealismus der Schüler und Studenten, die für ihr Land ein paar Monate im Jahr Aufbauarbeit leisten: im Straßenbau und in der Landwirtschaft."
"394","1989-03-10","Zeitung","Die Zeit, 10.03.1989","LÄNDER IM VERGLEICH"
"395","1981-05-22","Zeitung","Die Zeit, 22.05.1981","Der Präsident der Argentinischen Atomenergiekommission, der Vizeadmiral und promovierte Physiker Carlos Castro Madero, stellte vor deutschen Journalisten kürzlich fest: ""Atucha liefert den billigsten Strom in unserem Lande."""
"396","1978-07-07","Zeitung","Die Zeit, 07.07.1978","Habermas findet den deutschen Liberalen im April 1978 nicht mehr viel wert, zu wenig kritikbereit; er vermißt ihn im Kreise derer, die gegen die Berufsverbote kämpfen er sieht ihn eingebunden in eine politische Bewegung, die irgendwie nach rechts treibt; belastet mit nationalen und obrigkeitsstaatlichen Hypotheken; auf dem besten Wege, in eine ""neue Militanz alter Rechtsintellektueller eingebunden zu werden""; unfähig, für liberale Prinzipien noch zu kämpfen: ""anscheinend muß man in diesem Lande Polizist sein"" für den Kampf um liberale Prinzipien."
"397","1984-01-06","Zeitung","Die Zeit, 06.01.1984","Bei den Sozialisten mag man in den mittelständischen Betrieben nicht so recht die Kraftzellen des Landes sehen."
"398","1979-06-15","Zeitung","Die Zeit, 15.06.1979","Sie sehen weit größere Entwicklungschancen auf der anderen Seite ihres von zwei Meeren umgebenen Landes: an der Pazifikküste."
"399","1983-02-11","Zeitung","Die Zeit, 11.02.1983","Das Material darf laut Gesetz von den Statistischen Ämtern des Bundes und des Landes an die ""fachlich zuständigen obersten Bundes- und Landesbehörden übermittelt werden, soweit sie zur rechtmäßigen Erfüllung der in ihrer Zuständigkeit liegenden Aufgaben erforderlich sind""."
"400","1972-11-03","Zeitung","Die Zeit, 03.11.1972","Sie unterzeichneten in Hamburg ein Abkommen, mit dem sie die Lehrerexamen in ihren Ländern gegenseitig anerkennen."
"401","1986-06-20","Zeitung","Die Zeit, 20.06.1986","Daraus ergibt sich, daß diese beiden Länder bevorzugte Kapitalfluchthäfen sind."
"402","1985-12-27","Zeitung","Die Zeit, 27.12.1985","Und wenn jemand eine baldige Lösung dieser Frage behindert, so sind es vor allem die USA, die die Banden der Konterrevolutionäre finanzieren, unterstützen und bewaffnen und die Anstrengungen zur Normalisierung der Lage im Lande zunichte machen."""
"403","1981-02-06","Zeitung","Die Zeit, 06.02.1981","Die Verantwortlichen wissen, was die Europäer immer stärker ins weite Land zieht."
"404","1977-09-16","Zeitung","Die Zeit, 16.09.1977","Käme es in Südafrika einmal zu einem Umschwung, wäre möglicherweise die Bezahlung deutscher Lieferungen in dieses Land in Frage gestellt."
"405","1981-01-02","Zeitung","Die Zeit, 02.01.1981","Schon deshalb sind die Filme von Klaus Wildenhahn wichtige Fernseh-Ereignisse: ""In der Fremde"", ""Institutssommer"", ""Die Liebe zum Land"", ""Emden geht nach USA""."
"406","1989-06-02","Zeitung","Die Zeit, 02.06.1989","In einigen Ländern Afrikas, Asiens und Lateinamerikas hingegen, in denen keine oder unwirksame Aufklärung stattfindet, sind die HIV-Infektionen erschreckend angestiegen."
"407","1978-11-17","Zeitung","Die Zeit, 17.11.1978","Die Bundesrepublik steht unter den EG-Ländern nach Dänemark an der Spitze der Wohlstandsskala, Sie ist das wirtschaftlich stärkste Land der EG."
"408","1978-03-31","Zeitung","Die Zeit, 31.03.1978","Allen anderen Schulklassen im Lande der Wander- und Sangeslust hat der scheidende Kultusminister Hahn die Platte jedoch vorenthalten - die erste Strophe des ""Deutschland, Deutschland über alles, über alles in der Welt"" mochte er der Jugend nicht zumuten."
"409","1974-01-04","Zeitung","Die Zeit, 04.01.1974","Seit 1969 traf die nunmehr auf 45 Motorjournalisten aus 15 Ländern angewachsene Jury ins Schwarze."
"410","1984-10-26","Zeitung","Die Zeit, 26.10.1984","In einer Resolution, die sich an die Kultus- und Finanzminister der Länder richtet, ""appelliert, registriert und ersucht"" der Hochschulgermanistenverband, ohne einmal tatsächlich selbstbewußt zu fordern."
"411","1987-07-03","Zeitung","Die Zeit, 03.07.1987","In dieser Datscha, irgendwo auf dem Land bei Moskau, kommt also die Wahrheit raus, die Lebenskrise einer Generation."
"412","1984-05-11","Zeitung","Die Zeit, 11.05.1984","Dabei muß man dann aber auch sehen: Wenn Europa einen Präsidenten zu wählen hätte, dann würden diese Länder den französischen Präsidenten wählen, wenn dieser halbwegs vernünftig wäre, sie würden nicht einen wählen, der im Quirinal oder im Bonner Kanzleramt sitzt."
"413","1973-06-29","Zeitung","Die Zeit, 29.06.1973","""Weder wirtschaftliche noch militärische Macht oder internationales Prestige geben unseren Ländern irgendein Privileg, aber sie legen uns eine spezielle Verantwortung für die Aufrechterhaltung des Friedens in der Welt und für die Verhinderung von Kriegen auf."""
"414","1981-09-25","Zeitung","Die Zeit, 25.09.1981","Wie wird man einem Land von Kontinentgröße gerecht, wenn man es abbilden will?"
"415","1973-04-13","Zeitung","Die Zeit, 13.04.1973","Denn Nordrhein-Westfalen ist das einzige Land in der Bundesrepublik, das einen solchen Alarmplan ausgearbeitet hat."
"416","1986-06-20","Zeitung","Die Zeit, 20.06.1986","91 Prozent der von Venezuela aufgenommenen Auslandskredite sind also nicht im Land geblieben."
"417","1977-11-04","Zeitung","Die Zeit, 04.11.1977","Dann ergriff er für den Erzfeind Äthiopien Partei, als Oberst Mengistu die Amerikaner aus dem Lande warf."
"418","1989-08-25","Zeitung","Die Zeit, 25.08.1989","""Die Bundesrepublik ist, wenn es ernst wird, kein souveränes Land."""
"419","1989-12-01","Zeitung","Die Zeit, 01.12.1989","Mein Wunsch ist es, daß jeder Betrieb in unserem Kombinat mindestens einen Kooperationspartner in der Bundesrepublik oder einem anderen westlichen Land hat."
"420","1979-07-13","Zeitung","Die Zeit, 13.07.1979","Alternatives Leben auf dem Lande:"
"421","1986-05-09","Zeitung","Die Zeit, 09.05.1986","Man wolle lediglich die Sowjetunion als rückständiges Land darstellen."
"422","1979-04-27","Zeitung","Die Zeit, 27.04.1979","In Portugal begann, was bis heute zur verhängnisvollen Fehlentwicklung des Landes beigetragen hat:"
"423","1989-09-01","Zeitung","Die Zeit, 01.09.1989","Alle SPDregierten Länder und die SPD-Bundestagsfraktion unterstützen das."
"424","1975-10-31","Zeitung","Die Zeit, 31.10.1975","Und alle Prophezeiungen über Krieg und Frieden, Wohlstand und Flauten, über das Schicksal gekrönter wie ungekrönter Häupter gehören in das reiche Land der Phantasie."
"425","1972-07-21","Zeitung","Die Zeit, 21.07.1972","Die Welle der ""neuen Politik"", die vom demokratischen Parteitag in Miami Beach aus das Land überschwemmen soll, hat Amerika noch nicht erfaßt."
"426","1971-09-17","Zeitung","Die Zeit, 17.09.1971","Ob sie es wollen oder nicht - die Entwicklungshelfer erleben die gesellschaftspolitische Situation des Landes, und sie erfahren manchmal, daß sie als Förderer eines rein technisch-wirtschaftlich verstandenen Fortschritts erwünscht sind, aber, sofern sie sozialen Wandel anstreben, und sei er noch so begrenzt und projektbezogen, in die Rolle eines Störenfrieds geraten."
"427","1989-03-31","Zeitung","Die Zeit, 31.03.1989","Seit fünfundzwanzig Jahren durchlaufen Kinder aus dem Bereich westlich von Helsinki (wo in der Waldsiedlungs-Großgemeinde Espoo die Stadtflucht aufgefangen wurde - heute ist es bereits die drittgrößte Stadt des Landes; kürzlich erhielt sie für umgerechnet 60 Millionen Mark ein leistungsfähiges Kulturzentrum mit einem Theater- und einem Konzertsaal, einer 100000-Bände-Bibliothek und eine Erwachsenen-Bildungsstätte) die Tapiola-Schule und den ihr angegliederten Chor, der seinesgleichen in Europa nicht zu fürchten braucht - sechzehn Komponisten haben ihre schwersten Stücke durch diesen Kinderchor uraufführen lassen."
"428","1978-09-15","Zeitung","Die Zeit, 15.09.1978","""Ich hoffe nur, daß diese Länder nicht versuchen werden, die Verantwortung für das traurige Los dieser unglücklichen Menschen von sich abzuschieben."""
"429","1977-10-28","Zeitung","Die Zeit, 28.10.1977","Wer dieses Land besucht, wird irgendwann an die harten Realitäten, an den unveränderten Hintergrund dieser kommenden Weltmacht erinnert."
"430","1980-05-30","Zeitung","Die Zeit, 30.05.1980","So hat das 4,5-Milliarden-Programm von Bund und Ländern zur Energieeinsparung in Wohnungen den Produzenten energiesparender Technologien zu einem kräftigen Aufschwung verholfen."
"431","1975-01-10","Zeitung","Die Zeit, 10.01.1975","Die alte Regel, nach der den Kommunisten das Land, den Regierungstruppen aber die Städte Südvietnams gehören, gilt nicht mehr."
"432","1986-03-14","Zeitung","Die Zeit, 14.03.1986","Danach gehören zu einem glücklichen Land für die Bundesbürger in der Reihenfolge der Wichtigkeit"
"433","1980-09-05","Zeitung","Die Zeit, 05.09.1980","Im Städtchen Langenberg im Bergischen Land ging es um die Stadtmeisterschaft."
"434","1983-09-16","Zeitung","Die Zeit, 16.09.1983","Erstens: Die Pershing-II-Raketen und Cruise Missiles der Vereinigten Staaten sollen weder in Europa noch anderswo stationiert werden; die nicht-atomaren Länder sollen sich weigern, diese Raketen auf ihrem Gebiet zu stationieren; die Sowjetunion soll ihre SS-20-Raketen demontieren."
"435","1984-12-21","Zeitung","Die Zeit, 21.12.1984","Bei den Bürgern des Landes ist Amsterdam mit seinen 670000 Einwohnern die traditionelle Hauptstadt, ein Status, den ihr die Verfassung (Artikel 30) von 1814 zugewiesen hatte."
"436","1981-12-11","Zeitung","Die Zeit, 11.12.1981","Vor allem springt der Unterschied zu unserem Nachbarn Polen ins Auge, zu einem Volk, das ein ganz anderes, ungebrochenes Verhältnis zur eigenen nationalen Tradition hat, die auch für den gegenwärtigen Erneuerungsprozeß wichtige Antriebskräfte liefert; ein Volk und ein Land aber auch mit so leidvollen Erfahrungen mit uns Deutsehen, daß der berühmte polnisch-jüdische Immunologe Ludwik Hirszfeld 1943/44 nach seiner Flucht aus dem Warschauer Ghetto über die Deutschen schreiben konnte:"
"437","1988-03-04","Zeitung","Die Zeit, 04.03.1988","Überdies zeigte sich, daß in vielen Teilen des Landes bisher parteilich nicht gebundene, zumeist mittelständische Briten bereit waren, die neue-Partei, zu unterstützen."
"438","1988-01-15","Zeitung","Die Zeit, 15.01.1988","Gorbatschows Versuch, mit dem Instrument der Rüstungskontroll-Initiativen die Fronten und Konturen im 40jährigen Ost-West-Konflikt aufzuweichen und dadurch sein eigenes Land zu öffnen, sein riskanter Balanceakt, auf vielen Außenposten die sowjetischen Positionen neu zu definieren, ohne sie alle schon zu räumen - wie hätte Außenminister Gromyko, der griesgrämige ""Mr. Njet"", dies alles der Weltgemeinde bejahend, beweglich, bekehrend beibringen können!"
"439","1985-04-26","Zeitung","Die Zeit, 26.04.1985","Die Träume von reichen, vornehmen Städten, von Freiheit und unvorstellbaren Möglichkeiten ziehen sie nach dem europäischen Land."
"440","1975-09-26","Zeitung","Die Zeit, 26.09.1975","In anderen Ländern hätte unter den gleichen Umständen der nicht-gewerkschaftlich organisierte Teil der Bevölkerung schon rebelliert."
"441","1985-03-01","Zeitung","Die Zeit, 01.03.1985","Wer diese Analyse akzeptiert, kann den europäischen Ländern, allen voran der Bundesrepublik, nicht empfehlen, in Aktionismus zu verfallen, um den Dollarkurs zu drücken."
"442","1985-04-19","Zeitung","Die Zeit, 19.04.1985","""Bei der großen Zahl der beteiligten Unternehmen sowie der Beteiligung von Land und Kommunen dauert es eben einige Zeit, bis alles unter Dach und Fach ist."""
"443","1989-04-07","Zeitung","Die Zeit, 07.04.1989","Michael Dukakis, der Gouverneur des Bundesstaates Massachusetts, zog nämlich durch die Lande und verkündete überall, er wolle für alle fünfzig Staaten tun, was er in seinem eigenen getan habe: die Umwelt besser schützen."
"444","1982-01-08","Zeitung","Die Zeit, 08.01.1982","Auf die Idee zu kommen, daß alle Länder und Völker zuviel Waffen haben und daß allein schon die Gefahr eines Atomkrieges den Untergang der Welt herbeiführen kann, kommt anscheinend keiner unserer Politiker und Experten."
"445","1983-08-05","Zeitung","Die Zeit, 05.08.1983","Hundert Jahre später hat Heinrich Schliemann die Sehnsuchtsformel des Kunstgelehrten in eine realistisch-pragmatische, ja unternehmerische Suche nach dem Lande der Griechen umgemünzt."
"446","1975-04-18","Zeitung","Die Zeit, 18.04.1975","Auf dem Lande gibt es meistens nur kleine Läden."
"447","1983-08-26","Zeitung","Die Zeit, 26.08.1983","Niedergeschossen wurde er auf einem Gelände, das so sorgfältig abgeschirmt worden war wie der Präsidentenpalast in diesem Lande."
"448","1971-09-03","Zeitung","Die Zeit, 03.09.1971","Denn erstens gibt es außer der Bundesrepublik kaum ein Land, das den Kurs seiner Währung wirklich frei schwanken läßt, und zweitens sind diese Kurse, wenn die neuen Paritäten festgelegt werden, doch nur an diesem einen Tag richtig."
"449","1983-11-11","Zeitung","Die Zeit, 11.11.1983","Zweifellos stehen beide Länder unter dem wachsenden Druck einer kritischen Öffentlichkeit."
"450","1986-12-19","Zeitung","Die Zeit, 19.12.1986","Die baden-württembergische Spielregel sieht allerdings vor, daß der Zuschuß des Landes nur dann fließt, wenn die Stadt ihrerseits den gleichen Betrag dazutut."
"451","1978-05-26","Zeitung","Die Zeit, 26.05.1978","Studien, die in einem Dutzend Länder - einige davon weniger günstig gelegen als die Bundesrepublik - ausgeführt wurden, lassen erkennen:"
"452","1970-09-11","Zeitung","Die Zeit, 11.09.1970","Der Waffenhandel war immer ein bedeutendes Instrument der sowjetischen Außenpolitik, seit das Land nach dem Zweiten Weltkrieg, zur Weltmacht wurde."
"453","1982-10-01","Zeitung","Die Zeit, 01.10.1982","Eine Allensbach-Umfrage brachte es ans Tageslicht: 55 Prozent der Bundesbürger sind dafür, Ausländern Geld zu geben, damit sie unser Land auf immer verlassen."
"454","1970-05-08","Zeitung","Die Zeit, 08.05.1970","Ein Land, das uns heute nicht bedrohte, sondern wahrscheinlich unser Freund wäre."""
"455","1983-04-29","Zeitung","Die Zeit, 29.04.1983","Er fragt, warum ein Land, das in der Vergangenheit anderen helfen konnte, heute um Almosen betteln muß."
"456","1974-11-22","Zeitung","Die Zeit, 22.11.1974","Die Quadrant-Kette ist bislang in Europa kaum vertreten, während die in vielen europäischen Ländern präsenten Troost-Werber bislang ohne Bindung an die Neue Welt sind."
"457","1971-09-03","Zeitung","Die Zeit, 03.09.1971","Das soll höchstens für einige kommunistische Länder außerhalb des Comecon (etwa Kuba oder Nordkorea) und die Länder der Dritten Welt möglich werden."
"458","1989-11-10","Zeitung","Die Zeit, 10.11.1989","Wir haben doch so viel Land."
"459","1970-11-13","Zeitung","Die Zeit, 13.11.1970","Der Fortschritt, der als Transistorradio, illustrierte Zeitschrift, als Schul-Halbbildung und manchmal auch als Fernsehapparat aufs Land und in die Kleinstädte vordringt, hat die Anziehungskraft der Großstädte als neonstrahlende Zentren der Modernität und der vermeintlichen Bequemlichkeit in beängstigendem Maße gesteigert."
"460","1983-02-11","Zeitung","Die Zeit, 11.02.1983","Drei bekannte Bürgerrechtler haben in diesen Wochen das Land für immer verlassen: der slowakische Historiker Jan Mlynarik, der tschechische Historiker Karol Bartosek und der Journalist Karel Kyncl."
"461","1989-01-20","Zeitung","Die Zeit, 20.01.1989","Auf den grünen Höhen des Bergischen Landes gelegen, fügt sich der Stadtteil malerisch ins Stadtbild ein."
"462","1974-10-25","Zeitung","Die Zeit, 25.10.1974","Sie waren aus dem ganzen Land angereist, um laute Klage über Existenznot und drohenden Bankrott zu führen."
"463","1976-11-05","Zeitung","Die Zeit, 05.11.1976","Die Bürger Von Brokdorf glaubten ihren Augen nicht zu trauen: Riesige Bagger, in einem Käfig aus Drahtrollen eingesperrt, griffen nach ihrem Land, hoben Löcher aus, zogen lange Gräben, schaufelten Sandhaufen beiseite."
"464","1978-07-14","Zeitung","Die Zeit, 14.07.1978","""Ich habe nicht die Absicht, auch nur einen Strich an dem zu ändern, was ich für das Überleben des Landes für unentbehrlich halte."""
"465","1988-12-09","Zeitung","Die Zeit, 09.12.1988","Außerdem hatte dieser Doktor Hahnemann in aller Öffentlichkeit gegen das seit drei Jahrhunderten auch in deutschen Landen verbriefte Recht der Apotheker zur Dispensierung (also Herstellung) von Arzneien polemisiert."
"466","1978-10-27","Zeitung","Die Zeit, 27.10.1978","Kein Wunder, daß manche Norweger heute über jene Hochrechnungen lächeln, die ihnen noch vor zwei Jahren prophezeiten, ihr Land werde sich dank des Erdöls an die Spitze der reichsten Länder der Welt setzen - noch vor Schweden, Kanada und den USA."
"467","1987-10-09","Zeitung","Die Zeit, 09.10.1987","Jedes Land hat seine Uniformen."
"468","1975-08-01","Zeitung","Die Zeit, 01.08.1975","Auf keinen Fall solle den Ländern, die über ihre Kulturhoheit wachen, ""etwas weggenommen"" werden."
"469","1970-04-03","Zeitung","Die Zeit, 03.04.1970","Andrianow: Die Stadt der Olympischen Spiele muß während der Vorbereitungszeit frei sein von politischen Manifestationen jeder Art, die die Interessen der anderen Länder, verletzen könnten, ganz gleich ob es sich um Filme, Zeitungen, Ausstellungen oder Münzen handelt."
"470","1974-08-30","Zeitung","Die Zeit, 30.08.1974","In Frankreich, Italien, England, Schweden, Amerika gab und gibt es prozentual eine höhere Abiturientenquote als bei uns, und in diesen Ländern studierten schon 1968 mehr junge Menschen eines Jahrgangs, als hierzulande gegenwärtig die Reifeprüfung machen."
"471","1986-06-20","Zeitung","Die Zeit, 20.06.1986","Ein in weiten Teilen ""strukturschwaches"" Land, das von seinem Neun-Milliarden-Haushalt 100 Millionen für Kultur im weitesten Sinne abzweigt - wie viele davon in die Musik fließen, läßt sich so detailliert nur noch für die Haushaltsexperten ausmachen."
"472","1988-12-16","Zeitung","Die Zeit, 16.12.1988","Solche Entwicklungen haben für einige Länder direkte Auswirkungen."
"473","1987-02-27","Zeitung","Die Zeit, 27.02.1987","Das Land Nordrhein-Westfalen, zusammen mit Bayern und Baden-Württemberg größtes Export-Bundesland und ebenso wie die Südstaaten nicht gerade ein Hort der reinen Marktwirtschaftslehre, hat allein für die Mittelständler Risiken von 48 Millionen Mark übernommen."
"474","1973-09-07","Zeitung","Die Zeit, 07.09.1973","Aus Bayern, das ja auch das Gesetz Ihres Vorgängers Hans Leussink zu Fall gebracht hat, war bereits zu hören, daß einige Länder gegen Ihre Vorlage stimmen werden."
"475","1989-06-23","Zeitung","Die Zeit, 23.06.1989","""Wollt ihr unsere Heimat fortgeben, für die schon so viele gestorben sind, das Land aller Juden?"
"476","1989-06-02","Zeitung","Die Zeit, 02.06.1989","In einem Land, wo es der Traum vieler Millionen ist, einige Jahre unter den Bedingungen einer relativen Stabilität zu leben, hat der Erfolg andere zivile und moralische Dimensionen."
"477","1985-08-30","Zeitung","Die Zeit, 30.08.1985","""Spionage"", so urteilte lakonisch der ehemalige Präsident des Bundesamts für Verfassungsschutz, Richard Meier, ""wird in allen Ländern der Welt betrieben."""
"478","1977-04-29","Zeitung","Die Zeit, 29.04.1977","Obgleich 1976 weniger bundesdeutsche Touristen in Jugoslawien registriert wurden als im Jahr zuvor, sind die Fremdenverkehrsfachleute des Landes zuversichtlich, 1977 wieder eine Steigerung zu erreichen."
"479","1978-04-21","Zeitung","Die Zeit, 21.04.1978","""Ist das Schamgefühl in diesem Land ausgestorben?"" fragte eine Leserin."
"480","1970-06-19","Zeitung","Die Zeit, 19.06.1970","Meiers Studie läßt erkennen, warum auch der Gewinn eines neuen nationalen Selbstbewußtseins und die verschiedenartigen Versuche, sich von übernationalen Blöcken zu lösen, keine neue Gemeinsamkeit dieser Länder entstehen läßt, sondern alte Konflikte, zumal Minderheitenprobleme oder etwa die leidige mazedonische Frage reaktiviert hat."
"481","1984-09-14","Zeitung","Die Zeit, 14.09.1984","Bundeskanzler Kohl hat zwar mit Friedrich Vogel, dem langjährigen Vorsitzenden des Vermittlungsausschusses, extra einen Staatsminister im Kanzleramt etabliert, der für die Abstimmung mit den Ländern sorgen soll."
"482","1987-03-13","Zeitung","Die Zeit, 13.03.1987","Das schon ""in einer ganzen Latte europäischer Länder"" - so Shell-Sprecher Hans E. Hanky - unter der Bezeichnung ""Formular Shell"" angebotene Produkt darf allerdings in der Bundesrepublik noch nicht verkauft werden."
"483","1975-08-08","Zeitung","Die Zeit, 08.08.1975","Es waren Liedermacher aus der Bretagne, Korsika, dem Baskenland, dem Land der Katalanen und Occitanier und auch aus dem Elsaß gekommen."
"484","1971-08-27","Zeitung","Die Zeit, 27.08.1971","In einigen Städten und Ländern der Bundesrepublik hat man Kunstpreise abgeschafft, in anderen werden sie munter weiterverliehen."
"485","1987-06-12","Zeitung","Die Zeit, 12.06.1987","Nirgendwo wird gerechnet oder geprüft, wie eine kommunale ""Wertschöpfungssteuer"" (oder wie immer sie dann später heißt) aussehen könnte; da gibt es eine über die Parteigrenzen hinweg bestehende Allianz von Bund und Ländern, der dritten und schwächsten Säule der Demokratie nicht mehr Geld (und Macht) einzuräumen."
"486","1989-02-17","Zeitung","Die Zeit, 17.02.1989","Er vergißt eventuell, daß sie lieber zu Catch-Veranstaltungen gehen als ins Theater, und entschuldigt das schrille, alberne Disney Land."
"487","1979-10-19","Zeitung","Die Zeit, 19.10.1979","Es ist ein reiches, sehr reiches Land."
"488","1987-11-20","Zeitung","Die Zeit, 20.11.1987","Der oberste Gerichtshof der Zentralafrikanischen Republik hat am Samstag in Bangui das Todesurteil gegen den ehemaligen Kaiser des Landes, Jean-Bedel Bokassa, bestätigt."
"489","1973-03-09","Zeitung","Die Zeit, 09.03.1973","Natürlich schickt auch ""Kurhessen und Waldeck"" seine Gäste durchs Land und durch seine Folklore."
"490","1976-04-30","Zeitung","Die Zeit, 30.04.1976","Der Blick geht von hier aus weit ins Land bis zum Brocken."
"491","1972-12-29","Zeitung","Die Zeit, 29.12.1972","Aber in der notorischen Männerwelt, die für dieses Land lange kennzeichnend war und immer noch ihre Verteidiger hat, wären Eton-Girls neben Eton-Boys ein Schlag der Axt an die Wurzel."
"492","1987-04-17","Zeitung","Die Zeit, 17.04.1987","Die Landvermesser würden kommen und mithelfen, den Traum vom eigenen Land zu verwirklichen."
"493","1980-12-12","Zeitung","Die Zeit, 12.12.1980","Aber nicht nur aus finanziellen Gründen wird das Verhältnis von Bund und Ländern in den nächsten Jahren ein schwieriges und wichtiges Feld politischen Manövrierens werden."
"494","1989-06-09","Zeitung","Die Zeit, 09.06.1989","Auf zehn Tage, die das Land ermutigt hatten, erfolgten neue Erschütterungen."
"495","1983-10-28","Zeitung","Die Zeit, 28.10.1983","Ob es dazu kommt, ist allerdings ungewiß, denn die nötige Zustimmung der Länder steht noch aus."
"496","1976-10-29","Zeitung","Die Zeit, 29.10.1976","Ich wohne auf dem Land, die Straßen sind hier schmal und kurvig, da zeigt sich das Auto von seiner besten Seite."
"497","1986-10-10","Zeitung","Die Zeit, 10.10.1986","Die SPD erobert die Städte zurück, die Union beherrscht das Land und die Grünen sind die dritte kommunale Kraft."
"498","1982-11-05","Zeitung","Die Zeit, 05.11.1982","Zusammen mit dem Photographen Michael Ruetz, dessen Bilder zum Besten zählen, was es auf dem Gebiet künstlerischer Dokumentarphotographie - er selbst nennt es ""erzählende Photographie"" - gibt, hat er ein Griechenlandbuch vorgelegt, das an Intensität literarischbildlicher Aussage- und Informationskraft seinesgleichen sucht: ""Land der Griechen"", ein Bildband von Michael Ruetz mit Texten von Pavlos Tzermias; Artemis Verlag, Zürich/München, 1981, 204 Seiten, 125 Photos, 109,- DM."
"499","1987-01-23","Zeitung","Die Zeit, 23.01.1987","Sein Land wolle ""Mechanismen der Marktwirtschaft"" einführen und die Entfaltungsmöglichkeit der Betriebe verbessern."
"500","1989-07-14","Zeitung","Die Zeit, 14.07.1989","Es ist ein absolutes Verdienst der Partei, daß unser ganzes Land heute für die Aufgaben und Sorgen der Umgestaltung lebt."""
