"No.","Date","Genre","Bibl","Hit"
"1","1927-12-31","Gebrauchsliteratur","Schalcher, Traugott: Die Reklame der Straße, Wien: C. Barth 1927, S. 65","In der zweiten Hälfte des vorigen Jahrhunderts setzte in Frankreich, später in England und Deutschland und fast allen zivilisierten Ländern eine Bewegung ein, die sich das Ziel setzte, die Reklame-Plakate künstlerisch zu gestalten."
"2","1920-12-03","Zeitung","Tucholsky, Kurt: Die Papiere. In: ders., Kurt Tucholsky, Werke - Briefe - Materialien, Berlin: Directmedia Publ. 2000 [1920], S. 10576","Die hohe Obrigkeit hat mit ihrem Papierfimmel ein ganzes Land angesteckt."
"3","1922-12-31","Gebrauchsliteratur","Sudermann, Hermann: Das Bilderbuch meiner Jugend. In: Simons, Oliver (Hg.) Deutsche Autobiographien 1690-1930, Berlin: Directmedia Publ. 2004 [1922], S. 66158","Auch die Töchter, meine verflossenen Flammen, waren aufs Land geflüchtet, nur Frau Direktor hielt tapfer der Seuche stand, die oben und unten tagtäglich neue Opfer forderte."
"4","1921-03-07","Zeitung","Vossische Zeitung (Abend-Ausgabe), 07.03.1921","Hier wird daher, sobald das oberschlesische Land wieder den deutschen Behörden übergeben sein wird, mit doppelter Energie vorgegangen werden müssen, um diesem Lande, das von allen am meisten durch die Riesenzahl seiner Bevölkerung, durch die außerordentliche Ausdehnung des Großgrundbesitzes zur Siedlung bestimmt ist und der Siedlung bedarf, die Wohltaten des Siedlungsgesetzes zuzuführen."
"5","1926-12-31","Gebrauchsliteratur","Abel, Othenio: Amerikafahrt, Jena: Fischer 1926, S. 323","Auch sonst war mein ""Fossil Hunting"" in den Bad Lands trotz der knappen Zeit, die mir zur Verfügung stand, recht erfolgreich."
"6","1932-06-18","Zeitung","Archiv der Gegenwart, Bd. 2, 18.06.1932","Diese Beträge werden zur Befriedigung der in dem betreffenden Land ansässigen Gläubiger aus Außenhandelsgeschäften verwendet."
"7","1920-06-03","Zeitung","Tucholsky, Kurt: In der Strafkolonie. In: Kurt Tucholsky, Werke - Briefe - Materialien, Berlin: Directmedia Publ. 2000 [1920]","Und in diesem Lande wurde ausschließlich und schrankenlos und ohne die leiseste Seelenemotion coitiert."
"8","1932-08-12","Zeitung","Archiv der Gegenwart, Bd. 2, 12.08.1932, S. 444 [ff.]. Zit. n. CD-ROM-Ausgabe 2001.","Hoover setzte sich in seiner Rede entschieden für die Aufrechterhaltung des bestehenden Schutzzolltarifs ein, der die amerikanische Landwirtschaft und Industrie vor der Konkurrenz von Ländern mit schlecht bezahlten Arbeitskräften schütze."
"9","1926-12-31","Belletristik","Grimm, Hans: Volk ohne Raum, München: Langen 1932 [1926], S. 1295","Dennoch wollten sie bei diesem Wechsel hinaus aus der Stadt und hinein in das deutsche Land, um der deutschen Arbeit willen, die bei Kriegsende jeder Schriftsteller aufnehmen müsse nach dem deutschen geistigen Versagen vor dem Kriege, und nicht zuletzt, damit beide Kinder auf Eigenem mit klarem Verstande der ganzen Umwelt aufwüchsen."
"10","1925-03-08","Zeitung","Berliner Tageblatt (Morgen-Ausgabe), 08.03.1925","Und wer da murmelt, was man denn von solchem Lebenswandel hätte, dem sei jene Jazzband entschuldigend vor die ausgeruhte Krawatte gesetzt, jene mit Mr. Julian Fuhß am Flügel, die ich vor den Festen, in den Festen, nach den Festen, zu Lande und zu Wasser, überall antraf."
"11","1918-12-31","Gebrauchsliteratur","Peters, Carl: Lebenserinnerungen. In: Simons, Oliver (Hg.) Deutsche Autobiographien 1690-1930, Berlin: Directmedia Publ. 2004 [1918], S. 52732","Die Erforschung der Sambesi-Gebiete und von Macombe's Land war das erste Ergebnis dieser Expeditionen, jedoch waren diese Ergebnisse für tiefer gehende bergmännische Untersuchungen nicht verlockend."
"12","1920-12-31","Wissenschaft","Delbrück, Hans: Geschichte der Kriegskunst im Rahmen der politischen Geschichte - Vierter Teil: Neuzeit, Berlin: Directmedia Publ. 2002 [1920], S. 3666","Das Land wurde in Distrikte geteilt; Regierungs- Kommissare bereisten diese Distrikte, bezeichneten die ihnen geeignet erscheinenden Männer und legten Listen von ihnen an."
"13","1919-03-20","Zeitung","Tucholsky, Kurt: Der Untertan. In: ders., Kurt Tucholsky, Werke - Briefe - Materialien, Berlin: Directmedia Publ. 2000 [1919], S. 1245","sie sind Sklaven der rätselvollen Kollektivität, die diesem Lande und dieser Zeit so unendlich Schmachvolles aufgebürdet hat."
"14","1930-03-25","Belletristik","Tucholsky, Kurt: Der breite Rücken. In: ders., Kurt Tucholsky, Werke - Briefe - Materialien, Berlin: Directmedia Publ. 2000 [1930], S. 7378","Es dröhnt ein Land."
"15","1931-12-31","Wissenschaft","Bölsche, Wilhelm: Das Leben der Urwelt, Leipzig: Dollheimer 1931 [1931], S. 90","Und es liegt nahe genug, daß es der Ichthyosaurus, der überhaupt nicht mehr aufs Land konnte, seinerzeit ähnlich gemacht habe - wozu uns die Funde die eindrucksvollste Gewähr gäben."
"16","1925-12-31","Gebrauchsliteratur","Petersen, Jes: Erde und Mensch, Berlin: Columbus-Verl. [1935] [1925], S. 142","Die Markgrafen hatten neben Ausübung der Gerichtsbarkeit auch für die Aufbringung der Abgaben zu sorgen, die für die Aufrechterhaltung der kaiserlichen Regierung und für den Schutz des gesamten Landes notwendig waren."
"17","1926-12-31","Belletristik","Grimm, Hans: Volk ohne Raum, München: Langen 1932 [1926], S. 784","Nur, daß sie bei der Pomonainsel ankerten und daß sie bei der Pomonainsel das Boot ans Land setzen wollten ..."""
"18","1924-03-11","Zeitung","Vossische Zeitung (Abend-Ausgabe), 11.03.1924","Zudem war es mir bekannt, daß weder Hitler noch Ludendorff in Bayern in weiten Kreisen, insbesondere auf dem Lande, als bayerische Führer angesehen wurden."
"19","1928-12-31","Wissenschaft","Jahresberichte für deutsche Geschichte, 1928, S. 417","-- War dort der Bergbau ganz in privaten Händen, wobei der Regalherr sein Recht und sein fiskalisches Interesse nur durch die den Mutungsinhabern zu erteilende Belehnung wahrte, so haben wir es im Markgräfler Lande im südlichen Baden nur mit Staatsbetrieb zu tun, worüber eine eingehende, aus den Bergwerksakten zu Karlsruhe schöpfende Darstellung von Baier (1816) unterrichtet."
"20","1929-06-18","Zeitung","Tucholsky, Kurt: Auf dem Nachttisch. In: Kurt Tucholsky, Werke - Briefe - Materialien, Berlin: Directmedia Publ. 2000 [1929]","Denn wer nu mal mit Spree jetooft, Durch alle Länder Weje looft, Der fährt immer mal wieder Mit der Hand übern Alexanderplatz -"
"21","1920-12-31","Wissenschaft","Delbrück, Hans: Geschichte der Kriegskunst im Rahmen der politischen Geschichte - Vierter Teil: Neuzeit, Berlin: Directmedia Publ. 2002 [1920], S. 4023","»Wer eine Schlacht gewinnt, gewinnt nicht allein den Feldzug, sondern auch ein großes Stück Landes."
"22","1925-06-20","Gebrauchsliteratur","Die Landfrau, 20.06.1925","Trotz des verheerenden Eingriffs der Entente in unsere Viehbestände sind wir bald soweit, daß wir den Milchbedarf im Lande wieder decken können, das liegt daran, daß wir wenigstens lohnende Preise für die Milch erhalten."
"23","1926-12-31","Belletristik","Grimm, Hans: Volk ohne Raum, München: Langen 1932 [1926], S. 724","Danach begann er das Land zu loben: ""Das furchtbare, unbarmherzige Sandgewelle mit dem verlorenen oder verzauberten Wasser ..."", und sprach von der Erschließung, und was für neue Deutsche hier aufwachsen müßten, und sprach immer ein wenig stolz weg und hinaus, als ginge es zu dieser Stunde noch nur ihn und das Land selbst an."
"24","1925-12-29","Zeitung","Tucholsky, Kurt: Das Buch vom Kaiser. In: Kurt Tucholsky, Werke - Briefe - Materialien, Berlin: Directmedia Publ. 2000 [1925]","Aber dahinter, die graue Atelierwand: das ist das Land, das ihn bejaht hat."
"25","1925-12-31","Gebrauchsliteratur","Petersen, Jes: Erde und Mensch, Berlin: Columbus-Verl. [1935] [1925], S. 118","Solche Arbeiten sind die Be- und Entwässerung einer Gegend, der Wegebau und die Urbarmachung des Landes."
"26","1924-03-11","Zeitung","Berliner Tageblatt (Abend-Ausgabe), 11.03.1924","Es sei auch keineswegs sicher, ob England nach der Wiederherstellung der europäischen Märkte seine Stellung behaupten könne; denn man müsse sich auf einen Sturm von Ausfuhrgütern gefaßt machen, sowohl von Deutschland wie von jedem anderen Lande, das seine Schulden bezahlen wolle."
"27","1920-03-07","Zeitung","Berliner Tageblatt (Morgen-Ausgabe), 07.03.1920","Indessen ist es nicht möglich, zu Ostern 1920 mit jeglicher reichsgesetzlichen Regelung zurückzuhalten, da eine Reihe von Ländern bereits im Begriff steht, selbständig vorzugehen, was eine Zersplitterung im deutschen Schulwesen nach sich ziehen könnte und unter Umständen die Länder zwingen würde, Maßnahmen, die sie jetzt ergreifen, später unter dem Zwange eines Reichsgesetzes wieder abzuändern."
"28","1918-03-07","Zeitung","Berliner Tageblatt (Abend-Ausgabe), 07.03.1918","Vorerst aber sehen wir das heiße Bemühen aller feindlichen Länder, Japan in den Krieg hineinzuzerren, und es dazu zu reizen, Rußland in den Rücken zu fallen."
"29","1930-03-02","Zeitung","Völkischer Beobachter (Bayernausgabe), 02.03.1930","Es vergeht kein Tag ohne neue Meldungen über Brandunglücksfälle an allen Ecken und Enden des Landes."
"30","1922-12-31","Wissenschaft","Gundert, Wilhelm: Schintoismus. In: Kern, Maximilian (Hg.) Das Licht des Ostens, Stuttgart: Union Deutsche Verlagsges. 1922, S. 524","Das Land wurde von allerlei Unglück, Stürmen und Überschwemmungen heimgesucht: ja schließlich erschien Temman Tenjin dem Kaiser selbst, der von da an nicht mehr gesund wurde."
"31","1922-03-06","Zeitung","Vossische Zeitung (Abend-Ausgabe), 06.03.1922","[...] ""Um die Toten zu ehren, die der Weltkrieg uns in unabsehbarer Zahl entriß, um das Fleckchen Erde zu bewahren und zu schützen, das ihnen die ewige Ruhestätte bietet, um den Hügel zu pflegen, den der Witwe Hand nicht mehr erreicht, weil er im fernen Lande sich erhebt, um auch derer zu gedenken, die an unbekanntem Orte fielen und deren letzte Seufzer niemand vernahm - hat der Volksbund Deutsche Kriegsgräber-Fürsorge alle Glieder des Volkes in gemeinsamem Gedenken gesammelt, haben wir uns heute im Hause der deutschen Volksvertretung Weihestunde zusammengesunden Noch sind die Wunden des Krieges nicht vernarbt. [...]"
"32","1922-08-03","Belletristik","Tucholsky, Kurt: Rote Melodie. In: ders., Kurt Tucholsky, Werke - Briefe - Materialien, Berlin: Directmedia Publ. 2000 [1922], S. 2731","Ich sah durchs Land im Weltenbrand - da weinten tausend Frauen."
"33","1920-12-31","Belletristik","Ury, Else: Nesthäkchen fliegt aus dem Nest, Stuttgart: K. Thienemanns 1997 [1920], S. 81","'Es schüttete wüscht', was bei uns zu Lande heißt: 'Es regnete Bindfäden'."
"34","1931-12-31","Gebrauchsliteratur","Reimann, Hans: Vergnügliches Handbuch der Deutschen Sprache, Düsseldorf: Econ-Verl. 1964 [1931], S. 239","Die „Rheinland"" mit dem richtigen Geschlechtswort (das „Rheinland"") wäre selbst ohne Gänsefüßchen keiner Verwechselung mit dem Land beiderseits des Rheinstromes ausgesetzt; man könnte ruhig vom Rheinland als von einem Dampfer sprechen: der Zusammenhang ergäbe einen richtigen Sinn."
"35","1920-12-31","Wissenschaft","Delbrück, Hans: Geschichte der Kriegskunst im Rahmen der politischen Geschichte - Erster Teil: Das Altertum, Berlin: Directmedia Publ. 2002 [1920], S. 221","Sie konnten sich schon ohne Gefahr nicht mehr einschiffen, seitdem die Athener so nahe waren, und auf keinen Fall die Ebene zu Lande verlassen, ohne vorher die Athener aus ihrer Stellung vertrieben zu haben."
"36","1918-12-31","Wissenschaft","Weber, Max: Parlament und Regierung im neugeordneten Deutschland. In: Weber, Marianne (Hg.) Gesammelte Politische Schriften, München: Drei Masken Verl. 1921 [1918], S. 167","Das könnte sich dagegen eine Partei niemals gestatten, deren Existenz auf die Teilnahme an der Macht und Verantwortung im Staate zugeschnitten wäre, bei der infolgedessen jeder Parteigenosse im Lande draußen wissen würde: daß Sein und Nichtsein der Partei und aller der Interessen, die ihn an sie knüpfen, daran hängt, daß sie sich den Leuten mit Führereigenschaften, über die sie verfügt, unterordnet."
"37","1920-12-31","Belletristik","Schaeffer, Albrecht: Helianth I, Bonn: Weidle 1995 [1920], S. 289","Armer Georg, Sie rufen nach mir wie ein Schiff in Seenot nach dem Leuchtturm - Alles las ich zwischen den Zeilen - aber bin ich selbst am Lande?"
"38","1923-12-31","Wissenschaft","Lukács, Georg: Geschichte und Klassenbewußtsein, Neuwied u. a.: Leuchterhand 1970 [1923], S. 160","Ihre raum-zeitliche Erscheinungsform wird aber ein getrenntes Nach- und Nebeneinander nicht nur in den verschiedenen Ländern, sondern auch in den verschiedenen Zweigen der Produktion der einzelnen Länder sein."
"39","1932-12-31","Belletristik","Benjamin, Walter: Ein verrückter Tag. In: Tiedemann, Rolf (Hg.), Aufklärung für Kinder, Frankfurt a. M.: Suhrkamp 1985 [1932], S. 204","7. Man braucht drei Farben, nämlich eine für das Land in der Mitte, eine für die beiden Länder, die oben und unten an das Land in der Mitte stoßen, und eine dritte für die beiden, die rechts und links an das Land in der Mitte stoßen."
"40","1925-12-31","Gebrauchsliteratur","Benz, Carl Friedrich: Lebensfahrt eines deutschen Erfinders, Die Erfindung des Automobils, Erinnerungen eines Achtzigjährigen. In: Simons, Oliver (Hg.) Deutsche Autobiographien 1690-1930, Berlin: Directmedia Publ. 2004 [1925], S. 4945","Es soll dieses Fuhrwerk nicht gerade den Zweck und die Eigenschaften eines Velozipeds haben, mit dem man eine Spazierfahrt auf ebes ner, gut unterhaltener Lands straße macht, sondern es soll als Fuhrwerk dienen, das einem Bernerwägelchen oder ähnlichen Vehikel gleicht, mit dem man nicht nur jeden halbwegs anständigen Weg befahren kann, sondern auch mit Überwindung größerer Steigungen entsprechende Lasten befördern kann und soll z.B. ein Geschäftsreisender mit seinen Mustern von Ort zu Ort ohne Anstand damit fahren können."
"41","1932-12-31","Wissenschaft","Buber, Martin: Königtum Gottes, Berlin: Schocken 1932, S. 50","Die Herrschaft des Sonnengottes, hier Amon-Re genannt, über das Land, die von seinem Hohepriester zur Begründung einer Hierokratie verwendet wird, ist eine uralte Glaubensvorstellung, die, wie nunmehr die priesterliche, so vordem die königliche Hoheit sanktionierte."
"42","1922-03-08","Zeitung","Berliner Tageblatt (Morgen-Ausgabe), 08.03.1922","Eine Kolonisation eines zivilifierten Landes müsse unbedingt zurückgewiesen werden."
"43","1930-12-31","Belletristik","Feuchtwanger, Lion: Erfolg. In: ders., Gesammelte Werke in Einzelbänden, Bd. 6, Berlin: Aufbau-Verl. 1993 [1930], S. 502","beide hatten sie Macht in den Händen, beide liebten sie ihr Land Bayern, und beide wußten sie, daß diese deutsche Provinz Bayern mit ihren Menschen und ihrem Vieh, mit ihren Dörfern und ihrer Stadt, mit Wald und Feld und allem darin und darauf bestimmt war, sich von Grund auf zu verwandeln, und das in kurzer Frist."
"44","1920-12-31","Wissenschaft","Delbrück, Hans: Geschichte der Kriegskunst im Rahmen der politischen Geschichte - Erster Teil: Das Altertum, Berlin: Directmedia Publ. 2002 [1920], S. 1008","Sei es, indem er von Übervölkerung sprach, sei es, indem er vorstellte, daß sie in ihrem Lande binnen kurzem, wie die anderen Gallier, den Germanen erliegen müßten."
"45","1921.0","Gebrauchsliteratur","§ 3 Staatsvertrag betreffend den Übergang der Wasserstraßen von den Ländern auf das Reich (Anhang zum Gesetz über die vermögensrechtlichen Verhältnisse der Bundeswasserstraßen) (WaStrÜbgVtr), 1921.","Jedoch verbleiben die von den Ländern bereits erbauten oder im Bau begriffenen Kraftwerke im Eigentum der Länder."
"46","1926-12-31","Belletristik","Grimm, Hans: Volk ohne Raum, München: Langen 1932 [1926], S. 374","Jedoch es ist die Mehrheit, und es sind Engländer, und dieses ist ein britisches Land, und sie könnten eine englische Sache daraus machen."
"47","1918-12-31","Gebrauchsliteratur","Schlipf, Johann Adam: Schlipfs populäres Handbuch der Landwirtschaft, Berlin: Parey 1918, S. 73","Die Brache hält den Boden feuchter als bebautes Land, weil die Pflanzen mehr Wasser verdunsten als unbebauter Boden."
"48","1932-12-31","Belletristik","Roth, Joseph: Radetzkymarsch, Köln: Kiepenheuer & Witsch 1978 [1932], S. 399","Kosaken sollten bereits im eigenen Lande eingebrochen sein."
"49","1932-10-20","Zeitung","Archiv der Gegenwart, Bd. 2, 20.10.1932, S. 529 [ff.]. Zit. n. CD-ROM-Ausgabe 2001.","[...] bei österreichischen Schuldnern bestehenden oder künftig entstehenden Schillingguthaben von Ausländern sowie die bei inländischen Machthabern von Ausländern oder bei österreichischen Kreditunternehmungen zugunsten von Ausländern eingezahlten, bezw. künftig zur Einzahlung gelangenden Schillingbeträge zur Bezahlung von Exporten österreichischer Waren verwendet werden, wenn folgende Bedingungen erfüllt sind: a) der Nationalbank müssen 12 % des Fakturenwertes der Ausfuhrwaren in einer mit ihr zu vereinbarenden Fremdwährung eingeliefert werden; b) der Nationalbank muß nachgewiesen werden, daß die zu verwendenden Schillingbeträge das Entgelt für Warenimporte oder für andere Leistungen kommerzieller Art sind; c) der Export muß nach einem Land erfolgen, in dem die Person oder Firma, zu deren Gunsten die zu verwendenden Schillinge erliegen, ansässig ist oder ihren Sitz hat. [...]"
"50","1931-03-03","Zeitung","Berliner Tageblatt (Morgen-Ausgabe), 03.03.1931","Die Blätter aller Richtungen beschäftigen sich mit dem Ausfall der vorgestern im Lande Braunschweig vorgenommenen Kommunal- und Reichstagswahlen."
"51","1926-03-05","Zeitung","Vossische Zeitung (Abend-Ausgabe), 05.03.1926","Die deutschen Kredite an die Sowjetunion zeigen, wie dringend notwendig die übrigen Länder die wirtschaftliche Zusammenarbeit mit der Sowjetunion brauchen."
"52","1921-12-31","Belletristik","Kolbenheyer, Erwin Guido: Das Gestirn des Paracelsus, München: J.F. Lehmanns 1964 [1921], S. 581","Man holte ihn weit über Land, das Zimmer hinter seiner Offizin war selten leer, von fernher kamen Kranke."
"53","1930-12-31","Belletristik","Feuchtwanger, Lion: Erfolg. In: ders., Gesammelte Werke in Einzelbänden, Bd. 6, Berlin: Aufbau-Verl. 1993 [1930], S. 749","Wenn der Tote reden sollte, dann war es mit theoretischer Erkenntnis allein nicht getan, dann mußte das Land Bayern lebendig werden."
"54","1928-07-31","Zeitung","Tucholsky, Kurt: Ein Schädling der Kriminalistik. In: Kurt Tucholsky, Werke - Briefe - Materialien, Berlin: Directmedia Publ. 2000 [1928]","Und das in einem Lande, in dem immerhin Leute wie Bonhoeffer sorgfältige und durchdachte Theorien über das Wesen von 'Simulanten' aufgestellt haben."
"55","1920-12-31","Wissenschaft","Weber, Max: Die Wirtschaftsethik der Weltreligionen. In: Weber, Marianne (Hg.) Gesammelte Aufsätze zur Religionssoziologie, Bd. III, Tübingen: Mohr 1921 [1920-1921], S. 244","Der Mythos von einem durch Gott gepflanzten und bewässerten friedlichen Garten und dem aus ihm zur Mühsal des Bodenanbaus und Kampf mit Schlangen hinausgestoßenen Menschen ist auch an sich am wahrscheinlichsten in einem Lande wie Mesopotamien entstanden; wie alt er in Kanaan ist, läßt sich nicht sagen."
"56","1926-03-04","Zeitung","Vossische Zeitung (Morgen-Ausgabe), 04.03.1926","Das Heeresbudget sei auch in den anderen Ländern sehr stark gestiegen."
"57","1926-12-31","Belletristik","Grimm, Hans: Volk ohne Raum, München: Langen 1932 [1926], S. 935","Eine leise Enttäuschung bereitete die Erkenntnis, daß, wenn es ihnen wirklich gelänge, in einer Reihe von Jahren zu den großen Schafhaltern des Landes zu gehören, sie selbst dann, wie die andern, auf lange hin mit ein paar hundert Pfund Wolle im Jahre zufrieden sein müßten."
"58","1932-02-28","Zeitung","Archiv der Gegenwart, Bd. 2, 28.02.1932, S. 193 [ff.]. Zit. n. CD-ROM-Ausgabe 2001.","Durch einen Runderlaß des Reichswirtschaftsministeriums wird darauf aufmerksam gemacht, daß die Anforderung hochwertiger fremder Währungen (Dollar, Hollandgulden, Schweizer Franken usw.) für Importe aus valutaschwachen Ländern im allgemeinen nicht zulässig ist."
"59","1930-12-31","Wissenschaft","Scheidt, Walter: Kulturbiologie, Jena: Fischer 1930, S. 14","Sie stellen sich Ihr Hochschulstudium am besten so vor, als wären Sie in einem unbekannten Land an mehrere Führer geraten, deren jeder Sie einen anderen Weg führen will und deren jeder verspricht, Sie zu der weitesten und für Sie schönsten Aussicht zu führen."
"60","1927-12-31","Gebrauchsliteratur","Wien, Wilhelm: Ein Rückblick. In: Simons, Oliver (Hg.), Deutsche Autobiographien 1690 - 1930, Berlin: Directmedia Publ. 2004 [1927], S. 73162","Außer dem Verkehr in Berlin mit meinen Studiengenossen, lebte ich auch später auf dem Lande einsam, mit jungen Mädchen kam ich überhaupt so gut wie nicht zusammen."
"61","1930-12-31","Belletristik","Feuchtwanger, Lion: Erfolg. In: ders., Gesammelte Werke in Einzelbänden, Bd. 6, Berlin: Aufbau-Verl. 1993 [1930], S. 153","Den, wie er die ruhigen Worte hörte, die groß, dick, mit dialektischem Anklang aus dem kräftigen, kauenden Mund des obersten Justizbeamten dieses Landes kamen, packte Abscheu, Scham, Ekel dergestalt, daß er die drängenden Sätze hinunterschluckte."
"62","1932-01-15","Zeitung","Archiv der Gegenwart, Bd. 2, 15.01.1932","Das Land zählte Ende 1931 32,5 Mill. Einwohner."
"63","1931-09-28","Zeitung","Archiv der Gegenwart, Bd. 1, 28.09.1931, S. 39 [ff.]. Zit. n. CD-ROM-Ausgabe 2001.","Ein Land mit langen Grenzen und großem Kolonialbesitz ist verpflichtet, ein Heer, eine Flotte und eine Luftmacht zu besitzen, die in logischem Verhältnis zu seiner besonderen Lage stehen."
"64","1926-03-30","Zeitung","Tucholsky, Kurt: Wo waren Sie im Kriege, Herr -? In: Kurt Tucholsky, Werke - Briefe - Materialien, Berlin: Directmedia Publ. 2000 [1926]","Sie glaubten ganz ehrlich, einer guten Sache zu dienen; sie glaubten fest daran, daß Deutschland überfallen worden sei, so, wie die Franzosen und die Russen dasselbe von ihren Ländern glaubten - diese jungen Leute meldeten sich freiwillig und gingen in den sinnlosesten Tod."
"65","1918-03-16","Zeitung","Berliner Tageblatt (Morgen-Ausgabe), 16.03.1918","Die englische und amerikanische Regierung hatten nicht den Mut, die unerhörte Behandlung einzugestehen , die sie einem aufrichtig neutralen und friedlichen Lande angedeihen lassen."
"66","1932-12-31","Wissenschaft","Buber, Martin: Königtum Gottes, Berlin: Schocken 1932, S. 103","So haben die Zeiten die personhafte Unbedingtheit des Stammesgottes Jhwh seinem Verhältnis zum Stammvater seines Stammes abgelesen; aber es läßt sich keine noch so primitive Fassung der Genesisgeschichten von den Anfängen dieses Stammes dem Text abgewinnen, in die die Unbedingtheit nicht schon eingetragen wäre, und mit ihr jene Ganzheitsgeltung und Ganzheitswirkung der Ausschließlichkeit in Israel, jenes lebensmäßige Ernstmachenwollen über die Aktualität des Glaubensverhältnisses hinaus; sagt doch schon jenes beginnende und unbestritten frühe »Geh aus deinem Lande!"
"67","1920-12-31","Wissenschaft","Weber, Max: Die Wirtschaftsethik der Weltreligionen. In: Weber, Marianne (Hg.) Gesammelte Aufsätze zur Religionssoziologie, Bd. III, Tübingen: Mohr 1921 [1920-1921], S. 272","[...] Die Beamten, welche dem König für den ökonomischen und populationistischen Zustand des Landes verantwortlich und außerdem der jederzeit und wie es scheint unmittelbar an den König zulässigen Beschwerde der Untertanen ausgesetzt waren, rühmen sich in den Inschriften schon des Alten Reichs: daß sie in Hungersnot geholfen, niemanden seine Felder fortgenommen, nicht die Untergebenen anderer Beamter mißbraucht, niemals einen Streit unredlich geschlichtet, niemandem seine Tochter fortgenommen oder vergewaltigt, kein Eigentum verletzt, die Witwen nicht bedrückt, oder: daß sie den Hungrigen gespeist, den Nackten gekleidet, Leute, die kein Boot hatten, über den Strom gesetzt, die Ställe ihrer Untergebenen mit Vieh gefüllt haben. [...]"
"68","1920-12-31","Wissenschaft","Delbrück, Hans: Geschichte der Kriegskunst im Rahmen der politischen Geschichte - Vierter Teil: Neuzeit, Berlin: Directmedia Publ. 2002 [1920], S. 3630","Sie möchten seinen Leib, sein Land, seine Leute und sein Gut, schrieb er ihnen, als das ihrige betrachten und als seine rechten Väter ihn und seine Stadt Mailand im Schirm halten, wogegen auch er sich gegen sie erweilen wolle als ein Sohn gegen seinen Vater."
"69","1927-12-31","Wissenschaft","Jahresberichte für deutsche Geschichte, 1927, S. 509","Nach einem einleitenden Aufsatz über die niederlausitzische Geschichtsforschung, die naturgemäß stark von Sachsen aus gefördert ist, und einem Überblick über die staatliche Zugehörigkeit des Landes im Wechsel der Zeiten führt L. von der Frühzeit bis in das 19. Jahrhundert."
"70","1926-12-31","Gebrauchsliteratur","Abel, Othenio: Amerikafahrt, Jena: Fischer 1926, S. 351","Während das Oligozän im Bereiche der Little Bad Lands und der Big Bad Lands in Nebraska und Süddakota eine klare stratigraphische Gliederung gestattet, ist das Miozän des Gebietes zwischen der Pine Ridge und dem Tale des North Platte River so vielgestaltig entwickelt, daß es lange Zeit gedauert hat, bis durch mühevolle Vergleiche der verschiedenen Faunen ein klareres Bild der stratigraphischen Verhältnisse erzielt werden konnte (Fig. 231)."
"71","1925-12-31","Belletristik","Dominik, Hans: John Workmann der Zeitungsboy, Biberach an d. Riss: Koehler 1954 [1925], S. 26","Auch der dunkel getäfelte Empfangssaal mit den mächtigen mit grünem Tuche bespannten Tischen, auf denen Zeitungen und Bücher aus aller Herren Länder zur Ansicht lagen, imponierte ihm nicht."
"72","1931-03-03","Zeitung","Völkischer Beobachter (Reichsausgabe), 03.03.1931","In diesem Artikel muß sich Deutschland zwar verpflichten, ein für alle Mal auf die Entsendung irgend einer Militärmission oder irgend welcher militärischer Lehrer nach fremden Ländern zu verzichten, und die alliierten Mächte vereinbaren, überhaupt keine Deutschen als Lehrer im Heerwesen anzustellen."
"73","1932-07-21","Zeitung","Münchner Neueste Nachrichten, 21.07.1932","Erst zwingt sie die Länder mit seiner Hilfe zur Gewährung einer politischen Straßenfreiheit, die notwendig zu Unruhen führen muß, verhindert also die Länder an den zur Aufrechterhaltung der Ruhe und Ordnung von ihnen für notwendig gehaltenen Maßnahmen."
"74","1922-04-10","Zeitung","Tucholsky, Kurt: Kadett Ludendorff. In: Kurt Tucholsky, Werke - Briefe - Materialien, Berlin: Directmedia Publ. 2000 [1922]","Wir setzen hinzu: und von einem Opfer preußischer Kadettenerziehung, von einem, der mit seiner 'Büffelstrategie', wie Foch spöttisch dieses Aasen mit Menschenfleisch nannte, sein Land zugrunde gerichtet hat, von einem, der das Schimpflichste getan hat, was man nur tun kann: die eigenen Fehler seinem Volk aufzubürden, das das letzte, das allerwertvollste hergegeben hat: seine besten Jungen."
"75","1920-12-31","Wissenschaft","Delbrück, Hans: Geschichte der Kriegskunst im Rahmen der politischen Geschichte - Erster Teil: Das Altertum, Berlin: Directmedia Publ. 2002 [1920], S. 513","Sein Genius erkennt mit untrüglichem Scharfblick alle die neuen Bedürfnisse und Möglichkeiten, die die neuen Verhältnisse, die Zusammensetzung und die Größe der Heere, wie die Ausdehnung und Natur der eroberten Länder fordern und bieten."
"76","1931-03-03","Zeitung","Tucholsky, Kurt: Auf dem Nachttisch. In: Kurt Tucholsky, Werke - Briefe - Materialien, Berlin: Directmedia Publ. 2000 [1931]","Wohnt ihr auf dem Lande, dann schreibt an die nächste große Buchhandlung - und wohnt ihr in der Stadt, dann dürft ihr euch doch wirklich nicht davon abschrecken lassen, daß der Sortimenter das Buch nicht vorrätig hat."
"77","1928-12-31","Wissenschaft","Jahresberichte für deutsche Geschichte, 1928, S. 548","Entsprechend dem Gange der Landesgeschichte umfaßt die erste Hauptabteilung (A) Archive und Behörden, die sich auf das ganze Land oder größere Landesteile bis etwa 1866 beziehen, während die drei folgenden Hauptabteilungen (B--D) die territorialen und lokalen Archive und Behörden je eines der drei Herzogtümer, Holsteins, Schleswigs und Lauenburgs, ebenfalls vor der preußischen Zeit, enthalten."
"78","1919-12-31","Belletristik","Stucken, Eduard: Die weißen Götter, Stuttgart: Stuttgarter Hausbücherei [1960] [1919], S. 42","Wie ein durchsichtiger Smaragd, wie ein Kristall sei Montezumas Palast - aber abgeschnittene Menschenhände, Leichenköpfe und fleischlose Kiefer lägen auf den Wegen der Länder, und die Menschen sagten in der Angst ihrer Herzen:"
"79","1924-03-11","Zeitung","Berliner Tageblatt (Morgen-Ausgabe), 11.03.1924","20 Hektar nimmt das feste Land, 7,6 Hektar das Wasser für sich in Anspruch."
"80","1926-01-12","Zeitung","Tucholsky, Kurt: Die Ebert-Legende. In: ders., Kurt Tucholsky, Werke - Briefe - Materialien, Berlin: Directmedia Publ. 2000 [1926], S. 4125","Auf dem Land die niemals geduckte Herrschaft der Amtsvorsteher und der Gutsbesitzer; in den Gerichten dieselben Richter wie unter dem Kaiser, nur: grausamer, nur kälter, nur rücksichtsloser; in der Verwaltung abgesprengte und halb verlachte Einschiebsel, die sich zu assimilieren oder zu verschwinden haben - und oben drüber, wie Öl auf dem Wasser, hier und da ein sozialistischer Minister, der bestenfalls tut, was er kann, und das ist nicht viel."
"81","1927-12-31","Gebrauchsliteratur","Ostwald, Wilhelm: Lebenslinien. Eine Selbstbiographie, 3 Teile. In: Simons, Oliver (Hg.), Deutsche Autobiographien 1690 - 1930, Berlin: Directmedia Publ. 2004 [1927], S. 51065","Für deren Verwaltung hatte er die »Royal Institution of Great Britain« ausersehen, eine private Gesellschaft, die zu Beginn des 19. Jahrhunderts von einigen reichen Männern gegründet war, um sich und den Ihren gediegene wissenschaftliche Unterhaltung zu verschaffen und daneben auch womöglich die Industrie des Landes zu befruchten."
"82","1932-03-07","Zeitung","Archiv der Gegenwart, Bd. 2, 07.03.1932, S. 208 [ff.]. Zit. n. CD-ROM-Ausgabe 2001.","In der tieferstehenden Aufstellung zeigt die erste Kolonne den prozentualen Anteil jedes einzelnen Landes an der Gesamtproduktion der zehn Länder im Jahre 1928, die zweite Kolonne den prozentualen Anteil zu Ende des Jahres 1931 auf der gleichen Basis (1928 = 100), die dritte Kolonne den prozentualen Anteil der Länder an der Gesamtproduktion auf der Basis 1931 (Ende) = 100 und endlich die vierte Kolonne die prozentuale Veränderung der Produktion jedes Landes von 1928 bis 1931."
"83","1922-07-13","Zeitung","Tucholsky, Kurt: Die zufällige Republik. In: Kurt Tucholsky, Werke - Briefe - Materialien, Berlin: Directmedia Publ. 2000 [1922]","Bleiben die Republikaner wiederum in den Versammlungssälen und packen sie die ungetreuen Amtsdiener ihres eignen Landes nicht in den Büros, auf den Kasernenhöfen, in den Polizeiwachen, auf den Gerichten, in den Landratswohnungen, schlagen sie diese größenwahnsinnigen Recken, die von einer Welt geistig und militärisch krumm geprügelt worden sind, nicht zu Boden -: dann ist es mit dieser zufälligen Republik zu Ende."
"84","1920-12-31","Wissenschaft","Weber, Max: Die Wirtschaftsethik der Weltreligionen. In: Weber, Marianne (Hg.) Gesammelte Aufsätze zur Religionssoziologie, Bd. II, Tübingen: Mohr 1921 [1920-1921], S. 56","Das gentilcharismatische Haupt der Phratrie verteilte das eroberte Land: die Herrenrechte an seine Sippengenossen, die Feldfluren an die einfachen Phratoren."
"85","1927-12-31","Gebrauchsliteratur","Schalcher, Traugott: Die Reklame der Straße, Wien: C. Barth 1927, S. 72","Die Umgebungen anderer Großstädte sind auch nicht romantischer bis tief ins schöne Land Italien hinein."
"86","1924-03-13","Zeitung","Vossische Zeitung (Abend-Ausgabe), 13.03.1924","Es bleibt die Notwendigkeit bestehen, die gesamte Ruhrpolitik zu revidieren, und keine Finanzhilfe anderer Länder kann Frankreich davon befreien."
"87","1932-04-03","Zeitung","Archiv der Gegenwart, Bd. 2, 03.04.1932, S. 264 [ff.]. Zit. n. CD-ROM-Ausgabe 2001.","Der Bericht des Völkerbund-Finanzausschüsses über die Lage in Österreich, Ungarn, Bulgarien und Griechenland setzt in einer allgemeinen Einleitung auseinander, daß die Schwierigkeiten der genannten Länder in erster Linie auf Weltursachen zurückgehen."
"88","1932-12-31","Wissenschaft","Jahresberichte für deutsche Geschichte, 1930, S. 250","Das allmähliche Steigen des Übergewichtes der Entente, die durch ihren größeren Rohstoffreichtum den zäh verteidigten deutschen Einfluß schrittweis immer weiter zurückzudrängen vermochte, ist ein sehr bezeichnender Teil des großen Wirtschaftskrieges, der für dessen Verlauf gegenüber fast allen neutralen Ländern typische Bedeutung hat."
"89","1926-12-31","Belletristik","Grimm, Hans: Volk ohne Raum, München: Langen 1932 [1926], S. 1261","Seit dem Kriege ist viel jüngeres Burenvolk unter den Bergleuten, das kein Land mehr hat und auch im eroberten Deutschsüdwest kein Land gefunden hat, darauf zu faulenzen, wie sie dachten."
"90","1924-07-03","Zeitung","Tucholsky, Kurt: Gesicht. In: Kurt Tucholsky, Werke - Briefe - Materialien, Berlin: Directmedia Publ. 2000 [1924]","Fühlt sich in völliger Harmonie mit Land, Majorität und Volksgemeinschaft."
"91","1930-03-01","Zeitung","Vossische Zeitung (Abend-Ausgabe), 01.03.1930","Mit Bezug darauf hat offenbar Ebert gesagt, daß er um einer starren Buchstabenengigkeit willen die Sorge für Land und Volk nie vernachlässigen werde."
"92","1930-12-31","Belletristik","Feuchtwanger, Lion: Erfolg. In: ders., Gesammelte Werke in Einzelbänden, Bd. 6, Berlin: Aufbau-Verl. 1993 [1930], S. 550","Alle wußten, daß er gestorben war an der Verlumpung seines Landes Bayern durch die Wahrhaft Deutschen."
"93","1930-03-03","Zeitung","Berliner Tageblatt (Abend-Ausgabe), 03.03.1930","Erst an wenigen Orten, so in Sevilla und Valencia, sind Abmachungen zwischen den einzelnen konservativen Gruppen zustandegekommen, die eine monarchistische Einheitsfront gegen die noch im ganzen Lande zersplitterten republikanischen Parteien zusammenbringen."
"94","1926-12-31","Belletristik","Lucanus, Friedrich von: Im Zauber des Tierlebens, Berlin: Wegweiser-Verl. 1926 [1926], S. 329","Nicht immer sind Koralleninseln die Wahrzeichen versunkenen Landes, sondern sie können auch auf andere Weise entstehen, nämlich durch Hebung des Meeresbodens, die so groß ist, daß der flache Wasserstand eine Korallenbildung begünstigt."
"95","1925-12-31","Belletristik","Kisch, Egon Erwin: Der rasende Reporter, Berlin: Aufbau-Taschenbuch-Verl. 2001 [1925], S. 215","Es geht dem Lande zu."
"96","1918-12-31","Wissenschaft","Weber, Max: Parlament und Regierung im neugeordneten Deutschland. In: Weber, Marianne (Hg.) Gesammelte Politische Schriften, München: Drei Masken Verl. 1921 [1918], S. 253","Die öffentlichen Reden der Parteiführer im Reichstag sind offizielle Parteierklärungen vor dem Lande, welche erst nach Stellungnahme der Partei erfolgen."
"97","1927-12-31","Wissenschaft","Jahresberichte für deutsche Geschichte, 1927, S. 663","Ein Hauptübel für die gesamte wirtschaftlich schlechte Lage des Landes sah er in dem unaufhörlichen Abströmen des Geldes aus Böhmen und im Mangel an Umlaufsgeld."
"98","1929-03-06","Zeitung","Berliner Tageblatt (Morgen-Ausgabe), 06.03.1929","Er soll den beteiligten Ländern anteilweise übertragen werden."
"99","1920-10-13","Zeitung","Tucholsky, Kurt: Aus Moskau zurück. In: ders., Kurt Tucholsky, Werke - Briefe - Materialien, Berlin: Directmedia Publ. 2000 [1920], S. 2076","Ein Mann wie Goldschmidt durfte mit der Erwartung hinüberreisen, in das Land seiner Träume zu kommen - aber er hatte die Pflicht, mit den Augen zu sehen und nicht nur mit dem Herzen."
"100","1918-03-20","Zeitung","Vossische Zeitung (Morgen-Ausgabe), 20.03.1918","Das Land auf den Aalandsinseln macht einen weit kultivierteren Eindruck als die baltischen Inseln, die auf einer ähnlichen gemeinsamen Unternehmung von Heer ud Flotte vor einem halben Jahre besetzt wurden."
"101","1932-12-31","Wissenschaft","Jahresberichte für deutsche Geschichte, 1930, S. 175","Lucas' Aufsatz (742) über die große europäische Hungersnot, die durch die ungewöhnliche Witterung der J. 1314 und 15 vorbereitet wird, berührt nur mittelbar die politische Geschichte -- 1314 bleibt ein Feldzug Ludwigs X. in Flandern im Regen und Schlamm stecken, 1316 vereitelt Hungersnot den geplanten englischen Krieg gegen Schottland; aber er ist vorbildlich durch die sorgfältige Benutzung von Quellen aus allen wichtigen Ländern bis nach Ungarn und Skandinavien und zeigt, wieviel solche Arbeitsweise zu leisten vermag."
"102","1919-07-03","Zeitung","Tucholsky, Kurt: Ein untergehendes Land. In: Kurt Tucholsky, Werke - Briefe - Materialien, Berlin: Directmedia Publ. 2000 [1919]","Die Deutschen, die in den Okkupationsjahren das Land bereisten, sahen es als zukunftsreich an, und es mag ihrem Urteil überlassen bleiben, ob es ein politischer Segen für das Land geworden wäre, wenn die dünne Oberschicht der sechshunderttausend Balten ihren früher aussichtslosen Kampf gegen die bäurischen Letten und gegen die Russen in einen Sieg verwandelt hätte."
"103","1926-03-02","Zeitung","Vossische Zeitung (Morgen-Ausgabe), 02.03.1926","Diese Plakate, die in einer Größe von einem Meter im Quadrat, mit großer, fetter Schrift an allen Bahnhöfen der Eisenbahnstationen, an den Wirtshäusern der Poststationen, an allen öffentlichen Gebäuden, wie Rathäusern und Schulen, ja selbst an den Nebenportalen der Kirchen, in allen Städten und Dörfern in weitem Umkreis des Landes bis zu einer Grenze hin erschienen, trugen noch links oben angebracht die Photographie des Kindes."
"104","1922-12-31","Gebrauchsliteratur","Deussen, Paul: Mein Leben. In: Simons, Oliver (Hg.) Deutsche Autobiographien 1690-1930, Berlin: Directmedia Publ. 2004 [1922], S. 19159","Wir nahmen unsere sechsmonatlichen Retourbillette, brachten unser größeres Gepäck schon auf den Himalaja, fuhren über Land, von unsern Freunden Abschied nehmend, durch Deutschland und die Schweiz nach Marseille und bestiegen am. 22. Oktober das neue schöne Schiff, welches uns nach Indien führen sollte."
"105","1932-10-04","Zeitung","Tucholsky, Kurt: Christoph Kolumbus. In: Kurt Tucholsky, Werke - Briefe - Materialien, Berlin: Directmedia Publ. 2000 [1932]","Ich bin noch auf den Mastbaum geklettert und habe »Land!« gerufen."
"106","1931-07-30","Zeitung","Archiv der Gegenwart, Bd. 1, 30.07.1931","Trotzdem sei die budgetäre Lage Großbritanniens günstiger als die anderer großer Staaten, mit Ausnahme eines einzigen Landes."
"107","1921-03-09","Zeitung","Vossische Zeitung (Morgen-Ausgabe), 09.03.1921","Eure schöne Heimat, die Perle der deutschen Länder, ist in Gefahr!"
"108","1932-11-12","Zeitung","Archiv der Gegenwart, Bd. 2, 12.11.1932, S. 556 [ff.]. Zit. n. CD-ROM-Ausgabe 2001.","Hiervon würden etwa 400 Mill. das Reich, der Rest die Länder treffen."
"109","1932-10-03","Zeitung","Archiv der Gegenwart, Bd. 2, 03.10.1932, S. 508 [ff.]. Zit. n. CD-ROM-Ausgabe 2001.","Von zuständiger deutscher Seite wird darauf hingewiesen, daß die neue Devisenregelung in Italien wesentlich ungünstiger als die deutsche sei und daß man das Vorgehen als schweren Angriff empfinde, da Deutschland in seiner Notlage auch befreundeten Ländern keine Sonderstellung einräumen könnte. (L. B. Deutschland 506 J, Italien 495 A.)"
"110","1932-10-04","Zeitung","Tucholsky, Kurt: Christoph Kolumbus. In: Kurt Tucholsky, Werke - Briefe - Materialien, Berlin: Directmedia Publ. 2000 [1932]","Dieses Volk wird die Pforten seiner Schatzkammern öffnen und Gold an alle Länder verteilen."
"111","1920-12-31","Wissenschaft","Weber, Max: Die Wirtschaftsethik der Weltreligionen. In: Weber, Marianne (Hg.) Gesammelte Aufsätze zur Religionssoziologie, Bd. III, Tübingen: Mohr 1921 [1920-1921], S. 72","Der Erzbergbau im Lande wird als einer von dessen Vorzügen erwähnt (8, 9)."
"112","1924-01-03","Zeitung","Kölnische Zeitung (2. Morgenblatt), 03.01.1924","Es hat seinerseits die Grenzen unsers Landes schützen helfen, es hat erst in jüngster Zeit mit erfreulicher Einmütigkeit und Geschlossenheit sich für des Reiches Einheit und Geschlossenheit eingesetzt."
"113","1918-12-31","Belletristik","Stehr, Hermann: Der Heiligenhof, München: List 1952 [1918], S. 398","Aus diesem Paradies begann das Geschick sie hinauszuführen, gleich einem Engel, den es nach dem Lande der Menschen verlangt."
"114","1920-02-28","Zeitung","Die Fackel [Elektronische Ressource], 2002 [1920]","Angesichts der maßlosen Frechheit, welche die abgefeimteste Betrügerbranche dieses Landes, die Schleichhändler der öffentlichen Meinung, mit einem Wort die Journalisten jüdischen und antisemitischen Kalibers gegen die Republik an den Tag, insbesondere an den Neuen Tag legen und dabei noch Ehrfurcht vor dem Schandgewerbe heischen, sehe ich mich wieder einmal veranlaßt, das Gelübde zu zitieren, das Kierkegaard im Jahre 1846 gesprochen hat, also zu einer Zeit, wo der Auswurf der Menschheit noch keinen Weltkrieg bewirkt und überlebt hatte:"
"115","1919-12-31","Wissenschaft","Weber, Max: Die Wirtschaftsethik der Weltreligionen. In: Weber, Marianne (Hg.), Gesammelte Aufsätze zur Religionssoziologie, Bd. I, Tübingen: Mohr 1920 [1916-1919], S. 373","Noch in den letzten Jahrzehnten sprachen amtliche Berichte zwar stets von »Notabeln« des Landes als der sozial ausschlaggebenden Schicht."
"116","1926-03-05","Zeitung","Vossische Zeitung (Morgen-Ausgabe), 05.03.1926","Der deutsche Botschafter habe heute eine Zusammenkunft der am Locarno-Pakt beteiligten Länder vor Zusammentritt des Völkerbundrates in Genf angeregt."
"117","1920-12-31","Wissenschaft","Weber, Max: Die Wirtschaftsethik der Weltreligionen. In: Weber, Marianne (Hg.) Gesammelte Aufsätze zur Religionssoziologie, Bd. II, Tübingen: Mohr 1921 [1920-1921], S. 354","Innerhalb der Vollbrahmanen nahmen eine hohe, nach ihren eigenen Ansprüchen die höchste, Rangstellung ein die Pandits: respondierende Sakraljuristen und Richter, deren höchster in der Zeit vor der Fremdherrschaft oft für den ersten Mann des Landes galt."
"118","1932-03-16","Zeitung","Archiv der Gegenwart, Bd. 2, 16.03.1932, S. 223 [ff.]. Zit. n. CD-ROM-Ausgabe 2001.","Die Minister der Länder sind in der Regel auch Bevollmächtigte zum Reichsrat (166 C)."
"119","1919-12-31","Wissenschaft","Hofmannsthal, Hugo von: Die Salzburger Festspiele. In: Bertram, Mathias (Hg.) Deutsche Literatur von Lessing bis Kafka, Berlin: Directmedia Publ. 2000 [1919], S. 93979","Das Salzburger Land ist das Herz vom Herzen Europas."
"120","1924-02-07","Zeitung","Tucholsky, Kurt: Reisende, meidet Bayern! In: Kurt Tucholsky, Werke - Briefe - Materialien, Berlin: Directmedia Publ. 2000 [1924]","Wir alle lieben zwar das Land wegen seiner Schönheiten ungemein, können aber unmöglich eine Bevölkerung unterstützen, die in ihrer Mehrheit Bestrebungen fördert, die den Interessen des deutschen Reiches zuwiderlaufen."
"121","1925-12-31","Belletristik","Kisch, Egon Erwin: Der rasende Reporter, Berlin: Aufbau-Taschenbuch-Verl. 2001 [1925], S. 175","Man merkte schon etwas vom Aufschwung der Städte und Stände, von der Pflege der Wissenschaften und Künste, welche Karl Robert von Anjou und Ludwig der Große in das Land gebracht hatten, und auch von der Prachtliebe und dem Luxus des Adels."
"122","1920-01-23","Belletristik","Tucholsky, Kurt: Absage. In: ders., Kurt Tucholsky, Werke - Briefe - Materialien, Berlin: Directmedia Publ. 2000 [1920], S. 1728","Das Parlament ist ein Spiegel des Landes."
"123","1921-12-31","Belletristik","Luckner, Felix von: Seeteufel, Herford: Kohler 1966 [1921], S. 56","Nachmittags sehe ich mehrere Matrosen an Land; einen riesigen Kerl darunter höre ich stark sächseln."
"124","1920-12-31","Wissenschaft","Delbrück, Hans: Geschichte der Kriegskunst im Rahmen der politischen Geschichte - Erster Teil: Das Altertum, Berlin: Directmedia Publ. 2002 [1920], S. 829","Von hier aus war er einige Tagemärsche das fruchtbare Bagradas-(Medjerdja-)Tal aufwärts ins Innere vorgerückt und plünderte und verwüstete das Land."
"125","1931-11-21","Zeitung","Archiv der Gegenwart, Bd. 1, 21.11.1931, S. 86 [ff.]. Zit. n. CD-ROM-Ausgabe 2001.","Im Anschluß an das amtliche Communiqué verlautet über das Resultat des Besuches des italienischen Außenministers Grandi in den Vereinigten Staaten, daß zwischen den beiden Ländern eine gewisse Übereinstimmung über die künftige Außenpolitik getroffen wurde."
"126","1928-07-17","Zeitung","Tucholsky, Kurt: Deutschenspiegel. In: Kurt Tucholsky, Werke - Briefe - Materialien, Berlin: Directmedia Publ. 2000 [1928]","Die Ausnahmen saßen in der Schweiz und wurden von den strammen Patrioten Landesverräter genannt, weil sie das Land Europa für wichtiger hielten als die Provinzen der Vaterländer."
"127","1926-12-31","Belletristik","Traven, B.: Das Totenschiff, Berlin: Büchergilde Gutenberg 1929 [1926], S. 56","""Das Land soll gehören denen, die es bewohnen."""
"128","1932-03-03","Zeitung","Vossische Zeitung (Abend-Ausgabe), 03.03.1932","Anschauliche Bilder zeigten die Gewinnung von Oel, Kautschuk und Kakao und die fortschreitende Urbarmachung des Landes."
"129","1922-03-11","Zeitung","Vossische Zeitung (Abend-Ausgabe), 11.03.1922","In der Tat, es ist im wahren Sinne des Wortes eine andere Welt , und wenn man auf der Reise in zehntagelanger Fahrt die Weite des Ozeans ermißt, der zwischen Europa und dem Lande Columbus` liegt, wenn man weiter bedenkt, wie unerhört jung dieses amerikanische Volk, gemessen an den alten konsolidierten Staatsvölkern Europas ist, wie jung vor allem die Möglichkeiten der Schaffung einer geistigen Atmosphäre eines Landes sind, dessen Ansiedler sich noch vor 150 Jahren mit den Indianern herumschlugen und das heute noch alle Hände voll zu tun Und weiter:"
"130","1927-03-01","Zeitung","Vossische Zeitung (Morgen-Ausgabe), 01.03.1927","In bezug auf die Fragen ""Mutter und Kind"" machte mir der neue Gesandte noch mehrere erschütternde und interessante Angaben, die zeigen, daß Rußland ""fortgeschrittener"" ist - im weitesten Sinne des Wortes -, als irgendein Land Europas."
"131","1928-11-20","Zeitung","Tucholsky, Kurt: Auf dem Nachttisch. In: Kurt Tucholsky, Werke - Briefe - Materialien, Berlin: Directmedia Publ. 2000 [1928]","Ich kaufe mir in fremden Ländern, in die ich komme, immer Grammophonplatten, zur Erinnerung - aber »Grammophon« und die Sache mit Lola Elektrola sind wirklich gut gemacht."
"132","1918-03-16","Zeitung","Vossische Zeitung (Abend-Ausgabe), 16.03.1918","Marghiloman ist der Vertreter jenes Rumänien, das am Krieg und am Treubruch des von Bratiann irregeleiteten Landes unschuldig ist."
"133","1929-12-31","Gebrauchsliteratur","Welt und Wissen, 1929, Nr. 3, Bd. 18","Seit jeher hatte die Menschheit zu leiden an Krankheiten und Seuchen, die in früherer Zeit ganze Länder entvölkerten und große Volksstämme der völligen Vernichtung nahebrachten."
"134","1932-01-21","Zeitung","Archiv der Gegenwart, Bd. 2, 21.01.1932, S. 136 [ff.]. Zit. n. CD-ROM-Ausgabe 2001.","Der erste Prozeß wegen Verleitung zur Kapitalflucht endete mit einem Freispruch, da der Angeklagte nicht überführt werden konnte, daß er für die Verbreitung eines Aufrufes verantwortlich sei, in dem das Publikum zur Anlage seiner Gelder in fremden Ländern aufgefordert wurde. (L. B. 101 J.)"
"135","1920-12-31","Wissenschaft","Delbrück, Hans: Geschichte der Kriegskunst im Rahmen der politischen Geschichte - Erster Teil: Das Altertum, Berlin: Directmedia Publ. 2002 [1920], S. 535","In Wirklichkeit kann ein Land wie Lacedämon nicht in dieser Weise abgesperrt werden."
"136","1926-03-06","Zeitung","Berliner Tageblatt (Abend-Ausgabe), 06.03.1926","Innerpolitisch ratlos, außenpolitisch mindestens vorübergehend gehandicapt, in seiner Wirkungskraft, seinem Ansehen und Kredit nicht unbedenklich gefährdet, so steht das Land nach der Entscheidung des gestrigen Tages da."
"137","1932-03-03","Zeitung","Vossische Zeitung (Abend-Ausgabe), 03.03.1932","Wir sehen das Graubündener Land, den Schweizer Kanton der 150 Täler, die Viamela-Schlucht des Hinterrheins und als Höhepunkt landschaftliche Herrlichkeiten des Engadins."
"138","1932-12-27","Zeitung","Archiv der Gegenwart, Bd. 2, 27.12.1932, S. 629 [ff.]. Zit. n. CD-ROM-Ausgabe 2001.","Thüringen hat die Schlachtsteuer eingeführt, welche nunmehr in allen deutschen Ländern besteht. (L. B. 587 G.)"
"139","1931-07-02","Zeitung","Archiv der Gegenwart, Bd. 1, 02.07.1931, S. 1 [ff.]. Zit. n. CD-ROM-Ausgabe 2001.","Am 1. Juli 1931 waren die Währungen von 15 Ländern unter ihren nominellen Goldwert gesunken."
"140","1926-12-31","Gebrauchsliteratur","Abel, Othenio: Amerikafahrt, Jena: Fischer 1926, S. 62","Diese Föhrenwälder mit dem Buschpalmenunterholz sind jene Gebiete, wo die Kultivierung des Landes eingesetzt hat und von wo aus täglich neuer Boden zu erobern versucht wird."
"141","1932-12-13","Zeitung","Archiv der Gegenwart, Bd. 2, 13.12.1932, S. 608 [ff.]. Zit. n. CD-ROM-Ausgabe 2001.","Deutschland hat durch das Übereinkommen über die Butterkontingente (529 E) Polen ein Einfuhrkontingent zum autonomen Zoll eingeräumt, obwohl mit diesem Lande kein Handelsvertrag besteht."
"142","1932-11-01","Zeitung","Archiv der Gegenwart, Bd. 2, 01.11.1932, S. 543 [ff.]. Zit. n. CD-ROM-Ausgabe 2001.","Die Arbeiten umfassen vor allem Urbarmachung von Ödland und Sümpfen, Aufforstung sowie den Bau von Wasserleitungen und Bewässerungssystemen im ganzen Lande. (L. B. 513 F.)"
"143","1927-12-31","Wissenschaft","Jahresberichte für deutsche Geschichte, 1927, S. 512","Das mißlang damals, weil es eben an einem Archiv und vor allem an Verständnis für die Sache in Schwerin und im eigenen Lande fehlte."
"144","1932-09-12","Zeitung","Archiv der Gegenwart, Bd. 2, 12.09.1932, S. 481 [ff.]. Zit. n. CD-ROM-Ausgabe 2001.","Jedes europäische Land soll zugunsten der Agrarstaaten einen Beitrag leisten der noch genauer zu bestimmen ist."
"145","1923-12-31","Wissenschaft","Lukács, Georg: Geschichte und Klassenbewußtsein, Neuwied u. a.: Leuchterhand 1970 [1923], S. 419","Seine Außenpolitik war weniger eine Verhandlung zwischen Rußland und Deutschland, als eine Förderung der proletarischen Revolution, des revolutionären Bewußtseins in den Ländern Mitteleuropas."
"146","1922-12-31","Wissenschaft","Gundert, Wilhelm: Schintoismus. In: Kern, Maximilian (Hg.) Das Licht des Ostens, Stuttgart: Union Deutsche Verlagsges. 1922, S. 521","Japan ist bei der Menge seiner Gebirge und seinem Wasserreichtum das ideale Land für Wasserkraftelektrizität."
"147","1932-02-09","Zeitung","Archiv der Gegenwart, Bd. 2, 09.02.1932, S. 162 [ff.]. Zit. n. CD-ROM-Ausgabe 2001.","Ferner verlangte er Begrenzung der Materialausgaben, Verlängerung der bestehenden Flottenabkommen, möglichst unter Beitritt Frankreichs und Italiens, weitere Herabsetzung der Tonnageziffern nach Beitritt dieser beiden Länder, Abschaffung der U-Boote und Schutzmaßnahmen für die Zivilbevölkerung gegen Fliegerangriffe."
"148","1922-03-09","Zeitung","Berliner Tageblatt (Abend-Ausgabe), 09.03.1922","Ernsthafte Inangriffnahme der Abrüstung zu Lande , vor allem bei den Franzosen, lautet also die erste ihrer Bedingungen."
"149","1926-12-31","Gebrauchsliteratur","Abel, Othenio: Amerikafahrt, Jena: Fischer 1926, S. 346","Schon Wanless hat beobachtet, daß speziell im Umkreise von Schädeln von Oreodonten und Entelodonten die Koprolithen von Carnivoren gehäuft erscheinen und ich habe in den Little Bad Lands dasselbe beobachten können."
"150","1919-04-05","Zeitung","Berliner Tageblatt (Abend-Ausgabe), 05.04.1919","Es ist charakteristisch, daß auch die Schönheit des griechischen Körpers erreicht wurde in einem Lande, das eine systematische gymnastische Kultur befaß ."
"151","1922-12-31","Gebrauchsliteratur","Deussen, Paul: Mein Leben. In: Simons, Oliver (Hg.) Deutsche Autobiographien 1690-1930, Berlin: Directmedia Publ. 2004 [1922], S. 19068","In keinem Lande ist die Verzollung so pedantisch wie in Österreich."
"152","1919-12-31","Belletristik","Stucken, Eduard: Die weißen Götter, Stuttgart: Stuttgarter Hausbücherei [1960] [1919], S. 354","In seinem Brief an Cortez aber versicherte ihn Velázquez de León seiner Freundschaft und teilte mit, er verlasse das Land der Schlangenpyramide, um in Cholula, wenn Cortez nach Sempoalla ziehe, mit ihm zusammenzutreffen und ihm seine hundertfünfzig Mann zuzuführen."
"153","1932-11-25","Zeitung","Archiv der Gegenwart, Bd. 2, 25.11.1932, S. 583 [ff.]. Zit. n. CD-ROM-Ausgabe 2001.","Die Stillhalteverhandlungen für Kurzkredite von Ländern und Gemein den begannen Ende 1931 (112 M) und gestalteten sich schwierig (154 R, 255 J)."
"154","1925-02-14","Gebrauchsliteratur","Die Landfrau, 14.02.1925","Im Stadthaus ist sie auch nicht viel mehr als ein Zimmer, eine Art wenig benutzter Durchgangsraum, der sein Dasein teils der Mode, teils der Spekulation des Bauherrn auf einen höheren Mietpreis verdankt; auf dem Lande dagegen ist die Diele ein ausgesprochener ""Zweckraum"", ja im Gutshaus älteren Stils vielfach der wichtigste und am meisten gebrauchte Raum des ganzen Hauses."
"155","1932-12-31","Wissenschaft","Jahresberichte für deutsche Geschichte, 1930, S. 352","[...] Das mancherlei Mängel aufweisende Heerwesen der Polen stellt Verf. unverblümt dar, ebenso die im allgemeinen recht milde Behandlung der Aufstandsteilnehmer durch Preußen und die Folgen für die innere Politik Preußens im Posenschen. Genaueres vgl. Z. 24. -- In einem Beitrag von Hugo Sommer über das Generalkommando in Posen von 1815 bis 1918 lernen wir (S. 357 Nr.6) die 21 Männer kennen, die in der zweiten preußischen Zeit die oberste Heeresgewalt in dem Gebiet ausgeübt haben, beginnend mit v. Thümen, der das Land wieder besetzte und militärisch einrichtete, v. Roeder, v. Grolman, v. Colomb, der 1848 eine schwere Stellung hatte, die Führer in den deutschen Einigungskriegen v. Steinmetz und v. Kirchbach u. a. bis v. Strantz und dem schlaffen v. Bock und Polach 1918. [...]"
"156","1921-12-31","Belletristik","Kolbenheyer, Erwin Guido: Das Gestirn des Paracelsus, München: J.F. Lehmanns 1964 [1921], S. 407","Er hatte das Wällische, Land und Menschen, satt und sehnte sich nach den heimatlichen Ufern zurück."
"157","1932-04-11","Zeitung","Archiv der Gegenwart, Bd. 2, 11.04.1932, S. 282 [ff.]. Zit. n. CD-ROM-Ausgabe 2001.","Für Argentinien betrüge sie 50 %, für Brasilien 48 %, für Großbritannien und die skandinavischen Länder 28 oder 29 % für Japan 30 %, für Mexico 22 % und für andere Länder je nach der in denselben eingetretenen geringeren Währungsentwertung entsprechend weniger. (L. B. Außenhandel 230 H, Finanzen 274 K.)"
"158","1927-12-31","Zeitung","Tucholsky, Kurt: Ein Pyrenäenbuch. In: ders., Kurt Tucholsky, Werke - Briefe - Materialien, Berlin: Directmedia Publ. 2000 [1927], S. 4794","Ich glaube, solche Romane sind mehr für den Hersteller als für das geschilderte Land charakteristisch."
"159","1932-11-12","Zeitung","Archiv der Gegenwart, Bd. 2, 12.11.1932, S. 556 [ff.]. Zit. n. CD-ROM-Ausgabe 2001.","Im Anschluß an Ausführungen der Reichsregierung über die Pläne zur Reichsreform wurde dem Reichsrat eine Entschließung vorgelegt, in der es heißt, daß die letzten Maßnahmen des Reiches in Preußen eine grundlegende und tiefgreifende Veränderung im bisherigen Kräfteverhältnis zwischen dem Reich und Preußen, zwischen Reich und Ländern und den Ländern untereinander herbeigeführt hätten."
"160","1924-12-31","Belletristik","Hagenbeck, John u. Ottmann, Victor: Südasiatische Fahrten und Abenteuer, Dresden: Deutsche Buchwerkstätten 1924 [1924], S. 77","In diesem Land, das den westlichsten Teil des Himalaya einnimmt und seit 1846 ein Vasallenstaat des britisch-indischen Reiches ist, hatte man einst das Paradies und die Wiege des Menschengeschlechts gesucht, hierher pflegten sich die Großmoguln in der heißesten Jahreszeit in ihre von Marmor und Gold strotzenden Sommerpaläste zurückzuziehen, hier rangen durch Jahrhunderte verschiedene Völker in erbitterten Fehden um die Herrschaft über das Land, das Einfalltor nach Indien, bis schließlich der große Brite kam und durch das bei ihm beliebte abgekürzte Verfahren der Besitzergreifung allem Hader ein Ende machte."
"161","1919-06-26","Zeitung","Tucholsky, Kurt: Erinnerung. In: Kurt Tucholsky, Werke - Briefe - Materialien, Berlin: Directmedia Publ. 2000 [1919]","Das Couplet schildert, wie die einzelnen Länder eine Revolution machen würden."
"162","1932-03-02","Zeitung","Vossische Zeitung (Morgen-Ausgabe), 02.03.1932","Es kommt noch einiger Zuzug aus dem Lande, aber einzelne Trupps fahren auch schon wieder nach Hause, nachdem ernster Widerstand der Regierung deutlich geworden ist."
"163","1925-12-31","Belletristik","Kolbenheyer, Erwin Guido: Das dritte Reich des Paracelsus, München: J. F. Lehmanns 1964 [1925], S. 859","Ihm war, als werde er, auf dem Rücken liegend, hoch über rauschende Fluten eines Landes mit Schneegebirgen getragen."
"164","1920-12-31","Belletristik","Jacques, Norbert: Dr. Mabuse, der Spieler, Gütersloh: Bertelsmann 1961 [1920], S. 169","Georg lag an Land."
"165","1927-12-31","Gebrauchsliteratur","Schalcher, Traugott: Die Reklame der Straße, Wien: C. Barth 1927, S. 91","Daß solche Feinde nicht nur in Deutschland, dem klassischen Lande des Widerspruchs, vorhanden sind, geht aus einer Notiz des Manchester Guardian, Weekly vom 19. Oktober 1923, hervor, wonach ein Mitglied aus dem englischen Werkbund ausgeschieden ist, weil dieser die Lichtreklame propagierte."
"166","1920-01-03","Zeitung","Kölnische Zeitung (Abend), 03.01.1920","Gemeinsam aber suchen wir unsern Ländern den Segen des Friedens zu erhalten!"
"167","1929-12-31","Gebrauchsliteratur","Klemperer, Victor: [Tagebuch] 1929. In: ders., Leben sammeln, nicht fragen wozu und warum, Berlin: Aufbau-Taschenbuch-Verl. 2000 [1929], S. 29","Ich war jeden Tag mit Eva an Land, dazu jeden Tag mindestens einmal (über Tisch, während Eva schlief) allein in città."
"168","1932-09-02","Zeitung","Archiv der Gegenwart, Bd. 2, 02.09.1932","Die wesentlichsten Punkte des Vertrages sind: Japan nimmt die Erklärung der Mandschurei zur Kenntnis, daß sie bestehende Verpflichtungen anerkenne, Japan erkennt den neuen Staat als den Ausdruck des Unabhängigkeitswillens der mandschurischen Bevölkerung an; Japan erklärt die Verteidigung der Mandschurei als ein gemeinsames Interesse beider Staaten (wodurch Japan das Recht erhält, in allen Teilen der Mandschurei Garnisonen zu unterhalten) beide Länder verpflichten sich, die territoriale Souveränität des anderen Vertragspartners zu achten."
"169","1921-10-17","Zeitung","Tucholsky, Kurt: Tante Malchens Heimatland. In: ders., Kurt Tucholsky, Werke - Briefe - Materialien, Berlin: Directmedia Publ. 2000 [1921], S. 2312","Also ist das Land gestopft voll mit Waffen."
"170","1928-04-03","Zeitung","Berliner Tageblatt (Abend-Ausgabe), 03.04.1928","Konteradmiral Collard hatte eines Tages den Befehl gegeben, ein Boot bereitzuhalten, da er an Land gehen wollte."
"171","1931-01-06","Zeitung","Tucholsky, Kurt: Carl Sonnenschein. In: Kurt Tucholsky, Werke - Briefe - Materialien, Berlin: Directmedia Publ. 2000 [1931]","Hoeber ist nicht zu lesen - Thrasolt für den, der die Mächte kennen lernen will, die dieses Land in Wahrheit regieren, von großem Interesse."
"172","1920-12-31","Wissenschaft","Delbrück, Hans: Geschichte der Kriegskunst im Rahmen der politischen Geschichte - Erster Teil: Das Altertum, Berlin: Directmedia Publ. 2002 [1920], S. 1000","Nach der gewöhnlichen Annahme stand Cäsar im Lande der Segusiaver bei Lyon, in dem Winkel zwischen Rhone und Saone, als er die Helvetier beim Übersetzen der Saone, etwa bei Trevoux-Villefranche, mit drei Legionen überfiel."
"173","1932-12-31","Wissenschaft","Jahresberichte für deutsche Geschichte, 1930, S. 411","-- In die christliche Frühe der westfälischen Lande führt Flaskamp (1508), indem er die etwa gleichzeitigen Bekehrungsversuche der beiden Ewalde an der friesisch-sächsischen und Suidberchts an der fränkisch-sächsischen Grenze dartut, kühne Vorstöße ohne bleibende Ergebnisse, der Schwertmission Pippins und Karls höchstens Anregung, indessen nicht eine Vorarbeit von Belang."
"174","1920-12-31","Wissenschaft","Weber, Max: Die Wirtschaftsethik der Weltreligionen. In: Weber, Marianne (Hg.) Gesammelte Aufsätze zur Religionssoziologie, Bd. III, Tübingen: Mohr 1921 [1920-1921], S. 200","Der Held oder Prophet, der Israel zum heiligen Kriege gegen Fremdvölker oder frevelnde Eidgenossen aufrufen will, zerstückt ein Tier und sendet die Stücke im Lande umher."
"175","1927-03-03","Zeitung","Berliner Tageblatt (Morgen-Ausgabe), 03.03.1927","Mit einer Ausdauer und einem Können, die das höchste Lob verdienen, hat Yves Chardon die schwere Aufgabe, die er sich gestellt hat, bewältigt; uns mit einer Reihe wertvoller Werke aller Zeiten und Länder bekanntzumachen."
"176","1927-12-31","Wissenschaft","Jahresberichte für deutsche Geschichte, 1927, S. 617","Es war das einzige deutsche Land, dem es nach Bismarcks Urteil gelungen war, ein wirkliches Nationalgefühl auszubilden."
"177","1920-03-09","Zeitung","Berliner Tageblatt (Morgen-Ausgabe), 09.03.1920","Es beunruhigt uns aber, daß einzelne Länder die Bestimmungen der Weimarer Verfassung zu ungunsten des Religionsunterrichts umzubiegen versuchen."
"178","1929-12-31","Belletristik","Glaeser, Ernst: Marynka im Ried. In: Kesten, Hermann (Hg.) 24 neue deutsche Erzähler, Leipzig u. a.: Kiepenheuer 1983 [1929], S. 117","Wir überholen sehr umständlich einen Wagen, der voller Emaillegeschirr steckt und klirrt, als trüge er den Frost durchs Land."
"179","1927-03-01","Zeitung","Tucholsky, Kurt: Besuche bei Peter Panter. In: ders., Kurt Tucholsky, Werke - Briefe - Materialien, Berlin: Directmedia Publ. 2000 [1927], S. 5072","Ich habe mich fortgepflanzt - Nick Carter hat Kinder, jedes Land hat seinen Detektiv."
"180","1931-03-04","Zeitung","Berliner Tageblatt (Morgen-Ausgabe), 04.03.1931","Briand antwortete, dass kein anderes Land so viel für die Einberufung der Abrüstungskonferenz getan habe, wie Frankreich."
"181","1930-12-31","Belletristik","Feuchtwanger, Lion: Erfolg. In: ders., Gesammelte Werke in Einzelbänden, Bd. 6, Berlin: Aufbau-Verl. 1993 [1930], S. 306","Er arbeitete an dem Manuskript »Geschichte des Unrechts im Lande Bayern vom Waffenstillstand 1918 bis zur Gegenwart«."
"182","1932-12-31","Gebrauchsliteratur","Welt und Wissen, 1932, Nr. 2, Bd. 21","Wir möchten hier nur auf die Darstellung des synthetischen Indigos hinweisen, der den natürlichen Farbstoff in den westlichen Ländern fast vollständig, in Deutschland ganz verdrängt hat."
"183","1918-03-19","Zeitung","Berliner Tageblatt (Abend-Ausgabe), 19.03.1918","Der Vergleich mit dem Nikolsburger Frieden trifft nicht den Kernpunkt, denn damals reichte Bismarck dem deutschen Bruder die Hand, und ein solcher Friede ist nicht zu vergleichen mit einem Frieden nach diesem Weltkrieg gegen Länder wie Italien, Frankreich und Rumänien."
"184","1930-12-31","Belletristik","Feuchtwanger, Lion: Erfolg. In: ders., Gesammelte Werke in Einzelbänden, Bd. 6, Berlin: Aufbau-Verl. 1993 [1930], S. 560","Die Räude ist über das Land gekommen, das schöne Land Bayern ist räudig geworden, und seitdem die Räude im Land ist, ist nichts mehr ausgeschlossen."
"185","1920-12-31","Wissenschaft","Delbrück, Hans: Geschichte der Kriegskunst im Rahmen der politischen Geschichte - Erster Teil: Das Altertum, Berlin: Directmedia Publ. 2002 [1920], S. 992","Das Land, welches die Helvetier statt des ihren ins Auge gefaßt hatten, war das der Santonen zwischen La Rochelle und der Girondemündung am Atlantischen Ozean."
"186","1925-07-28","Belletristik","Tucholsky, Kurt: Deutsche Pleite. In: ders., Kurt Tucholsky, Werke - Briefe - Materialien, Berlin: Directmedia Publ. 2000 [1925], S. 3788","Armes Land."
"187","1928-12-02","Zeitung","Tucholsky, Kurt: Der Privatmann im Theater. In: Kurt Tucholsky, Werke - Briefe - Materialien, Berlin: Directmedia Publ. 2000 [1928]","Einer der Gründe, weshalb es in Deutschland kaum eine wahre Öffentlichkeit wie in romanischen Ländern gibt, ist, daß der Deutsche sich auf das strengste die Annahme verbittet, er könne am Ende selber mit dem gemeint sein, was da öffentlich abgehandelt wird."
"188","1925-04-14","Zeitung","Tucholsky, Kurt: Persönlich. In: Kurt Tucholsky, Werke - Briefe - Materialien, Berlin: Directmedia Publ. 2000 [1925]","In Amerika hat jeder für jeden Zeit, solange sich der kurz faßt; in Frankreich ist es nicht gar so schwer, zu den maßgebenden Männern Zutritt zu bekommen; in England denken die Leute an ihre Sache und nicht immer an ihre Person und bestimmt nicht an eine Hahnenwürde; bei uns zu Lande ist es wunder was für eine Geschichte, mit einem besser bezahlten Mann 'persönlich' zu sprechen."
"189","1927-12-31","Gebrauchsliteratur","Wien, Wilhelm: Ein Rückblick. In: Simons, Oliver (Hg.), Deutsche Autobiographien 1690 - 1930, Berlin: Directmedia Publ. 2004 [1927], S. 73193","Ich konnte mir zunächst nicht denken, daß ein Land, mit dem wir immer in Freundschaft gelebt hatten, uns auch noch mit Krieg überziehen würde."
"190","1932-12-31","Wissenschaft","Jahresberichte für deutsche Geschichte, 1930, S. 334","Auf Ersuchen vertriebener niederösterreichischer Juden erklärte sich der Große Kurfürst im J. 1670 bereit, 50 wohlhabende jüdische Familien zur Beförderung des Handels in seinem Lande aufzunehmen."
"191","1927-12-31","Wissenschaft","Jahresberichte für deutsche Geschichte, 1927, S. 475","Ob sich diese Lösung des Führerproblems durch zum Typus erhobene Mittelmäßigkeiten (also durch Poincaré als Mussolini- Ersatz) auf andere Länder übertragen läßt, dürfte zum mindesten zweifelhaft sein."
"192","1931-03-02","Zeitung","Berliner Tageblatt (Abend-Ausgabe), 02.03.1931","Auch zeigt es sich, dass sie an den Orten des Landes Braunschweig, in denen man ihnen nachdrücklich entgegentrat, vielfach erhebliche Verluste erlitten haben."
"193","1926-12-31","Belletristik","Grimm, Hans: Volk ohne Raum, München: Langen 1932 [1926], S. 470","[...] er sei ein richtiger Sozialdemokrat und sei ausgezogen, das Gemeinschaftsgefühl der Menschen in der Ferne zu suchen; und der einstige preußische Leutnant Bernhard irgendeines alten Adelsnamens und irgendeines glänzenden Reiterregiments, der in die Fremde mußte, weil Deutschland trotz kolonialen Anfängen gar keinen Platz und gar keine Gelegenheiten hatte, wo törichte Jungen durch Mannesmut und Mannestat ihren Ruf wiederherstellen konnten; und der nachdenkliche Arzt Reinhart, der vor Jahren die sich geschwinde verengende Heimat als Vorpostenmann verlassen hatte; und der Lehrer Ackerknecht, der auch nichts anderes war als ein aus einem unbewußt überfüllten Lande unbewußt Ausgestoßener. [...]"
"194","1932-10-21","Zeitung","Archiv der Gegenwart, Bd. 2, 21.10.1932, S. 529 [ff.]. Zit. n. CD-ROM-Ausgabe 2001.","In der für Dänemark und Finnland wichtigen Frage der deutschen Einfuhrkontingente für Butter wurde eine Einigung erzielt, die für diese beiden Länder, wie auch für Holland, Schweden, Estland Lettland und Litauen von Bedeutung ist."
"195","1930-05-30","Zeitung","Die Fackel [Elektronische Ressource], 2002 [1930]","Wer ist der dümmste im ganzen Land?"
"196","1920-12-31","Wissenschaft","Delbrück, Hans: Geschichte der Kriegskunst im Rahmen der politischen Geschichte - Erster Teil: Das Altertum, Berlin: Directmedia Publ. 2002 [1920], S. 786","In dieser Beziehung hatte Hannibal den Vorteil, der den russischen Heeren im 18. Jahrhundert nachgerühmt wurde, daß sie nämlich keine Desertion hätten, weil, einmal über die Grenze, der gemeine Mann sich im fremden Lande nicht helfen könne."
"197","1927-12-31","Gebrauchsliteratur","Diederichs, Eugen: Aus meinem Leben. In: Simons, Oliver (Hg.) Deutsche Autobiographien 1690-1930, Berlin: Directmedia Publ. 2004 [1927], S. 19277","- In der Ferne zeigen sich die Segel einiger Schiffe, die nach unbekannten Ländern segeln."
"198","1929-12-31","Gebrauchsliteratur","Welt und Wissen, 1929, Nr. 3, Bd. 18","Bis dahin hätten sie von einer solch kolossalen Menge von Fröschen auf dem Lande niemals gehört."
"199","1921.0","Gebrauchsliteratur","§ 5 Staatsvertrag betreffend den Übergang der Wasserstraßen von den Ländern auf das Reich (Anhang zum Gesetz über die vermögensrechtlichen Verhältnisse der Bundeswasserstraßen) (WaStrÜbgVtr), 1921.","Der Eintritt des Reichs hat Rechtswirkung auch gegenüber den bisherigen Vertragsgegnern der Länder."
"200","1921-10-17","Zeitung","Tucholsky, Kurt: Tante Malchens Heimatland. In: ders., Kurt Tucholsky, Werke - Briefe - Materialien, Berlin: Directmedia Publ. 2000 [1921], S. 2311","Und so tanzen sie ihm denn in den Regierungsbezirken Allenstein, wo Herr von Oppen regiert, im Regierungsbezirk Marienwerder mit dem Grafen von Baudissin, in Königsberg und fast überall im Lande auf der Nase umher."
"201","1931-12-31","Gebrauchsliteratur","Reimann, Hans: Vergnügliches Handbuch der Deutschen Sprache, Düsseldorf: Econ-Verl. 1964 [1931], S. 153","Einst galt es in deutschen Landen als Freigeisterei, sprachlich auszuschweifen und dem Fremdwortrummel durch deutsche Blumigkeiten und schnörkelhafte Entwelschung zu begegnen."
"202","1927-12-31","Wissenschaft","Jahresberichte für deutsche Geschichte, 1927, S. 664","Die Erscheinung, die Weiden aufzuteilen und in Ackerland umzusetzen, ist in fast allen Ländern West- und Mitteleuropas anzutreffen."
"203","1929-12-31","Gebrauchsliteratur","Welt und Wissen, 1929, Nr. 4, Bd. 18","Alles hier, bis ans Meer im Norden, an die Wüste im Süden, ist ein Garten, ein Land mit unzähligen Gärten, einer neben dem andern, jeder durch Lehmwälle von Straße und Nachbargarten geschieden."
"204","1925-12-31","Gebrauchsliteratur","Klemperer, Victor: [Tagebuch] 1925. In: ders., Leben sammeln, nicht fragen wozu und warum, Berlin: Aufbau-Taschenbuch-Verl. 2000 [1925], S. 277","Schiff Elbe III, dann (immer noch nur rechtsseitig zur Einfahrt Land) flache grüne Rasenküste mit Bäumen dahinter, vereinzelte Bauwerke, der Kern einer kleinen Stadt, Hafenbassins ohne imponierende Größe u. ohne große Schiffe, davor eine hölzerne Brücke: die alte Liebe."
"205","1920-12-31","Belletristik","Schaeffer, Albrecht: Helianth I, Bonn: Weidle 1995 [1920], S. 491","Dies ist es doch, sagte er, dies - dieser Himmel, dieses Land, diese Bäume, diese Natur - und du, du - du selber!"
"206","1929-11-05","Zeitung","Tucholsky, Kurt: Auf dem Nachttisch. In: ders., Kurt Tucholsky, Werke - Briefe - Materialien, Berlin: Directmedia Publ. 2000 [1929], S. 7024","Ich begehre niemandes Land, Mein Land wird begehrt."
"207","1921-10-17","Zeitung","Tucholsky, Kurt: Tante Malchens Heimatland. In: ders., Kurt Tucholsky, Werke - Briefe - Materialien, Berlin: Directmedia Publ. 2000 [1921], S. 2314","Man schade nur dem Lande."
"208","1930-12-31","Gebrauchsliteratur","Schramm, Hermine [d.i. Meißner, Hermine]: Das richtige Benehmen in der Familie, in der Gesellschaft und im öffentlichen Leben. In: Zillig, Werner (Hg.) Gutes Benehmen, Berlin: Directmedia Publ. 2004 [1930], S. 13884","In anderen Ländern, besonders in Frankreich und England, käme es keinem Manne in den Sinn, sich in dieser Art auszustaffieren."
"209","1931-09-17","Zeitung","Archiv der Gegenwart, Bd. 1, 17.09.1931","Die Notenbanken der betroffenen Länder wurden in Kenntnis gesetzt."
"210","1925-04-05","Gebrauchsliteratur","Steiner, Rudolf: Mein Lebensgang, Eine nicht vollendete Autobiographie. In: Oliver Simons (Hg.), Deutsche Autobiographien 1690 - 1930, Berlin: Directmedia Publ. 2004 [1925], S. 65398","Das Stadtleben konnte ich in der Seele nicht in der gleichen Art mitmachen, wie das auf dem Lande."
"211","1932-01-02","Zeitung","Frankfurter Zeitung (1. Morgenblatt), 02.01.1932","Hindenburgs Glauben an sein Land nennt Evening Standard"" höchst eindrucksvoll."
"212","1927-12-31","Gebrauchsliteratur","Ostwald, Wilhelm: Lebenslinien. Eine Selbstbiographie, 3 Teile. In: Simons, Oliver (Hg.), Deutsche Autobiographien 1690 - 1930, Berlin: Directmedia Publ. 2004 [1927], S. 50756","Nun bestand über das ganze Land eine Organisation von beruflichen Fachmännern des Fußballs, die bei jenen Wettkämpfen als Trainer, Kampfrichter usw. stark beteiligt waren."
"213","1924-11-27","Zeitung","Tucholsky, Kurt: In der Geburtsstadt Fragonards. In: ders., Kurt Tucholsky, Werke - Briefe - Materialien, Berlin: Directmedia Publ. 2000 [1924], S. 3340","[...] Plätzchen, von einer Laterne notdürftig beleuchtet, man sieht grade eine Strecke Wegs von ein paar Metern, die ist leer; um ein andres Licht sind Menschen versammelt, die bereden etwas; weiter oben rollt ein Automobil langsam und vorsichtig die beleuchtete Straße entlang, dann verschwindet es; da sucht eines mit zwei Glotzaugen den dunklen Weg ab; hier liegt eine beleuchtete Halle; da ist ein Haus mit rötlich- gelblichen Lichtern; da eins mit weißen; in der Ferne verdämmern andre; ein Brückchen führt über einen kleinen Abgrund; bis weit ins Land kann man sehen, und oben auf den Bergen wohnen auch Menschen und blinken Lichter. [...]"
"214","1923-12-31","Gebrauchsliteratur","Wagner, Siegfried: Erinnerungen. In: Simons, Oliver (Hg.) Deutsche Autobiographien 1690-1930, Berlin: Directmedia Publ. 2004 [1923], S. 72504","Die Kriegszeit, die meinem Lande nur Unglück brachte, führte mein Leben zu einer entscheidenden Wendung:"
"215","1920-05-27","Zeitung","Tucholsky, Kurt: Die Mordkommission. In: ders., Kurt Tucholsky, Werke - Briefe - Materialien, Berlin: Directmedia Publ. 2000 [1920], S. 1884","Im Augenblick, wenn ein 'wachthabender und diensttuende' Offizier einen Kordon ziehen läßt, im Augenblick, wenn Befehle und Kommandos ertönen, wenn abgesperrt und verhaftet wird, so vergißt ein halbes Land, daß im Grunde nichts weiter vorgegangen ist, als daß eine Rotte beauftragter Menschen einen andern ergriffen und getötet haben."
"216","1930-12-31","Wissenschaft","Scheidt, Walter: Kulturbiologie, Jena: Fischer 1930, S. 105","Die vor- und frühgeschichtlichen Quellen für das Volk am Untersee, etwa bis zum 4. Jahrhundert nach Christus, geben bis jetzt, mehr durch die Ergänzung seitens der übrigen südwestdeutschen Funde, nur ein grobes Bild von der bronze- und eisenzeitlichen Besiedlung des Landes und der Besetzung durch die Römer."
"217","1924-04-01","Gebrauchsliteratur","Reklame-Praxis, 1924, Nr. 2, Bd. 1","Um einen Ueberblick zu geben, sind hier verkleinerte Abbildungen von Parfum-Anzeigen aus verschiedenen Ländern beigefügt."
"218","1929-12-31","Belletristik","Weiß-Rüthel, Arnold: Musketier Reue. In: Kesten, Hermann (Hg.) 24 neue deutsche Erzähler, Leipzig u. a.: Kiepenheuer 1983 [1929], S. 227","An den Bruder auf dem Land."
"219","1932-10-15","Zeitung","Archiv der Gegenwart, Bd. 2, 15.10.1932, S. 523 [ff.]. Zit. n. CD-ROM-Ausgabe 2001.","Für einzelne Länder sollen Einfuhrkontingente festgesetzt werden, deren Höhe bis jetzt noch nicht bekanntgegeben wurde."
"220","1922-03-09","Zeitung","Vossische Zeitung (Abend-Ausgabe), 09.03.1922","Die Bedingungen, die Hughes als Voraussetzungen für die Mitwirkung der Vereinigten Staaten an der Genueser Wirtschaftskonferenz und an dem internationalen Wiederaufbau formuliert, entsprechen den Forderungen, die schon seit langer Zeit von den einsichtigen Volkswirtschaftlern fast aller Länder aufgestellt wurden."
"221","1920-12-31","Wissenschaft","Delbrück, Hans: Geschichte der Kriegskunst im Rahmen der politischen Geschichte - Erster Teil: Das Altertum, Berlin: Directmedia Publ. 2002 [1920], S. 186","Auch THUMSER, Wiener Studien VII, 62 (1885) will, daß die Metöken-Hopliten vor Demosthenes' Zeit, außerordentliche Fälle ausgenommen, nur zum Schutz des attischen Landes verwendet wurden."
"222","1920-12-31","Belletristik","Schaeffer, Albrecht: Helianth I, Bonn: Weidle 1995 [1920], S. 217","Da hinein kannst Du Dich setzen, eins von den kleinen Quadraten im Fenster aufmachen, und dann siehst Du weit ins Land hinein, siehst fern hinten die Stadt mit der Rathauskuppel und alten grünen Türmen in ihrem Rauch, siehst unten die weiten Wiesenflächen und den Bahndamm und den ganzen großen Himmel mit allen Wolken."
"223","1925-03-06","Zeitung","Vossische Zeitung (Morgen-Ausgabe), 06.03.1925","In den konkurrierenden Ländern stehen teilweise die Farbenindustrien unter einschränkenden Maßnahmen, und der Wert einer solchen Industrie ist noch nicht in seiner Bedeutung erkannt (letzteres dürfte nur mehr für die wenigsten Länder zutreffen)."
"224","1930-12-31","Belletristik","Feuchtwanger, Lion: Erfolg. In: ders., Gesammelte Werke in Einzelbänden, Bd. 6, Berlin: Aufbau-Verl. 1993 [1930], S. 674","Er fuhr sieben Tage und sieben Nächte, stieg an Land bei der Stadt Hamburg, fuhr durch die Tiefebene, durch Berge, über Flüsse, über den Fluß Rhein, den Fluß Donau, gelangte in das Land Altbayern, stand vor Johanna Krain."
"225","1926-12-31","Belletristik","Grimm, Hans: Volk ohne Raum, München: Langen 1932 [1926], S. 672","[...] Und sie mit dem ungewöhnlich lebhaften Geiste goß in den so viel älteren Mann und in den Sohn und in die drei Töchter, die ihnen geboren wurden, den Zorn ihrer Eltern und Geschwister über den Verlust der vorväterlichen Pachtung in Pommern und über das verspätete Gesetz von 1850 und über den Zwang zur Auswanderung, wenn anders sie Land wiedergewinnen wollten, und über die lange und schlechte Seereise und über den Betrug der Werbung, und zu dem Zorne der Eltern und Geschwister den eigenen Zorn, daß daheim in Deutschland ihre Kindheit vergällt und verbittert worden sei, und daß in dem afrikanischen Wunderlande sich gar kein Wunder anbot sondern noch schwerere Arbeit und Wucherpreis und -zins für ein Stück Wildland. [...]"
"226","1923-12-31","Gebrauchsliteratur","Quaink, G.: Auslands-Reklame. In: V.D.R.-Handbuch der Reklame, Berlin: Francken & Lang 1923, S. 328","Man könnte auf den Gedanken kommen, die deutsche geschäftliche Reklame im Auslande würde dann am besten allen Schwierigkeiten entgehen, wenn sie ihren deutschen Charakter und ihre deutsche Herkunft verleugnet, sich ganz in ein fremdes Gewand steckt und so zu geben sucht, als ob sie dem Lande entstamme, auf das sie wirken will."
"227","1927-03-04","Zeitung","Vossische Zeitung (Morgen-Ausgabe), 04.03.1927","Der Deutsche ist - etwa im Gegensatz zum Franzosen - neugierig und will genau wissen, was in anderen Ländern vorgeht."
"228","1932-12-31","Wissenschaft","Buber, Martin: Königtum Gottes, Berlin: Schocken 1932, S. 68","Die Semiten finden im eroberten Land lokale Götter, Naturgötter, vor, staunen sie an, bewundern sie, fallen vor ihnen nieder; aber ihre eigenen Götter, die »bei ihnen« sind, die mit ihnen Kommenden, für sie Kämpfenden sind Götter der Tribus, nationale, Geschichtsgötter, »Könige«."
"229","1918-01-04","Zeitung","Kölnische Zeitung (Abend), 04.01.1918","Indes, auf den Trost, daß einstweilen die zu so hohen Preisen ersteigerten Kunstwerke im Lande bleiben, kann nicht alles gebaut werden; wie manche Hoffnung von Museumsleitern ist nicht schon zu Wasser geworden, wenn Merkurs Glück oder die gute Gesinnung des Gönners sich geändert hatten!"
"230","1920-01-01","Belletristik","Tucholsky, Kurt: Das ist der Herzschlag. In: Kurt Tucholsky, Werke - Briefe - Materialien, Berlin: Directmedia Publ. 2000 [1920]","Ein solches Land, das kann nicht untergehn!"
"231","1929-12-31","Belletristik","Döblin, Alfred: Berlin Alexanderplatz, Olten: Walter 1961 [1929], S. 400","Wieviel hat Hiob, der Mann aus dem Land Uz, gelitten, bis er alles erfuhr, bis nichts mehr auf ihn fallen konnte."
"232","1931-12-08","Zeitung","Archiv der Gegenwart, Bd. 1, 08.12.1931","-- Sämtliche Gehälter und Löhne der Beamten und Arbeiter von Reich, Ländern und Gemein den werden um 9 % jener Summe gekürzt, die sie vor den bereits durchgeführten Kürzungen bezogen haben."
"233","1932-11-15","Zeitung","Archiv der Gegenwart, Bd. 2, 15.11.1932","Das Handelsamt bemerkt, daß der größere Anteil am Welthandel den die Länder ohne Goldwährung erreicht haben, vor allem durch Anwachsen des Warenaustausches innerhalb des sogenannten Sterling-Blocks zustande gekommen sei."
"234","1932-08-09","Zeitung","Archiv der Gegenwart, Bd. 2, 09.08.1932","Wenn sich daher zwei Staaten in einem bewaffneten Konflikt befinden, so muß einer von beiden, wenn nicht beide, das Völkerrecht verletzt haben und die übrigen Länder haben nicht mehr jedes Eingreifen in diesen Streit sorgfältig zu vermeiden."
"235","1929-11-01","Gebrauchsliteratur","Kosmos, 01.11.1929","Wo an den steil abfallenden Küsten der Ostsee oder am leicht welligen Nordseestrand laut tosend der Brandung dumpfes Rollen ins Land dröhnt, übertönt von gellendem Möwenschrei; wo schattige Buchenwälder und knorrige Eichenforste den Küstensaum bedecken, schauen von hoher Warte zwischen Bäumen und Dickicht oder von kahler, sturmüberwehter Heidehöhe gewaltige Steindenkmäler weit hinaus aufs Land und das nimmer ruhende Meer."
"236","1919-12-31","Belletristik","Stucken, Eduard: Die weißen Götter, Stuttgart: Stuttgarter Hausbücherei [1960] [1919], S. 55","Nachdem die Wattepanzer für die Soldaten genäht, die Lanzenspitzen geschmiedet und alle erhältlichen Pfeile aufgekauft waren, segelten am 10. Februar 1519 die elf Karavellen von Kuba ab und steuerten hinaus gen Westen, nach dem unbekannten, geheimnisreichen Land des Goldes, der Wunder und der Schrecken."
"237","1924-03-12","Zeitung","Vossische Zeitung (Morgen-Ausgabe), 12.03.1924","Dörfer und Einzelsiedelungen rahmen sie ein, Kirchlein mit freistehenden Glockentürmen schmücken die Felsplateaus, bei jeder Windung, welche die Straße macht, ergeben sich neue Blicke auf das paradiesische Land in der Tiefe."
"238","1921-12-31","Belletristik","Kolbenheyer, Erwin Guido: Das Gestirn des Paracelsus, München: J.F. Lehmanns 1964 [1921], S. 482","Der Erzbischof ließ die Tore doppelt besetzen, untersagte den Marktzuzug vom Lande und stellte Wachen vor seine Residenz."
"239","1921-03-08","Zeitung","Vossische Zeitung (Abend-Ausgabe), 08.03.1921","Außerdem wird die Konferenz die Vertreter Oesterreichs anhöen , um einen Beschluß über den Beistand, den man diesem Lande leisten könnte, zu fassen."
"240","1925-03-06","Zeitung","Vossische Zeitung (Morgen-Ausgabe), 06.03.1925","Hierzu trifft sie Vereinbarungen mit der ausländischen Konkurrenz oder errichtet auch wieder neue Fabriken in konkurrierenden Ländern."
"241","1920-12-31","Wissenschaft","Weber, Max: Die Wirtschaftsethik der Weltreligionen. In: Weber, Marianne (Hg.) Gesammelte Aufsätze zur Religionssoziologie, Bd. III, Tübingen: Mohr 1921 [1920-1921], S. 375","Aber als Gastvolk in fremdem Lande gewannen sie natürlich ungemein an Bewegungsfreiheit, wenn sie nicht mit der Pflicht eigener Tempelbauten im fremden Land belastet waren."
"242","1932-03-02","Zeitung","Vossische Zeitung (Morgen-Ausgabe), 02.03.1932","In seiner Antwort wies Lord Lytton darauf hin, die Aufgabe der Kommission sei es, die grundlegenden Ursachen des chinesisch-japanischen Streites fesizustellen und die Bedingungen ausfindig zu machen, die beiden Ländern ermögliche, freundschaftliche Beziehungen auf dauerhafter Grundlage wieder aufzunehmen."
"243","1924-03-14","Zeitung","Berliner Tageblatt (Morgen-Ausgabe), 14.03.1924","Zum Schluß seiner Rede wünschte der Generalberichterstatter der Regierung Glück dazu, daß mit der Besetzung des Ruhrgebiets die erste wirtschaftliche Festung Deutschlands eingenommen wurde . Aber vorläufig habe dieser Sieg dem Lande nur sechs Milliarden neuer Steuern eingebracht."
"244","1920-04-15","Zeitung","Tucholsky, Kurt: Das Reichsamt für . . . In: Kurt Tucholsky, Werke - Briefe - Materialien, Berlin: Directmedia Publ. 2000 [1920]","Er legte darin ausführlich dar, was es mit den abgefallenen Bohnen auf sich habe und wie das verderblich sei, wenn man die Frage en bloc betrachte, und was das Land für einen Schaden davon habe . . . und dann leuchteten seine Augen, er blickte triumphabiliter an die Stubendecke, da war es, das erlösende Wort!"
"245","1930-03-01","Zeitung","Berliner Tageblatt (Abend-Ausgabe), 01.03.1930","Professor Auhagen hat die bolschewistische Agrarpolitik zunächst günstig beurteilt, aber die Folgen der später angewandten Methoden auf Grund eingehenden Studiums im ganzen Landes so eingeschätzt, wie sie es verdienen, und seine Prognose hat sich entsprechend den Tatsachen geändert Er hat mit Recht die Flucht der deutschen Bauern als ein Symptom allerernstester Art für den Niedergang der russischen Wirtschaft überhaupt angesehen und entsprechend berichtet, und zwar auch in der Oeffentlichkeit, wo er den wirtschaftlichen Teil von Osteuropa seit Jahren ständig betreut."
"246","1926-03-03","Zeitung","Vossische Zeitung (Abend-Ausgabe), 03.03.1926","Ebenso wie in der Einschätzung der Locarno-Verträge überhaupt steht Minister Skrzynski mit dieser Argumentation ziemlich einsam dem ganzen Lande gegenüber; trotz der inneren Ablehnung der Locarno-Verträge durch fast alle polnischen Parteien außer den Sozialisten wird das Parlament auf Skrzynskis Wunsch jedoch die Verträge noch in letzter Stunde vor dem 8. März ratifizieren."
"247","1927-12-31","Gebrauchsliteratur","Welt und Wissen, 1927","In den kriegführenden Ländern haben sich nicht wenige Leute an den Kokainmißbrauch gewöhnt (durch Verführung und schlechtes Beispiel), die im Frieden nie dazu gekommen wären."
"248","1931-03-05","Zeitung","Vossische Zeitung (Morgen-Ausgabe), 05.03.1931","Auf jeden Fall sei er der festen Ueberzeugung, daß das neue Abkommen die Freundschaft und Zusammenarbeit nicht nur zwischen den beteiligten Ländern, sondern auch zwischen allen Unterzeichnern des Londoner Flottenvertrags steigern werde."
"249","1930-12-31","Belletristik","Feuchtwanger, Lion: Erfolg. In: ders., Gesammelte Werke in Einzelbänden, Bd. 6, Berlin: Aufbau-Verl. 1993 [1930], S. 314","Telefongespräche mit den heimlichen Herren im Land. Hin, her, ein verflixter Kuhhandel."
"250","1926-03-23","Zeitung","Tucholsky, Kurt: Alte Schauspielerbilder. In: Kurt Tucholsky, Werke - Briefe - Materialien, Berlin: Directmedia Publ. 2000 [1926]","Wenn aber zwanzig Jahre ins Land gegangen sind, hat sich auch der Mensch des Alltags verändert, und nun geht eine seltsame Veränderung mit diesen Bildern vor."
"251","1928-12-14","Zeitung","Tucholsky, Kurt: Das sprechende Haus. In: Kurt Tucholsky, Werke - Briefe - Materialien, Berlin: Directmedia Publ. 2000 [1928]","Die französische Kulturpropaganda vollzieht sich im stillen - leis wirkende Kräfte sind die Stärke dieses Landes."
"252","1926-12-31","Belletristik","Grimm, Hans: Volk ohne Raum, München: Langen 1932 [1926], S. 896","Und so geschah es, daß der erste Ritt über die Farm als Besitzer, der erste Ritt über eine große Weite eigenen Landes, der hätte stolz sein dürfen, und zu dem der Schatten des toten Vaters sich ganz gewiß hätte rufen lassen, aus dem fernen Grabe an der Weser, völlig ohne Eindruck und ohne Singen und Dröhnen der Gedanken verging."
"253","1919-04-04","Zeitung","Berliner Tageblatt (Morgen-Ausgabe), 04.04.1919","Die Verteilung wurde auf dieser Basis aus dem Grunde vorgenommen, damit durch die Beteiligung französischen und belgischen Kapitals das Wohlwollen dieser Länder gegen die luxemburgische Eisenindustrie gewährleistet würde."
"254","1932-02-08","Zeitung","Archiv der Gegenwart, Bd. 2, 08.02.1932, S. 161 [ff.]. Zit. n. CD-ROM-Ausgabe 2001.","1. Sicherheit, 2. Berücksichtigung der geographischen und besonderen Verhältnisse jedes Landes, 3. internationale Streitmacht, 4. obligatorisches Schiedsverfahren mit internationalem Sicherheits- und Garantiesystem."
"255","1919-03-27","Zeitung","Vossische Zeitung (Morgen-Ausgabe), 27.03.1919","Der Achtstundentag hätte bei uns nicht obligatorisch eingeführt werden dürfen, ehe man sich verständigt hätte, mit den andern Ländern, mit denen wir ja konkurrieren wollen."
"256","1926-12-31","Gebrauchsliteratur","Abel, Othenio: Amerikafahrt, Jena: Fischer 1926, S. 327","Das Dickhornschaf ist zwar in den Big Bad Lands sehr selten geworden, aber noch nicht ausgerottet, wie mitunter angenommen wird, Über das Vorkommen des Dickhornschafs am Sheep Mountain vgl. Cl., O'Hakra: The White River Badlands. -"
"257","1927-12-31","Wissenschaft","Jahresberichte für deutsche Geschichte, 1927, S. 297","Konflikte zwischen den im Lande weilenden und die Wirkungen verschiedener Maßnahmen -- etwa des sogenannten Diktaturparagraphen, gegen den Möller war -- in ihrer Wirkung klarer überblickenden Oberpräsidenten und den Berliner Stellen, die ihm gern zu große Milde vorwarfen, waren unter den gegebenen Verhältnissen nur natürlich."
"258","1931-08-02","Zeitung","Archiv der Gegenwart, Bd. 1, 02.08.1931, S. 10 [ff.]. Zit. n. CD-ROM-Ausgabe 2001.","Für Länder, die einen Handelsvertrag schließen wollen, sollen Erleichterungen geschaffen werden."
"259","1932-04-10","Zeitung","Archiv der Gegenwart, Bd. 2, 10.04.1932, S. 280 [ff.]. Zit. n. CD-ROM-Ausgabe 2001.","Irland sei keine britische Kolonie, sondern eines der ältesten Land der Erde."
"260","1928-09-04","Zeitung","Tucholsky, Kurt: Grimms Märchen. In: ders., Kurt Tucholsky, Werke - Briefe - Materialien, Berlin: Directmedia Publ. 2000 [1928], S. 6161","Der Mandatsverwalter hat auf Grund des Friedensvertrages das Recht, die deutschen ehemaligen Kolonisten des Landes zu verweisen; eine Entschädigung dieser Leute sollte durch Deutschland erfolgen."
"261","1919-03-13","Zeitung","Vossische Zeitung (Abend-Ausgabe), 13.03.1919","2. durch die Ausfuhr gewisser Artikel , die nicht in den schwarzen Listen enthalten sind, und zu deren Beförderung die Deutschen an die Neutralen oder an diejenigen Alliierten, die es verlangen, ermächtigt werden; 3. durch die Bezahlung von sicheren Werten in Gestalt von Wechseln auf das Inland für die an die einzelnen Länder gelieferten Waren; 4. durch die Goldreserve Deutschlands."
"262","1922-03-07","Zeitung","Vossische Zeitung (Morgen-Ausgabe), 07.03.1922","Kaum noch bestritten wird, daß sich die besten Franzosen des neunzehnten Jahrhunderts neben die alten Meister stellen dürfen, Nun , diese großen Künstler, Ingres und Delacroix , Daumter , Corot und Courbet , Manet, Renoir und Cezanne, Carpeaux , Rodin und viele andere sind der Welt Anreger geworden in einem Lande, das außer der Ecole des Beaux - arts in Paris und einem halben Dutzend kleiner Provinzkunstschulen staatliche Bildungsstätten für Maler und Bildhauer überhaupt nicht besitzt."
"263","1918-03-11","Zeitung","Vossische Zeitung (Montags-Ausgabe), 11.03.1918","Ich bin mit dem Gedanken in die Regierung eingetreten, daß man die Moral (Stimmung) des Landes stützen müsse."
"264","1932-08-09","Zeitung","Archiv der Gegenwart, Bd. 2, 09.08.1932","Als dann Sowjettruppen die mandschurische Grenze überschritten und chinesische Streitkräfte angriffen, schlossen sich 27 Länder den Vereinigten Staaten an, die bei beiden Streitteilen auf eine friedliche Lösung ihres Konfliktes drangen."
"265","1924-01-04","Zeitung","Kölnische Zeitung (1. Morgenblatt), 04.01.1924","In der Praxis hat sich die wirtschaftliche Vormachtstellung Frankreichs und Belgiens schon dadurch bemerkbar gemacht, daß diese Länder auf dem Kontinent und in Übersee bei Submissionen sehr billige Preise stellen und deutsche Wettbewerber aus dem Felde geschlagen haben."
"266","1930-12-31","Belletristik","Feuchtwanger, Lion: Erfolg. In: ders., Gesammelte Werke in Einzelbänden, Bd. 6, Berlin: Aufbau-Verl. 1993 [1930], S. 467","Es wird ein gewaltiger Wind sein, ein Mordswind, ein Riesenfurz, an dem mancher erstickt und verreckt. Hin müssen sie sein, dachte er an das alte Zornwort seines Landes, und er dachte an den Flaucher und den Hartl und den Toni Riedler und an manchen von den vielen, denen er im Vorübergehen jovial die Hand drückte."
"267","1930-03-03","Zeitung","Berliner Tageblatt (Abend-Ausgabe), 03.03.1930","Er hob hervor, dass die Beteiligung Frankreichs an der Leipziger Messe sowohl als Einkäufer wie auch als Aussteller äusserst erfreulich sei, da sie den mannigfaltigen, engen wirtschaftlichen Beziehungen beider Länder entspreche."
"268","1931-11-30","Zeitung","Archiv der Gegenwart, Bd. 1, 30.11.1931","Der Bestand an Devisen aller Art bei den einzelnen Notenbanken, die teilweise bei Feststellung des Deckungsverhältnisses dem Goldbestand zugerechnet werden, weist in fast allen Ländern eine starke Abnahme auf, da die Notenbanken das Kursrisiko scheuen."
"269","1929-12-31","Belletristik","Döblin, Alfred: Berlin Alexanderplatz, Olten: Walter 1961 [1929], S. 395","Es kamen Männer über das Land geritten, sie saßen auf kleinen braunen Pferden, sie kamen von weit her."
"270","1920-12-31","Wissenschaft","Delbrück, Hans: Geschichte der Kriegskunst im Rahmen der politischen Geschichte - Vierter Teil: Neuzeit, Berlin: Directmedia Publ. 2002 [1920], S. 3521","Italien war im 14. und 15. Jahrhundert ein höchst kriegerisches Land."
"271","1929-03-06","Zeitung","Vossische Zeitung (Abend-Ausgabe), 06.03.1929","In keinem Lande der Erde wird eine Diktatur so schwer aufzurichten sein wie in Deutschland."
"272","1926-12-31","Belletristik","Grimm, Hans: Volk ohne Raum, München: Langen 1932 [1926], S. 1210","[...] Kleinsiedler Bree am Gobabis, sechsundfünfzig Jahre alt, zwanzig Jahre im Lande, dessen Frau sich beim Magistrate beklagt hatte, weil zwei weiße Kerls in englischer Polizeiuniform ihre beiden Mädchen auf einem Überlandgange belästigt hatten; und war der Pfarrer Hasenkamp von Lüderitzbucht, weil er in einem geschlossenen, unöffentlichen Briefe den sogenannten Vertrag von Versailles einen Pakt des Raubes und Unrechts genannt hatte; und war Uhlemann von Windhuk mit Frau und Kindern wegen feindlicher Gesinnung, weil er im Gebäude der Bank zu einem andern die Wahrheit gesagt hatte: ""Seit die Engländer im Lande sind, ist es eine Schweinewirtschaft geworden;"" und war der Farmer Krämer von Gibeon mit seiner Frau, weil die Frau deutsche Lehrerin an der Schule war; und war der Missionar Vedder von Gaub mit seiner Familie, der einzige gelehrte Kenner und Grammatikschreiber des Buschmannzirpens, weil er deutsche Akten vergraben haben sollte, die aber nicht gefunden wurden, und in Wahrheit, weil der Magistrat Poppe von Tsumeb mit dem deutschen Namen seinen Renegatenhaß auch auf ihn geworfen hatte; und waren die katholischen Patres Anner und Schönwasser, denen niemand einen anderen Grund [...]"
"273","1923-12-31","Gebrauchsliteratur","Wagner, Siegfried: Erinnerungen. In: Simons, Oliver (Hg.) Deutsche Autobiographien 1690-1930, Berlin: Directmedia Publ. 2004 [1923], S. 72506","Ich weiß nicht, wie sich das in andern Ländern verhält; in Deutschland besteht jedenfalls ein Dogma, daß solch ein Sohn mindestens ein halber Esel, wenn nicht gar ein kompletter Idiot sein muß."
"274","1927-12-31","Gebrauchsliteratur","Ostwald, Wilhelm: Lebenslinien. Eine Selbstbiographie, 3 Teile. In: Simons, Oliver (Hg.), Deutsche Autobiographien 1690 - 1930, Berlin: Directmedia Publ. 2004 [1927], S. 50667","Unerfahrene Leute nennen sie Lärm und jeder Fremde würde bestätigen, daß man hiervon in diesem Lande unvergleichlich viel mehr zugemessen bekommt, als im alten Europa."
"275","1926-12-31","Belletristik","Grimm, Hans: Volk ohne Raum, München: Langen 1932 [1926], S. 1006","Die Genossen klatschen und jubeln, als sei den deutschen Menschen in den verengten deutschen Landen, den hoffenden, sehnsüchtigen, wartenden unsicheren Männern und Frauen und Kindern, die gerne gut und schön und kräftig und freundlich und aller Welt hilfreich sein möchten, das neue Ziel gewiesen oder der wirkliche, der mögliche Weg jetzt gezeigt worden."
"276","1931-12-31","Wissenschaft","Bölsche, Wilhelm: Das Leben der Urwelt, Leipzig: Dollheimer 1931 [1931], S. 256","Vermutlich eine alte Flußmündung, wo vom Meer und Land sich die Tierwelt gemischt hatte, Haie und Plesiosaurier von der Wasserseite, auf der Grenze der wunderbare Molchfisch Ceratodus, der noch heute in Australien vereinzelt fortlebt und als Übergangstyp vom Fisch zum ältesten Amphibium je nach Bedarf mit Kiemen oder schon einer Lunge atmet - vom Lande selbst große räuberische Molche der Zeit, Schildkröten und Belodonkrokodile."
"277","1927-03-01","Zeitung","Vossische Zeitung (Abend-Ausgabe), 01.03.1927","Die griechisch-türkischen Vereinbarungen über das von der ausgewechselten Bevölkerung beider Länder zurückgelassene Eigentum wurden von der griechischen Kammer einstimmig angenommen."
"278","1928-12-31","Wissenschaft","Jahresberichte für deutsche Geschichte, 1928, S. 270","Spanien und die nordischen Länder, aber auch Ungarn, Polen und sogar Böhmen sollen erst in dem folgenden Band behandelt werden, so daß die vorliegende Schilderung nach einer gerade für uns sehr wichtigen Seite hin noch kein abgeschlossenes Bild gibt."
"279","1932-03-02","Zeitung","Völkischer Beobachter (Reichsausgabe), 02.03.1932","Damals war es wie eine Sage gewesen, von so fernen Ländern zu hören."
"280","1928-12-31","Wissenschaft","Jahresberichte für deutsche Geschichte, 1928, S. 704","Die Geschichte der inneren Verhältnisse des Landes geht dabei freilich keineswegs leer aus, doch erhebt sich, was Dąbrowski über sie zu sagen weiß, im allgemeinen nicht viel über eine Zusammenfassung der Ergebnisse der bisherigen Forschung; ihre Lücken werden nicht geschlossen."
"281","1925-12-31","Gebrauchsliteratur","Klemperer, Victor: [Tagebuch] 1925. In: ders., Leben sammeln, nicht fragen wozu und warum, Berlin: Aufbau-Taschenbuch-Verl. 2000 [1925], S. 174","Dann eine lange Strecke, wo sich Vorort an Vorort schließt - schmale bebaute Straßen, dahinter mehr oder minder offenes Land."
"282","1921.0","Gebrauchsliteratur","§ 4 Staatsvertrag betreffend den Übergang der Wasserstraßen von den Ländern auf das Reich (Anhang zum Gesetz über die vermögensrechtlichen Verhältnisse der Bundeswasserstraßen) (WaStrÜbgVtr), 1921.","Das gleiche gilt von allen der Wasserstraßenverwaltung eines Landes zustehenden Rechten an Grundstücken, auch wenn sie durch Rechtsgeschäft nicht übertragbar sind."
"283","1929-03-08","Zeitung","Völkischer Beobachter (Berliner Ausgabe), 08.03.1929","Dr. Stresemann wies ferner in eingehender Begründung die Auffassung zurück, als sei es eine unzulässige politische Einmischung in die inneren Angelegenheiten eines fremden Staates, wenn im Interesse eines Landes für Minderheiten in einem anderen Garantie Völkerbundes angerufen Wer sich dafür einsetzt, daß die Menschheitsrechte der Sprache, der Rasse und der Neligion unbeschadet der staatlichen Grenzen geachtet und gewürdigt werden, der trete ein für die Erhaltung des Friedens und nicht für die Aufreizung zur Auseinandersetzung mit Gewalt."
"284","1921-03-08","Zeitung","Berliner Tageblatt (Abend-Ausgabe), 08.03.1921","Das wird ihm um so leichter fallen, als es beim Bezug lebensnotwendiger Waren ja nicht so sehr auf die alliierten Länder angewiesen ist."
"285","1932-06-02","Zeitung","Archiv der Gegenwart, Bd. 2, 02.06.1932, S. 355 [ff.]. Zit. n. CD-ROM-Ausgabe 2001.","Deutschland legte eine allgemeine Verwahrung gegen jede Militärluftfahrt ein und unterließ -- ebenso wie Italien -- die Beantwortung eines Fragebogens der Majorität da er die Interessen der entwaffneten Länder nicht berücksichtige."
"286","1920-03-08","Zeitung","Berliner Tageblatt (Morgen-Ausgabe), 08.03.1920","Die Schuldfrage darf nicht verwischt werden, indem man darauf hinweist, daß die anderen Länder ebenfalls schuld haben."
"287","1920-12-31","Wissenschaft","Weber, Max: Die Wirtschaftsethik der Weltreligionen. In: Weber, Marianne (Hg.) Gesammelte Aufsätze zur Religionssoziologie, Bd. II, Tübingen: Mohr 1921 [1920-1921], S. 126","Die Okkupation des eroberten Landes erfolgte durch gentilcharismatische Sippen und Phratrien, die sich dorfweise ansiedelten und die unterworfene Bevölkerung nun entweder als Rentenzahler oder als Dorfarbeiter, landwirtschaftliche oder gewerbliche Arbeiter, auf die Außenschläge und Wurthen oder auch in besondere Heloten- und Handwerker-Dörfer verwiesen, bald aber aus den gewerblichen Pariastämmen Arbeiter draußen ansiedelten."
"288","1920-12-31","Wissenschaft","Delbrück, Hans: Geschichte der Kriegskunst im Rahmen der politischen Geschichte - Vierter Teil: Neuzeit, Berlin: Directmedia Publ. 2002 [1920], S. 3905","So zogen die Truppen der beiden feindlichen Parteien ungehindert durch das Land, und schon 1628 berechnete man, daß Wallenstein zweihundert Tonnen Goldes aus dem Lande gezogen habe; für zwei Tonnen hätte man schon eine ansehnliche Macht aufstellen können 311 ."
"289","1930-03-02","Zeitung","Berliner Tageblatt (Morgen-Ausgabe), 02.03.1930","""Auf dem Lande"" - so die Titel der völlig harmlosen Spielereien."
"290","1918-01-01","Zeitung","Der Tag, 01.01.1918","Wir wollen es uns ruhig eingestehen: es hat in den letzten Jahren Augenblicke gegeben, wo uns das Herz wehtat, wenn wir uns der Schwierigkeit der Aufgabe bewußt wurden, unser Land gegen eine solche Welt von Feinden zu schützen."
"291","1924-03-14","Zeitung","Berliner Tageblatt (Morgen-Ausgabe), 14.03.1924","Schon vor dem Weltkriege trug man sich in England mit Plänen, durch neue künstliche Stauwerke und moderne Berieselungsvorrichtungen den alten Glanz wieder erstehen zu lassen, und nunmehr ist England bestrebt, sich einen ungehinderten Zugang in dieses Land der Zukunft zu sichern."
"292","1919-12-31","Belletristik","Stucken, Eduard: Die weißen Götter, Stuttgart: Stuttgarter Hausbücherei [1960] [1919], S. 354","Und von Velázquez de León, der - nachdem er in Cholula eine Kriegssteuer erhoben und in Tlascala den Fürsten Fichtenzweig dem Gericht übergeben hatte - in die Provinz Coatzacualco (das Land der Schlangenpyramide) am Südostmeer mit seinen hundertfünfzig Mann gezogen war, dort eine Kolonie zu gründen, erhielt Cortez - noch in Tenuchtitlan - einen Brief, dem ein Brief des Narváez beigeschlossen war."
"293","1921-03-06","Zeitung","Berliner Tageblatt (Morgen-Ausgabe), 06.03.1921","Lloyd George hat selbst erklärt, kein Land sei in der Lage, für die in mehrjährigem Kriege angerichteten Schäden materiell heute aufzukommen, der Maßstab für die Ersatzleistung könne deshalb nur die uns noch gebliebene Leistungsfähigkeitsein . Innerhalb dieser aber müssen wir uns zweifellos bis an die äußerste Grenze begeben; es würde uns auf die Dauer auch nichts nützen, uns dagegen sträuben zu wollen, aber wir wollen das nicht allein fremdem Zwange folgend, sondern auch aus innerem Drange tun."
"294","1932-11-10","Zeitung","Archiv der Gegenwart, Bd. 2, 10.11.1932, S. 554 [ff.]. Zit. n. CD-ROM-Ausgabe 2001.","Der schweizerische Bundesrat erklärte die Truppen als ""im aktiven Dienst stehend"", was ungefähr dem Ausnahmezustand in anderen Ländern entspricht. (L. B. 401 F.)"
"295","1927-12-31","Gebrauchsliteratur","Wien, Wilhelm: Ein Rückblick. In: Simons, Oliver (Hg.), Deutsche Autobiographien 1690 - 1930, Berlin: Directmedia Publ. 2004 [1927], S. 73174","Frau, die sich des gesellschaftlich unerfahrenen Jünglings vom Lande so freundlich annahm."
"296","1928-04-04","Zeitung","Vossische Zeitung (Morgen-Ausgabe), 04.04.1928","Der Reisende braucht nicht mehr vierzehn Tage sich im Lande aufzuhalten, sondern hat schon bei einem Besuch von zehn Tagen Anspruch auf die Fahrpreisermäßigung."
"297","1930-12-31","Gebrauchsliteratur","Bode, Wilhelm von: Mein Leben, 2 Bde. In: Simons, Oliver (Hg.) Deutsche Autobiographien 1690-1930, Berlin: Directmedia Publ. 2004 [1930], S. 10944","Weitere Zuschriften, die seither monatelang an die Daily Mail und die demselben Deutschenhasser gehörigen Times gerichtet und auszugsweise in der Presse aller Länder abgedruckt wurden, brachten das Zeugnis des »jungen« - damals etwa 85 Jahre alten - A.D. Lucas und seines Freundes, der gleichzeitig Schüler des alten Lucas gewesen war, sie hätten den alten Lucas »an der Wachsbüste arbeiten sehen« (nach späterer Fassung hieß es, »daß sie ihn die Wachsbüste hätten arbeiten sehen«) und hätten sogar dabei mitgeholfen."
"298","1920-03-06","Zeitung","Berliner Tageblatt (Abend-Ausgabe), 06.03.1920","Obwohl die Silberausfuhr verboten ist, müssen die zur Münzunion gehörenden Länder die französischen Silberstücke aufnehmen."
"299","1926-12-31","Belletristik","Grimm, Hans: Volk ohne Raum, München: Langen 1932 [1926], S. 697","Als Cornelius Friebott merkte, der Besuch finde kein Ende und George höre ihm immer gieriger zu, wurde er derb in der Abwehr: Sie seien keine Abenteurer; sie hätten nicht vor, Schätze zu suchen, sondern Arbeit wollten sie tun, ehrliche, alltägliche Arbeit und als Deutsche in einem deutschen Lande."
"300","1932-11-22","Zeitung","Archiv der Gegenwart, Bd. 2, 22.11.1932","Zahlenmäßige Angaben über den deutschen Außenhandel mit einzelnen Ländern im ersten Halbjahr 1932(1931) wurden unter 510 A und für das Jahr 1931 (1930) unter 241 L gebracht."
"301","1924-03-13","Zeitung","Vossische Zeitung (Abend-Ausgabe), 13.03.1924","Es ist nicht leicht, zu verstehen, warum den Franzosen diese Unterstützung ihres Landes, das aus verschiedenen Gründen langsam in ernste Finanzschwierigkeiten geraten ist, nicht willkommen sein sollte."
"302","1932-03-03","Zeitung","Vossische Zeitung (Morgen-Ausgabe), 03.03.1932","Nachdem sie die Kulturpropaganda in den anderen europäischen Ländern erörtert hatte, kam sie zu dem Schluß: aus Gründen der Selbstbehauptung dürfe Deutschland auf eine Kulturpropaganda nicht verzichten."
"303","1932-06-14","Zeitung","Archiv der Gegenwart, Bd. 2, 14.06.1932, S. 371 [ff.]. Zit. n. CD-ROM-Ausgabe 2001.","Die zwangsläufige kommende Umgestaltung der Reichsverfassung sei ein historischer Moment für die Frage der Wiedereinführung einer monarchischen Staatsform in den einzelnen Ländern, die jedoch im Rahmen des Reiches zu verbleiben hätten."
"304","1921-03-06","Zeitung","Vossische Zeitung (Sonntags-Ausgabe), 06.03.1921","Man schreibt und redet heutzutage in diesem Lande wieder viel davon, daß eine Einheitsfront gebildet werden müsse."
"305","1929-12-31","Gebrauchsliteratur","Welt und Wissen, 1929, Nr. 3, Bd. 18","Die Chronik aber sang: ""Gros Heuschrecken aus Littöw zog, Durch Pohl' und in die Schlesi flog, Von dannen in das Land der Meißen, Die Kräuter fressen und zerbeißen ..."""
"306","1925-12-31","Wissenschaft","Schulze, Friedrich: Der Deutsche Buchhandel und die geistigen Strömungen der letzten hundert Jahre. In: Lehmstedt, Mark (Hg.) Geschichte des deutschen Buchwesens, Berlin: Directmedia Publ. 2000 [1925], S. 5320","Asien war überhaupt nicht vertreten, und von den europäischen Ländern fallen die Türkei und Spanien aus."
"307","1927-07-05","Zeitung","Tucholsky, Kurt: Mädchenhandel in Buenos Aires. In: ders., Kurt Tucholsky, Werke - Briefe - Materialien, Berlin: Directmedia Publ. 2000 [1927], S. 5257","Ich habe dem jetzigen Generalgouverneur des Landes sehr nahe gestanden, als er noch in Paris lebte - er ist einer der edelsten und reinsten Franzosen, mit denen ich umgehen durfte."
"308","1921.0","Gebrauchsliteratur","§ 12 Staatsvertrag betreffend den Übergang der Wasserstraßen von den Ländern auf das Reich (Anhang zum Gesetz über die vermögensrechtlichen Verhältnisse der Bundeswasserstraßen) (WaStrÜbgVtr), 1921.","Sie kann auch gegenüber einzelnen Ländern und für einzelne Stromgebiete erfolgen."
"309","1920-01-03","Zeitung","Frankfurter Zeitung (1. Morgenblatt), 03.01.1920","Jeder Geforderte stelle sich ! Keiner von uns, die wir im feindlichen Land standen, kann wissen, ob sein Name in der Liste enthalten sein wird, bei deren Zusammenstellung Rachsucht und Nachgiebigkeit gegen sensationslüsterne Instinkte mitgewirkt haben."
"310","1918-12-31","Gebrauchsliteratur","Schlipf, Johann Adam: Schlipfs populäres Handbuch der Landwirtschaft, Berlin: Parey 1918, S. 556","Die acht Bodenklassen wurden für die einzelnen Landesteile unabhängig voneinander festgesetzt, sodaß keine Übereinstimmung in der Bonitierung des ganzen Landes erreicht worden ist."
"311","1928-04-04","Zeitung","Vossische Zeitung (Morgen-Ausgabe), 04.04.1928","Seltsam, wie viele und gute Bücher es in diesem weltfernen Lande gab und wie sie gelesen wurden!"
"312","1932-03-03","Zeitung","Berliner Tageblatt (Abend-Ausgabe), 03.03.1932","Bekanntlich war der gleiche Schritt vor vierzehn Tagen der Vorbote für die Herabsetzung der englischen Bankrate auf 5 pCt . und liess eine sehr deutliche Parallelität der Goldpolitik in England und in den skandinavischen Ländern erwarten."
"313","1930-03-04","Zeitung","Vossische Zeitung (Morgen-Ausgabe), 04.03.1930","Diese einigermaßen komplizierten Vorschläge, gegen die vom Standpunkt eines jeden Landes, das daran beteiligt wäre, schwere Bedenken geltend gemacht werden können, beweisen nur, welche Umwege bereits beschritten werden, um die Konferenzverhandlungen wieder ""flüssig zu machen""."
"314","1922-12-31","Wissenschaft","Gundert, Wilhelm: Schintoismus. In: Kern, Maximilian (Hg.) Das Licht des Ostens, Stuttgart: Union Deutsche Verlagsges. 1922, S. 530","Die Samen alle nahm die Sonnengöttin Amaterasu und ließ sie im Lande sprossen."
"315","1920-12-31","Belletristik","Schaeffer, Albrecht: Helianth I, Bonn: Weidle 1995 [1920], S. 114","Ja, Verse waren wohl Allgemeingut, aber Georg hatte das Gefühl, ein exotischer Prinz sei mit dem ganzen Duft seines Landes hereingekommen."
"316","1932-01-23","Zeitung","Archiv der Gegenwart, Bd. 2, 23.01.1932, S. 139 [ff.]. Zit. n. CD-ROM-Ausgabe 2001.","Sein Besitztum wird beschlagnahmt und die Mitglieder haben binnen zehn Tagen das Land zu verlassen."
"317","1931-12-31","Wissenschaft","Bölsche, Wilhelm: Das Leben der Urwelt, Leipzig: Dollheimer 1931 [1931], S. 254","Man nimmt aber an, daß die zum Teil sehr schön erhaltenen Skelette wesentlich dadurch so gut bis auf uns gekommen sind (vgl. das Bild), daß die ins neue Festland hereinstreifenden schweren und etwas schlecht sich bewegenden Tiere in den vom Druckwasser oft noch erweichten unergründlichen Schlammkolken der schwankenden Grenze von Wasser und Land wie von Treibsand eingesaugt und eingesargt worden sind - böses Schicksal, wie es spät noch mancher zu verwegene Menschenjäger im Moor hat erfahren sollen."
"318","1920-03-09","Zeitung","Vossische Zeitung (Abend-Ausgabe), 09.03.1920","Die nach dem Kriege in allen Ländern geltend gemachte Forderung der Verkürzung der Arbeitszeit ist natürlich mit besonderem Nachdruck für den gefährlichen und aufreibenden Beruf des Bergmannes vertreten worden."
"319","1931-12-19","Zeitung","Archiv der Gegenwart, Bd. 1, 19.12.1931, S. 111 [ff.]. Zit. n. CD-ROM-Ausgabe 2001.","Sie habe seit dem Krieg Anleihen an acht Länder in der Höhe von 1922 Mill."
"320","1930-03-04","Zeitung","Vossische Zeitung (Morgen-Ausgabe), 04.03.1930","MacDonald teilte heute im Unterhaus mit, daß bei den englischamerikanischen Verhandlungen über Flottenparität nicht nur Tonnage und Artillerie der beteiligten Schiffe, sondern auch die besonderen Bedürfnisse jedes Landes in bezug auf die Länge der zu schützenden Handelswege berücksichtigt worden seien."
"321","1927-12-31","Gebrauchsliteratur","Welt und Wissen, 1927, Nr. 2, Bd. 16","Diese Entwicklung des Landes hat den Namen Florida erst eigentlich bekanntgemacht und in die ganze Welt getragen."
"322","1932-07-31","Zeitung","Archiv der Gegenwart, Bd. 2, 31.07.1932, S. 429 [ff.]. Zit. n. CD-ROM-Ausgabe 2001.","Zu Vergleichszwecken wurden in obiger Übersicht auch die Ergebnisse der im Frühjahr abgehaltenen Landtagswahlen (zirka drei Viertel aller Wahlberechtigten) in Preußen, Bayern, Württemberg, Hessen, Oldenburg, Hamburg, beiden Mecklenburg und Anhalt aufgenommen, und zwar wurden die von den großen Parteien, die in allen diesen Ländern kandidierten gewonnenen Stimmen zusammengezählt."
"323","1932-03-10","Zeitung","Archiv der Gegenwart, Bd. 2, 10.03.1932, S. 214 [ff.]. Zit. n. CD-ROM-Ausgabe 2001.","Die ""Times"" vom 10. März berichtet von dem unveränderten Andauern der kommunistischen Propaganda und Zersetzungstätigkeit im Innern des Landes, vor allem in der Umgebung von Hankau, das etwa 700 km westlich von Schanghai und 480 km westlich von Nanking am Yangtse liegt."
"324","1925-03-05","Zeitung","Berliner Tageblatt (Morgen-Ausgabe), 05.03.1925","Drüben, auf der linken Seite des Saales, saßen vorn der Reichskanzler Luther, Marx und der bayerische Ministerpräsident Held, dahinter der badische Staatspräsident Hellpach , die Ministerpräsidenten der Länder, die Reichsminister. General v. Seeckt , die preußischen Minister und die Oberbürgermeister."
"325","1921-03-08","Zeitung","Berliner Tageblatt (Abend-Ausgabe), 08.03.1921","Wir bitten, die Alliierten möchten uns dabei helfen, einen Weg zu finden, wie wir die geforderten Beträge an sie zahlen können . Wir glauben daß die Methoden, nach denen wir unseren Zahlungsverpflichtungen nachkommen könnten, für jedes der beteiligten Länder besonders geprüft werden sollten."
"326","1928-04-04","Zeitung","Berliner Tageblatt (Morgen-Ausgabe), 04.04.1928","Wir begrüssen weiter die von Ihnen stets innegehaltene Grundlinie des Bekenntnisses zum heutigen Reich und der Anerkennung der Reichsverfassung und den stets betonten Grundsatz, alle Kräfte dem heutigen Deutschland zur Verfügung zu stellen und alles zu bekämpfen, was die Einigkeit der Länder und Stämme Deutschlands zu stören geeignet sei."
"327","1921-12-31","Belletristik","Kolbenheyer, Erwin Guido: Das Gestirn des Paracelsus, München: J.F. Lehmanns 1964 [1921], S. 379","""Ein edel Land, guet recht als der Kern, Das lit beschlossen zwüschen Berg, Viel fester dann mit Muren, Do hub sich der Bund zum ersten an, Sie hänt den Sachen wirklich getan In einem Land, heißt Urn."
"328","1927-03-03","Zeitung","Vossische Zeitung (Morgen-Ausgabe), 03.03.1927","Bülow scheint unbequemes Draufgängertum befürchtet zu haben; im Tagebuch ist auch mit sichtlicher Befriedigung die Erklärung eines kaiserlichen Flügeladjutanten wiedergegeben, wenn man ein Armeekorps in England lande, könne man damit ""das ganze Land unterwerfen""."
"329","1929-12-31","Gebrauchsliteratur","Welt und Wissen, 1929, Nr. 3, Bd. 18","Die meisten haben kaum Kenntnis von der geographischen Lage des Landes gehabt, und erst durch die Europareise des leider abgesetzten Emirs Aman Ullâh, der ein tatkräftiger und fortschrittlich gesinnter Herrscher war und seinem Volke nur das Beste bringen wollte, ist dieses Land in den Vordergrund des Interesses gerückt."
"330","1929-12-31","Gebrauchsliteratur","Welt und Wissen, 1929, Nr. 3, Bd. 18","In diesem Lande, das wegen seines mörderischen Klimas und seines Fiebers gefürchtet ist, wurde die fieberbekämpfende Eigenschaft der Chinarinde entdeckt und war schon lange, bevor die Spanier das Land eroberten, bekannt."
"331","1926-12-31","Belletristik","Grimm, Hans: Volk ohne Raum, München: Langen 1932 [1926], S. 392","Unser Wagen war der vierte Wagen, und es kam ein fünfter Wagen dazu; und es waren lauter Menschen, deren Väter umgekehrt waren an der Spitze aus Gründen einer Krankheit oder eines Streites oder einer Not, oder weil sie meinten, das ersten durchzogene Land sei besser gewesen, und die danach alle Plätze mit anderen Menschen gefüllt fanden."""
"332","1922-03-09","Zeitung","Vossische Zeitung (Morgen-Ausgabe), 09.03.1922","[...] Auch nach auswärts, über das weite Land hin, haben die großen Häuser hier unter dem Regime der Privattelephongesellschaften ihre eigenen Telephondrähte und Telegraphenverbindungen, und ich sah in dem Gebäude einer alten, dem Fleiße süddeutscher Juden ihre Machtstellung verdankenden Bankfirma mit so etwas wie Andacht, wie der Mann am Schalter ein paar Dutzend ihm fortlaufend gereichter Depeschen in spielender Schnelligkeit nach Chicago herübermorste und, bei der letzten angelangt, den Bleistift zur Hand nahm und mit der gleichen emsigen Geschicklichkeit bereits die Antwort auf die ersten Anfragen nach dem Gehör ausnahmvor nicht mehr ein paar herübergegeben [...]"
"333","1926-03-06","Zeitung","Berliner Tageblatt (Abend-Ausgabe), 06.03.1926","Niemals habe ich nach Popularität gestrebt, aber ich glaube nicht, daß mein Rücktritt jetzt dem Lande nützen würde."
"334","1924-01-08","Zeitung","Dresdner Volkszeitung, 08.01.1924","Die Neuschaffung von Arbeitsgelegenheiten soll durch Kreditbeschaffung für produktive Zwecke - verwiesen wird hierbei auf den von der Rentenbank an Private zu gewährenden Kredit von 1200 Millionen Rentenmark - und durch Arbeitsgelegenheit erfolgen, für die das Reich, Länder und andre öffentliche Körperschaften Sorge tragen sollen."
"335","1925-03-05","Zeitung","Vossische Zeitung (Morgen-Ausgabe), 05.03.1925","Dem gleichen Verpackungsprinzip folgen beide Länder auch bei der Versendung anderer Früchte, wie z.B. der Almeriatrauben, die auch jetzt noch in kleineren oder größeren Zufuhren eintreffen, während die im August und September die Südfruchtsaison eröffnenden italienischen Weintrauben nicht mehr unseren Markt erreichen."
"336","1926-12-31","Belletristik","Grimm, Hans: Volk ohne Raum, München: Langen 1932 [1926], S. 748","Sie sagten es so ähnlich in allen deutschen Mundarten, denn sie waren aus allen Teilen Deutschlands beieinander, aus Niedersachsen und Friesland, aus Bayern und der Mark, aus Schwaben und dem Elsaß, von Mosel und Memel und so weiter, aus dem ganzen großen, zu klein gewordenen Lande."
"337","1927-12-31","Wissenschaft","Jahresberichte für deutsche Geschichte, 1927, S. 413","[...] Das andere Werk, das trotz seiner zeitlichen und räumlichen Beschränkung hier an der Spitze genannt werden muß, ist Wernles nunmehr abgeschlossene Darstellung des schweizerischen Protestantismus im 18. Jahrhundert (2335), die für die Schweiz, aber keineswegs in territorial isolierender Betrachtung, so eingehend und plastisch, wie es bisher für kein anderes Land geschehen ist, die Aufeinanderfolge der Bewegungen von der sogenannten »vernünftigen Orthodoxie« an durch Pietismus, Aufklärung und deren Gegenbewegungen hindurch bis ins Revolutionszeitalter hinein schildert; dabei springen gerade auch die schweizerischen Auswirkungen der deutschen Geistesbewegungen, die auch in der Aufklärungszeit neben den französischen Auswirkungen (bes. Voltaire) erkennbar sind, und anderseits die deutsche Befruchtung durch schweizerische Erscheinungen (Rousseau, Lavater, Bodmer und Breitinger, Christentumsgesellschaft, Pestalozzi u. a.) klar heraus. [...]"
"338","1921.0","Gebrauchsliteratur","§ 3 Staatsvertrag betreffend den Übergang der Wasserstraßen von den Ländern auf das Reich (Anhang zum Gesetz über die vermögensrechtlichen Verhältnisse der Bundeswasserstraßen) (WaStrÜbgVtr), 1921.","Fällt ein Kraftwerk nach Ablauf der behördlichen Erlaubnis an das Land, so hat es hierbei sein Bewenden."
"339","1932-11-03","Zeitung","Archiv der Gegenwart, Bd. 2, 03.11.1932","Sie weichen wesentlich von jenen der drei übrigen Länder ab. (L. B. Deutschland 543 C England 513 M, Frankreich 534 J, Vereinigte Staaten 534 H.)"
"340","1925-12-31","Gebrauchsliteratur","Klemperer, Victor: [Tagebuch] 1925. In: ders., Leben sammeln, nicht fragen wozu und warum, Berlin: Aufbau-Taschenbuch-Verl. 2000 [1925], S. 276","Nichtausnutzung fruchtbarsten Landes."
"341","1932-03-04","Zeitung","Berliner Tageblatt (Morgen-Ausgabe), 04.03.1932","Nein, der Katzenbuckel ist keine Jungfrau und keine Schneekoppe, aber das Land ist so gesegnet schön."
"342","1927-09-27","Zeitung","Tucholsky, Kurt: Amnestie -! Amnestie -! In: ders., Kurt Tucholsky, Werke - Briefe - Materialien, Berlin: Directmedia Publ. 2000 [1927], S. 5417","Die Besprechung der Justizminister der Länder bestätigte den Eindruck, daß nirgends eine allzugroße Amnestiefreudigkeit vorherrscht."
"343","1918-03-21","Zeitung","Vossische Zeitung (Abend-Ausgabe), 21.03.1918","Nach Blättermeldungen trafen am Sonntag aus Aa land mehrere Unterhändler der finnischen Roten Garde ein, denen vom deutschen Befehlshaber Freigeleit nach Eckeroe bewilligt worden war."
"344","1931-12-05","Zeitung","Archiv der Gegenwart, Bd. 1, 05.12.1931, S. 98 [ff.]. Zit. n. CD-ROM-Ausgabe 2001.","Die Einfuhr von Waren aus Ländern, in denen eine Devisenkontrolle besteht, wurde in Frankreich an eine Erlaubnis des Handelsministeriums geknüpft. (L. B. Frankreich 86 H, England 96 F.)"
"345","1927-03-04","Zeitung","Vossische Zeitung (Morgen-Ausgabe), 04.03.1927","Wohl aber wahre man sich dagegen, daß sich Rußland seinerseits in die innere Politik des britischen Reiches einmische , und daß es versuche, die bestehende Regierungsform anderer Länder zu untergraben oder zu stürzen."
"346","1921-03-08","Zeitung","Rote Fahne (Morgen-Ausgabe), 08.03.1921","Dieselben Industrien aber, in denen die Entetckapitalisten eine tödliche Gefahr für sich erblicken, das sind die Industrien, nach denen das Rußland der Arbeiter und Bauern schreit, damit das russische Land wieder aufgebaut werde."
"347","1932-12-31","Belletristik","Roth, Joseph: Radetzkymarsch, Köln: Kiepenheuer & Witsch 1978 [1932], S. 318","Ihre Ränder zeigten den grauen, frischen, glänzenden Frühlingsschlamm der Straßen dieses Landes."
"348","1927-03-04","Zeitung","Tucholsky, Kurt: Übersetzer. In: ders., Kurt Tucholsky, Werke - Briefe - Materialien, Berlin: Directmedia Publ. 2000 [1927], S. 5077","Aber schon Christian Morgenstern merkte in seinen herrlichen 'Stufen' an, daß der deutsche Übersetzer holprig und fremd daherstelzt und, wenn er vertraulich tut - die dummen Modewörter seiner Alltagssprache gebraucht, wobei er sich denn auch noch meistens verhaut und so derb wird, wie es drüben, in angelsächsischen und lateinischen Ländern, nicht immer der Brauch ist."
"349","1926-12-31","Gebrauchsliteratur","Abel, Othenio: Amerikafahrt, Jena: Fischer 1926, S. 317","So tritt man aus dem mit dunkelgrünen Föhren bestandenen Waldlande der Black Hills plötzlich in die Prärie hinaus, die sich von hier an mit der für diese Central Great Plains bezeichnenden Einförmigkeit weit hinaus nach Osten dehnt, bis zu den merkwürdigen ""Bad Lands"", eine Übersetzung der Benennung ""Maco Sicha"" der Siouxindianer, was soviel bedeutet wie ""das wertlose Land""."
"350","1929-09-03","Zeitung","Tucholsky, Kurt: Aus aller Welt. In: ders., Kurt Tucholsky, Werke - Briefe - Materialien, Berlin: Directmedia Publ. 2000 [1929], S. 6880","Und alles das ist noch unzureichend, wenn der Reisende - wie meist - keine Zeit hat; wenn er ein ganzes Land in vier Wochen durchstreifen, verstehen, schildern soll."
"351","1928-12-31","Wissenschaft","Jahresberichte für deutsche Geschichte, 1928, S. 546","Da der Standpunkt des Verfassers, wie er selbst im Vorwort rückhaltlos hervorhebt, der des »platten Landes« ist, war es nur natürlich, daß er zu einer scharfen Verurteilung der Entwicklung der letzten vier Jahrhunderte gekommen ist."
"352","1927-03-01","Zeitung","Berliner Tageblatt (Morgen-Ausgabe), 01.03.1927","Der Aufsichtsrat bezeichnete eine kapitalmässige Beteiligung der Länder sowie der landwirtschaftlichen Spitzenorganisationen und sonstiger Wirtschaftsgruppen (wie der Gewerkschaften) an der Gesellschaft als äusserst wünschenswert ."
"353","1921-12-29","Zeitung","Tucholsky, Kurt: Der Sieg war zum Greifen nahe! In: ders., Kurt Tucholsky, Werke - Briefe - Materialien, Berlin: Directmedia Publ. 2000 [1921], S. 10654","Die Broschüre: aufs Land!"
"354","1929-03-03","Zeitung","Völkischer Beobachter (Reichsausgabe), 03.03.1929","Fest mit Land und Leuten verwachsen, weitschauend und kaufmännisch begabt, verstand er es, in seinem Betriebe planvoll viele Errungenschaften der modernen Landwirtschaft und Technik anzuwenden und sich so die dem Landwirt so nötige Kapitalkraft zu sichern."
"355","1932-02-24","Zeitung","Archiv der Gegenwart, Bd. 2, 24.02.1932","Die Tschechoslowakische Nationalbank teilt in einem Rundschreiben an die zum Devisenhandel berechtigten Banken mit, daß aus legalen Guthaben österreichischer und ungarischer Staatsangehöriger oder Personen, die in diesen Ländern ihren ständigen Wohnsitz haben, Zahlungen für Waren, die nach Österreich oder nach Ungarn exportiert wurden, nur dann gestattet sind, wenn die Ausfuhr dieser Waren nach Österreich oder Ungarn aus der Tschechoslowakei erfolgt."
"356","1918-03-13","Zeitung","Berliner Tageblatt (Morgen-Ausgabe), 13.03.1918","Sein einziges Ziel bei diesen Ernennungen sei, die am besten geeigneten Männer für die Mitarbeit am Wohle des Landes zu gewinnen."
"357","1918-12-31","Wissenschaft","Spengler, Oswald: Der Untergang des Abendlandes, München: Beck 1929 [1918], S. 47","Erst die germanischen, nicht die romanischen Völker Westeuropas und Amerikas haben dementsprechend aus der Dampfmaschine eine das Bild der Länder verändernde Großindustrie entwickelt."
"358","1927-12-31","Gebrauchsliteratur","Wien, Wilhelm: Ein Rückblick. In: Simons, Oliver (Hg.), Deutsche Autobiographien 1690 - 1930, Berlin: Directmedia Publ. 2004 [1927], S. 73204","Die im Frühjahr ausgebrochene russische Revolution hatte uns zunächst keine Vorteile gebracht, weil die russischen liberalen Mitglieder Kerenski usw. anstatt Frieden zu schließen und dem Lande Ruhe und Ordnung zu geben, sich erst recht in den Krieg stürzten."
"359","1926-12-31","Belletristik","Grimm, Hans: Volk ohne Raum, München: Langen 1932 [1926], S. 418","""Friebott, my son, du, du gehst den verkehrten Weg, wenn du in diesem Lande willst zu Gelde kommen!"""
"360","1925-03-10","Zeitung","Berliner Tageblatt (Abend-Ausgabe), 10.03.1925","Sie hat ähnliche beruhigende und fördernde Wirkungen ausgeübt, wie das auch in den anderen Ländern der Fall gewesen ist."
"361","1923-03-09","Zeitung","Vossische Zeitung (Morgen-Ausgabe), 09.03.1923","In einem Lande, in dem es weder Transportmittel, noch Industrie oder wissenschaftliche Technik gibt, kann überhaupt keine Armee existieren, die Europa im Augenblick gefährlich werden könnte."
"362","1921-12-31","Belletristik","Luckner, Felix von: Seeteufel, Herford: Kohler 1966 [1921], S. 227","Beunruhigt befahl er darauf seinen Soldaten, das Boot so schnell wie möglich aufs Land zu holen."
"363","1923-12-31","Wissenschaft","Lukács, Georg: Geschichte und Klassenbewußtsein, Neuwied u. a.: Leuchterhand 1970 [1923], S. 413","Diese Selbsterziehung des Proletariats, in der sich seine »Reife« zur Revolution entfaltet, ist ein langer und schwieriger Prozeß, der desto langwieriger ist, je höher entwickelt der Kapitalismus und die bürgerliche Kultur in einem Lande sind; je stärker | das Proletariat demzufolge von kapitalistischen Lebensformen ideologisch angesteckt ist."
"364","1926-12-31","Belletristik","Fleißer, Marieluise: Pioniere in Ingolstadt, Berlin: Henschel 1976 [1926], S. 98","Bibrich Der Pionier ist im Land! Zeck Der Pionier baut eine Brücke."
"365","1929-03-08","Zeitung","Völkischer Beobachter (Berliner-Ausgabe), 08.03.1929","Am Sonntag, den 24. Februar, ging es mit der ganzen S.A., Trommler- und Pfeiferkorps ins Land hinaus , - vor einem Jahr hätte dies die größten Schlägereien nach sich gezogen - mit dem Ziel Neckartenzlingen ."
"366","1919-07-03","Zeitung","Tucholsky, Kurt: Ein untergehendes Land. In: Kurt Tucholsky, Werke - Briefe - Materialien, Berlin: Directmedia Publ. 2000 [1919]","Die Deutschen, die in den Okkupationsjahren das Land bereisten, sahen es als zukunftsreich an, und es mag ihrem Urteil überlassen bleiben, ob es ein politischer Segen für das Land geworden wäre, wenn die dünne Oberschicht der sechshunderttausend Balten ihren früher aussichtslosen Kampf gegen die bäurischen Letten und gegen die Russen in einen Sieg verwandelt hätte."
"367","1919-12-31","Wissenschaft","Weber, Max: Politik als Beruf. In: Weber, Marianne (Hg.) Gesammelte Politische Schriften, München: Drei Masken Verl. 1921 [1919], S. 432","Gewerkschaftsbeamte, Parteisekretäre, Journalisten kamen in die Höhe, Beamteninstinkte beherrschten die Partei, ein höchst ehrenhaftes Beamtentum - selten ehrenhaft darf man, mit Rücksicht auf die Verhältnisse anderer Länder, besonders im Hinblick auf die oft bestechlichen Gewerkschaftsbeamten in Amerika, sagen -, aber die früher erörterten Konsequenzen der Beamtenherrschaft traten auch in der Partei ein."
"368","1932-03-02","Zeitung","Vossische Zeitung (Abend-Ausgabe), 02.03.1932","Es gibt frische und auch wild-bunte Versuche, mit dem südlichen Land fertig zu werden."
"369","1920-12-31","Wissenschaft","Weber, Max: Die Wirtschaftsethik der Weltreligionen. In: Weber, Marianne (Hg.) Gesammelte Aufsätze zur Religionssoziologie, Bd. II, Tübingen: Mohr 1921 [1920-1921], S. 82","Die ersteren entstammen dem Schwerpunkt nach Gebieten, in welchen die soziale Gliederung auf dem Lande vorwiegend nicht durch finanzielle, sondern durch militärische Differenzierung: Loslösung der Ritter und Berufssoldaten von den Bauern, bedingt war und daher, wie in solchen Fällen stets, wesentlich weniger schroff blieb."
"370","1928-01-31","Zeitung","Tucholsky, Kurt: Briefe an einen Fuchsmajor. In: Kurt Tucholsky, Werke - Briefe - Materialien, Berlin: Directmedia Publ. 2000 [1928]","Das Deutschland jener jungen Leute, die schon so früh 'Alte Herren' sind, und die für ihr Land einen Fluch darstellen, einen Albdruck und die Spirochäten der deutschen Krankheit."
"371","1919-12-31","Belletristik","Nabl, Franz: Die Augen. In: ders., Der Tag der Erkenntnis, Graz u. a.: Stiasny 1961 [1919], S. 106","Wie oft war sie am Sonntag mit ihm allein aufs Land gefahren, und am Abend, wenn er kam, oder beim Abschied hatte sie sich ruhig von ihm umarmen und küssen lassen."
"372","1921.0","Gebrauchsliteratur","§ 32 Staatsvertrag betreffend den Übergang der Wasserstraßen von den Ländern auf das Reich (Anhang zum Gesetz über die vermögensrechtlichen Verhältnisse der Bundeswasserstraßen) (WaStrÜbgVtr), 1921.","Diese können im Falle des Zustandekommens abweichender Vereinbarungen mit einzelnen Länder für sich die gleichen Zugeständnisse beanspruchen, soweit diese über den Inhalt des gegenwärtigen Vertrags hinausgehen und nachweislich für sie günstiger sind."
"373","1918-03-13","Zeitung","Berliner Tageblatt (Morgen-Ausgabe), 13.03.1918","Es ist die Nachricht eingetroffen, daß die Konsuln der Alliierten in Wladiwostok ein Ultimatum an die Lokalbehörden richteten, in dem sie die Wiederherstellung des vor der Herrschaft der Bolschewiki bestehenden Regierungssystems forderten, sowie den Schutz der Untertanen der alliierten Länder gegen die Einmischung der lokalen Verwaltung verlangten."
"374","1919-12-31","Zeitung","Der Jude, Bd. 4, Nr. 3, 1919","Das jüdische Palästina - bevor es noch ein solches gibt, bevor wir nicht im Lande eine Majorität haben und ein voll entwickeltes eigenes Leben geschaffen haben?"
"375","1932-12-31","Wissenschaft","Wind, Edgar: Humanitätsidee und heroisiertes Porträt in der englischen Kultur des 18. Jahrhunderts. In: Saxl, Fritz (Hg.), Vorträge 1930 - 1931, Leipzig: Teubner 1932, S. 211","Und wenn ein anderer Zeichner den Tod Garricks symbolisieren will, so stellt er ihn wiederum in einer Entscheidungssituation dar: die Musen mit der Büste Shakespeares auf der einen Seite, Kronos, der auf das selige Land, das noch immer in Anlehnung an die Herkulesdarstellungen durch den Tugendhügel mit dem Tempel symbolisiert wird, auf der anderen; und Garrick, der halb zaudernd in der Mitte steht, entscheidet sich für Kronos. (""Farewell! a long Farewell!"""
"376","1919-04-06","Zeitung","Berliner Tageblatt (Morgen-Ausgabe), 06.04.1919","Von dem Landhunger der Landgemeinden und der Verwandlung von Weizenland in Weide auf dem benachbarten Rittergut wird vom Südosten berichtet, und aus dem äußersten Nordwesten tönt das Echo, daß vier Fünftel des Landes in einem Bezirk Westfalens fürstlicher Besitz sei und nicht einmal ein Hausgarten hinzuzuerwerben sei, und aus dem Südwesten kommt die Klage über das freiherrliche Geschlecht, das das Oed- und Weideland der Gemeinde an sich gebracht habe; seine Rückgabe wird verlangt."
"377","1920-12-31","Belletristik","Schaeffer, Albrecht: Helianth I, Bonn: Weidle 1995 [1920], S. 20","Chalybäus, seinen dicken Schnurrbart mit beiden Händen windend und drehend, daß die Spitze der schön gebogenen Nase sich krümmte, lächelnd und nach allen Seiten blitzend mit Zähnen und blauen Augen, bejahte mit seiner tönenden Tenorstimme, begrüßte zunächst Georg in homerischer Sprache, weil der in Griechenland gewesen sei, dem Lande der Hellenen, vergaß völlig die Frage des Herzogs, die in Magdas ängstlichem Blick brannte, und stürzte sich mit Feuereifer in einen Bericht über seinen Morgenritt, den Stand irgendwelcher Feldarbeit und betrunkene Polen."
"378","1921-12-31","Wissenschaft","Jung, Carl Gustav: Psychologische Typen. In: ders., Gesammelte Werke, Bd. VI, Zürich u. a.: Rascher 1967 [1921], S. 245","Hermas begab sich hinaus aufs Land, an die verabredete Stelle."
"379","1925-05-19","Zeitung","Tucholsky, Kurt: Die Reliquie. In: Kurt Tucholsky, Werke - Briefe - Materialien, Berlin: Directmedia Publ. 2000 [1925]","»In diese muselmanischen Länder ziehen, wo man bei jedem Schritt über ein Serail stolpert, das stumm und rosenduftend zwischen Sykomoren Steht . . ."
"380","1929-06-18","Zeitung","Tucholsky, Kurt: Auf dem Nachttisch. In: Kurt Tucholsky, Werke - Briefe - Materialien, Berlin: Directmedia Publ. 2000 [1929]","Er spricht auf zwei Seiten, den beiden ersten, über die Prozesse, die der Selige aus Doorn gegen Piscator angestrengt hat; solche Laute sind bei uns zu Lande unerhört, wo man die steckengebliebene Untertanenhaftigkeit als Rechtsgefühl ausgibt, während Rode richtig dartut, daß einer, der sein Leben lang über dem Recht gestanden hat, nun nicht plötzlich wie eine Gemüsefrau klagen kann."
"381","1921-03-08","Zeitung","Vossische Zeitung (Morgen-Ausgabe), 08.03.1921","Eine derartige Anspannung der deutschen Leistungsfähigkeit sei nur möglich, weil Deutschland wirklich fest entschlossen sei, die einmal übernommenen Verpflichtungen für die Wiedergutmachung auszuführen und weil gerade die deutsche Arbeiterschaft in den verwüsteten Ländern helfen wolle . Er könne gerade auf Grund der deutschen Erfahrungen bezüglich der Wohnungsnot für die Regelung der Wohnungsfrage nützliche Vorschläge machen, bzw. die in Deutschland fabrikmäßig hergestellten Typen von Standard-Häusern liefern, wodurch der Wohnungsnot am schnellsten abgeholfen werden könne."
"382","1932-04-20","Zeitung","Archiv der Gegenwart, Bd. 2, 20.04.1932, S. 298 [ff.]. Zit. n. CD-ROM-Ausgabe 2001.","Die Methoden einer wirtschaftlichen Zusammenarbeit der Donaustaaten müssen unter dem Gesichtspunkte einer rationellen Organisation der verschiedenen Produktionszweige entsprechend den natürlichen Bedingungen in jedem Lande gewählt werden, dergestalt, daß die Vorteile einer großen wirtschaftlichen Einheit nach und nach erlangt werden."
"383","1928-12-31","Belletristik","Renn, Ludwig [d. i. Vieth v. Golßenau, Arnold Friedrich]: Krieg - Nachkrieg, Berlin: Aufbau-Verl. 1951 [1928], S. 45","Dieses Land ekelte mich an."
"384","1932-03-30","Zeitung","Archiv der Gegenwart, Bd. 2, 30.03.1932","Die mandschurische Regierung hat die Salzmonopolverwaltung für das Land von der chinesischen abgetrennt und gleichzeitig die Garantie übernommen, den Dienst der Anleihen, die auf das Monopol sichergestellt sind, aufrechtzuerhalten. (L. B. 246 D.)"
"385","1928-12-31","Gebrauchsliteratur","Wohlmuth, Alois: Ein Schauspielerleben, Ungeschminkte Selbstschilderungen von Alois Wohlmuth. In: Simons, Oliver (Hg.) Deutsche Autobiographien 1690-1930, Berlin: Directmedia Publ. 2004 [1928], S. 75652","Erhoben sich im Land Bordelle.«"
"386","1926-12-31","Belletristik","Grimm, Hans: Volk ohne Raum, München: Langen 1932 [1926], S. 1185","Er will dort abwarten, bis der Friede geschlossen ist und das Land wieder deutsch wird."
"387","1921.0","Gebrauchsliteratur","§ 3 Staatsvertrag betreffend den Übergang der Wasserstraßen von den Ländern auf das Reich (Anhang zum Gesetz über die vermögensrechtlichen Verhältnisse der Bundeswasserstraßen) (WaStrÜbgVtr), 1921.","Jedoch verbleiben die von den Ländern bereits erbauten oder im Bau begriffenen Kraftwerke im Eigentum der Länder."
"388","1923-12-31","Wissenschaft","Lukács, Georg: Geschichte und Klassenbewußtsein, Neuwied u. a.: Leuchterhand 1970 [1923], S. 134","Und |zwar nicht nur in den Fällen, wo es sich um glatten Raub von Land, Sklaven usw. handelt, sondern auch in sogenannten friedlichen, »ökonomischen« Beziehungen."
"389","1926-05-27","Zeitung","Tucholsky, Kurt: Der rasende Kommis. In: ders., Kurt Tucholsky, Werke - Briefe - Materialien, Berlin: Directmedia Publ. 2000 [1926], S. 4426","Eben das gilt in einem kultivierten Lande nicht als Originalität, sich eine Zigarrenkiste auf den Kopf zu setzen, um nur ja anders auszusehen als der Nachbar, und eine Sechserindividualität verfängt in Frankreich kaum."
"390","1925-12-31","Belletristik","Kisch, Egon Erwin: Der rasende Reporter, Berlin: Aufbau-Taschenbuch-Verl. 2001 [1925], S. 72","[...] ""Alle Welt sagt, daß Jeppe trinkt - aber niemand sagt, warum er trinkt"", und Hermann Bang, der mit den Fingerspitzen dichtete, und Thorvaldsen, der uns zwar heutzutage ein wenig langweilt, aber der doch immerhin ein nordischer Hellene war, und Holger Drachmann, der viel vertrug und nach dem deshalb hier eine Weinstube heißt, und Graf Bernsdorff, der dem vergessenen deutschen Klassiker H. P. Sturz (siehe ""Klassischer Journalismus"") hier eine Zufluchtsstätte bot, aber selbst aus dem Lande mußte, als Dr. Struensee mit der Königin ein Verhältnis anfing und darum geköpft wurde (siehe Film), und Gjellerup, der den Nobelpreis bekam - aber mir scheint es, daß ich ihn mit Geijerstam verwechsle, der ein Schwede ist, und so weiter und so weiter. [...]"
"391","1928-03-04","Zeitung","Völkischer Beobachter (Reichsausgabe), 04.03.1928","Es war die ""Schweinelegende"", die im Wahljahr 1924, nicht zuletzt aus politischen Gründen, durch das Land getragen wurde."
"392","1927-03-04","Zeitung","Tucholsky, Kurt: Übersetzer. In: ders., Kurt Tucholsky, Werke - Briefe - Materialien, Berlin: Directmedia Publ. 2000 [1927], S. 5079","Das internationale Urheberrecht hat diese so wichtige Sache kaum geregelt, und wenn es sich nicht um einen sehr mächtigen Autor handelt, dann ist der Schöpfer des Werkes ziemlich ohne Einfluß auf die Gestalt, in der sich sein Kind im andern Lande präsentiert."
"393","1925-09-26","Gebrauchsliteratur","Die Landfrau, 26.09.1925","Im allgemeinen wird die Ziege in der Stadt besser gepflegt wie auf dem Lande."
"394","1925-12-31","Gebrauchsliteratur","Klemperer, Victor: [Tagebuch] 1925. In: ders., Leben sammeln, nicht fragen wozu und warum, Berlin: Aufbau-Taschenbuch-Verl. 2000 [1925], S. 227","Land möchte ich sehen, Vegetation, Bauten."
"395","1928-12-09","Zeitung","Tucholsky, Kurt: Der grüne Frack. In: ders., Kurt Tucholsky, Werke - Briefe - Materialien, Berlin: Directmedia Publ. 2000 [1928], S. 6432","Der weißhaarige Nachbar zur Rechten rührt sich nicht - aber eine Demonstration für ihn, Poincaré, setzt ein, die zeigt, wie fest verwurzelt dieser Mann mit den maßgebenden Kräften seines Landes ist."
"396","1920-11-19","Zeitung","Tucholsky, Kurt: Wo bleiben deine Steuern? In: Kurt Tucholsky, Werke - Briefe - Materialien, Berlin: Directmedia Publ. 2000 [1920]","Der Etat wäre allenfalls für eine schlagfertige Armee eines bedrohten Landes verständlich -heute ist er nichts als der Schrei von hunderttausend Mann (und ganz besonders ihrer Offiziere) nach Versorgung."
"397","1925-12-31","Belletristik","Kisch, Egon Erwin: Der rasende Reporter, Berlin: Aufbau-Taschenbuch-Verl. 2001 [1925], S. 38","Aber es gibt wieder Schleusenwärter - so verschieden ist nun mal die Menschheit! -, die schauen die Flagge an und fragen, aus welchem Lande wir kommen."
"398","1930-01-01","Zeitung","Tucholsky, Kurt: Der Reisebericht. In: ders., Kurt Tucholsky, Werke - Briefe - Materialien, Berlin: Directmedia Publ. 2000 [1930], S. 7209","Italien ist ein Land der Sklaverei geworden; sogar das Schilf am Seeufer rauscht nicht, wie in freien Ländern - es flüstert nur."
"399","1929-03-03","Zeitung","Völkischer Beobachter (Reichsausgabe), 03.03.1929","Sein sittlicher Mut und seine grundehrliche Politik verschafften ihm die Gefolgschaft all seiner Landsleute, die bis dahin machtlos und zersplittert über das Land verstreut waren."
"400","1920-12-31","Wissenschaft","Weber, Max: Die Wirtschaftsethik der Weltreligionen. In: Weber, Marianne (Hg.) Gesammelte Aufsätze zur Religionssoziologie, Bd. III, Tübingen: Mohr 1921 [1920-1921], S. 261","Nach solchen Sitten des Landes soll man nicht, in der Meinung, dies den Göttern des Landes schuldig zu sein, leben, sondern nach Jahwes Geboten allein."
"401","1932-09-12","Zeitung","Archiv der Gegenwart, Bd. 2, 12.09.1932, S. 482 [ff.]. Zit. n. CD-ROM-Ausgabe 2001.","-- Im Haag fand eine internationale Tuberkulosekonferenz unter Beteiligung von 700 Vertretern aus 30 Ländern statt. (L. B. 473 M.)"
"402","1930-12-31","Belletristik","Feuchtwanger, Lion: Erfolg. In: ders., Gesammelte Werke in Einzelbänden, Bd. 6, Berlin: Aufbau-Verl. 1993 [1930], S. 8","Da fanden sie die Geschichte von dem Spaß, den Josef mit seinen Brüdern macht, nachdem sie ihn, weil er ihnen bei ihrem Vater im Wege steht und weil er überhaupt anders ist als sie, verkauft haben, und nachdem er ein großer Herr geworden ist, Ernährungsminister des reichen Landes Ägypten."
"403","1922-12-31","Gebrauchsliteratur","Sudermann, Hermann: Das Bilderbuch meiner Jugend. In: Simons, Oliver (Hg.) Deutsche Autobiographien 1690-1930, Berlin: Directmedia Publ. 2004 [1922], S. 66239","Die vierzigjährige Wüstenreise, die die Juden durchgemacht hatten, ehe sie das ersehnte Kanaan erschauten, war ein Nachmittagsvergnügen, verglichen mit dieser hoffnungslosen Irrfahrt durch die Einöden der Grammatik, die als Bedingung galt, bevor das gelobte Land der Dichtung seine Paradiese vor mir öffnen konnte."
"404","1925-12-31","Belletristik","Dominik, Hans: John Workmann der Zeitungsboy, Biberach an d. Riss: Koehler 1954 [1925], S. 181","Der Frühling war wieder im Lande."
"405","1932-11-12","Zeitung","Archiv der Gegenwart, Bd. 2, 12.11.1932, S. 556 [ff.]. Zit. n. CD-ROM-Ausgabe 2001.","Die Länder hätten ihre Forderungen auf Abschlagszahlungen des Reiches wegen der seinerzeitigen Übernahme der Bahnen durch das Reich neulich geltend gemacht und hätten auch Anteile an der Einkommensteuer und einheitliches Vorgehen von Reich und Ländern bei Sparmaßnahmen gefordert."
"406","1932-05-12","Zeitung","Archiv der Gegenwart, Bd. 2, 12.05.1932","Für andere Länder ohne Handelsvertrag mit der Türkei wird ein Länderkonto bei der türkischen Zentralbank eröffnet, dessen Eingänge aus dem türkischen Export nach diesen Ländern für die Bezahlung der entsprechenden türkischen Importe verwendet werden."
"407","1931-03-04","Zeitung","Völkischer Beobachter (Reichsausgabe), 04.03.1931","Er ist bereit, für sein Vaterland alles zu opfern, und sollte man seinen Herzog stürzen, so wolle er als Bettlerr mit ihm durch die deutschen Lande ziehen und die deutsche Schmach dem Volke verkünden!"
"408","1930-05-13","Zeitung","Tucholsky, Kurt: Die deutsche Pest. In: Kurt Tucholsky, Werke - Briefe - Materialien, Berlin: Directmedia Publ. 2000 [1930]","Deutschland ist ein lautes Land - aber die Massen treten an Ort."
"409","1919-03-18","Zeitung","Vossische Zeitung (Morgen-Ausgabe), 18.03.1919","Denn nur eine Akademie, die in Wahrheit einen Extrakt aus den besten lebendigen Kunstkräften des Landes darstellt, die den alten, in einer langen Entwicklung gebildeten Begriff des ""Akademischen"" im Sinne ehrwürdiger Rückständigkeit verabschiedet, wird in Zukunft Sinn und Wirkensmöglichkeit haben."
"410","1930-03-04","Zeitung","Vossische Zeitung (Morgen-Ausgabe), 04.03.1930","Die Mittel, die heute anderwärts im Lande fehl investiert werden, würden ausreichen, um viel in dieser Richtung zu erreichen, zudem sicher mancher amerikanische Kapitalist infolge der Zuckerkrise aus seinem Besitz herausgehen würde, wobei gleichzeitig eine Beseitigung der Ueberproduktion und finanzielle Sanierung möglich wäre."
"411","1920-03-06","Zeitung","Vossische Zeitung (Morgen-Ausgabe), 06.03.1920","In Deutschland werden sie aber niemals die Republik in Gefahr bringen, wenn die siegreichen Länder nicht damit fortfahren, das demokratische Deutschland zu mißhandeln . Gibt es in Deutschland eine bolschewistische Gefahr, und in welcher Form?"
"412","1928-04-04","Zeitung","Vossische Zeitung (Abend-Ausgabe), 04.04.1928","Der Waldecker Wirtschaftsbund hat nun beim Staatsgerichtshof für das Deutsche Reich , ermuntert durch das Vorgehen anderer Splitterparteien in Mecklenburg-Strelitz und Hamburg, eine Klage gegen das Land Waldeck eingereicht."
"413","1920-10-22","Zeitung","Tucholsky, Kurt: Die Maulpatrioten. In: ders., Kurt Tucholsky, Werke - Briefe - Materialien, Berlin: Directmedia Publ. 2000 [1920], S. 2093","In vier roten Jahren ist dieses Land in das tiefste Elend hineingeschliddert und was vor dem Kriege nur wenige wußten, wissen heute viele:"
"414","1932-12-31","Gebrauchsliteratur","Welt und Wissen, 1932, Nr. 2, Bd. 21","Anders ist es dagegen schon in der Kleinstadt, und auf dem Lande verfolgt sogar der Hund oft solange die Spur, bis er verbellt, d. h. er stellt selbst direkt den oder die Täter."
"415","1920-08-26","Zeitung","Tucholsky, Kurt: Kadettenliteratur. In: ders., Kurt Tucholsky, Werke - Briefe - Materialien, Berlin: Directmedia Publ. 2000 [1920], S. 2035","Mutig unterdrückt der junge Kadett Heimweh und Schluchzen, wenn er das feste Land verläßt, und markiert den Mann."
"416","1921-03-06","Zeitung","Berliner Tageblatt (Morgen-Ausgabe), 06.03.1921","Er wehrte sich dagegen, mit den ""Patrioten in den bürgerlichen Lagern"" in eine Reihe gestellt zu werden, stellte dann aber zweierlei fest: daß die Pariser Beschlüsse undurchführbar seien, und daß sie im Widerspruch zu den Interessen der arbeitenden Bevölkerung in allen Ländern stehen."
"417","1924-12-31","Belletristik","Hagenbeck, John u. Ottmann, Victor: Südasiatische Fahrten und Abenteuer, Dresden: Deutsche Buchwerkstätten 1924 [1924], S. 167","Die Europäer sind im indischen Archipel die Gäste, die Malaien sind die Bleibenden und schließlich doch die Herren des Landes."
"418","1924-12-23","Zeitung","Tucholsky, Kurt: Die Übersetzung. In: ders., Kurt Tucholsky, Werke - Briefe - Materialien, Berlin: Directmedia Publ. 2000 [1924], S. 3384","[...] Solange aber das Volk unter sich es sich verbittet, solange einer den andern - höchstes Ideal - so behandeln möchte wie Schmutz am Absatz, sodaß der Geschurigelte stumm und verbissen dazustehen hat, die Hände an der (innern) Hosennaht, schweigsam, dösig und vollkommen wehrlos: so lange wird es die regierende Schicht eben dieses Landes leicht haben, die Untergebenen, diese durch Geldmangel, Position und fehlende Bildung unterlegene Gruppe anzupfeifen, daß es die Englein im Himmel hören, und sie, mit dem unangenehmen Kneifer ganz nah am Gesicht des andern, anzubrüllen, wenn jene auch einmal das Recht zum hungerlosen Leben reklamieren: [...]"
"419","1932-11-15","Zeitung","Archiv der Gegenwart, Bd. 2, 15.11.1932, S. 560 [ff.]. Zit. n. CD-ROM-Ausgabe 2001.","Viele Länder hätten überdies ihren Warenbezug aus den goldvalutarischen Ländern eingeschränkt und seien auf die billigere Einfuhr aus Ländern mit entwerteter Währung übergegangen. (L. B. Weltwirtschaft 551 G, England 556 G.)"
"420","1920-03-05","Belletristik","Tucholsky, Kurt: Der Humorist singt. In: Kurt Tucholsky, Werke - Briefe - Materialien, Berlin: Directmedia Publ. 2000 [1920]","Er kriegt den ganzen Hektar Land für sechseinhalben Cent."
"421","1926-03-04","Zeitung","Berliner Tageblatt (Abend-Ausgabe), 04.03.1926","Vereint aber ist die Opposition eine unbezwingbare Macht, die, vom Vertrauen des ganzen Landes getragen, aus Rumänien machen kann, was es wirklich ist, dieses reich-arme, dieses glücklich-unglückliche Land:"
"422","1925-12-31","Belletristik","Kisch, Egon Erwin: Der rasende Reporter, Berlin: Aufbau-Taschenbuch-Verl. 2001 [1925], S. 42","Legen wir an, springt er in weitem Bogen ans Land und rammt die Eisenpflöcke in den Boden und schlingt das Tau um sie und die Belegspöller, die stählernen Spulen, die auf Deck geschmiedet sind."
"423","1932-02-24","Zeitung","Archiv der Gegenwart, Bd. 2, 24.02.1932, S. 186 [ff.]. Zit. n. CD-ROM-Ausgabe 2001.","Die Tschechoslowakische Nationalbank teilt in einem Rundschreiben an die zum Devisenhandel berechtigten Banken mit, daß aus legalen Guthaben österreichischer und ungarischer Staatsangehöriger oder Personen, die in diesen Ländern ihren ständigen Wohnsitz haben, Zahlungen für Waren, die nach Österreich oder nach Ungarn exportiert wurden, nur dann gestattet sind, wenn die Ausfuhr dieser Waren nach Österreich oder Ungarn aus der Tschechoslowakei erfolgt."
"424","1930-12-31","Belletristik","Feuchtwanger, Lion: Erfolg. In: ders., Gesammelte Werke in Einzelbänden, Bd. 6, Berlin: Aufbau-Verl. 1993 [1930], S. 685","Ihm gefiel es in München, er dachte nicht daran, auf dem Land zu versauern."
"425","1922-03-08","Zeitung","Berliner Tageblatt (Abend-Ausgabe), 08.03.1922","Andererseits haben die hochvalutarischen Länder zum Schutz ihrer eigenen Industrie mit einem so hohen Wall von Einfuhrerschwernissen sich umgeben, daß deutsche Waren in fremden Ländern vielfach nicht mehr konkurrenzfähig sind."
"426","1921.0","Gebrauchsliteratur","§ 6 Staatsvertrag betreffend den Übergang der Wasserstraßen von den Ländern auf das Reich (Anhang zum Gesetz über die vermögensrechtlichen Verhältnisse der Bundeswasserstraßen) (WaStrÜbgVtr), 1921.","Die Zahlung von Tilgungsraten bleibt der Vereinbarung zwischen dem Reich und den Ländern vorbehalten."
"427","1926-12-31","Belletristik","Grimm, Hans: Volk ohne Raum, München: Langen 1932 [1926], S. 740","""Nein, Mann, wenn alles ruhig ist, und wenn es das Befehlen im Lande nicht mehr gibt und auch nicht die vielen Leute, dann gehe ich erst wo anders hin und hole mir 'n büschen Geld, glaube mir nur, ich weiß genau wo."
"428","1932-04-08","Zeitung","Archiv der Gegenwart, Bd. 2, 08.04.1932","Hieraus würge sich aber wieder die Notwendigkeit ergeben, daß Deutschland seinen Bedarf an Agrarerzeugnissen aus den überseeischen Ländern beziehe, nach welchen es in verstärktem Maße Waren ausführe."
"429","1926-12-31","Belletristik","Grimm, Hans: Volk ohne Raum, München: Langen 1932 [1926], S. 426","Cornelius Friebott sieht ein stattliches Haus, einstöckig gleich allen Farmhäusern des Landes mit einem weißen Wellblechdache, aber von Stein gebaut das ganze lange Gebäude."
"430","1932-12-31","Wissenschaft","Buber, Martin: Königtum Gottes, Berlin: Schocken 1932, S. 128","Der zweite Teil besingt die Kämpfe um Kanaan, den Beistand Gottes vom Himmel her (v. 26 f.), die nun sorgenlose Besiedlung des Landes unter seinem Segen (v. 28) und schließt mit der Heilsverheißung an das Volk, das keinen Feind zu fürchten brauche, da sein »Schild«, wie einst des Urvaters (Genesis 15, 1), Jhwh selber geworden sei."
"431","1926-12-31","Gebrauchsliteratur","Abel, Othenio: Amerikafahrt, Jena: Fischer 1926, S. 227","Es ist harte und zähe Kolonistenarbeit, die den Wüstenboden Kaliforniens Schritt um Schritt in fruchtbares Land wandelt."
"432","1920-12-31","Wissenschaft","Delbrück, Hans: Geschichte der Kriegskunst im Rahmen der politischen Geschichte - Erster Teil: Das Altertum, Berlin: Directmedia Publ. 2002 [1920], S. 1061","[...] So ist es aber auch tatsächlich, da wir annehmen dürfen, daß 1) in dem halben Jahrtausend von Tarquinius bis Cäsar eine sehr wesentliche Vermehrung der Bevölkerung in Italien nicht stattgefunden hat; 2) fast die ganze Sklavenbevölkerung und mit ihr wohl ein Viertel bis ein Drittel der ganzen Bevölkerung des Kantons Rom i. J. 510 in der Stadt lebte, die Zufuhren von außen erhielt; 3) auch das Land relativ sehr stark bevölkert war, nicht nur wegen seiner Fruchtbarkeit, sondern auch weil es unter dem mächtigen Schutz der großen Stadt stand und im Verhältnis zu anderen Landschaften auf eine relativ Sicherheit genoß. [...]"
"433","1927-12-31","Wissenschaft","Jahresberichte für deutsche Geschichte, 1927, S. 204","»Und da das Volk mannigfaltig in der einen wie in der anderen Beziehung mit dem Lande verflochten ist, das es bewohnt, wiederum das Volk dem Lande das Gepräge seines Geistes und seiner Art aufdrückt, so behandelt die Volkskunde auch, mehr als Mittel zum Zweck, das Land, den Rahmen und Naturboden des Volkslebens, welches sich darin abspielt.«"
"434","1919-12-31","Belletristik","Stucken, Eduard: Die weißen Götter, Stuttgart: Stuttgarter Hausbücherei [1960] [1919], S. 319","Nun grenze aber Cholula an Tlascala, und es werde kein Aufsehen erregen, wenn die hundertfünfzig Mann bei dieser Gelegenheit dem verbündeten Land einen Besuch abstatteten."
"435","1918-10-17","Zeitung","Tucholsky, Kurt: Macchiavelli. In: Kurt Tucholsky, Werke - Briefe - Materialien, Berlin: Directmedia Publ. 2000 [1918]","Die Bestrebungen, den Deutschen klar zu machen, daß in der Politik nicht Treu und Glauben, sondern nur und allein das Interesse des Landes mitzusprechen habe, mußten notwendigerweise zu einer Ausgrabung führen, die Josef Hofmiller jetzt (im Verlag von Philipp Reclam junior) besorgt hat: Fichtes Schrift 'Inwiefern Macchiavellis Politik auch noch auf unsre Zeiten Anwendung habe'."
"436","1926-03-23","Zeitung","Tucholsky, Kurt: Das Recht des Fremden. In: Kurt Tucholsky, Werke - Briefe - Materialien, Berlin: Directmedia Publ. 2000 [1926]","Der Fall liegt selbstverständlich in allen Ländern gleich."
"437","1918-03-08","Zeitung","Berliner Tageblatt (Abend-Ausgabe), 08.03.1918","Was die Operationen in Palästina anbelangt, so kann bezüglich der Geschicklichkeit der Generale und der Heldenhaftigkeit und Begeisterung der Truppen erklärt werden, daß eine hübsche Anzahl von Erfolgen errungen wurde, auf die das Land allen Grund hat, stolz zu sein."
"438","1920-12-31","Gebrauchsliteratur","Friedländer, Hugo: Der Beleidigungsprozeß des Berliner Stadtkommandanten, Generalleutnant z.D. Graf Kuno von Moltke gegen den Herausgeber der »Zukunft« Maximilian Harden. In: ders., Interessante Kriminal-Prozesse, Berlin: Directmedia Publ. 2001 [1920], S. 3949","Trotz aller Verfolgungen, gesellschaftlicher Ächtungen und Bestrafungen ist es in keinem Lande gelungen, diese Leidenschaft aus der Welt zu schaffen, ja es gewinnt fast den Anschein, als ob mit dem Fortschritt der Kultur die Homosexualität, und zwar sowohl die weibliche als auch die männliche, immer mehr an Ausdehnung gewinnt."
"439","1920-12-31","Wissenschaft","Weber, Max: Die Wirtschaftsethik der Weltreligionen. In: Weber, Marianne (Hg.) Gesammelte Aufsätze zur Religionssoziologie, Bd. III, Tübingen: Mohr 1921 [1920-1921], S. 361","Es blieben wesentlich Kleinbauern im Lande und es fand - da Babylonien längst nicht mehr über eine starke Bauernbevölkerung verfügte - keine Besiedelung mit mesopotamischen oder anderen Kolonisten statt."
"440","1921-03-05","Zeitung","Vossische Zeitung (Morgen-Ausgabe), 05.03.1921","Obgleich wir keine verwüsteten Länder aufzuweisen haben, keine zerstörten Städte, keine gähnende Wunde, obgleich kein Haß in unserer Brust lebt, sind wir mit hineingerissen in den Wahnwig der zügellosen Ausgaben, in die Verwässerung der Kredite, in den Umsturz des industriellen Gleichgewichts, in schwere Unruhe, in ein unsagbares Trümmerfeld."
"441","1932-12-11","Zeitung","Archiv der Gegenwart, Bd. 2, 11.12.1932, S. 604 [ff.]. Zit. n. CD-ROM-Ausgabe 2001.","1. Eine internationale Konferenz muß in kürzester Frist allen Geldüberweisungen von Land zu Land ein Ende machen die nicht auf Warenkäufen oder -verkäufen beruhen; 2. diese Konferenz muß mit der Weltwirtschaftskonferenz eng zusammenarbeiten; 3. die Kammer ist der Ansicht, daß die Zahlung vom 15. Dezember nur vorgenommen werden kann, wenn die Vereinigten Staaten ""vor dieser Bezahlung"" die Zusammenkunft der Schulden- und Wirtschaftskonferenz prinzipiell annehmen. (L. B. Kriegsschulden 602 J., Frankreich 524 A, Konferenz 597 M.)"
"442","1929-12-31","Belletristik","Fleißer, Marieluise: Ich reise mit Draws nach Schweden. In: Kesten, Hermann (Hg.) 24 neue deutsche Erzähler, Leipzig u. a.: Kiepenheuer 1983 [1929], S. 404","Die Luft ist kälter, der Himmel von reinerem Blau, das Pflaster peinigend und Draws summt selig wie eine kleine Spieluhr, die ihre geliebte Weise abspielen darf, und tastet nach dem vertrauten Gesicht des Landes."
"443","1932-08-10","Zeitung","Archiv der Gegenwart, Bd. 2, 10.08.1932, S. 442 [ff.]. Zit. n. CD-ROM-Ausgabe 2001.","Die nationalsozialistische Regierung von Mecklenburg-Schwerin gibt bekannt, sie beabsichtige, allen Personen, denen eine Existenz auf dem Lande heute nicht mehr gewährleistet ist, soviel Grund und Boden auf den Ländereien der Staatsdomänen zur Verfügung zu stellen, wie sie zur Sicherung des Unterhaltes ihrer Familie bedürfen. (L. B. Länderregierungen 437 M, Landwirtschaft 436 D Nationalsozialisten 416 E.)"
"444","1927-12-31","Wissenschaft","Jahresberichte für deutsche Geschichte, 1927, S. 184","-- Jedes Land soll die auf seinem Boden erwachsene Literatur bearbeiten, für Deutschland, Österreich und die Schweiz, die nicht beteiligt sind, treten die Länder ein, die keine mittellateinischen Schriftwerke aufzuweisen haben, wobei natürlich Amerika den Löwenanteil erhält."
"445","1931-03-04","Zeitung","Vossische Zeitung (Morgen-Ausgabe), 04.03.1931","Dies Ereignis übte eine umso stärkere Anziehungskraft auf die Freunde des weißen Sports in allen Ländern aus, als es das erstemal war, daß offizielle Abfahrts- und Slalom - Rennen veranstaltet wurden."
"446","1922-12-31","Gebrauchsliteratur","Klemperer, Victor: [Tagebuch] 1922. In: ders., Leben sammeln, nicht fragen wozu und warum, Berlin: Aufbau-Taschenbuch-Verl. 2000 [1922], S. 66","Sie sagt, meine Aussprache sei aber nicht die eines im Lande Gewesenen, geruhte aber sonst befriedigt zu sein."
"447","1930-12-31","Belletristik","Feuchtwanger, Lion: Erfolg. In: ders., Gesammelte Werke in Einzelbänden, Bd. 6, Berlin: Aufbau-Verl. 1993 [1930], S. 519","Die Garage ging nicht schlecht, trotz der notigen Zeiten, denn der Rochus Daisenberger war beliebt bei den Patrioten, sozusagen ein Pfeiler der Partei, ein guter Verbindungsoffizier mit dem flachen Land."
"448","1928-11-20","Zeitung","Tucholsky, Kurt: Die Beamtenpest (III). In: ders., Kurt Tucholsky, Werke - Briefe - Materialien, Berlin: Directmedia Publ. 2000 [1928], S. 6317","Das Land verwechselt nur Arbeit und Organisation und setzt sie gleich, während Organisieren noch lange keine Arbeit ist."
"449","1932-12-31","Wissenschaft","Buber, Martin: Königtum Gottes, Berlin: Schocken 1932, S. 56","So bedeutet denn die feierliche Übergabe der Länder deren Übergang in das Eigentum der durch den Bund gestifteten gott-volklichen, theokratischen Einheit oder, da der Stamm selbst eben dem Stammesgott gehört, in dessen Eigentum."
"450","1927-03-03","Zeitung","Vossische Zeitung (Abend-Ausgabe), 03.03.1927","Wenn die Provinz Sachsen ordentlich verwaltet werden kann ohne den großen Apparat von Ministern und Parlamenten, so wird nicht nur Mecklenburg, sondern auch das Land Sachsen und das Land Thüringen kaum etwas entbehren, wenn ihnen die ewige Sorge genommen wird, ob Kommunisten und Deutschnationale weiter gemeinsam Fangball spielen oder ob die schwankenden Mehrheitsverhältnisse eine ""Koalitionsbildung"" gestatten."
"451","1919-12-31","Belletristik","Stucken, Eduard: Die weißen Götter, Stuttgart: Stuttgarter Hausbücherei [1960] [1919], S. 59","Seit die beiden Kriegshäuptlinge fortgezogen, das südliche Land zu unterjochen, war kaum ein Jahr vergangen - und wie hatte sich die Welt verändert in der kurzen Spanne Zeit!"
"452","1922-03-30","Zeitung","Die Fackel [Elektronische Ressource], 2002 [1922]","Du Land, wo Menschen wohnen, freundliche!"
"453","1926-07-13","Zeitung","Tucholsky, Kurt: Ein Lump. In: ders., Kurt Tucholsky, Werke - Briefe - Materialien, Berlin: Directmedia Publ. 2000 [1926], S. 4469","Dieser entlaufene Monarch wagt also, die Handelsbeziehungen eines Landes zu stören, weil man ihm nicht rechtswidrige Forderungen erfüllen will."
"454","1925-05-23","Gebrauchsliteratur","Die Landfrau, 23.05.1925","Er wünschte nur, daß jeder Italiener, der an der Kultivierung seines Landes zu arbeiten hätte, vorher längere Zeit sich in Deutschland umgesehen hätte."
"455","1920-12-31","Belletristik","Jacques, Norbert: Dr. Mabuse, der Spieler, Gütersloh: Bertelsmann 1961 [1920], S. 167","Die Rheinmündung hatte zwischen zwei Ländern ein breites, fast unbewohntes Gebiet."
"456","1927-12-31","Zeitung","Tucholsky, Kurt: Ein Pyrenäenbuch. In: ders., Kurt Tucholsky, Werke - Briefe - Materialien, Berlin: Directmedia Publ. 2000 [1927], S. 4746","Wenn du Sonntag vormittags auf dein Land heruntersiehst, so steigen dir wohlgefällige Düfte in die Nase, süßer Weihrauch und die Lobreden deiner fetten Pfaffen."
"457","1932-12-31","Wissenschaft","Jahresberichte für deutsche Geschichte, 1930, S. 368","Der Vortrag, der 1926 gehalten wurde, gibt einen klaren und knappen Überblick über die Geschichte der Lande Braunschweig und Hannover im Rahmen der deutschen Geschichte."
"458","1920-12-31","Wissenschaft","Delbrück, Hans: Geschichte der Kriegskunst im Rahmen der politischen Geschichte - Vierter Teil: Neuzeit, Berlin: Directmedia Publ. 2002 [1920], S. 4177","Man stellte fest, daß Ströme oder Gebirge innerhalb der Länder »Abschnitte« bildeten, an denen ein operierendes Heer sich erst sammeln müsse, ehe es sie überschreite."
"459","1925-03-06","Zeitung","Vossische Zeitung (Morgen-Ausgabe), 06.03.1925","Deswegen ist der Ernst, mit dem die Amerikaner ethische oder religiöse Gefühle beachten, nicht geringer zu veranschlagen als in irgendeinem anderen Lande der Welt."
"460","1918-12-31","Gebrauchsliteratur","Schlipf, Johann Adam: Schlipfs populäres Handbuch der Landwirtschaft, Berlin: Parey 1918, S. 190","Da der Weizen ein reines und kräftiges Land verlangt, steht er im extensiven Betriebe am besten nach reiner Brache, sonst nach Raps, Klee oder Bohnen, seltener nach Mais."
"461","1919-12-28","Belletristik","Tucholsky, Kurt: Weihnachten. In: ders., Kurt Tucholsky, Werke - Briefe - Materialien, Berlin: Directmedia Publ. 2000 [1919], S. 1673","Der kriegt eine Bauerntruhe, Fräulein Hippel neue Schuhe, jener hält die liebste Hand - Und das Land?"
"462","1920-12-31","Wissenschaft","Weber, Max: Die Wirtschaftsethik der Weltreligionen. In: Weber, Marianne (Hg.) Gesammelte Aufsätze zur Religionssoziologie, Bd. III, Tübingen: Mohr 1921 [1920-1921], S. 171","Er konnte anknüpfen an jene im Lande bestehenden Kultstätten, an welchen Jahwe ebenso wie zweifellos an den alten außerisraelitischen Kultorten der Wüste, bildlos verehrt wurde."
"463","1930-12-31","Wissenschaft","Freud, Sigmund: Das Unbehagen in der Kultur, Wien: Internat. Psychoanalyt. Verl. 1930, S. 50","In einem solchen Land seien Flüsse, die mit Überschwemmungen drohen, in ihrem Lauf reguliert, ihr Wasser durch Kanäle hingeleitet, wo es entbehrt wird."
"464","1923-12-31","Wissenschaft","Cassirer, Ernst: Philosophie der symbolischen Formen, Darmstadt: Wiss. Buchges. 1994 [1923], S. 113","Das gelobte Land des Positivismus auch wirklich zu betreten, war erst einer neuen Generation von Forschern vorbehalten, die, statt auf eine monistische oder evolutionistische Gesamterklärung des/Wirklichen auszugehen, die Methodenprobleme der Sprachwissenschaft in ihrer Besonderheit, in ihrer scharfen und klaren Isolierung, zu erfassen und sie in dieser Isolierung zu lösen versuchten."
"465","1920-12-31","Wissenschaft","Delbrück, Hans: Geschichte der Kriegskunst im Rahmen der politischen Geschichte - Erster Teil: Das Altertum, Berlin: Directmedia Publ. 2002 [1920], S. 144","Die 16000 Mann Garnisontruppen sind nicht diejenigen, die tatsächlich die Mauern besetzt hielten, wenn der Feind ins Land kam, sondern diejenigen, die selbst dann noch zur Verfügung gestanden hätten für die Mauerverteidigung, wenn das ganze Feldhoplitenheer anderweitig engagiert gewesen wäre."
"466","1930-12-31","Gebrauchsliteratur","Bode, Wilhelm von: Mein Leben, 2 Bde. In: Simons, Oliver (Hg.) Deutsche Autobiographien 1690-1930, Berlin: Directmedia Publ. 2004 [1930], S. 10261","Neben der Anregung, die er uns in Stadt und Land zu geben wußte, benutzte er die freien Stunden des Abends oder auf der Fahrt, um kursorisch Stücke aus den Klassikern mit uns zu lesen."
"467","1919-12-31","Belletristik","Nabl, Franz: Die Augen. In: ders., Der Tag der Erkenntnis, Graz u. a.: Stiasny 1961 [1919], S. 75","Dieser Zug kam schon vom Hauptbahnhöfe her stark besetzt mit Männern, deren Familien noch draußen auf dem Lande weilten."
"468","1926-12-31","Belletristik","Traven, B.: Das Totenschiff, Berlin: Büchergilde Gutenberg 1929 [1926], S. 84","Kein Wunder, das Land hatte ja an dem Kriege für die Freiheit und die Demokratie der Welt nicht teilgenommen."
"469","1932-08-11","Zeitung","Archiv der Gegenwart, Bd. 2, 11.08.1932, S. 442 [ff.]. Zit. n. CD-ROM-Ausgabe 2001.","Unter Hinweis auf die durch die jüngsten Erfahrungen erwiesene Unhaltbarkeit des Zustandes, daß im Reich und in Preußen eine gänzlich verschiedene Politik auf allen Gebieten getrieben werden könne, erklärte Frhr. v. Gayl, daß das Verhältnis zwischen dem Reich und Preußen in eine enge Gemeinschaft zwischen beiden umgestaltet werden müsse, wobei nach erfolgter Umgestaltung ein Anwachsen der Bedeutung der anderen Länder für das Gesamtleben Deutschlands durchaus möglich und festlegbar sei. (L. B. Verfassung 437 M, Regierung 438 C, Länderregierungen 442 A.)"
"470","1932-12-10","Zeitung","Archiv der Gegenwart, Bd. 2, 10.12.1932, S. 603 [ff.]. Zit. n. CD-ROM-Ausgabe 2001.","Der nach schwierigen Verhandlungen, die mit kurzen Unterbrechungen seit Juni im Gang waren, in Wien unterzeichnete Handelsvertrag soll in beiden Ländern unverzüglich ratifiziert werden und am 1. Januar 1933 in Kraft treten."
"471","1918-12-31","Wissenschaft","Weber, Max: Parlament und Regierung im neugeordneten Deutschland. In: Weber, Marianne (Hg.) Gesammelte Politische Schriften, München: Drei Masken Verl. 1921 [1918], S. 223","Gegen Putsche, Sabotage und ähnliche politisch sterile Ausbrüche, wie sie in allen Ländern - bei uns seltener als anderwärts - vorkommen, würde jede, auch die demokratischste und sozialistischste Regierung, das Standrecht anwenden müssen, wenn sie nicht Konsequenzen wie jetzt in Rußland riskieren will."
"472","1918-12-31","Gebrauchsliteratur","Schlipf, Johann Adam: Schlipfs populäres Handbuch der Landwirtschaft, Berlin: Parey 1918, S. 25","Offene Gräben wendet man nur noch bei Moordammkulturen und auf Wiesen an, da sie viel Land beanspruchen, die Bearbeitung stören, teuer in der Unterhaltung und Herde der Verunkrautung sind."
"473","1932-12-31","Wissenschaft","Jahresberichte für deutsche Geschichte, 1930, S. 420","Aus der vom Verf. benutzten reichhaltigen Korrespondenz des Intendanten mit seinem Vorgesetzten Louvois, die im Archiv des Pariser Kriegsministeriums erhalten ist, läßt sich eine einigermaßen deutliche Vorstellung davon gewinnen, welchen Anteil La Grange, »le véritable conquérant civil de l'Alsace«, an der langsamen und stetigen Französierung des Landes hatte."
"474","1928-12-31","Wissenschaft","Jahresberichte für deutsche Geschichte, 1928, S. 243","Neben dieser Erforschung der Kastelle vermittelt diejenige der Römerstraßen uns die unmittelbarsten Einblicke in den Vorgang der Besetzung des Landes; neue Beobachtungen in dieser Richtung liegen aus der Rheinprovinz vor (816)."
"475","1922-12-31","Gebrauchsliteratur","Sudermann, Hermann: Das Bilderbuch meiner Jugend. In: Simons, Oliver (Hg.) Deutsche Autobiographien 1690-1930, Berlin: Directmedia Publ. 2004 [1922], S. 65973","Oh, ihr glückseligen Schlittschuhfahrten ins weite Land hinaus!"
"476","1926-12-31","Belletristik","Grimm, Hans: Volk ohne Raum, München: Langen 1932 [1926], S. 352","Begütigend fügte er hinzu: ""Es ist immerhin Raum genug in diesem gelobten Lande, und ein ordentlicher Mann mag willkommen sein."""
"477","1930-12-31","Belletristik","Feuchtwanger, Lion: Erfolg. In: ders., Gesammelte Werke in Einzelbänden, Bd. 6, Berlin: Aufbau-Verl. 1993 [1930], S. 53","Machte sich schließlich an das kleinere Buch, an die »Geschichte des Unrechts im Lande Bayern«, seine Selbstvorwürfe einschläfernd mit der flauen Rechtfertigung, dies sei nur Vorarbeit zu dem großen Werk."
"478","1932-12-31","Belletristik","Roth, Joseph: Radetzkymarsch, Köln: Kiepenheuer & Witsch 1978 [1932], S. 161","Denn die Sümpfe lagen unheimlich ausgebreitet über der ganzen Fläche des Landes, zu beiden Seiten der Landstraße, mit Fröschen, Fieberbazillen und tückischem Gras, das den ahnungslosen, des Landes unkundigen Wanderern eine furchtbare Lockung in einen furchtbaren Tod bedeutete."
"479","1920-12-31","Belletristik","Schaeffer, Albrecht: Helianth I, Bonn: Weidle 1995 [1920], S. 106","Vorher war es ihm ein süßgoldener Spiegel gewesen; jetzt war er plötzlich daraus fort, und sie spiegelte Land und Meer selig aus der Vogelschau."
"480","1931-12-07","Zeitung","Archiv der Gegenwart, Bd. 1, 07.12.1931, S. 99 [ff.]. Zit. n. CD-ROM-Ausgabe 2001.","Dabei sei die Existenz der Juden in allen Ländern so tief im Leben der letzteren verwurzelt, daß ein Loskommen sehr schwer sei."
"481","1931-03-02","Zeitung","Berliner Tageblatt (Abend-Ausgabe), 02.03.1931","Er hat mit der grössten Eindringlichkeit die privatwirtschaftliche Unfruchtbarkeit und Gefährlichkeit ""politischer Zahlungen"" dargetan, hier im Einklang mit der wachsenden Zahl wirtschaftlicher Sachverständiger gerade in den Ländern, an die die deutschen Zahlungen fliessen."
"482","1918-03-05","Zeitung","Berliner Tageblatt (Morgen-Ausgabe), 05.03.1918","Es sollen umgehend im ganzen Lande für eine Petition an den Großherzog Friedrich Franz Unterschriften gesammelt werden."
"483","1927-03-05","Zeitung","Vossische Zeitung (Morgen-Ausgabe), 05.03.1927","Am Freitag traten unter dem Vorsitz des Reichsjustizministers Hergt im Reichsjustizministerium die Justizminister der Länder zu einer Aussprache zusammen, in der die wichtigsten Fragen der Strafrechtsreform erörtert wurden."
"484","1920-12-31","Belletristik","Jacques, Norbert: Dr. Mabuse, der Spieler, Gütersloh: Bertelsmann 1961 [1920], S. 14","Sie erweisen aber dem Land und wahrscheinlich sich selber einen Dienst."
"485","1932-06-02","Zeitung","Archiv der Gegenwart, Bd. 2, 02.06.1932, S. 354 [ff.]. Zit. n. CD-ROM-Ausgabe 2001.","In beiden Ländern genießen die Staatsangehörigen des anderen Landes Staatsbürgerrechte, ohne jedoch zu Militärdiensten gezwungen zu sein."
"486","1926-12-31","Belletristik","Grimm, Hans: Volk ohne Raum, München: Langen 1932 [1926], S. 561","Auf dem flachen Lande machen sich die entlassenen Soldaten jetzt überall bemerkbar; für jede Arbeitsgelegenheit treffen am entferntesten Orte gleich ein paar wettergebräunte Arbeitssucher ein."
"487","1919-03-20","Zeitung","Tucholsky, Kurt: Der Untertan. In: ders., Kurt Tucholsky, Werke - Briefe - Materialien, Berlin: Directmedia Publ. 2000 [1919], S. 1245","Das Land war - war . . . - ein einziger Kasernenhof."
"488","1927-03-04","Zeitung","Vossische Zeitung (Morgen-Ausgabe), 04.03.1927","Wenn man einmal mit angesehen hat, mit welcher Unverfrorenheit sich die meisten Uebersetzer aus Werk machen, mit welch völligem Mangel an Kenntnis von Land, Grammatik und Lebensgewohnheiten der andern, dann wird einem himmelangst , und man wundert sich über gar nichts mehr."
"489","1932-04-11","Zeitung","Archiv der Gegenwart, Bd. 2, 11.04.1932, S. 282 [ff.]. Zit. n. CD-ROM-Ausgabe 2001.","Bei der Behandlung der Steuergesetze im Senat soll ein Antrag eingebracht werden, daß eingeführte Waren, gleichgültig ob zollpflichtig oder nicht, wenn sie aus Ländern mit entwerteter Valuta kommen, einer der Entwertung angepaßten Einfuhrsteuer unterworfen werden."
"490","1932-07-11","Zeitung","Archiv der Gegenwart, Bd. 2, 11.07.1932","Eine erhebliche Anzahl von Vergnügungsreisenden ins Land zu ziehen, ist der Organisation trotz großer Anstrengungen noch nicht gelungen."
"491","1928-12-31","Gebrauchsliteratur","Reznicek, Paula von u. Reznicek, Burghard von: Der vollendete Adam. In: Zillig, Werner (Hg.) Gutes Benehmen, Berlin: Directmedia Publ. 2004 [1928], S. 12720","Die Metropolen aller Länder haben ihre Brennpunkte, das Dorado der Geisha."
"492","1928-07-08","Zeitung","Tucholsky, Kurt: Der Ruf auf der Straße. In: ders., Kurt Tucholsky, Werke - Briefe - Materialien, Berlin: Directmedia Publ. 2000 [1928], S. 6053","So, wie der Ruf von der Straße hundert- und hundertmal mein Ohr getroffen, bis er sich vom Laut zur Mitteilung hindurchgerungen hatte, so habe ich tausend und tausend Äußerungen des französischen Charakters an mir vorbeipassieren lassen, jede einzelne gleichgültig, jede nicht sehr welterschütternd, alle ohne System - bis zu dem Tage, wo sie sich aufbauten und wo nun auf einmal ein ganzes Land vor mir lag."
"493","1928-04-02","Zeitung","Berliner Tageblatt (Abend-Ausgabe), 02.04.1928","An jener bedingungslosen Zuverlässigkeit des Landes dem Reich gegenüber hat sich bis zur Stunde nicht das mindeste geändert, und das dürfte für die schliessliche Beurteilung der Weimarer Koalition ausschlaggebend sein."
"494","1922-03-06","Zeitung","Berliner Tageblatt (Abend-Ausgabe), 06.03.1922","Ueber die Landespolitik referierte Landtagsabgeordneter Timm -München, der ausführte, daß Bayern der Hort der Reaktion sei und leider das einzige Land im ganzen Reiche, welches eine ständige Gefahr für die Republik bedeute."
"495","1919-08-28","Zeitung","Tucholsky, Kurt: Schuldbuch. In: ders., Kurt Tucholsky, Werke - Briefe - Materialien, Berlin: Directmedia Publ. 2000 [1919], S. 1437","Aber die politische Leitung, oder was sich so nannte, fürchtete ihn; denn sie besaß wenigstens ein klein wenig Verantwortlichkeitsgefühl für das Land."
"496","1924-03-13","Zeitung","Vossische Zeitung (Morgen-Ausgabe), 13.03.1924","Die leise wogende Melodie der Klänge, die machtlose Benommenheit der Reisemüden, das Land, dessen Umrisse die sinkende Nacht abenteuerlich machte, schlossen sich unter dem murmelnden Beten des Priesters zusammen zu einer erregten Feierlichkeit, machten aus jeder Empfindung ein Werkzeug für Erlebnisse."
"497","1925-03-05","Zeitung","Berliner Tageblatt (Abend-Ausgabe), 05.03.1925","Der im ganzen Lande angerichtete Schaden , besonders in den Wäldern und an den Telegraphenleitungen, dürfte recht schwer sein."
"498","1920-12-31","Wissenschaft","Delbrück, Hans: Geschichte der Kriegskunst im Rahmen der politischen Geschichte - Vierter Teil: Neuzeit, Berlin: Directmedia Publ. 2002 [1920], S. 3523","Als nun die Nachrichten von den Taten der Schweizer und der Landsknechte auch in Italien erschollen, fanden sich bald einsichtige Kriegsmänner, die die neue Praxis auch auf ihr Land übertragen wollten."
"499","1918-12-31","Gebrauchsliteratur","Schlipf, Johann Adam: Schlipfs populäres Handbuch der Landwirtschaft, Berlin: Parey 1918, S. 568","Man nimmt an, daß von Zeit zu Zeit ein geeignetes Stück Feld aus dem zur Viehweide benutzten, noch ganz rohen Lande umgebrochen und solange mit Getreide bebaut wurde, bis der Boden erschöpft war; dann brach man ein anderes Stück auf, um später wieder auf das erste zurückzukommen, wenn es an Land fehlte."
"500","1926-12-31","Belletristik","Traven, B.: Das Totenschiff, Berlin: Büchergilde Gutenberg 1929 [1926], S. 64","Wäre ich innerhalb vierzehn Tagen nicht raus aus dem Lande, dann bekäme ich ein Jahr und Deportation nach Deutschland."
