"No.","Date","Genre","Bibl","Hit"
"1","1934-01-01","gesprochen","Hitler, Adolf, Was soll das Ende sein?, in: Ernst Boepple (Hg.), Adolf Hitlers Reden, München: 1934 [12. April 1922]","Jenes Kapital, das seinen Charakter erhält durch die einzige überstaatliche Nation, die selbst national ist bis in die Knochen, sich aber über den anderen Nationen dünkend, sich auch über sie stellt und über sie auch bereits herrscht."
"2","1940-01-04","Zeitung","Archiv der Gegenwart, Bd. 10, 04.01.1940","Die zweite Tatsache besteht darin, daß beinahe bei allen Nationen der Erde heute der aufrichtige öffentliche Glaube besteht, daß die Vereinigten Staaten ein mächtiger Faktor der Bemühungen für die Wiederherstellung des Friedens waren und weiterhin sein werden."
"3","1939-12-31","Wissenschaft","Elias, Norbert: Über den Prozeß der Zivilisation - Soziogenetische und psychogenetische Untersuchungen Bd. 1, Frankfurt a. M.: Suhrkamp 1992 [1939], S. 40","In der Vorstellung des ""sozialen Systems"", die man hier vor sich hat, zeichnet sich mit andern Worten das Bild einer Nation als Gemeinschaft ab."
"4","1945-05-07","Zeitung","Archiv der Gegenwart, Bd. 15, 07.05.1945","Benutzen wir die Zukunft unserer Nation für eine Umwandlung unseres Geistes und dafür, daß die besten Kräfte Deutschlands, die der Welt dauernde große Werte geschaffen haben, wiedererwachen."
"5","1943-12-14","Zeitung","Archiv der Gegenwart, Bd. 13, 14.12.1943, S. 6205 [ff.]. Zit. n. CD-ROM-Ausgabe 2001.","Der Sieg der europäischen Nationen unter Führung Deutschlands ist der einzige Weg, der in die Zukunft weist."
"6","1938-07-30","Zeitung","Archiv der Gegenwart, Bd. 8, 30.07.1938, S. 3656 [ff.]. Zit. n. CD-ROM-Ausgabe 2001.","Das Bezirksamt, bei dem diese Meldung zu erfolgen hat, erkennt aber das Bekenntnis zu einer anderen Nation als zu der der Muttersprache nur dann an, wenn jemand seine Muttersprache weder in seiner Familie noch in seinem Privatleben spricht und die Sprache jener Nation, zu der er sich bekennen will, vollkommen beherrscht."
"7","1945-03-08","Zeitung","Archiv der Gegenwart, Bd. 15, 08.03.1945, S. 131 [ff.]. Zit. n. CD-ROM-Ausgabe 2001.","[...] Präambel: Im Hinblick darauf, daß: die Völker Amerikas beseelt von tiefer Gerechtigkeitsliebe sich auch weiterhin aufrichtig zu den Grundsätzen des Völkerrechts beikennen, ist es ihr Wunsch, daß diese Grundsätze trotz der gegenwärtigen schwierigen Umstände mit größerem Gewicht als bisher für die Gestaltung der künftigen internationalen Beziehungen maßgebend sein sollen; die Interamerikanischen Konferenzen wiederholt bestimmte grundlegende Prinzipien verkündet haben, die aber in einer Zeit, in der die rechtlichen Beziehungen innerhalb der Gemeinschaft der Nationen auf eine neue Grundlage gestellt werden, neuerlich bestätigt und verkündet werden müssen, die veränderte internationale Lage, die Einigkeit und Solidarität der Völker Amerikas mehr als je für die Verteidigung ihrer Rechte und die Aufrechterhaltung internationalen Friedens unumgänglich notwendig macht; die Staaten Amerikas seit 1890 durch Konventionen, Entschließungen und Erklärungen die folgenden Grundsätze zu einem Bestandteil ihres internationalen Rechts gemacht haben: a) die Ächtung territorialer Eroberungen und die Nichtanerkennung aller durch Gewalt vollzogenen Erwerbungen (Erste Internationale Konferenz der amerikanischen Staaten, 1890); b) die Verurteilung der Einmischung eines Staates in die inneren oder äußeren Angelegenheiten eines anderen (Siebente Internationale Konferenz der amerikanischen Staaten, 1933 und Interamerikanische Konferenz für [...]"
"8","1945-04-27","Zeitung","Archiv der Gegenwart, Bd. 15, 27.04.1945","Laut Reuter wurde eine Einigung über den Vorsitzenden der Konferenz der Vereinten Nationen von San Franzisco (194 B) erzielt."
"9","1940-05-01","Zeitung","Archiv der Gegenwart, Bd. 10, 01.05.1940","Er gedachte aller jener, die, vom jüngsten Lehrling bis zum Betriebsführer, unter den schwierigsten Verhältnissen ihre Pflicht für die Nation tun."
"10","1939-04-01","Zeitung","Archiv der Gegenwart, Bd. 9, 01.04.1939","Sie haben als Freiwillige mitgeholfen ein tyrannisches Regime zu brechen und einer Nation wieder das Selbstbestimmungsrecht zu geben."
"11","1937-04-13","Zeitung","Archiv der Gegenwart, Bd. 7, 13.04.1937, S. 3013 [ff.]. Zit. n. CD-ROM-Ausgabe 2001.","Die Einmengung irgendeines ausländischen Staates in die innere Politik Ungarns könne aber als Verletzung der souveränen ungarischen Nation nicht geduldet werden."
"12","1939-01-30","Zeitung","Archiv der Gegenwart, Bd. 9, 30.01.1939, S. 3922 [ff.]. Zit. n. CD-ROM-Ausgabe 2001.","Allen als Vorbild und Richtschnur stehe auch als großer Lehrmeister der deutschen Nation, der Führer als großes nationales Ideal vor der deutschen Jugend, als ein Mann, für den sich die Jugend auf das lebendigste begeistern könne. (L. B. 3913 G.)"
"13","1943-09-12","Zeitung","Archiv der Gegenwart, Bd. 13, 12.09.1943, S. 6085 [ff.]. Zit. n. CD-ROM-Ausgabe 2001.","Die italienische Regierung verpflichtet sich ihrerseits, jede Verwaltungsbehörde oder Behörde anderer Art hinzunehmen, die der Oberbefehlshaber für notwendig erachtet; vor allem wird der Oberbefehlshaber eine alliierte Militärregierung in den Teilen des italienischen Gebietes errichten, in denen er eine derartige Maßnahme im militärischen Interesse der alliierten Nationen für erforderlich hält."
"14","1941-12-31","Zeitung","Archiv der Gegenwart, Bd. 11, 31.12.1941","Jetzt, wo die beiden großen Nationen ihre Lebensenergien mit der gleichen Entschlossenheit vereinigt haben, wird die Flamme ihrer Freiheitsfackel in immer hellerem Lichte erstrahlen."
"15","1940-03-15","Zeitung","Archiv der Gegenwart, Bd. 10, 15.03.1940, S. 4456 [ff.]. Zit. n. CD-ROM-Ausgabe 2001.","In dem Schreiben versichern die Legionäre König Carol ihrer Anhänglichkeit und erklären sich bereit, falls ein Befehl des Königs das verlange, ihren Tribut an Opfern im Dienste der Nation zu bringen."
"16","1936-05-16","Zeitung","Archiv der Gegenwart, Bd. 6, 16.05.1936, S. 2558 [ff.]. Zit. n. CD-ROM-Ausgabe 2001.","In beiden Nationen müsse der Wille erweckt werden die beiderseitigen Wünsche freimütig gegenüberzustellen, um ein gutes Einvernehmen zu schaffen."
"17","1942-12-23","Zeitung","Archiv der Gegenwart, Bd. 12, 23.12.1942, S. 5768 [ff.]. Zit. n. CD-ROM-Ausgabe 2001.","Wir verteidigen zwar unser eigenes Land, aber mit allen Alliierten verteidigen wir vor allem etwas, was uns teurer ist als unsere eigene Nation -- nämlich die Sache des Rechts, der Freiheit und der Kultur der Menschheit."
"18","1934-09-05","Zeitung","Archiv der Gegenwart, Bd. 4, 05.09.1934","Durch die Stellung der Wehrmacht als einzigen Waffenträgers der Nation zu dem neuen Staat sei auf unabsehbare Zeit eine Sicherung des neuen Zustandes erfolgt."
"19","1940-06-22","Zeitung","Archiv der Gegenwart, Bd. 10, 22.06.1940, S. 4587 [ff.]. Zit. n. CD-ROM-Ausgabe 2001.","Die neue Organisation biete jedermann eine Möglichkeit, seinen Anteil an der im Interesse der Nation zu leistenden Arbeit zu nehmen."
"20","1940-03-26","Zeitung","Archiv der Gegenwart, Bd. 10, 26.03.1940, S. 4468 [ff.]. Zit. n. CD-ROM-Ausgabe 2001.","Gegenüber einer solchen Drohung bleibt uns nichts anderes übrig, als auf den alten Instinkt unserer Vorfahren zu hören: den alten Instinkt, der die Monarchie im Kampf gegen Karl V. beseelte, den Instinkt, der die revolutionäre Nation vor dem Kaiserreich 1792 formte, der Instinkt, der das republikanische Frankreich über das Deutschland Wilhelms II. triumphieren ließ."
"21","1945-02-10","Zeitung","Archiv der Gegenwart, Bd. 15, 10.02.1945","Der britische Arbeitsminister Bevin hob die Aufgabe der Arbeiterschaft, zur Verständigung zwischen den Nationen beizutragen, hervor."
"22","1943-06-27","Zeitung","Molo, Walter von: Seiner Zeit um 100 Jahre voraus ... In: Koralle, 27.06.1943, S. 264","""Zwischen dem Individuum und der Menschheit steht die Nation."""
"23","1944-03-01","Zeitung","Archiv der Gegenwart, Bd. 14, 01.03.1944, S. 6292 [ff.]. Zit. n. CD-ROM-Ausgabe 2001.","Außerdem solle eine Altersversorgung (4423 E) eingeführt werden, die in ihren Grundzügen bereits festliege, durch die die Nation das zurückgebe, was ihr während eines Arbeitslebens an Leistungen gegeben worden sei."
"24","1945-01-21","Zeitung","Archiv der Gegenwart, Bd. 15, 21.01.1945, S. 6668 [ff.]. Zit. n. CD-ROM-Ausgabe 2001.","""Das Ziel unserer Armeen in China ist, die amerikanischen Armeen und Stützpunkte sowie alle Armeen der mit den Alliierten verbündeten Nationen vernichtend zu schlagen."
"25","1944-06-11","Zeitung","Archiv der Gegenwart, Bd. 14, 11.06.1944, S. 6408 [ff.]. Zit. n. CD-ROM-Ausgabe 2001.","Der Zeitpunkt der Verhandlungen hänge von den übrigen Nationen ab."
"26","1945-12-23","Zeitung","Archiv der Gegenwart, Bd. 15, 23.12.1945, S. 582 [ff.]. Zit. n. CD-ROM-Ausgabe 2001.","Die Kontrollkommission für Deutschland richtete laut AFP eine Note an die Regierungen der Vereinten Nationen, die folgende Forderungen enthält:"
"27","1945-08-29","Zeitung","Archiv der Gegenwart, Bd. 15, 29.08.1945, S. 403 [ff.]. Zit. n. CD-ROM-Ausgabe 2001.","Er verwies auf den Beitritt Dänemarks zur Organisation der Vereinten Nationen (260 A), was bedeute, daß es in Zukunft für sein Land keine Neutralität mehr geben könne."
"28","1940-01-30","Zeitung","Archiv der Gegenwart, Bd. 10, 30.01.1940","Dieses Versailles wurde garantiert von dem neuen Völkerbund, nicht einem Bund der freien Nationen, der gleichen Nationen, überhaupt gar kein Völkerbund -- die eigentliche begründende Nation blieb ihm von Anfang an fern -- sondern ein Völkerbund, dessen einzige Aufgabe es war, dieses gemeinste aller Diktate zu garantieren und uns zu zwingen, es zu erfüllen."
"29","1941-01-11","Zeitung","Archiv der Gegenwart, Bd. 11, 11.01.1941, S. 4847 [ff.]. Zit. n. CD-ROM-Ausgabe 2001.","Es ist von grundlegender Wichtigkeit, dieses Programm in richtiger Weise zu ergänzen; die Zeit ist gekommen, die Sicherung der weiteren, laufenden Lieferung des lebenswichtigen Kriegsmaterials an diejenigen Nationen in Erwägung zu ziehen, die sich gegen einen Angriff und gegen die Aufzwingung neuer Regierungsformen verteidigen."
"30","1940-11-29","Zeitung","Archiv der Gegenwart, Bd. 10, 29.11.1940, S. 4793 [ff.]. Zit. n. CD-ROM-Ausgabe 2001.","Griechenland versichere seine Gegner, daß es entschlossen sei weiterzuleben als freie und unabhängige Nation."
"31","1945-05-08","Zeitung","Archiv der Gegenwart, Bd. 15, 08.05.1945","Für den Triumph des Geistes und der Waffen, den wir errungen haben, und für seine Folgen für die Völker allenthalben, die wie wir die Freiheit lieben, gehört es sich, daß wir als Nation dem allmächtigen Gott Dank abstatten, der uns gestärkt und uns den Sieg gegeben hat."
"32","1940-04-19","Zeitung","Archiv der Gegenwart, Bd. 10, 19.04.1940","Unser Land ist einem Blitzangriff von seiten einer Nation ausgesetzt worden, zu der wir immer freundschaftliche Beziehungen unterhalten hatten."
"33","1943-10-07","Zeitung","Archiv der Gegenwart, Bd. 13, 07.10.1943","Da ich nicht in der Lage bin, in unmittelbare Verbindung mit dem Duce zu treten, erlaube ich mir, Eure Exzellenz ergebenst zu bitten, obiges dem Duce freundlichst bekanntgeben zu wollen, und ihm gleichzeitig mitzuteilen, daß die ungarische Nation nie vergessen wird was er für sie getan hat und daß die ungarische Nation sich hierfür zu immerwährendem Dank verpflichtet fühlt."
"34","1939-06-29","gesprochen","o.A., Großkundgebung der NSDAP in der Prager Messehalle, 29.06.1939","Dies aber bedeutet nicht mehr und nicht weniger, als dass der deutschen Nation ein Kampf aufgezwungen ist, dessen Bedeutung nicht nur für uns, sondern für die Zukunft der gesamten gesitteten Menschheit entscheidend ist."
"35","1943-07-16","Zeitung","Archiv der Gegenwart, Bd. 13, 16.07.1943, S. 6014 [ff.]. Zit. n. CD-ROM-Ausgabe 2001.","Die polnische Nation verliert damit einen großen Soldaten und Staatsmann welcher ihr wertvolle Dienste geleistet hat."
"36","1942-09-14","Zeitung","Archiv der Gegenwart, Bd. 12, 14.09.1942, S. 5632 [ff.]. Zit. n. CD-ROM-Ausgabe 2001.","Wenn Churchill von den Vereinigten Nationen ""unter dem Schutz Gottes"" spreche und bei Aufzählung dieser Nationen einer Anzahl von landesflüchtigen Exilregierungen den bolschewistischen Staat und die Negerrepublik Haiti folgen lasse, so könne man zu einer solchen Kreuzzugschar ""zur Erreichung der Ziele der Menschheit"" nur gratulieren."
"37","1945-12-03","Zeitung","Archiv der Gegenwart, Bd. 15, 03.12.1945, S. 549 [ff.]. Zit. n. CD-ROM-Ausgabe 2001.","Die Guthaben werden jeder Nation auf das Reparationskonto in Rechnung gestellt."
"38","1933-03-04","Zeitung","Völkischer Beobachter, 04.03.1933","Der Redner beendete seine Ausführungen mit einem Appell an die Versammlungsteilnehmer, sich restlos ohne Unterschied für den deutschen Freiheitskampf einzusetzen, damit dereinst eine spätere Generation mit Stolz sich zur deutschen Nation bekennen kann."
"39","1942-09-29","Zeitung","Archiv der Gegenwart, Bd. 12, 29.09.1942","Am ""Tag der Vereinigten Nationen"" am 14. Juni 1942 erfolgte der Anschluß zweier weiterer Staaten (5632 A), so daß nunmehr folgende 28 Staaten im Sinne der Atlantik-Charta zu den ""Vereinigten Nationen"" gehören:"
"40","1945-08-26","Zeitung","Archiv der Gegenwart, Bd. 15, 26.08.1945, S. 397 [ff.]. Zit. n. CD-ROM-Ausgabe 2001.","[...] Das Präsidium des Obersten Rates der Sowjetunion und der Präsident der Nationalregierung der chinesischen Republik, in dem Wunsche, die friedlichen Beziehungen, welche zwischen den beiden Ländern immer bestanden haben, durch das Mittel eines Bündnisses und einer gutnachbarlichen Zusammenarbeit in der Nachkriegszeit zu verstärken, und vom Willen erfüllt, jede Ihnen mögliche weitere Hilfe im Kampfe gegen die Aggression der Feinde der Vereinten Nationen in diesem Weltkrieg zu leisten, ferner im Wunsche zur Zusammenarbeit im gemeinsamen Kriege gegen Japan bis zu dessen bedingungsloser Kapitulation, drücken ihre unerschütterliche Entschlossenheit zur Zusammenarbeit in der Aufgabe der Wahrung des Friedens und der Sicherheit zum Nutzen der Völker beider Länder und aller friedliebenden Nationen auf der Grundlage der oben angegebenen Grundsätze aus. [...]"
"41","1942-01-03","Zeitung","Archiv der Gegenwart, Bd. 12, 03.01.1942, S. 5340 [ff.]. Zit. n. CD-ROM-Ausgabe 2001.","Die vorliegende Erklärung kann auch von andern Nationen unterzeichnet werden, die materiell den im Kampf gegen den Nationalsozialismus stehenden Ländern helfen oder helfen werden."
"42","1942-09-14","Zeitung","Archiv der Gegenwart, Bd. 12, 14.09.1942, S. 5628 [ff.]. Zit. n. CD-ROM-Ausgabe 2001.","An der vom 14. bis 18. September in Wien stattfindenden Europäischen Jugendtagung nahmen außer Deutschland folgende dreizehn Nationen teil: Belgien (mit einer flämischen und einer wallonischen Abteilung), Bulgarien, Dänemark, Finnland, Italien, Kroatien, Niederlande, Norwegen, Rumänien, Slowakei, Spanien und Ungarn."
"43","1944-08-04","Zeitung","Archiv der Gegenwart, Bd. 14, 04.08.1944","Es jetzt voll auszuschöpfen und ganz einzusetzen, sei nicht nur eine Lebensfrage der ganzen Nation, sondern auch eine Ehrensache ihrer Führung."
"44","1945-01-30","Zeitung","Archiv der Gegenwart, Bd. 15, 30.01.1945","Es ist aber deshalb erst recht unser unabänderlicher Wille, in diesem Kampf der Errettung unseres Volkes vor dem grauenhaftesten Schicksal aller Zeiten vor nichts zurückzuschrecken und unwandelbar und treu dem Gebot der Erhaltung unserer Nation zu gehorchen."
"45","1942-08-10","Zeitung","Archiv der Gegenwart, Bd. 12, 10.08.1942, S. 5588 [ff.]. Zit. n. CD-ROM-Ausgabe 2001.","Drittens wäre es aber ein Zeichen großen Selbstbetruges, zu hoffen und zu erwarten, daß ein Appell an die sogenannten Vereinigten Nationen Früchte tragen würde, nachdem unsere an Großbritannien gerichteten Bitten für unsere Freiheit zu nichts geführt haben."
"46","1943-11-17","Zeitung","Archiv der Gegenwart, Bd. 13, 17.11.1943","Die drei Regierungen haben hernach die Notwendigkeit der Fortführung der engen Zusammenarbeit in ihrem eigenen Interesse und im Interesse aller Nationen anerkannt und ebenso einer weiteren engen Fühlungnahme in der Zeit unmittelbar nach Abschluß der Feindseligkeiten."
"47","1940-06-25","Zeitung","Archiv der Gegenwart, Bd. 10, 25.06.1940, S. 4595 [ff.]. Zit. n. CD-ROM-Ausgabe 2001.","Die Lage, wie sie sich im Augenblick darstelle sei ungewiß und dunkel, und es würde den Interessen der Nation nicht entsprechen, wenn er als ein verantwortungsbewußter Ministerpräsident sich auf Voraussagen oder Spekulationen auf die Zukunft einlasse."
"48","1941-03-17","Zeitung","Archiv der Gegenwart, Bd. 11, 17.03.1941, S. 4934 [ff.]. Zit. n. CD-ROM-Ausgabe 2001.","Roosevelt erklärte weiter, daß die Vereinigten Staaten unter dem Lend-and-Lease-Gesetz (Englandhilfegesetz) jeder Nation helfen würden, die sich gegen einen Angriff verteidigt oder eine solche Verteidigung in Betracht ziehen muß, lehnte es aber ab, in diesem Zusammenhang einzelne Länder zu erwähnen."
"49","1941-07-23","Zeitung","Archiv der Gegenwart, Bd. 11, 23.07.1941, S. 5127 [ff.]. Zit. n. CD-ROM-Ausgabe 2001.","Italien stand Ihnen in diesem Kampf ständig zur Seite, getreu dem Grundsatz, der unsere Politik beseelt und leitet, daß man nur durch Wiedergutmachung des begangenen Unrechts die Grundlagen für ein friedliches Zusammenleben zwischen den Nationen Europas schaffen könne."
"50","1943-04-13","Zeitung","Archiv der Gegenwart, Bd. 13, 13.04.1943","Zum Machtbereich der Dreierpaktmächte gehörende Staaten bzw. ehemalige Staaten, die sich zum ""Neuen Europa"" bzw. zu Großostasien bekenne, deren Exilregierungen jedoch als ""Alliierte Nationen"" aufscheinen:"
"51","1936-10-25","gesprochen","o.A., Eröffnung der ""Woche des Deutschen Buches"" in der Weimarhalle in Weimar, 25.10.1936","Wie viel aber hat sich in Deutschland gerade auf dem Gebiet der geistigen Betätigung und dichterischen Schöpfung geändert, seitdem wir im Jahre 1934 in der ersten Buchwoche werbend an die Nation herantraten."
"52","1939-12-31","Wissenschaft","Jahresberichte für deutsche Geschichte, 1939, S. 646","Ist in der ersten Studie, in der D. eine augenblickliche Geldschwierigkeit Trczkas in Paris schildert, von höchstem Belange, daß der tschechische Adlige Bubna erklärt, er sei seinem Freunde »allein zur Erhaltung des Teutschen credits bey fremdten Nationen« und zur Vermeidung einer Schande »totius Germanicae nationis« beigesprungen, so läßt die zweite das zähe Ringen zwischen der Krone und den Anhängern Wallensteins um den Nachlaß des auch in Eger ermordeten Trczka erkennen."
"53","1938-10-18","Zeitung","Archiv der Gegenwart, Bd. 8, 18.10.1938, S. 3767 [ff.]. Zit. n. CD-ROM-Ausgabe 2001.","Das sei eine Tatsache, die nicht geleugnet werden könne, und die dazu berechtige, der gemeinsamen Erklärung Hitlers und Chamberlains die größte Bedeutung beizumessen und der Überzeugung Ausdruck zu geben, daß mit Geduld, Zurückhaltung und Verständigungsbereitschaft es möglich wäre, die Kluft, die Europa in feindliche Gebiete scheidet, zu überbrücken und wieder eine Gemeinschaft der Nationen zu errichten, um der leidenden Menschheit einen stabilen Frieden zu gewährleisten."
"54","1943-11-26","Zeitung","Archiv der Gegenwart, Bd. 13, 26.11.1943, S. 6180 [ff.]. Zit. n. CD-ROM-Ausgabe 2001.","Indem die italienische Regierung das ganze Volk zum kraftvollen Widerstand gegen Deutschland zusammenschließt, kann sie die Befreiung ihres Landes beschleunigen und den Vereinigten Nationen ihren Wert beweisen."
"55","1941-01-08","Zeitung","Archiv der Gegenwart, Bd. 11, 08.01.1941, S. 4843 [ff.]. Zit. n. CD-ROM-Ausgabe 2001.","Die amerikanische Außenpolitik basiert auf der Respektierung der Rechte und der Würde aller großen und kleinen Nationen."""
"56","1939-08-25","Zeitung","Archiv der Gegenwart, Bd. 9, 25.08.1939, S. 4187 [ff.]. Zit. n. CD-ROM-Ausgabe 2001.","Die Söhne aller Nationen, der kleinen, wie der großen, wünschen in gleicher Weise den Frieden, sie streben keine militärischen Eroberungen an, und obgleich sie wissen daß unter den Nationen von Zeit zu Zeit immer umstrittene Forderungen und Gegensätze auftauchen, vertrauen sie darauf, daß diese Gegensätze ausnahmslos auch auf friedliehem Wege gelöst werden können, wenn beide Teile dazu Bereitwilligkeit zeigen."
"57","1944-10-30","Zeitung","Archiv der Gegenwart, Bd. 14, 30.10.1944","In den geschichtlichen Stunden der Machtübernahme spreche ich zuerst Ihnen, Führer, meinen Dank, gleichzeitig auch im Namen der ganzen Nation aus."
"58","1935-01-10","Zeitung","Archiv der Gegenwart, Bd. 5, 10.01.1935, S. 1807 [ff.]. Zit. n. CD-ROM-Ausgabe 2001.","Alle Minister, Statthalter, Beamte und Soldaten seien nur ihm verantwortlich, er selbst sei nur seiner Nation verantwortlich."
"59","1943-07-07","Zeitung","Archiv der Gegenwart, Bd. 13, 07.07.1943, S. 6001 [ff.]. Zit. n. CD-ROM-Ausgabe 2001.","Es ist meine Pflicht, wiewohl es eine höchst unliebsame Pflicht ist, von der Nation neue Opfer zu verlangen."
"60","1945-12-18","Zeitung","Süddeutsche Zeitung, 1995 [1945]","Wir können und dürfen in unseren Bemühungen nicht nachlassen, den Nationen der Welt und besonders ihren Regierungen das unaussprechliche Elend aufzuzeigen, das sie hervorrufen, wenn sie ihr Verhältnis zueinander bei der Gestaltung der Zukunft nicht ändern. """
"61","1936-02-24","Zeitung","Archiv der Gegenwart, Bd. 6, 24.02.1936, S. 2438 [ff.]. Zit. n. CD-ROM-Ausgabe 2001.","Durch die allmähliche Stärkung der kollektiven Sicherheit müsse jede Nation davon überzeugt werden, daß sich ein Angriff unter keinen Umständen bezahlt macht."
"62","1943-06-23","Zeitung","Archiv der Gegenwart, Bd. 13, 23.06.1943, S. 5987 [ff.]. Zit. n. CD-ROM-Ausgabe 2001.","Die industrielle Produktion Japans habe seit Ende des letzten Jahres, dank der großen Anstrengungen der gesamten Nation beträchtliche Fortschritte gemacht."
"63","1933-12-31","Belletristik","Werfel, Franz: Die Vierzig Tage des Musa Dagh II, Stockholm: Bermann - Fischer 1947 [1933], S. 449","« Ich danke Ihnen, Kommandant, im Namen der französischen Nation, die diese armenische Siegestrophäe in Verwahrung nimmt."
"64","1945-05-17","Zeitung","Tägliche Rundschau, 17.05.1945","Der Zeitpunkt aber, wann eine ""würdige Existenz für das deutsche Volk"" und ""ein Platz in der Gemeinschaft der Nationen"" kommen wird, hängt von seiner Aktivität ab."
"65","1942-09-27","Zeitung","Archiv der Gegenwart, Bd. 12, 27.09.1942, S. 5648 [ff.]. Zit. n. CD-ROM-Ausgabe 2001.","Die europäische Neuordnung wird kommen, und das neue Europa wird ein besseres sein als das vergangene, und jede Nation wird in demselben den ihr gebührenden Platz finden."
"66","1940-05-20","Zeitung","Archiv der Gegenwart, Bd. 10, 20.05.1940, S. 4543 [ff.]. Zit. n. CD-ROM-Ausgabe 2001.","Wie oft hat man sich in Gesprächen mit dem Führer gewundert, daß es kaum ein Kriegsschiff aller Nationen der Welt gibt, das er nicht genau bis ins letzte kennt nach Größe, Bewaffnung, Panzerung, Geschwindigkeit usw."
"67","1938-03-12","Zeitung","Archiv der Gegenwart, Bd. 8, 12.03.1938, S. 3469 [ff.]. Zit. n. CD-ROM-Ausgabe 2001.","Sie sind der Führer der deutschen Nation im Kampf um Ehre, Freiheit und Recht."
"68","1943-10-07","Zeitung","Archiv der Gegenwart, Bd. 13, 07.10.1943, S. 6128 [ff.]. Zit. n. CD-ROM-Ausgabe 2001.","Da ich nicht in der Lage bin, in unmittelbare Verbindung mit dem Duce zu treten, erlaube ich mir, Eure Exzellenz ergebenst zu bitten, obiges dem Duce freundlichst bekanntgeben zu wollen, und ihm gleichzeitig mitzuteilen, daß die ungarische Nation nie vergessen wird was er für sie getan hat und daß die ungarische Nation sich hierfür zu immerwährendem Dank verpflichtet fühlt."
"69","1941-01-22","Zeitung","Archiv der Gegenwart, Bd. 11, 22.01.1941","Somit haben sich die freundschaftlichen Beziehungen der drei Nationen politisch, militärisch, wirtschaftlich und kulturell immer enger gestaltet."
"70","1934-09-05","Zeitung","Archiv der Gegenwart, Bd. 4, 05.09.1934, S. 1604 [ff.]. Zit. n. CD-ROM-Ausgabe 2001.","Es werde die erste Aufgabe einer neuen deutschen Kunstentwicklung sein, die Stilverkrampfung aufzulockern und besonders die Erkenntnis zu fördern, daß es nicht richtig sei, einer rein konstruktiv wirkenden künstlerischen Manie zu verfallen, sondern daß vielmehr die schöpferische Kraft der Nation von solchen Maniriertheiten zu befreien sei."
"71","1938-03-15","Zeitung","Archiv der Gegenwart, Bd. 8, 15.03.1938","Als Führer und Kanzler der deutschen Nation und des Reiches melde ich vor der Geschichte nunmehr den Eintritt meiner Heimat in das Deutsche Reich."""
"72","1943-05-24","Zeitung","Archiv der Gegenwart, Bd. 13, 24.05.1943","Ich übernehme jetzt vor Ihnen und vor den an die hunderttausend ungarischen Honved, die nach Ihnen eintreffen werden, die Pflicht, alle Unterstützung, Hilfe und Belohnung durch diese Nation vor allem denjenigen zukommen zu lassen, die sie tatsächlich verdient haben."""
"73","1945-08-08","Zeitung","Archiv der Gegenwart, Bd. 15, 08.08.1945, S. 357 [ff.]. Zit. n. CD-ROM-Ausgabe 2001.","In dieser Erklärung wird betont, daß Spanien 1940 der Versuchung widerstand, den Siegeswagen der damals stärksten Nation zu besteigen."
"74","1945-04-21","Zeitung","Archiv der Gegenwart, Bd. 15, 21.04.1945","Die beiden hohen Vertragspartner werden gemeinsam mit allen Vereinten Nationen den Kampf gegen Deutschland bis zum Endsieg weiterführen."
"75","1940-07-30","Zeitung","Archiv der Gegenwart, Bd. 10, 30.07.1940, S. 4641 [ff.]. Zit. n. CD-ROM-Ausgabe 2001.","Inzwischen aber sollten die amerikanischen Nationen alles tun, um ihre eigene wirtschaftliche Stellung zu kräftigen, den Handel untereinander zu beleben und geeignete Maßnahmen zu treffen, um den Schwierigkeiten, Nachteilen und Gefahren zu begegnen, die sich aus den gegenwärtigen gestörten und verlagerten Weltverhältnissen ergeben."
"76","1939-11-21","Zeitung","Archiv der Gegenwart, Bd. 9, 21.11.1939","Im heutigen gigantischen Ringen der deutschen Nation wollen wir für keinen Augenblick vergessen, daß die Söhne dieses großen Volkes im Weltkrieg zu tausenden mit den unseren an den ungarischen Grenzen gefallen sind."
"77","1940-09-27","Zeitung","Archiv der Gegenwart, Bd. 10, 27.09.1940, S. 4714 [ff.]. Zit. n. CD-ROM-Ausgabe 2001.","Große Nationen denen bisher die Teilnahme als gleichberechtigte Glieder der menschlichen Gesellschaft am Genuß der Güter dieser Erde verweigert worden war, werden auf Grund des höchsten aller irdischen Rechte ihre endgültige Gleichberechtigung erkämpfen."
"78","1942-11-12","Zeitung","Archiv der Gegenwart, Bd. 12, 12.11.1942, S. 5715 [ff.]. Zit. n. CD-ROM-Ausgabe 2001.","Deutschland und Japan wissen bereits, was das unvermeidliche Ergebnis sein wird, wenn sie die ganze Kraft der Vereinigten Nationen trifft."
"79","1933-04-16","gesprochen","o.A., Germanische Osterfeier von den ""Sieben Steinhäusern"" bei Fallingbostel, 16.04.1933","Im 3. Reich ist der Staat das Volk, die Nation."
"80","1943-08-18","Zeitung","Archiv der Gegenwart, Bd. 13, 18.08.1943","Die philippinische Regierung hat gemeinsam mit 31 anderen Nationen die feierliche Erklärung der Vereinigten Nationen unterzeichnet (5533 C)."
"81","1940-03-11","Zeitung","Völkischer Beobachter (Berliner Ausgabe), 11.03.1940","In fast 15jähriger mühevoller Arbeit hat der Nationalsozialismus das deutsche Volk aus dem Zustand der tragischen Verzweiflung erlöst, in einer einmaligen geschichtlichen Arbeit das Gewissen der Nation wieder aufgerichtet und die erbärmlichen Geister der defaitistischen Kapitulation verscheucht, die allgemeinen politischen Voraussetzungen zur Wiederaufrüstung geschaffen."
"82","1939-04-15","Zeitung","Archiv der Gegenwart, Bd. 9, 15.04.1939, S. 4026 [ff.]. Zit. n. CD-ROM-Ausgabe 2001.","Gerüchte besagten, daß gegen noch andere unabhängige Nationen Angriffsakte erwogen würden."
"83","1938-02-21","Zeitung","Archiv der Gegenwart, Bd. 8, 21.02.1938","Die Gewalt des Staates leitet sich von der rumänischen Nation her."
"84","1934-09-07","Zeitung","Archiv der Gegenwart, Bd. 4, 07.09.1934, S. 1608 [ff.]. Zit. n. CD-ROM-Ausgabe 2001.","Die Amtswalter der NSDAP. hätten die Pflicht, nie zu vergessen, daß sie Führer seien; aber nur Diener an dem großen Werk der deutschen Nation."
"85","1945-12-28","Zeitung","Süddeutsche Zeitung, 1995 [1945]","Wie habe da eine kleine unterdrückte Nation sich selbst befreien können?"
"86","1941-07-02","Zeitung","Archiv der Gegenwart, Bd. 11, 02.07.1941, S. 5103 [ff.]. Zit. n. CD-ROM-Ausgabe 2001.","Er rief die Nation zur Einigkeit und betonte die Notwendigkeit der Mobilisierung aller Kräfte, die heute nötiger denn je sei. -- Der japanische Außenminister Matsuoka gab nach der Konferenz eine Erklärung ab, in der er Japan zur Wachsamkeit und Bereitschaft aufrief."
"87","1940-01-30","Zeitung","Archiv der Gegenwart, Bd. 10, 30.01.1940, S. 4401 [ff.]. Zit. n. CD-ROM-Ausgabe 2001.","In ihnen ballt sieh ein großes geschichtliches Geschehen zusammen: die Wiederauferstehung einer von der Vernichtung bedrohten großen Nation."
"88","1944-12-31","Wissenschaft","Beenken, Hermann: Das Neunzehnte Jahrhundert in der deutschen Kunst, München: Bruckmann 1944, S. 20","Weihestätten der Nation, dies ist ein Neues, was erst seit dem ausgehenden 18. Jahrhundert hat gewollt werden können."
"89","1940-01-30","Zeitung","Archiv der Gegenwart, Bd. 10, 30.01.1940","So hat man ohne Rücksicht auf das Selbstbestimmungsrecht der Völker Europa zerhackt und aufgerissen, große Staaten aufgelöst, Nationen rechtlos gemacht in dem man sie erst wehrlos machte und dann endlich eine Einteilung getroffen, die nur noch Sieger und Besiegte auf dieser Welt übrigließ."
"90","1945-11-04","Zeitung","Archiv der Gegenwart, Bd. 15, 04.11.1945, S. 509 [ff.]. Zit. n. CD-ROM-Ausgabe 2001.","Nationen, die nicht Mitglieder der UNO sind, können als Mitglieder der UNESCO auf Empfehlung des Exekutivrates durch einen Zweidrittelmajoritätsbeschluß der Generalkonferenz aufgenommen werden."
"91","1935-01-15","Zeitung","Archiv der Gegenwart, Bd. 5, 15.01.1935, S. 1813 [ff.]. Zit. n. CD-ROM-Ausgabe 2001.","So groß und unbedingt auch die Entschlossenheit Deutschlands sei, die Gleichberechtigung zu erringen, so sehr sei Deutschland auch gewillt, sich nicht jenen Aufgaben zu entziehen, die zur Herstellung einer wahrhaften Solidarität der Nationen gegenüber den heutigen Gefahren und Nöten erforderlich seien."
"92","1936-03-03","Zeitung","Völkischer Beobachter (Berliner Ausgabe), 03.03.1936","Man sei sich darüber klar, daß der ganze politische und wehrhafte Aufbau der Nation zu einer Episode würde, wenn nicht gleichzeitig der biologische Aufbau vorwärtsgetrieben und erreicht werde."
"93","1943-05-02","Zeitung","Archiv der Gegenwart, Bd. 13, 02.05.1943, S. 5922 [ff.]. Zit. n. CD-ROM-Ausgabe 2001.","""Wir bedürfen eines Instruments internationaler Währung, die zwischen den Nationen allgemein anerkannt wird, so daß blockierte Guthaben und zweiseitige Clearinggarrangements unnötig werden, eines Währungsinstruments, das von allen Nationen im Verkehr untereinander brauchbar ist und durch Vermittlung des Schatzamtes oder der Zentralbank einer jeden Nation verwendet wird, während Privatpersonen, Geschäftsunternehmungen und private Banken sich unverändert der eigenen nationalen Währung bedienen."
"94","1944-07-22","Zeitung","Archiv der Gegenwart, Bd. 14, 22.07.1944, S. 6458 [ff.]. Zit. n. CD-ROM-Ausgabe 2001.","Im Augenblick wurde der Nation klar, was aus Deutschland würde, wenn dieser Mordanschlag wirklich die von den Mördern beabsichtigten Folgen gehabt hätte und Adolf Hitler nicht mehr wäre."
"95","1943-06-16","Zeitung","Archiv der Gegenwart, Bd. 13, 16.06.1943, S. 5977 [ff.]. Zit. n. CD-ROM-Ausgabe 2001.","Nur die Nationen, welche guten Willens sind und starke Nerven haben, werden ihren Platz für immer sichern können."
"96","1942-06-20","Zeitung","Archiv der Gegenwart, Bd. 12, 20.06.1942, S. 5537 [ff.]. Zit. n. CD-ROM-Ausgabe 2001.","In dem Vertrag heißt es: daß beide Länder bei der Verwirklichung der genannten Ziele die Interessen der vereinigten Nationen berücksichtigen und im Einklang handeln werden mit den zwei Prinzipien: nicht nach territorialen Erwerbungen für sich selbst zu streben und sich nicht in die inneren Angelegenheiten anderer Staaten einzumischen."
"97","1940-04-08","Zeitung","Archiv der Gegenwart, Bd. 10, 08.04.1940, S. 4486 [ff.]. Zit. n. CD-ROM-Ausgabe 2001.","In den letzten Wochen ist der deutsche Feldzug gegen die Handelsschiffahrt aller Nationen verstärkt worden."
"98","1945-08-22","Zeitung","Archiv der Gegenwart, Bd. 15, 22.08.1945, S. 389 [ff.]. Zit. n. CD-ROM-Ausgabe 2001.","Feldmarschall Montgomery erließ laut Exchange eine Aufforderung an verschleppte Personen der Vereinten Nationen in der britischen Besatzungszone, sich einer verbrecherischen Tätigkeit in Deutschland zu enthalten."
"99","1939-01-30","Zeitung","Archiv der Gegenwart, Bd. 9, 30.01.1939, S. 3913 [ff.]. Zit. n. CD-ROM-Ausgabe 2001.","Leichter, als für die übersättigten andern Nationen, denn das Motiv für unsern Wirtschaftskampf würde ein sehr einfaches sein:"
"100","1945-09-29","Zeitung","Archiv der Gegenwart, Bd. 15, 29.09.1945, S. 453 [ff.]. Zit. n. CD-ROM-Ausgabe 2001.","Der Vorsitzende der amerikanischen CIO (Congress of Industrial Organizations), Sidney Hillman, machte laut United Press anläßlich der Internationalen Gewerkschaftskonferenz in Paris (448 B) den Vorschlag, daß der Weltgewerkschaftsbund (452 D) in den Vereinten Nationen, und zwar in den Kontrollkommissionen für Deutschland und Japan beratend und im Sozial- und Wirtschaftsrat mit Stimmrecht vertreten sein sollte (223 E)."
"101","1933-05-23","gesprochen","o.A., Die Erneuerung der Universität, 23.05.1933","Die Jugend, die das künftige deutsche Volk schon in sich trägt, hat ein Recht darauf, jene Art von Wissenschaft, Erziehung und Bildung von der Universität zu fordern, die sie für ihre künftige Stellung in der Nation braucht."
"102","1943-09-22","Zeitung","Archiv der Gegenwart, Bd. 13, 22.09.1943, S. 6102 [ff.]. Zit. n. CD-ROM-Ausgabe 2001.","Wir suchen den Weg zum dauernden Frieden nicht mit den Mitteln des Isolationismus, sondern durch die Zusammenarbeit mit den anderen Nationen."
"103","1942-09-21","Zeitung","Archiv der Gegenwart, Bd. 12, 21.09.1942, S. 5640 [ff.]. Zit. n. CD-ROM-Ausgabe 2001.","Der Kampf werde fortdauern, bis die verbündeten Nationen den gemeinsamen Feind niedergeschlagen hätten."
"104","1940-03-09","Zeitung","Völkischer Beobachter (Berliner Ausgabe), 09.03.1940","Eine Nation nach der anderen soll ins Verderben getrieben werden."
"105","1942-04-06","Zeitung","Archiv der Gegenwart, Bd. 12, 06.04.1942, S. 5453 [ff.]. Zit. n. CD-ROM-Ausgabe 2001.","Sir Stafford Cripps hat uns erzählt, daß Indien ein Subkontinent mit vielen Völkern und Rassen sei, also keine Nation."
"106","1941-03-24","Zeitung","Archiv der Gegenwart, Bd. 11, 24.03.1941","Und wo besser als hier wäre die günstigste Gelegenheit im Namen der englischen Nation und des britischen Reiches das Gefühl der Ermutigung und der Stärkung unseres Willens auszudrücken, wie es uns durch die bewegenden, erhabenen, entscheidenden Worte des Präsidenten Roosevelt verliehen worden ist?"
"107","1933-03-04","Zeitung","Völkischer Beobachter, 04.03.1933","Im diesem Haus hat der Parlamentarismus jede Freiheit begünstigt und alle Attentate gegen die Nation ."
"108","1944-06-25","Zeitung","Archiv der Gegenwart, Bd. 14, 25.06.1944","Mehr wert ist das Stehvermögen der kriegführenden Nation und der Wille die einmal aufgenommene Waffe nicht ohne den Lorbeer niederzulegen."
"109","1945-11-21","Gebrauchsliteratur","o. A.: Zweiter Tag. Mittwoch, 21. November 1945. In: Der Nürnberger Prozeß, Berlin: Directmedia Publ. 1999 [1945], S. 1367","Mit dieser gerichtlichen Untersuchung wollen vielmehr vier der mächtigen Nationen, unterstützt von weiteren siebzehn Nationen, praktisch das Völkerrecht nutzbar machen, der größten Drohung unserer Zeit entgegenzutreten: dem Angriffskrieg."
"110","1945-04-25","Zeitung","Archiv der Gegenwart, Bd. 15, 25.04.1945, S. 191 [ff.]. Zit. n. CD-ROM-Ausgabe 2001.","Die ersten 36 Unterzeichnerstaaten (mit Polen) der Charta siehe: 10 C. Vorbedingung für die Einladung nach San Franzisco zu den Vereinten Nationen, siehe 108 E. Weitere Unterzeichnerstaaten: 97 E (vier), 98 E, 107 B, 109 D, 116 B (je einer) 122 B (drei)."
"111","1938-12-26","Zeitung","Archiv der Gegenwart, Bd. 8, 26.12.1938, S. 3868 [ff.]. Zit. n. CD-ROM-Ausgabe 2001.","Um aber eine neue Ordnung in Ostasien zu schaffen und einen dauernden Frieden im Fernen Osten sicherzustellen, ist es nötig, daß der nationale Geist und die vereinigten Kräfte der Nation noch mehr zur Entfaltung gebracht werden."
"112","1943-04-13","Zeitung","Archiv der Gegenwart, Bd. 13, 13.04.1943, S. 5901 [ff.]. Zit. n. CD-ROM-Ausgabe 2001.","[...] B. Angeschlossene (Alliierte) Nationen, die der Atlantik-Charta bisher nicht beigetreten sind, aber die Beziehungen zu den Achsenmächten abgebrochen, bzw. ihnen den Krieg erklärt haben: 1. Bolivien, Kriegserklärung an Dreierpaktmächte am 7. April 1943 (5895 G) bekanntgegeben 2. Kolumbien, Kriegserklärung an Japan am 10. Dezember 1941 (5304 C), Abbruch der Beziehungen zu Deutschland und Italien am 20. Dezember 1941 3. Venezuela, Abbruch der Beziehungen zu Deutschland, Italien und Japan am 3. Dezember 1941 (5341 F) 4. Ecuador 5. Paraguay, Abbruch der Beziehungen zu Deutschland, 6. Peru Italien, Japan am 27. Januar 1942 (5374 A) 7. Uruguay 8. Chile, Abbruch der Beziehungen zu Dreierpaktmächten am 20. Januar 1943 (5799 G) [...]"
"113","1943-09-16","Zeitung","Archiv der Gegenwart, Bd. 13, 16.09.1943, S. 6091 [ff.]. Zit. n. CD-ROM-Ausgabe 2001.","Die wesentlichsten Änderungen, die Harry D. White an der ersten Fassung seines ""Vorschlages für einen Stabilisierungsfonds der Vereinigten und angeschlossenen Nationen"" vornahm, sind nach der Darstellung der ""Bankwirtschaft"" (Heft 12, 1943) folgende Punkte:"
"114","1939-06-29","Zeitung","Archiv der Gegenwart, Bd. 9, 29.06.1939, S. 4120 [ff.]. Zit. n. CD-ROM-Ausgabe 2001.","In Zukunft aber gehe es darum, die besten und fruchtbarsten Formen eines freundschaftlichen und achtungsvollen Nebeneinander der beiden Nationen zu finden."
"115","1936-05-15","Zeitung","Archiv der Gegenwart, Bd. 6, 15.05.1936, S. 2556 [ff.]. Zit. n. CD-ROM-Ausgabe 2001.","Frankreich wolle unter Einhaltung dieses Grundsätzes mit allen Nationen der Welt in Frieden leben und mit ihnen gemeinsam die Ursachen zu Meinungsverschiedenheiten, die einmal zu einem Krieg führen könnten, aus der Welt zu schaffen versuchen."
"116","1943-12-06","Zeitung","Archiv der Gegenwart, Bd. 13, 06.12.1943","Die Veränderungen in der Situation müßten zwar von der Diplomatie berücksichtigt werden, könnten aber weder die grundlegenden Interessen der Nation noch die Gesetze der Ehre berühren."
"117","1945-02-27","Zeitung","Archiv der Gegenwart, Bd. 15, 27.02.1945, S. 114 [ff.]. Zit. n. CD-ROM-Ausgabe 2001.","Darüber wurde auch in der zweiten Konferenz von Quebec gesprochen, worauf in Hydepark die Erklärung vom 28. Oktober vereinbart wurde (17 J), die eine sehr merkliche Milderung der Haltung der siegreichen Mächte gegenüber dem italienischen Volk vorsah und unserem Wunsch Ausdruck gab, es im Bestreben zu unterstützen, seinen Platz unter den führenden europäischen Nationen wiederzugewinnen."
"118","1936-09-14","gesprochen","o.A., Reichsparteitag der NSDAP in Nürnberg Abschlussveranstaltung in der Kongresshalle, 14.09.1936","Allein, sie soll endlich auch zur Kenntnis nehmen, dass die deutsche Nation fünfzehn Jahre lang vor dem nationalsozialistischen Regime Gelegenheit genug hatte, die völkerverbrüdernden und menschheitsbeglückenden Idee der westlichen Demokratien praktisch kennen zu lernen."
"119","1937-09-07","gesprochen","Hitler, Adolf, Kulturtagung der NSDAP im Opernhaus, 07.09.1937","Diese gewaltigen Werke werden aber zugleich auch die erhabenste Rechtfertigung darstellen für die politische Stärke der deutschen Nation."
"120","1945-01-01","Zeitung","Archiv der Gegenwart, Bd. 15, 01.01.1945, S. 5 [ff.]. Zit. n. CD-ROM-Ausgabe 2001.","Wir sind mit ihm einer Meinung, daß es diese Sicherung erhalten soll und zwar nicht nur durch die Macht jener Watten sondern auch mit Billigung und Zustimmung der Vereinten Nationen."""
"121","1945-10-16","Zeitung","Archiv der Gegenwart, Bd. 15, 16.10.1945, S. 480 [ff.]. Zit. n. CD-ROM-Ausgabe 2001.","3. Die polnische Regierung schätzt in besonderer Art das System kollektiver Sicherheit, das in der Satzung der Vereinten Nationen festgelegt ist und ist gemäß ihrer Machtmittel bereit, mit den anderen Mitgliedern dieser Organisation bei der Aufrechterhaltung des Friedens und der Wiederherstellung der Wohlfahrt jener Nationen, welche soviel als Ergebnis der barbarischen deutschen Invasion gelitten haben mitzuwirken."
"122","1933-03-04","Zeitung","Völkischer Beobachter (Berliner Ausgabe), 04.03.1933","Der Aufbruch der Nation ist da!"
"123","1942-01-12","Zeitung","Archiv der Gegenwart, Bd. 12, 12.01.1942, S. 5351 [ff.]. Zit. n. CD-ROM-Ausgabe 2001.","Was Japan anlange, so habe Roosevelt seit Jahren den Wirtschaftskrieg gegen diese führende Macht Ostasiens eröffnet, seine militärische Einkreisung durch Verstärkung und Vermehrung der Stützpunkte im Pazifik fast zur Vollendung gebracht, kurzum, die Schlinge soweit zugezogen, daß angesichts der konkreten Drohungen aktiver nordamerikanischer Minister nur eine Sprengung dieser Fessel die japanische Nation vor tödlicher Gefahr habe erretten können."
"124","1941-12-08","Zeitung","Archiv der Gegenwart, Bd. 11, 08.12.1941","Gott sei Dank brauchten wir nicht so viel Blut zu vergießen, wie wir damals erwarteten, auch sind nicht so viele Tränen geflossen, doch haben wir noch eine weitere Rate an harter Arbeit, Schweiß, Unbequemlichkeit und Verzicht auf uns zu nehmen, die, dessen bin ich sicher, von allen Parteien und allen Klassen der britischen Nation mit fröhlicher und stolzer Begeisterung aufgenommen wird."
"125","1941-08-18","Zeitung","Archiv der Gegenwart, Bd. 11, 18.08.1941, S. 5156 [ff.]. Zit. n. CD-ROM-Ausgabe 2001.","Lordsiegelbewahrer Attlee richtete am 14. August eine Rundfunkansprache an die britische Nation, in der er u. a. wörtlich erklärte:"
"126","1935-12-14","Zeitung","Archiv der Gegenwart, Bd. 5, 14.12.1935","In der Abdankungsurkunde verweist der 86jährige Präsident darauf, daß er sich als viermal (1445 B, Abs. 3) gewählter Präsident der Republik für berechtigt halte, die tschechoslowakische Nation sowie die Mitbürger der übrigen Nationalitäten zu bitten, bei der Verwaltung des Staates dessen eingedenk zu sein, daß sich die Staaten durch jene Ideale erhalten, aus denen sie geboren wurden."
"127","1938-03-18","gesprochen","Hitler, Adolf, Ein Volk, ein Reich. Deutschland! Sieg Heil!, in: Rede des Führers und Reichskanzlers Adolf Hitler vor dem Reichstag am 18. März 1938","Die Nationen sind eine Schöpfung nach Gottes Willen und von ewigem Bestand, der Völkerbund aber eine höchst zweifelhafte Konstruktion menschlicher Unzulänglichkeit, menschlicher Hab- und Interessensucht."
"128","1945-06-26","Zeitung","Archiv der Gegenwart, Bd. 15, 26.06.1945, S. 289 [ff.]. Zit. n. CD-ROM-Ausgabe 2001.","1. Die Maßnahmen, die nötig sind, um die Beschlüsse des Sicherheitsrates zwecks Aufrechterhaltung Internationalen Friedens und internationaler Sicherheit durchzuführen, werden von allen Mitgliedern der Vereinten Nationen oder von einigen unter ihnen, getroffen, je nachdem der Sicherheitsrat es bestimmt."
"129","1945-08-24","Zeitung","Archiv der Gegenwart, Bd. 15, 24.08.1945, S. 394 [ff.]. Zit. n. CD-ROM-Ausgabe 2001.","Der Rat der UNRRA beschloß laut United Nations Chronology anläßlich seiner Tagung in London (389 G), den Mitgliedsstaaten einen zusätzlichen Beitrag zu den Fonds der UNRRA im ungefähren Ausmaß von 1% ihrer nationalen Einkommen zu empfehlen."
"130","1934-12-31","Wissenschaft","Heller, Hermann: Staatslehre, Leiden: Sijthoff 1934, S. 155","""Nach dem Zeugnis der Weltgeschichte"" bemerkt Kjellèn (Staat als Lebensform S. 106), ""ist im Leben der Nationen das Blut kaum dicker als Wasser""."
"131","1945-08-23","Zeitung","Archiv der Gegenwart, Bd. 15, 23.08.1945, S. 391 [ff.]. Zit. n. CD-ROM-Ausgabe 2001.","Das britische Parlament hat laut Reuter der Ratifikation der Satzung der Vereinten Nationen (289 C) ohne Abstimmung zugestimmt."
"132","1945-04-21","Zeitung","Archiv der Gegenwart, Bd. 15, 21.04.1945, S. 186 [ff.]. Zit. n. CD-ROM-Ausgabe 2001.","Die beiden hohen Vertragspartner werden gemeinsam mit allen Vereinten Nationen den Kampf gegen Deutschland bis zum Endsieg weiterführen."
"133","1945-11-30","Zeitung","Süddeutsche Zeitung, 1995 [1945]","Der amerikanische Anklagevertreter erinnerte abschließend noch an die Erklärung Görings gegenüber dem britischen Journalisten Ward Price vom 10. März 1935, daß Deutschland mit dem Aufbau einer Luftwaffe begonnen habe, die - wie er versicherte - nicht zur Bedrohung des Friedens anderer Nationen eingesetzt werden würde."
"134","1933-09-01","Zeitung","Archiv der Gegenwart, Bd. 3, 01.09.1933, S. 1009 [ff.]. Zit. n. CD-ROM-Ausgabe 2001.","Der konstruktive Aufbau der kommenden Führung der Nation durch ihre fähigsten Köpfe werde Jahre erfordern, die sinngemäße Erziehung des Volkes viele Jahrzehnte."
"135","1939-03-03","Zeitung","Völkischer Beobachter (Berliner Ausgabe), 03.03.1939","In aller Welt, in Lateinamerika am allerwenigsten, hat man je geglaubt, daß die ""Politik der guten Nachbarschaft"", die Roosevelt gegenüber den anderen amerikanischen Nationen betreibt, ""reinen"" und ""idealen"" Motiven entspricht."
"136","1942-11-17","Zeitung","Archiv der Gegenwart, Bd. 12, 17.11.1942, S. 5719 [ff.]. Zit. n. CD-ROM-Ausgabe 2001.","Am 9. August richtete der Präsident der tschechoslowakischen Exilregierung, Dr. Benes, eine Rede an die tschechoslowakische Nation, in der er u. a. ausführte:"
"137","1940-12-31","Wissenschaft","Jahresberichte für deutsche Geschichte, 1940, S. 177","Römer und Germanen in den Rheinlanden, Staat und Nation an der Westgrenze sowie die Erforschung der großen Ostbewegung sind die Themen, zu denen er in diesem Band Beiträge vorlegt."
"138","1937-12-31","Wissenschaft","Jahresberichte für deutsche Geschichte, 1937, S. 183","W. Schaub <489> kommt in der Frage nach »Wesen und Aufgabe der Nation in der sozialdemokratischen Presse« zu einem sehr negativen Ergebnis."
"139","1941-02-24","Zeitung","Archiv der Gegenwart, Bd. 11, 24.02.1941","Die ganze Nation ist jetzt angetreten."
"140","1939-12-16","Zeitung","Archiv der Gegenwart, Bd. 9, 16.12.1939, S. 4348 [ff.]. Zit. n. CD-ROM-Ausgabe 2001.","Wir wissen, daß die edle japanische Nation diese Gefühle in gleicher Weise erwidert"""
"141","1943-05-23","Zeitung","Archiv der Gegenwart, Bd. 13, 23.05.1943, S. 5947 [ff.]. Zit. n. CD-ROM-Ausgabe 2001.","Am 13. Mai gab Benes vor Pressevertretern eine Erklärung ab, in der er u. a. ausführte, daß der künftige Friede Europas von der engen Zusammenarbeit der vier Hauptmächte und der kleinen Nationen abhänge."
"142","1938-09-27","Zeitung","Archiv der Gegenwart, Bd. 8, 27.09.1938, S. 3739 [ff.]. Zit. n. CD-ROM-Ausgabe 2001.","Die tschechoslowakische Nation hat im Laufe der letzten Wochen trotz der unglaublich geschmacklosen Kampagne der kontrollierten deutschen Presse und des deutschen Radios gegen die Tschechoslowakei und ihre Führer, besonders gegen den Präsidenten der Republik Dr. Benes, Disziplin und Zurückhaltung gezeigt."
"143","1942-02-02","Zeitung","Archiv der Gegenwart, Bd. 12, 02.02.1942, S. 5383 [ff.]. Zit. n. CD-ROM-Ausgabe 2001.","Wir sind jetzt inmitten von 26 vereinten Nationen (5340 G), die mehr als drei Viertel der Erdbevölkerung umfassen."
"144","1939-01-27","Zeitung","Archiv der Gegenwart, Bd. 9, 27.01.1939, S. 3908 [ff.]. Zit. n. CD-ROM-Ausgabe 2001.","Auf diese Erfahrungen der Vergangenheit möchte ich den Gedanken über die Zukunft unserer Nationen stützen."
"145","1944-07-12","Zeitung","Archiv der Gegenwart, Bd. 14, 12.07.1944","Gebiete mögen zeitweilig verlorengehen, aber Europa wird leben und die Nationen dieses Kontinents haben die Wahrheit erkannt, daß sie nicht gegeneinander arbeiten dürfen, sondern auf der Ebene des wirklich nationalistischen Gemeinschaftsgeistes sich zu finden haben."""
"146","1943-09-12","Zeitung","Archiv der Gegenwart, Bd. 13, 12.09.1943, S. 6085 [ff.]. Zit. n. CD-ROM-Ausgabe 2001.","Ich habe demnach im Interesse der Vereinigten Nationen gehandelt."
"147","1942-06-27","Zeitung","Archiv der Gegenwart, Bd. 12, 27.06.1942","Der Dank der Nation wird ihnen sicher sein."
"148","1942-08-11","Zeitung","Archiv der Gegenwart, Bd. 12, 11.08.1942, S. 5591 [ff.]. Zit. n. CD-ROM-Ausgabe 2001.","Dieser Krieg sei wie noch kein anderer in der deutschen Geschichte ein totaler, das heißt, ein Krieg um den völkischen Bestand der Nation."
"149","1939-05-24","Zeitung","Archiv der Gegenwart, Bd. 9, 24.05.1939, S. 4079 [ff.]. Zit. n. CD-ROM-Ausgabe 2001.","In dieser Botschaft wird zunächst darauf verwiesen, daß die Vereinigten Staaten sich von den Ereignissen in der Welt nicht loslösen können und daß die Tatsache ihrer Existenz als große Nation nicht geleugnet werden könne."
"150","1941-07-28","Zeitung","Archiv der Gegenwart, Bd. 11, 28.07.1941, S. 5131 [ff.]. Zit. n. CD-ROM-Ausgabe 2001.","Es kann kein Zweifel darüber bestehen, daß eine Institution gefunden werden muß, die solche Anpassungen vor nehmen kann, wenn einmal die Nationen die Aufgabe der Wiederherstellung von Recht und Ordnung in Angriff nehmen werden."
"151","1945-07-14","Zeitung","Archiv der Gegenwart, Bd. 15, 14.07.1945, S. 323 [ff.]. Zit. n. CD-ROM-Ausgabe 2001.","""Am Vorabend der Konferenz der Großen Drei in Potsdam wünscht die italienische Nation einen weiteren Beweis zu liefern für ihre Entschlossenheit, alle militaristischen Aggressionsmächte - selbst im Pazifik, wo Italien keine nationalen Interessen besitzt - zu bekämpfen."
"152","1938-12-03","Zeitung","Archiv der Gegenwart, Bd. 8, 03.12.1938, S. 3833 [ff.]. Zit. n. CD-ROM-Ausgabe 2001.","Er verwies u. a. auf seine eigene persönliche Kameradschaft und Beziehung zum deutschen Arbeiter und betonte die Verbundenheit der ganzen Nation mit der Arbeit ihrer schaffenden Volksgenossen."
"153","1944-06-20","Zeitung","Archiv der Gegenwart, Bd. 14, 20.06.1944, S. 6418 [ff.]. Zit. n. CD-ROM-Ausgabe 2001.","Auch als die Anglo-Amerikaner schließlich noch damit begannen, aus ihren Flugzeugen die Bauern auf dem Feld zu beschießen gab es in der Welt nur wenige, die die Frage aufwarfen, ob das nicht eine die ganze britische und amerikanische Nation diskriminierende Kampfesweise wäre."
"154","1944-04-02","Zeitung","Archiv der Gegenwart, Bd. 14, 02.04.1944, S. 6327 [ff.]. Zit. n. CD-ROM-Ausgabe 2001.","Im Vertrauen auf unsere heldenmütige Honved und die Opferbereitschaft der Nation blickt die Regierung mit vollkommener Ruhe und Entschlossenheit der Zukunft entgegen und glaubt unbedingt an den endgültigen Sieg, der Ungarn einen seiner großen und glorreichen Vergangenheit würdigen Platz im neuen Europa sichert."
"155","1934-12-31","Wissenschaft","Heller, Hermann: Staatslehre, Leiden: Sijthoff 1934, S. 163","""Die Gesamtheit der Teilnehmer des Staats bildet das Volk oder die Nation"" (Enzyklopädie S. 119)."
"156","1945-11-20","Zeitung","Süddeutsche Zeitung, 1995 [1945]","Denson, verliest die Anklage und führt u. a. aus, daß er beweisen werde, daß in der Zeit vom 1. Januar 1942 bis April 1945 ein Plan vorlag, Angehörige von Nationen, die sich mit Deutschland im Krieg befanden, zu mißhandeln, zu foltern, zu töten und als Versuchskaninchen für Experimente zu benutzen, so daß Hunderte dieser Opfer infolge dadurch entstehender Seuchen starben und daß alle hier zur Aburteilung stehenden Angeklagten ein Glied in der Kette dieser Verbrechen darstellen."
"157","1944-11-04","Zeitung","Archiv der Gegenwart, Bd. 14, 04.11.1944","1. a) Bulgarien hat, in dem es am 9. September 1944 die Kriegshandlungen gegen die Sowjetunion einstellte (6516 G) und am 6. September 1944 die Beziehungen zu Deutschland (6516 G) und am 26. September 1944 die zu Ungarn (6543 G) abbrach, die Kampfhandlungen gegen alle übrigen alliierten Nationen beendet. b) Die Regierung Bulgariens verpflichtet sich, die deutschen bewaffneten Streitkräfte, die sich in Bulgarien aufhalten, zu entwaffnen und als Kriegsgefangene zu übergeben."
"158","1945-06-27","Zeitung","Archiv der Gegenwart, Bd. 15, 27.06.1945","Das Statut, das Ergebnis des Entgegenkommens und der Toleranz gegenüber den Ansichten und Interessen anderer darstelle, habe erwiesen, daß Nationen ebenso wie Menschen ihre Differenzen darlegen, sie erkennen und dann einen gemeinsamen Standpunkt finden können."
"159","1939-04-28","Zeitung","Archiv der Gegenwart, Bd. 9, 28.04.1939, S. 4040 [ff.]. Zit. n. CD-ROM-Ausgabe 2001.","Allein auch was die eine Nation in Afrika betrifft, die dort ihre Freiheit verloren haben soll, so liegt auch hier wohl nur ein Irrtum vor denn nicht eine Nation in Afrika hat ihre Freiheit verloren, sondern nahezu alle früheren Einwohner dieses Kontinents sind mit blutiger Gewalt der Souveränität anderer Völker unterworfen worden und haben mithin ihre Freiheit verloren."
"160","1935-07-15","Zeitung","Archiv der Gegenwart, Bd. 5, 15.07.1935, S. 2139 [ff.]. Zit. n. CD-ROM-Ausgabe 2001.","Die deutschen Frontkämpfer würden ihr Bestes tun, um das Wort des Reichskanzlers vom 21. Mai 1935 zu verwirklichen, daß die deutsche Regierung aufrichtig die Absicht habe, alles zu tun, um zum britischen Volke und Staat ein Verhältnis zu finden, das eine Wiederholung des Kampfes zwischen den beiden Nationen für immer verhindern werde."
"161","1935-09-10","gesprochen","o.A., Empfang der Presse im Festsaal des Kulturvereinshauses, 10.09.1935","Diese dynamische Staatsauffassung, die mehr auf den inneren rationellen Ausbau und auf die Sicherung der volklichen Lebensgrundlagen gerichtet ist, als auf ein kraftzersplitternde Expansion nach außen, ist befähigt, den imperialistischen Gedanken von innen heraus zu überwinden und die Ordnung der Nationen untereinander durch eine natürliche Abgrenzung ihrer Lebensbedürfnisse und Interessen zu gewährleisten."
"162","1941-03-31","Zeitung","Archiv der Gegenwart, Bd. 11, 31.03.1941, S. 4948 [ff.]. Zit. n. CD-ROM-Ausgabe 2001.","Unsere Völker die auf eine viertausendjährige Geschichte zurückblicken führen beute einen Kampf um ihr Lebensrecht der das Schicksal unserer Nationen vielleicht auf Jahrhunderte bestimmen wird."
"163","1944-11-12","Zeitung","Archiv der Gegenwart, Bd. 14, 12.11.1944","Die wirtschaftliche Erdrosselung des damaligen Reiches sollte die materiellen Grundlagen der Existenz der deutschen Nation vernichten."
"164","1940-10-05","gesprochen","o.A., Kundgebung in Warschau anlässlich der Eröffnung des Kriegswinterhilfswerks 1940/41 im Generalgouvernement, 05.10.1940","Und wir Deutsche im Generalgouvernement, wir müssen hier voranleuchten, denn auf dieses Stück Erde schaut man in der Welt wir sind ein interessantes Gebilde, wo man ermisst an der Leistung des Deutschen in diesem Raum die Kraft der Nation zu neuen schöpferischen Gestaltungen."
"165","1942-11-19","Zeitung","Archiv der Gegenwart, Bd. 12, 19.11.1942, S. 5721 [ff.]. Zit. n. CD-ROM-Ausgabe 2001.","Seht, wie kleine tapfere Nationen in Westeuropa sich wieder aufgerichtet haben."
"166","1943-09-24","Zeitung","Archiv der Gegenwart, Bd. 13, 24.09.1943","Rettet eure Schiffe, folgt den Anweisungen der Vereinigten Nationen."
"167","1937-08-08","Zeitung","Archiv der Gegenwart, Bd. 7, 08.08.1937","Auf einem in Düsseldorf abgehaltenen Reichstreffen der Volksgesundheitsbewegung führte Reichsärzteführer Dr. Wagner u. a. aus, der Arztberuf bedeute einen Dienst am Volke, denn heute sei jeder Arzt gleichzeitig der Arzt der ganzen Nation."
"168","1944-08-03","Zeitung","Archiv der Gegenwart, Bd. 14, 03.08.1944, S. 6475 [ff.]. Zit. n. CD-ROM-Ausgabe 2001.","Vizepräsident Oberst Peron (6447 F) sagte, es sei unerläßlich für das Wohl der Nation, ""immer geeinigt zu bleiben, um allen Bestrebungen und Einfällen fremder Mächte die Einigkeit aller Argentinier entgegenzusetzen, die entschlossen seien, wenn es nötig sei, zu sterben, um das Größte, was die Menschen auf dieser Welt besitzen, das Vaterland, zu retten""."
"169","1943-09-30","Zeitung","Archiv der Gegenwart, Bd. 13, 30.09.1943, S. 6117 [ff.]. Zit. n. CD-ROM-Ausgabe 2001.","6. Gegenüber den unbegründeten Befürchtungen gewisser Kreise und der sorglosen Gleichgültigkeit anderer Schichten gibt sich die Regierung davon Rechenschaft, daß die internationale Lage, auch wenn sie uns gestattet, unser Leben mehr oder weniger wie bisher fortzusetzen, uns weiterhin harte Arbeit, Ordnung, Einigung, Wirtschaftlichkeit und Willensstärke auferlegt; ohne diese Voraussetzung würde die Nation in diesem Kriege untergehen."
"170","1933-08-15","Zeitung","Archiv der Gegenwart, Bd. 3, 15.08.1933, S. 982 [ff.]. Zit. n. CD-ROM-Ausgabe 2001.","Ministerpräsident Malypetr verlas eine Botschaft des Präsidenten Masaryk, die an den historischen Anlaß die Feststellung knüpfte, daß die staatliche und kulturelle Entwicklung der tschechoslowakischen Nation vom Anbeginn an in Anlehnung an den Westen und an Europa erfolgte."
"171","1945-01-18","Zeitung","Archiv der Gegenwart, Bd. 15, 18.01.1945, S. 47 [ff.]. Zit. n. CD-ROM-Ausgabe 2001.","Wir sind keine Vertilger von Nationen oder Metzger von Völkern."
"172","1942-01-21","Zeitung","Archiv der Gegenwart, Bd. 12, 21.01.1942, S. 5366 [ff.]. Zit. n. CD-ROM-Ausgabe 2001.","Um das Ziel des Krieges zu erreichen, muß die ganze Nation alle Schwierigkeiten und Wechselfälle durchstehen mit dem festen Glauben an den Endsieg und auf diese Weise dem Vaterlande dienen."""
"173","1935-09-11","gesprochen","o.A., Reichsparteitag der NSDAP: Kulturtagung im Nürnberger Opernhaus, 11.09.1935","Der schöpferische Künstler erzielt und veredelt durch sein Werk das Aufnahmevermögen der Nation genau so, wie umgekehrt das dadurch entwickelte und erhaltene allgemeine Kunstgefühl den fruchtbaren Boden und damit die Voraussetzung gibt für die Geburt, und das Wachsen und Erfassen neuer schöpferischer Kräfte."
"174","1945-08-21","Zeitung","Archiv der Gegenwart, Bd. 15, 21.08.1945, S. 387 [ff.]. Zit. n. CD-ROM-Ausgabe 2001.","Man habe nicht das Recht, die französische Nation in die Zwangsjacke zu stecken, die von Hitler und Mussolini ihren Völkern aufgezwungen worden sei."
"175","1936-08-24","Zeitung","Archiv der Gegenwart, Bd. 6, 24.08.1936, S. 2693 [ff.]. Zit. n. CD-ROM-Ausgabe 2001.","Es erscheine der italienischen Regierung auch angebracht, daß das Prinzip der Nichteinmischung auch noch von anderen wichtigen Nationen außer den von Frankreich genannten beobachtet werde."
"176","1944-02-05","Zeitung","Archiv der Gegenwart, Bd. 14, 05.02.1944, S. 6266 [ff.]. Zit. n. CD-ROM-Ausgabe 2001.","Diese ,Befreiung' und ,freiwillige Angliederung' war die gewaltsamste Vergewaltigung der Grundprinzipien aller Nationen und Staaten, der niederträchtigste Bruch von Verträgen und Versprechen, die größte Ignorierung und Fälschung des Willens des Volkes und der grausamste Terror, den die Geschichte nur kennt."
"177","1935-03-05","Zeitung","Archiv der Gegenwart, Bd. 5, 05.03.1935, S. 1914 [ff.]. Zit. n. CD-ROM-Ausgabe 2001.","Der neue Staat werde nicht auf einer Verschiedenheit der Klassen und nicht auf Parteikämpfen begründet, sondern eine einheitliche Organisation bilden, die alle schöpferischen Kräfte der Nation umfaßt."
"178","1938-09-12","Zeitung","Archiv der Gegenwart, Bd. 8, 12.09.1938, S. 3718 [ff.]. Zit. n. CD-ROM-Ausgabe 2001.","Es sind regenerierte Nationen, die man in diesem Sinn vielleicht als neue bezeichnen kann, allein diese Jugend ruht nicht auf einem Neuland, sondern auf altem geschichtliehem Boden."
"179","1939-07-21","Zeitung","Archiv der Gegenwart, Bd. 9, 21.07.1939","Im weiteren Verlauf der Rede forderte der Stabschef die SA-Führer auf, sich stets so zu halten, daß sie bereit seien, dem Führer ins Auge zu sehen; ein Beispiel, das von der SA-Führerschaft auf das Volk wirken solle, damit die Nation in jeder Stunde wie ein Block festgegründet sei."
"180","1945-06-26","Zeitung","Archiv der Gegenwart, Bd. 15, 26.06.1945, S. 289 [ff.]. Zit. n. CD-ROM-Ausgabe 2001.","2. Der Sicherheitsrat soll in der Ausübung dieser Pflichten im Einklang mit den Zielen und Grundsitzen der Vereinten Nationen handeln."
"181","1943-01-30","Zeitung","Archiv der Gegenwart, Bd. 13, 30.01.1943, S. 5808 [ff.]. Zit. n. CD-ROM-Ausgabe 2001.","Aber ewig bestehen bleibt eine Nation, die sich tapfer, mutig und unbeirrt den Weg nach oben bahnt. Dieselben Gegner wie damals stehen uns heute wieder gegenüber."
"182","1936-07-30","gesprochen","o.A., Olympische Sommerspiele in Berlin: Reportage vom Training im Schwimmstadion und vom Rudern, 30.07.1936","Der Vormarsch der kontinentalen Rudernationen wird einen schweren Gang dann gehen, gegen die angelsächsischen Nationen, gegen Amerika, Kanada, Australien und England und gegen die südamerikanischen Nationen, die das Beste von dem Besten geschickt haben."
"183","1934-06-18","Zeitung","Archiv der Gegenwart, Bd. 4, 18.06.1934, S. 1484 [ff.]. Zit. n. CD-ROM-Ausgabe 2001.","Ministerpräsident Hermann Göring sprach bei dieser Gelegenheit u. a. über die Reichsreform und führte aus, daß der tausendjährige Wunsch der deutschen Nation, zur Einheit zu gelangen, Wahrheit werden solle."
"184","1939-12-24","Zeitung","Archiv der Gegenwart, Bd. 9, 24.12.1939, S. 4360 [ff.]. Zit. n. CD-ROM-Ausgabe 2001.","Der Papst gab abschließend Richtlinien für einen gerechten internationalen Frieden bekannt, die auf folgenden Punkten beruhen: Sicherung des Rechts auf eigenes Staatsleben und auf Unabhängigkeit für alle Nationen, Befreiung der Völker von der Sklaverei des Rüstungswettlaufes, Reorganisation des zwischenstaatlichen Lebens unter Berücksichtigung aller Fehler der Vergangenheit, Berücksichtigung der berechtigten Bedürfnisse und Forderungen der Nationen und Völker sowie der völkischen Minderheiten und vollbewußtes Verantwortungsgefühl der Leiter der Völker. (L. B. 4294 K.)"
"185","1935-09-11","Zeitung","Archiv der Gegenwart, Bd. 5, 11.09.1935, S. 2220 [ff.]. Zit. n. CD-ROM-Ausgabe 2001.","Die Kunst werde um so mehr der Gesamtheit einer Nation zugute kommen, je mehr sie zur Höhe der allgemeinen Würde eines Volkes sich erhebe."
"186","1945-06-27","Zeitung","Archiv der Gegenwart, Bd. 15, 27.06.1945, S. 298 [ff.]. Zit. n. CD-ROM-Ausgabe 2001.","Die Welt weiß bereits, daß Nationen wie Individuen die Wahrheit kennen müssen, wenn sie frei sein wollen -- die Wahrheit lesen und sehen, lernen und suchen müssen."
"187","1943-10-16","Zeitung","Archiv der Gegenwart, Bd. 13, 16.10.1943, S. 6137 [ff.]. Zit. n. CD-ROM-Ausgabe 2001.","Im übrigen seien in letzter Zeit keine Fälle von Verschwörungen gegen die Vereinigten Nationen aufgedeckt worden."
"188","1935-02-20","Zeitung","Archiv der Gegenwart, Bd. 5, 20.02.1935, S. 1884 [ff.]. Zit. n. CD-ROM-Ausgabe 2001.","In Wirklichkeit habe das Regime während seiner 13jährigen Herrschaft die Nation von den schwerwiegendsten Seiten der Abhängigkeit befreit."
"189","1944-09-24","Zeitung","Archiv der Gegenwart, Bd. 14, 24.09.1944, S. 6533 [ff.]. Zit. n. CD-ROM-Ausgabe 2001.","[...] ""Angesichts dessen, daß die Regierung Finnland die vorläufigen Bedingungen der sowjetrussischen Regierung über den Abbruch der Beziehungen zu Deutschland (6510 G) und die Ausweisung der deutschen Truppen aus Finnland (6524 D) angenommen hat, und in Anbetracht dessen, daß der Abschluß des künftigen Friedensvertrages durch die Vorausnahme gewisser Bedingungen dieses Friedensvertrages in einem Waffenstillstandsabkommen erleichtert wird, entschlossen sich die Regierungen der UdSSR und die Regierung S. M. in dem Vereinigten Königreich Großbritannien und Nordirland, die im Namen alliierten Nationen handeln, die sich im Kriegszustand mit Finnland befinden, einerseits und die Regierung Finnlands anderseits, den gegenwärtigen Waffenstillstandvertrag zu schließen, dessen Verwirklichung unter der Kontrolle des sowjetrussischen Oberkommandos vor sich gehen wird, das auch im Namen der alliierten Nationen handelt, die sich im Kriegszustand mit Finnland befinden, und in Zukunft das Alliierte Sowjetische Oberkommando genannt wird. [...]"
"190","1945-08-04","Zeitung","Archiv der Gegenwart, Bd. 15, 04.08.1945, S. 350 [ff.]. Zit. n. CD-ROM-Ausgabe 2001.","Sie begünstigt auch den Beitritt des demokratischen Italiens zum Bund der Vereinten Nationen."
"191","1943-12-14","Zeitung","Archiv der Gegenwart, Bd. 13, 14.12.1943, S. 6204 [ff.]. Zit. n. CD-ROM-Ausgabe 2001.","Was die Nachkriegszeit anlangt, stimmen die Regierungen der Vereinigten Staaten, Großbritanniens und der Sowjetunion mit der iranischen Regierung darin überein, daß die wirtschaftlichen Probleme Irans nach dem Krieg ebenso eingehend geprüft werden müssen, wie diejenigen der übrigen alliierten Nationen."
"192","1938-03-12","Zeitung","Archiv der Gegenwart, Bd. 8, 12.03.1938, S. 3469 [ff.]. Zit. n. CD-ROM-Ausgabe 2001.","Ich habe weiter versucht, die dafür verantwortlichen Machthaber zu Überzeugen, daß es auf die Dauer aber auch für eine große Nation unmöglich, weil unwürdig ist, fortgesetzt zusehen zu müssen, wie Menschen gleicher Volkszugehörigkeit nur wegen ihrer Abstammung oder ihrem Bekenntnis zu diesem Volkstum oder wegen ihrer Verbundenheit mit einer Idee unterdrückt, verfolgt und eingekerkert werden."
"193","1935-03-02","Zeitung","Völkischer Beobachter (Berliner Ausgabe), 02.03.1935","Und wenn er euch dankt, dann dankt euch damit die deutsche Nation , denn er tritt nicht vor euch hin als Vertreter eines parlamentarischen Interessenhaufens oder einer demokratisch-marxistischen Partei."
"194","1942-07-30","Zeitung","Archiv der Gegenwart, Bd. 12, 30.07.1942, S. 5578 [ff.]. Zit. n. CD-ROM-Ausgabe 2001.","""Erstens: Großbritannien kann auf diese Vorschläge nicht eingehen, da ihre Annahme katastrophale Folgen für Indien und die Vereinten Nationen haben wurde."
"195","1941-03-24","Zeitung","Archiv der Gegenwart, Bd. 11, 24.03.1941","In diesen schwersten Stunden der Prüfung werden wir beweisen, daß ein Staat und eine Gemeinschaft von Nationen die sich auf Freiheit und demokratische Einrichtungen aufbauen den schwersten Erschütterungen gewachsen sind und in ehrenwerter und glorreicher Standhaftigkeit auch die furchtbarsten Anschläge zu überstehen vermögen."
"196","1943-06-20","Zeitung","Archiv der Gegenwart, Bd. 13, 20.06.1943, S. 5982 [ff.]. Zit. n. CD-ROM-Ausgabe 2001.","Diese Handlungen seien nicht die des italienischen Volkes gewesen, das eine friedliebende Nation sei."
"197","1941-11-10","Zeitung","Archiv der Gegenwart, Bd. 11, 10.11.1941, S. 5264 [ff.]. Zit. n. CD-ROM-Ausgabe 2001.","In der Nachkriegswelt darf es weder für Einzelpersonen noch für Nationen besondere Vorrechte geben."
"198","1944-11-18","Zeitung","Archiv der Gegenwart, Bd. 14, 18.11.1944, S. 6599 [ff.]. Zit. n. CD-ROM-Ausgabe 2001.","Beide Nationen hätten erkannt, daß der Feind nicht innen, sondern außen stehe."
"199","1936-03-29","Zeitung","Archiv der Gegenwart, Bd. 6, 29.03.1936","Flandin verwies in einem Interview (Tribune des Nations) darauf, daß Frankreich nach der endgültigen Entkräftung des Versailler Vertrages nichts mehr von seiner Position von 1918 zu verteidigen haben werde und daß es sich von diesem Augenblick an direkt mit Deutschland ins Einvernehmen setzen könnte."
"200","1938-06-02","Zeitung","Archiv der Gegenwart, Bd. 8, 02.06.1938, S. 3585 [ff.]. Zit. n. CD-ROM-Ausgabe 2001.","Heute geselle sich zu der Gemeinsamkeit der Ideale und Interessen die Gemeinsamkeit der Grenzen, die für die beiden jungen Nationen und alten Völker einen neuen Beweggrund der Solidarität und des gegenseitigen Respektes schaffe."
"201","1943-07-23","Zeitung","Archiv der Gegenwart, Bd. 13, 23.07.1943","Das amerikanische Staatsdepartement gab bekannt, daß die Vereinigten Staaten von Amerika am 10. Juni allen Alliierten den Vorschlag zu einem Abkommen unterbreiteten, nach dem ein zentrales Amt der Vereinigten Nationen zur Übernahme der Verantwortung für die Hilfe und den Wiederaufbau in allen kriegsgeschädigten Ländern der Welt gebildet wird."
"202","1938-03-07","Zeitung","Archiv der Gegenwart, Bd. 8, 07.03.1938, S. 3463 [ff.]. Zit. n. CD-ROM-Ausgabe 2001.","Tischtennis. -- Unter Beteiligung von 20 Nationen wurden vom 24. bis 29. Januar 1938 die Kämpfe um die Weltmeisterschaft 1938 in London durchgeführt."
"203","1944-01-20","Zeitung","Archiv der Gegenwart, Bd. 14, 20.01.1944, S. 6248 [ff.]. Zit. n. CD-ROM-Ausgabe 2001.","Sie bekräftige ihr unzerstörbares Recht auf Unabhängigkeit das durch die Grundsätze der Atlantik-Charta, die für alle Vereinigten Nationen gelte, bestätigt werde."
"204","1945-05-31","Zeitung","Frankfurter Presse, 31.05.1945","Wenn deutsche Männer an einer der Flaggen der Vereinten Nationen vorbeigehen, haben sie die Kopfbedeckung abzunehmen."
"205","1945-01-22","Zeitung","Archiv der Gegenwart, Bd. 15, 22.01.1945, S. 59 [ff.]. Zit. n. CD-ROM-Ausgabe 2001.","Vor allem müsse es das Ziel der britischen Außenpolitik werden, das Verhältnis zwischen Großbritannien und den seefahrenden Nationen Nord- und Westeuropas sowie des westlichen Mittelmeeres enger zu gestalten."
"206","1941-09-08","Zeitung","Archiv der Gegenwart, Bd. 11, 08.09.1941","Das ist die klare Bedeutung von Roosevelts und Churchills Erklärung Keine Nation darf jemals wieder in der Lage sein, einen Angriffskrieg gegen ihre Nachbarn zu beginnen."
"207","1944-11-16","Zeitung","Archiv der Gegenwart, Bd. 14, 16.11.1944","Seit Jahren sei es offenbar gewesen, daß im Leben der Nation ein voller Systemwechsel eintreten müßte, um die wahrhaft opfervolle Lebensauffassung durchzusetzen und alle Kräfte der Nation zur Verteidigung des vom Feind bedrohten Vaterlandes aufmarschieren zu lassen."
"208","1941-12-31","Zeitung","Archiv der Gegenwart, Bd. 11, 31.12.1941, S. 5333 [ff.]. Zit. n. CD-ROM-Ausgabe 2001.","Bei dieser Gelegenheit hätte Deutschland auch Zusicherungen hinsichtlich der Rohstoffe erhalten können, die, wie wir in der Atlantikcharta erklärt haben, keiner Nation, ob Sieger oder Besiegte, verweigert werden sollen."
"209","1938-12-31","Gebrauchsliteratur","Witkowski, Georg: Von Menschen und Büchern, Erinnerungen 1863-1933. In: Simons, Oliver (Hg.) Deutsche Autobiographien 1690-1930, Berlin: Directmedia Publ. 2004 [1938], S. 74871","Hinter die Kulissen dieser Gesellschaft blickte man bei »Jimmy«, dem Hauptrestaurant der Halbwelt, die sich jeden Abend in ihrer unteren Schicht am Piccadilly Circus versammelte, streng nach Nationen abgeteilt, so daß je ein Sektor den Engländerinnen, Irinnen, Französinnen, Deutschen usw. gehörte."
"210","1941-04-24","Zeitung","Archiv der Gegenwart, Bd. 11, 24.04.1941, S. 4991 [ff.]. Zit. n. CD-ROM-Ausgabe 2001.","Man wisse nun, daß England alle diese Nationen falsch unterrichtet habe hinsichtlich der Kriegsvorbereitungen Englands, seiner militärischen Stärke und der Fortschritte im Kriegsgeschehen."
"211","1945-05-24","Zeitung","Archiv der Gegenwart, Bd. 15, 24.05.1945, S. 242 [ff.]. Zit. n. CD-ROM-Ausgabe 2001.","Der Friede müsse gesichert und durch Verträge mit den übrigen Nationen das verwirklicht werden, wofür Frankreich gekämpft habe."
"212","1945-05-20","Zeitung","Archiv der Gegenwart, Bd. 15, 20.05.1945, S. 236 [ff.]. Zit. n. CD-ROM-Ausgabe 2001.","Wenn einer Nation etwas heilig ist, dann ist es die politische Einigkeit, ohne die ein Land leicht zur Beute fremder Ambitionen wird."
"213","1945-05-13","Zeitung","Archiv der Gegenwart, Bd. 15, 13.05.1945, S. 227 [ff.]. Zit. n. CD-ROM-Ausgabe 2001.","Die militärische Okkupation von Venezia Giulia durch jugoslawien präjudiziert schwerwiegend die Lösung der Probleme, welche die vereinten Nationen der Entscheidung der Friedenskonferenz vorbehalten haben."
"214","1945-08-04","Zeitung","Archiv der Gegenwart, Bd. 15, 04.08.1945, S. 350 [ff.]. Zit. n. CD-ROM-Ausgabe 2001.","In dieser Antwort wird geltend gemacht, daß Frankreich seine Erfahrung und seinen Aufbauwillen der Gemeinschaft der Nationen zur Verfügung stellen wolle."
"215","1939-12-31","Wissenschaft","Jahresberichte für deutsche Geschichte, 1939, S. 321","Das Gegenstück zu diesem Dokumentenwerk bildet die ausgezeichnete »dokumentarische Darstellung des Aufbaues der Nation« aus G. Rühles Feder »Das Dritte Reich« <über Bd. 1--3 vgl."
"216","1940-01-20","Zeitung","Archiv der Gegenwart, Bd. 10, 20.01.1940, S. 4391 [ff.]. Zit. n. CD-ROM-Ausgabe 2001.","London und Paris hätten auch nicht etwa Polen wegen den Krieg erklärt, sondern vom Anfang an, sei es ihre Absicht gewesen, Deutschland zu zerstückeln, die deutsche Nation zu vernichten, genau so wie die Polen im August des vergangenen Jahres die deutsche Armee hätten zerhacken wollen."
"217","1942-09-30","Zeitung","Archiv der Gegenwart, Bd. 12, 30.09.1942, S. 5653 [ff.]. Zit. n. CD-ROM-Ausgabe 2001.","[...] Ich habe schon oft darauf hingewiesen, daß es auch möglich gewesen wäre, einen anderen Weg der Hilfeleistung zu gehen, aber wir haben dasnicht getan aus der einfachen Erkenntnis, daß es wichtig ist, den einzelnen Volksgenossen selbst mit den Aufgaben vertraut zu machen, die die Nation bewegen und damit auch jeden einzelnen berühren, vor allem aber die Gesegneten der Menschen mit dem Elend der weniger Beglückten zu beschäftigen, ihnen durch die dauernde Propaganda zu zeigen, was alles noch getan werden muß, um hier wirklich von einer Gemeinschaft im wahren Sinne des Wortes reden zu können, daß es sich nicht um ein Lippenbekenntnis handelt, sondern daß jeder einzelne auch tatsächlich mit seinem ganzen Vermögen dazu beitragen muß, dieser Gemeinschaft nützlich zu dienen, und daß vor allem keiner ein Recht hat, sich von dieser Arbeit auszuschließen am wenigsten in einer Zeit, in der Millionen andere die Gemeinschaft mit ihrem Blut zu verteidigen haben. [...]"
"218","1945-11-02","Zeitung","Archiv der Gegenwart, Bd. 15, 02.11.1945","Ich habe nichts zu verbergen und mein ganzes Dossier steht der Nation zur Verfügung, bei Wahrung der Unparteilichkeit und der jedem zustehenden Rechts der Selbstverteidigung."
"219","1935-01-29","Zeitung","Archiv der Gegenwart, Bd. 5, 29.01.1935, S. 1839 [ff.]. Zit. n. CD-ROM-Ausgabe 2001.","Die Wehrmacht sei zusammen mit der Partei Träger der Staatsgewalt sowie der Repräsentant und Erzieher der Nation."
"220","1936-09-14","Zeitung","Archiv der Gegenwart, Bd. 6, 14.09.1936, S. 2724 [ff.]. Zit. n. CD-ROM-Ausgabe 2001.","Nicht um irgendeinem frivolen Versuch eines überspannten Chauvinismus zu dienen, sondern um Wache zu stehen vor der Arbeit des Volkes und vor Deutschland seien die Soldaten von der Nation gerufen worden."
"221","1942-02-22","Zeitung","Archiv der Gegenwart, Bd. 12, 22.02.1942, S. 5407 [ff.]. Zit. n. CD-ROM-Ausgabe 2001.","Es sei für die deutsche Nation keine Schande, Lebensräume und Rechte anderer großer Nationen anzuerkennen und ihre schöpferischen Kräfte zu fördern."
"222","1943-08-27","Zeitung","Archiv der Gegenwart, Bd. 13, 27.08.1943","Hier will jedermann eines: die Existenz, das Schicksal, die Zukunft der Nation und aller ihrer treuen Söhne sichern."
"223","1941-12-15","Zeitung","Archiv der Gegenwart, Bd. 11, 15.12.1941, S. 5320 [ff.]. Zit. n. CD-ROM-Ausgabe 2001.","Ministerpräsident Feldmarschall Smuts hielt am 9. Dezember eine Ansprache an die südafrikanische Nation, in der er u. a. ausführte:"
"224","1943-08-14","Zeitung","Archiv der Gegenwart, Bd. 13, 14.08.1943","Die Last, die auf den Schultern der ganzen Nation ruht, soll gerecht auf die Vermögen verteilt werden."
"225","1945-01-12","Zeitung","Archiv der Gegenwart, Bd. 15, 12.01.1945, S. 29 [ff.]. Zit. n. CD-ROM-Ausgabe 2001.","In den Besprechungen, die in Moskau vom 20. bis zum 23. November zwischen dem Ministerpräsidenten und Außenminister Jugoslawiens, Dr. Subasic, dem stellvertretenden Vorsitzenden des jugoslawischen Befreiungskomitees, Kardelj, und dem jugoslawischen Botschafter Simic einerseits sowie Stalin und Außenkommissar Molotow anderseits stattfanden, wurden, ausgehend von der Stellung Jugoslawiens unter den Vereinten Nationen die grundlegenden Fragen einer freundschaftlichen Erörterung unterzogen."
"226","1939-06-29","Zeitung","Archiv der Gegenwart, Bd. 9, 29.06.1939, S. 4119 [ff.]. Zit. n. CD-ROM-Ausgabe 2001.","Wegen der Angriffe und ihren Auswirkungen auf das allgemeine Vertrauen, das die europäischen Nationen in Worte und Zusagen zu setzen in der Lage sind -- und aus keinem anderen Grund -- , haben wir uns mit anderen Nationen verbunden, um einer gemeinsamen Gefahr zu begegnen."
"227","1936-01-04","Zeitung","Archiv der Gegenwart, Bd. 6, 04.01.1936","Diese Nationen seien zum Gesetz des Schwertes zurückgekehrt oder zur phantastischen Idee daß nur sie allein zu einer hohen Aufgabe auserwählt seien und daß die anderen eineinhalb Milliarden menschlicher Wesen auf ihre Lehren hören und sich ihnen unterwerfen sollten."
"228","1945-07-21","Zeitung","Archiv der Gegenwart, Bd. 15, 21.07.1945","Die Nation muß die verfassunggebende Befugnis der Versammlung übertragen, welche sie im kommenden Oktober wählen wird."
"229","1943-12-31","Gebrauchsliteratur","Klemperer, Victor: [Tagebuch] 1943. In: ders., Ich will Zeugnis ablegen bis zum letzten, Berlin: Aufbau-Taschenbuch-Verl. 1999 [1943], S. 17","Die Frage, was »aus der Nation werde«, sei schon nur noch sekundär, jeder frage sich, ob man überleben werde."
"230","1944-04-20","Zeitung","Archiv der Gegenwart, Bd. 14, 20.04.1944, S. 6346 [ff.]. Zit. n. CD-ROM-Ausgabe 2001.","Immer stand an der Spitze der Nation ein Mann, der, für das ganze Volk ein leuchtendes und anfeuerndes Beispiel auch den härtesten Schlägen Trotz bot und durch seinen Gleichmut und die Standhaftigkeit seines Herzens am Ende auch das größte Unglück wieder zum Besseren wandte."
"231","1945-05-20","Zeitung","Archiv der Gegenwart, Bd. 15, 20.05.1945, S. 236 [ff.]. Zit. n. CD-ROM-Ausgabe 2001.","Wollte man annehmen, daß sich aus geleisteten Diensten irgendwelche Rechte ergeben, so würden sich damit auch beinahe alle Diktaturen rechtfertigen, denn es gibt kaum einen Diktator, der sich bei seinem Aufstieg nicht seiner der Nation geleisteten Dienste rühmt."
"232","1945-06-26","Zeitung","Archiv der Gegenwart, Bd. 15, 26.06.1945, S. 289 [ff.]. Zit. n. CD-ROM-Ausgabe 2001.","Die Konferenz beschloß, eine vorbereitende Kommission einzusetzten, die sich aus je einem Delegierten aller Mitglieder der Vereinten Nationen zusammensetzt und die Aufgabe hat, die Weltsicherheitsorganisation in Funktion zu setzen."
"233","1944-04-01","Zeitung","Archiv der Gegenwart, Bd. 14, 01.04.1944, S. 6326 [ff.]. Zit. n. CD-ROM-Ausgabe 2001.","In dieser Erklärung heißt es u.a.., die Außenpolitik der Vereinigten Staaten gründe sich auf eine Politik der gutnachbarlichen Beziehungen unter den Nationen auf der Basis von Freiheit, Gleichheit, Gerechtigkeit und Sittlichkeit."
"234","1945-06-26","Zeitung","Archiv der Gegenwart, Bd. 15, 26.06.1945, S. 289 [ff.]. Zit. n. CD-ROM-Ausgabe 2001.","Die Bedingungen der Treuhandverwaltung für jedes Gebiet, das unter das Treuhandsystem gestellt werden soll, einschließlich aller Forderungen oder Zusätze, sollen von den direkt betroffenen Staaten -einschließlich der Mandatsmacht im Fall von Gebieten, die von einem Mitglied der Vereinten Nationen als Mandat gehalten werden -- vereinbart und gemäß den Bestimmungen der Artikel 83 und 85 genehmigt werden."
"235","1943-03-15","Zeitung","Archiv der Gegenwart, Bd. 13, 15.03.1943, S. 5868 [ff.]. Zit. n. CD-ROM-Ausgabe 2001.","Die Nation werde es nicht zulassen, daß diese Männer ihr Schicksal lenken, auch wenn darüber ein Bürgerkrieg entstünde."
"236","1942-07-27","Zeitung","Archiv der Gegenwart, Bd. 12, 27.07.1942","1. Die Stärkung der geistigen Einheit der Nation; 2. die Wichtigkeit; die zweckmäßigsten politischen Maßnahmen stets zum geeigneten Zeitpunkt rasch in die Tat umzusetzen; 3. die Absicht der Regierung, den Lebensstandard der Nation aufrechtzuerhalten; 4. die Erweiterung der Produktion und 5. die Erneuerung und Belebung der Erziehung."
"237","1945-06-16","Zeitung","Archiv der Gegenwart, Bd. 15, 16.06.1945, S. 273 [ff.]. Zit. n. CD-ROM-Ausgabe 2001.","Außenminister Bidault erklärte laut AFP vor der Konsultativversammlung (I A, 5. Sp.), daß General Catroux im Jahre 1941 nur ein Unabhängigkeitsversprechen für Syrien und Libanon gemacht habe (66 A, 254 G), daß nur der Abschluß eines Vertrages dem französischen Mandat über Syrien und Libanon ein Ende machen könne, daß aber Frankreich die Unterzeichnung eines solchen Vertrages nicht abgewartet habe, um die beiden Länder als unabhängige Nationen zu behandeln."
"238","1945-04-15","Zeitung","Archiv der Gegenwart, Bd. 15, 15.04.1945, S. 178 [ff.]. Zit. n. CD-ROM-Ausgabe 2001.","Die Partei sprach sich für eine wirkliche Freundschaft zur Sowjetunion und Jugoslawien aus, sowie für gute Beziehungen zu den Vereinigten Staaten, Großbritannien und den anderen freiheitsliebenden Nationen."
"239","1943-12-14","Zeitung","Archiv der Gegenwart, Bd. 13, 14.12.1943, S. 6204 [ff.]. Zit. n. CD-ROM-Ausgabe 2001.","Wir anerkennen voll und ganz die auf uns und allen vereinigten Nationen ruhende höchste Verantwortung dafür, daß ein Frieden geschlossen wird, der vom guten Willen der überwältigenden Masse der Völker der Welt getragen wird und das Gespenst des Krieges für viele Generationen verbannt."
"240","1942-12-29","Zeitung","Archiv der Gegenwart, Bd. 12, 29.12.1942","Doch wird die französische Nation nicht zulassen, daß eine Handvoll Männer welche die Kapitulation, die ,Collaboration' und die widerrechtliche Besitzergreifung verkörpern und welche die Disziplin der anderen gegenüber den Befreiern mißbrauchten, diese heute mißbrauchen, um Ehre und Pflichterfüllung vorzutäuschen."
"241","1936-03-03","Zeitung","Völkischer Beobachter (Berliner Ausgabe), 03.03.1936","In der Verbundenheit mit dem Schicksal der Nation liege die sittliche Grundlage des Beamtenberufes."
"242","1945-11-15","Zeitung","Archiv der Gegenwart, Bd. 15, 15.11.1945, S. 523 [ff.]. Zit. n. CD-ROM-Ausgabe 2001.","Wir sind nicht überzeugt, daß die Bekanntgabe von detaillierten Informationen über die praktische Anwendung der Atomenergie zu einer zweckmäßigen Lösung des Problems der Atombombe beitragen würde, solange es nicht möglich ist, wirksame gegenseitige und durchführbare Sicherungen zu entwickeln, die für alle Nationen annehmbar sind."
"243","1945-02-07","Zeitung","Archiv der Gegenwart, Bd. 15, 07.02.1945","Nicht aus den schon so oft katastrophal gescheiterten, bankrotten Friedensparolen der Vergangenheit, sondern aus den neuen fortschrittlichen Ideen unserer Zeit, die das Gegeneinander der Nationen in die Bahn des Für- und Miteinander lenken, wird der kommende Friede unter den Völkern erstehen."
"244","1936-03-01","Zeitung","Völkischer Beobachter (Berliner Ausgabe), 01.03.1936","Im News Chronicle "" schreibt Vernon Bartlett zu dem Interview u.a., in einem Augenblick, wo die Nationen der Welt sich zu einem neuen Rüstungswettrennen vorbereiten, komme von Hitler ein neuer Aufruf zum Frieden."
"245","1945-04-27","Zeitung","Archiv der Gegenwart, Bd. 15, 27.04.1945, S. 195 [ff.]. Zit. n. CD-ROM-Ausgabe 2001.","Laut Reuter wurde eine Einigung über den Vorsitzenden der Konferenz der Vereinten Nationen von San Franzisco (194 B) erzielt."
"246","1941-09-08","Zeitung","Archiv der Gegenwart, Bd. 11, 08.09.1941, S. 5182 [ff.]. Zit. n. CD-ROM-Ausgabe 2001.","Roosevelt bezeichne immer wieder die Vernichtung des Nationalsozialismus und seiner Führer als wichtigstes Ziel, da er sich dessen voll bewußt sei, daß im Nationalsozialismus alle starken Kräfte des deutschen Volkes verkörpert sind, an deren Stelle Roosevelt die Einsetzung jener vaterlandslosen Gesellen -- Juden und Emigranten -wünschen würde, die darüber zu wachen hätten, daß in Deutschland nie wieder eine nationale Erhebung entstände und die für Roosevelt eine willfährige Kontrollkommission darstellen würden, mit der er die Wehrlosigkeit der deutschen Nation gewährleisten könnte."
"247","1938-02-15","Zeitung","Archiv der Gegenwart, Bd. 8, 15.02.1938, S. 3425 [ff.]. Zit. n. CD-ROM-Ausgabe 2001.","Am 11. Februar 1938 wurde mit einer Großkundgebung in Berlin der 5. Reichsberufswettkampf (2926 J, 2407 B, 1878 B, 1374 M) durch den Leiter der Deutschen Arbeitsfront Dr. Ley und den Reichsjugendführer von Schirach, der in seiner Ansprache den Reichsberufswettkampf als das klassische Symbol des Leistungswillens der jungen Nation bezeichnete, eröffnet."
"248","1942-05-27","Zeitung","Archiv der Gegenwart, Bd. 12, 27.05.1942, S. 5509 [ff.]. Zit. n. CD-ROM-Ausgabe 2001.","Die Beziehungen unseres Landes zu den befremdeten Nationen gestalten sich immer enger, was wir mit größter Genugtuung feststellen."
"249","1940-09-28","Zeitung","Archiv der Gegenwart, Bd. 10, 28.09.1940, S. 4716 [ff.]. Zit. n. CD-ROM-Ausgabe 2001.","Zur Erreichung dieses Zieles aber muß die Nation dem kaiserlichen Willen gehorchend jegliche Privatansprüche zurückstellen und die gesamte Kraft für Volk und Vaterland einsetzen."
"250","1940-07-19","Zeitung","Archiv der Gegenwart, Bd. 10, 19.07.1940","Daß ich persönlich die Ehre habe der Freund dieses Mannes sein zu können, beglückt mich angesichts der Eigenart eines Lebensschicksals das ebensoviel Gemeinsames mit dem meinen aufzuweisen hat wie unsere beiden Revolutionen, ja, darüber hinaus sogar die Geschichte der Einigung und des Emporstieges unserer beiden Nationen."
"251","1940-01-21","Zeitung","Archiv der Gegenwart, Bd. 10, 21.01.1940","Es wäre ein großer Irrtum, anzunehmen, daß Frankreich von irgendwelcher Furcht gegenüber Rußland sich leiten ließe, aber der Abbruch der diplomatischen Beziehungen ist eine außenpolitische Handlung, durch die zahlreiche Probleme entstehen welche auch andere Nationen interessieren, mit denen Frankreich in Friede und Freundschaft lebt."
"252","1945-05-02","Zeitung","Archiv der Gegenwart, Bd. 15, 02.05.1945, S. 207 [ff.]. Zit. n. CD-ROM-Ausgabe 2001.","Überdies waren diese Streitkräfte, wie ich in meiner Glückwunschbotschaft an Alexander hervorhob, aus so vielen und verschiedenen Nationen zusammengesetzt, daß nur eine Persönlichkeit von höchstem Führerformat sie zusammenhalten und gemeinsam in Bewegung setzen konnte."
"253","1937-07-01","Zeitung","Archiv der Gegenwart, Bd. 7, 01.07.1937, S. 3113 [ff.]. Zit. n. CD-ROM-Ausgabe 2001.","Die eigentlichen Schwierigkeiten lägen daher in der Armut einiger Nationen an internationalen Zahlungsmitteln, wobei jedoch feststehe, daß die Länder mit Transferschwierigkeiten eine Politik betrieben hätten, die ihnen den Erwerb überseeischer Rohstoffe nicht erleichterte."
"254","1936-03-13","Zeitung","Archiv der Gegenwart, Bd. 6, 13.03.1936, S. 2464 [ff.]. Zit. n. CD-ROM-Ausgabe 2001.","Anläßlich der Unterhausdebatte über das Wehrbudget erklärte der englische Kriegsminister, daß England militärische Geheimabmachungen irgendwelcher Art mit anderen Mächten des Völkerbundes aus dem Grunde nicht treffe, weil sich England nicht vorbereite, gegen irgendeine Nation im besonderen zu kämpfen."
"255","1942-09-21","Zeitung","Archiv der Gegenwart, Bd. 12, 21.09.1942, S. 5640 [ff.]. Zit. n. CD-ROM-Ausgabe 2001.","In den letzten Wochen sei die Frage, weshalb die Verteidiger Burmas keinen ausreichenden Fliegerschutz erhielten, lebhaft erörtert worden, vor allem auch, weil die indischen Blätter beim Ausbruch der Feindseligkeiten in Burma durch das Oberkommando der Luftwaffe der ""Vereinigten Nationen"" ermächtigt worden seien, eine Erklärung über die ""überwältigende Luftherrschaft in Burma"" zu veröffentlichen, wobei damals ausdrücklich versichert worden sei, es bestehe keine Besorgnis, daß das Verhältnis der Kräfte sich zugunsten des Angreifers verändern könnte."
"256","1938-12-31","gesprochen","Hitler, Adolf, Deutsches Volk, trage auch du jetzt deine Waffe!, in: Ausgewählte Reden des Führers 1938, München 1938, S. 81-96","Das ist dieser Staat, der sich später dann Tschecho-Slowakei nannte - entgegen dem Selbstbestimmungsrecht der Völker, entgegen dem klaren Wunsch und Willen der vergewaltigten Nationen."
"257","1943-12-06","Zeitung","Archiv der Gegenwart, Bd. 13, 06.12.1943","Sie werde durch das unveränderliche Ziel der Nation und nicht durch die Konjunktur bestimmt."
"258","1934-12-31","Wissenschaft","Heller, Hermann: Staatslehre, Leiden: Sijthoff 1934, S. 162","Die bedenklichste Verwirrung ist in der Staatslehre dadurch entstanden, dass seit Rousseau und der Romantik dem Volk als Nation eine Volkspersönlichkeit zugeschrieben und diese sowohl mit Gefühl und Bewusstsein wie auch mit politischem Willen und politischer Handlungsfähigkeit ausgestattet wurde."
"259","1936-10-25","gesprochen","o.A., Eröffnung der ""Woche des Deutschen Buches"" in der Weimarhalle in Weimar, 25.10.1936","Hier ist der Schriftsteller nicht mehr Diener der Nation, sondern Kuli eines verworfenen kulturfeindlichen Dogmas."
"260","1943-12-04","Zeitung","Archiv der Gegenwart, Bd. 13, 04.12.1943, S. 6190 [ff.]. Zit. n. CD-ROM-Ausgabe 2001.","Am selben Tage meldete die Agentur Reuter, daß die Vereinigten Staaten beim Französischen Befreiungskomitee gegen die Maßnahmen im Libanon Protest eingelegt und darauf hingewiesen haben, daß es in den Vereinigten Staaten nicht verstanden werden könne, wenn eine selbst unterdrückte Nation Maßnahmen ergreifen würde, durch welche die Freiheit anderer Nationen in Mitleidenschaft gezogen werden würde."
"261","1936-10-25","gesprochen","o.A., Eröffnung der ""Woche des Deutschen Buches"" in der Weimarhalle in Weimar, 25.10.1936","Diese Tendenzen sind nicht gegen den Schriftsteller gerichtet, sie wirken sich zu seinem eigenen Vorteil aus, das individuelle geistige Leben des Einzelnen geht im Geistesleben der Nation auf."
"262","1935-12-19","Zeitung","Archiv der Gegenwart, Bd. 5, 19.12.1935, S. 2350 [ff.]. Zit. n. CD-ROM-Ausgabe 2001.","Wenn dies der Fall ist, so wäre dies wohl das letztemal, daß die Nation der Regierung gestattet, sich zugunsten der allgemeinen Sicherheit zu verpflichten."
"263","1940-07-13","Zeitung","Archiv der Gegenwart, Bd. 10, 13.07.1940, S. 4618 [ff.]. Zit. n. CD-ROM-Ausgabe 2001.","Sie wird von der Nation ratifiziert und von den Vertretungskörperschaften, die vorgesehen sind, angewandt werden."
"264","1934-04-04","Zeitung","Archiv der Gegenwart, Bd. 4, 04.04.1934, S. 1364 [ff.]. Zit. n. CD-ROM-Ausgabe 2001.","In einem Interview für die Associated Press betonte der Reichskanzler Hitler, daß ihm nichts lieber wäre, als die verantwortlichen Führer der anderen Nationen unter vier Augen sprechen zu können."
"265","1939-02-23","Zeitung","Archiv der Gegenwart, Bd. 9, 23.02.1939, S. 3952 [ff.]. Zit. n. CD-ROM-Ausgabe 2001.","Dies sei nicht bloß der Standpunkt einer kleinen Nation, denn auch große europäische Völker, wie beispielsweise das französische Volk, seien heute bestrebt, sich mit dem deutschen Volk über alle schwebenden Fragen zu verständigen."
"266","1941-09-15","Zeitung","Archiv der Gegenwart, Bd. 11, 15.09.1941, S. 5191 [ff.]. Zit. n. CD-ROM-Ausgabe 2001.","Sie bedeutet, daß keine Nation das Recht hat, die weiten Weltmeere in großen Entfernungen von den tatsächlichen Landkriegsschauplätzen unsicher für den Handel anderer Nationen zu machen."
"267","1935-03-12","Zeitung","Archiv der Gegenwart, Bd. 5, 12.03.1935","Es wurde ferner der Erwartung Ausdruck gegeben, daß dieser neue Verkehrsweg die Entfernung der beiden Länder kürzen, eine Vertiefung der freundschaftlichen Beziehungen herbeiführen und die persönlichen Bande zwischen den beiden Nationen festigen werde. (L.B. Deutschland 1893 A, Japan 1881 A.)"
"268","1945-01-27","Zeitung","Archiv der Gegenwart, Bd. 15, 27.01.1945","Für die Übernahme der den Vereinten Nationen gehörenden Seefahrzeuge ist eine besondere gemischte Kommission gebildet worden."
"269","1938-11-08","Zeitung","Archiv der Gegenwart, Bd. 8, 08.11.1938","Erschüttern würde mich nur daß Nichtaufrüsten der deutschen Nation!"
"270","1941-10-13","Zeitung","Archiv der Gegenwart, Bd. 11, 13.10.1941, S. 5229 [ff.]. Zit. n. CD-ROM-Ausgabe 2001.","Wir können und sollen uns nicht auf die angestrengten Kräfte von Nationen im Exil, wie Norwegen und Holland, verlassen, um unsere Güter zu befördern, und wir sollten nicht gezwungen sein, Amerikas eigene Schiffe unter den Flaggen unserer Schwesterrepubliken zu verstecken."
"271","1939-06-29","Zeitung","Archiv der Gegenwart, Bd. 9, 29.06.1939, S. 4119 [ff.]. Zit. n. CD-ROM-Ausgabe 2001.","Durch Zusammenarbeit -- und wir sind bereit zusammenzuarbeiten -- bietet sich ein hinreichendes Arbeitsfeld um allen Nationen die Möglichkeit eines erweiterten Wirtschaftslebens und alles dessen zu bieten, was der Begriff Lebensraum umschließt."
"272","1945-04-19","Zeitung","Archiv der Gegenwart, Bd. 15, 19.04.1945, S. 184 [ff.]. Zit. n. CD-ROM-Ausgabe 2001.","Den traditionellen Freundschaftsbeziehungen zu Schweden und den anderen nordischen Ländern wird die Regierung ebenfalls ihre Aufmerksamkeit schenken; sie hofft auch, daß die normalen Beziehungen zu den anderen Vereinten Nationen wiederhergestellt werden können."
"273","1945-02-25","Zeitung","Das Reich, 25.02.1945","In den Vorträgen von Professor Berve-München über Griechenland und die Persernot, von Professor Brunner - Wien über Otto den Großen oder Professor Frauendienst-Berlin über die Krise in der Bismarck-Aera steigerten sich die Ausführungen zu ""Reden an die deutsche Nation"" von heute."
"274","1945-08-28","Zeitung","Archiv der Gegenwart, Bd. 15, 28.08.1945, S. 401 [ff.]. Zit. n. CD-ROM-Ausgabe 2001.","Napoleon hatte zwei Jahrzehnte hindurch Europa beunruhigt, beherrscht, bekämpft, ausgesogen, bis schließlich die vereinten Nationen, Deutsche, Russen, Engländer ihn niederzwangen."
"275","1940-08-20","Zeitung","Archiv der Gegenwart, Bd. 10, 20.08.1940, S. 4665 [ff.]. Zit. n. CD-ROM-Ausgabe 2001.","Wir haben nicht nur an uns selbst zu denken, sondern auch an die dauerhafte Sicherung der Sache, für die wir kämpfen, und an die Zukunft der britischen Commonwealth der Nationen."
"276","1939-04-03","Zeitung","Archiv der Gegenwart, Bd. 9, 03.04.1939, S. 4012 [ff.]. Zit. n. CD-ROM-Ausgabe 2001.","Der Feststellung Roosevelts im Januar sei von Chamberlain zugestimmt worden (3876 A), daß eine Herausforderung der gedachten Art, ein Versuch, eine Nation nach der andern unter fremde Kontrolle zu bringen, das einzige wäre, was den Frieden der Welt in Gefahr bringen könnte."
"277","1940-07-11","Zeitung","Archiv der Gegenwart, Bd. 10, 11.07.1940, S. 4615 [ff.]. Zit. n. CD-ROM-Ausgabe 2001.","""Dies bedeutet aber auch Pflichten für die Nation, vornehmlich die Pflicht, nicht viel zu reden, sondern zu vertrauen, zu arbeiten und zu gehorchen."
"278","1939-10-31","Zeitung","Archiv der Gegenwart, Bd. 9, 31.10.1939","Er gedachte darin des Lebenswerkes Hlinkas und erklärte das neue Grabmal für alle Zukunft zum Nationalheiligtum der slowakischen Nation."
"279","1938-10-02","Zeitung","Völkischer Beobachter (Norddeutsche Ausgabe), 02.10.1938","Nur so ist die Tatsache zu erklären, daß über alle schweren Widerstände hinweg die Forderungen des Blutes der im Nationalsozialismus geeinten und machtvoll erweckten deutschen Nation ""Volk will zu Volk"" zum Abschluß des zweiten Jahrzehntes nach dem Niederbruch des Novembers 1918 heute geradezu als ein Gesetz höherer Gewalt empfunden wird, gegen das Widerstand zwecklos ist."
"280","1937-07-30","Zeitung","Archiv der Gegenwart, Bd. 7, 30.07.1937, S. 3154 [ff.]. Zit. n. CD-ROM-Ausgabe 2001.","Die Nation sei von einem neuen Lebensrhythmus erfüllt und Deutschland sei ein Hort des Friedens, aber auch ein Hort der Kraft und der Stärke geworden. (L. B. 3142 A.)"
"281","1945-06-26","Zeitung","Archiv der Gegenwart, Bd. 15, 26.06.1945, S. 289 [ff.]. Zit. n. CD-ROM-Ausgabe 2001.","Die Vollversammlung kann, vorbehaltlich der Bestimmungen des Artikels 12, Maßnahmen zur friedlichen Beilegung jedes Sachverhaltes, ohne Rücksicht auf die Art seines Entstehens, empfehlen, der nach ihrer Meinung danach angetan ist, die allgemeine Wohlfahrt oder freundschaftliche Beziehungen zwischen Nationen zu beeinträchtigen, einschließlich solcher Sachverhalte, die eine Folge von Verletzungen jener Bestimmungen des gegenwärtigen Paktes sind, in denen die Ziele und Grundsätze der Vereinten Nationen niedergelegt sind."
"282","1942-01-12","Zeitung","Archiv der Gegenwart, Bd. 12, 12.01.1942, S. 5351 [ff.]. Zit. n. CD-ROM-Ausgabe 2001.","Sein Fehler war, daß er das Bestehen freier und unabhängiger Nationen nicht dulden konnte."
"283","1940-03-17","Zeitung","Völkischer Beobachter (Berliner-Ausgabe), 17.03.1940","Davon seien weniger als die Hälfte Engländer und mehr als die Hälfte Angehörige anderer Nationen gewesen."
"284","1935-02-17","Zeitung","Archiv der Gegenwart, Bd. 5, 17.02.1935, S. 1879 [ff.]. Zit. n. CD-ROM-Ausgabe 2001.","Es habe dies bewiesen durch den Kellogg-Pakt, durch die Bereitwilligkeit Amerikas zu einem Nichtangriffspakt, durch den Entschluß, sich bei drohender Kriegsgefahr mit anderen Nationen zu beraten und durch das Zugeständnis, auf neutrale Rechte zu verzichten und Maßregeln anderer Nationen gegen einen Angreiferstaat nicht zu durchkreuzen (440 A, 561 C/2, 853 B, 855 E, 994 B)."
"285","1937-08-08","Zeitung","Archiv der Gegenwart, Bd. 7, 08.08.1937, S. 3164 [ff.]. Zit. n. CD-ROM-Ausgabe 2001.","Auf einem in Düsseldorf abgehaltenen Reichstreffen der Volksgesundheitsbewegung führte Reichsärzteführer Dr. Wagner u. a. aus, der Arztberuf bedeute einen Dienst am Volke, denn heute sei jeder Arzt gleichzeitig der Arzt der ganzen Nation."
"286","1943-01-30","Zeitung","Archiv der Gegenwart, Bd. 13, 30.01.1943, S. 5808 [ff.]. Zit. n. CD-ROM-Ausgabe 2001.","Die deutsche Nation weiß nun, was Sie zu tun hat."
"287","1940-09-08","Zeitung","Archiv der Gegenwart, Bd. 10, 08.09.1940","Die seelische Einheit unserer Nation werden wir auch in Zukunft wahren."
"288","1938-09-03","gesprochen","o.A., Eröffnung der Autobahnstrecke Nürnberg - Ingolstadt - Bratshof, 03.09.1938","Wenn diese Arbeit hier Glück bringt in kommenden Tagen der gesamten Nation, wir müssen schon darüber hinausschauen können über diesen Augenblick, denn es werden noch Zeiten kommen, da werdet gerade Ihr Arbeiter erkennen, von welch ungeheurer Bedeutung diese Straßen sind, nicht bloß für den Augenblick, damit ein paar schnell nach München rüberfahren können, net wahr, da Kaffee trinken können."
"289","1944-03-08","Zeitung","Archiv der Gegenwart, Bd. 14, 08.03.1944, S. 6299 [ff.]. Zit. n. CD-ROM-Ausgabe 2001.","Auch würden die Vereinigten Staaten mehr Flugzeuge haben als irgendeine andere Nation."
"290","1933-02-01","Zeitung","Archiv der Gegenwart, Bd. 3, 01.02.1933, S. 677 [ff.]. Zit. n. CD-ROM-Ausgabe 2001.","Angesichts der Unfähigkeit des derzeitigen Reichstages, die Arbeit der Regierung zu unterstützen, appelliere diese an das deutsche Volk, den Versöhnungsakt der Nation selbst zu unterzeichnen."
"291","1945-10-31","Zeitung","Archiv der Gegenwart, Bd. 15, 31.10.1945, S. 504 [ff.]. Zit. n. CD-ROM-Ausgabe 2001.","Laut New York Times haben die Vereinigten Staaten eine Welthandels-Charta entworfen, die als Diskussionsgrundlage für eine Welthandelskonferenz der Vereinten Nationen (siehe Vorschläge im Anschluß an das britisch-amerikanische Finanzabkommen vom 6. Dezember: 554 H) dienen soll."
"292","1934-03-21","gesprochen","o.A., Eröffnung der ""Frühjahrsarbeitsschlacht"" an der Baustelle Unterhaching der Reichsautobahn München - Salzburg, 21.03.1934","Denn wir sind der Überzeugung, dass es vordringlichste Pflicht einer volksverbundenen Regierung ist, den Massen Arbeit und Brot zu geben und ihnen einen sozialen Lebensstandard zu garantieren, der der Kulturhöhe der deutschen Nation entspricht."
"293","1942-08-10","Zeitung","Archiv der Gegenwart, Bd. 12, 10.08.1942, S. 5588 [ff.]. Zit. n. CD-ROM-Ausgabe 2001.","Das Komitee wünscht ferner, der Regierung und dem Volk Japans zu versichern, daß Indien weder gegenüber Japan noch irgendeiner anderen Nation Gefühle der Unfreundlichkeit hegt."
"294","1939-12-24","Zeitung","Archiv der Gegenwart, Bd. 9, 24.12.1939, S. 4360 [ff.]. Zit. n. CD-ROM-Ausgabe 2001.","Der Papst kam weiter auf die seinerzeitigen vergeblichen Bemühungen des Vatikans zur Verhinderung des Krieges (4089 F, 4186 B) zu sprechen und meinte, daß die Streitfragen unter den Nationen nicht unlösbar gewesen seien, daß aber das Mißtrauen, das sich aus einer Reihe besonderer Umstände ergeben hätte, es verhindert hätte, allfälligen Versprechungen Glauben zu schenken."
"295","1933-04-09","Zeitung","Archiv der Gegenwart, Bd. 3, 09.04.1933, S. 782 [ff.]. Zit. n. CD-ROM-Ausgabe 2001.","Er betonte ferner, daß die gesamte Nation Träger der Altersversicherung werden müsse, da es nicht der Sinn des Lebens sei, in der Jugend zu arbeiten und im Alter betteln zu müssen."
"296","1940-07-31","Zeitung","Archiv der Gegenwart, Bd. 10, 31.07.1940, S. 4642 [ff.]. Zit. n. CD-ROM-Ausgabe 2001.","Ich hoffe, daß Deutschland, mit dem uns so viele alte Bande verbinden, Bindungen, die sich ständig enger gestalten, und das erleuchtet und geführt wird von einem großen Führer, mit seiner gesamten Sympathie die es uns in der Vergangenheit zeigte, diese Anstrengungen einer befreundeten Nation, zwar klein in der Ausdehnung, aber groß im Versuch, eine tausendjährige Tradition zu erhalten und zu kultivieren, begreifen möge."""
"297","1945-05-08","Zeitung","Archiv der Gegenwart, Bd. 15, 08.05.1945, S. 218 [ff.]. Zit. n. CD-ROM-Ausgabe 2001.","Ehre den Vereinten Nationen, die ihr Blut mit dem unsern vermischt, ihre Sorgen mit den unseren geteilt, ihre Hoffnungen mit den unseren vereinigt haben, und die heute mit uns den Triumph feiern."
"298","1939-09-05","Zeitung","Archiv der Gegenwart, Bd. 9, 05.09.1939, S. 4211 [ff.]. Zit. n. CD-ROM-Ausgabe 2001.","Wenn man diesen Grundsatz in der ganzen Welt lassen wollte, so wäre die Freiheit unseres eigenen Landes und der im britischen Commonwealth vereinigten Nationen in Frage gestellt."
"299","1939-06-27","Zeitung","Archiv der Gegenwart, Bd. 9, 27.06.1939, S. 4117 [ff.]. Zit. n. CD-ROM-Ausgabe 2001.","Die Schritte, die die Regierung des Vereinigten Königreiches daraufhin getan hat, haben keinen anderen Zweck als den, zur Beseitigung dieser Angst beizutragen, und zwar dadurch, daß sie kleineren Nationen dazu verhilft, sich im Genuß ihrer Unabhängigkeit sicher zu fühlen, wozu sie das gleiche Recht haben wie Großbritannien oder Deutschland selbst."
"300","1943-12-14","Zeitung","Archiv der Gegenwart, Bd. 13, 14.12.1943","Die Völker Europas, ob klein oder groß, die durch die Vielfalt ihrer besonderen Fähigkeiten und Leistungen einander ergänzen, durch die räumlichen Gegebenheiten, den gleichen Willen zum Frieden und Fortschritt besitzen, werden unter Führung der großen verteidigungsstarken Nationen dieses Kontinents einen Schutz aufbauen, der sie gegen jeden Angriff sichert und es ihnen ermöglicht, im friedlichen wirtschaftlichen Austausch und Wettbewerb untereinander ihr nationales Eigenleben zum Wohl des ganzen Europa zu führen und zu entwickeln."
"301","1941-10-13","Zeitung","Archiv der Gegenwart, Bd. 11, 13.10.1941, S. 5229 [ff.]. Zit. n. CD-ROM-Ausgabe 2001.","Wir haben erkannt, was ein Sieg der Angreifer für uns bedeuten würde, daher hat das amerikanische Volk durch den Bundeskongreß wichtige und kostspielige Schritte unternommen, um den Nationen große Hilfe zu geben, die aktiv gegen die Beherrschung durch Nazis und Faschisten kämpfen."
"302","1942-07-24","Zeitung","Archiv der Gegenwart, Bd. 12, 24.07.1942, S. 5572 [ff.]. Zit. n. CD-ROM-Ausgabe 2001.","Die Vereinigten Nationen können den Krieg nur durch energische Offensivaktionen gegen die Achse gewinnen, nicht durch die bloße Verteidigung."
"303","1943-02-03","Zeitung","Archiv der Gegenwart, Bd. 13, 03.02.1943, S. 5819 [ff.]. Zit. n. CD-ROM-Ausgabe 2001.","Präsident Roosevelt gab anläßlich des ersten Jahrestages des Zusammenschlusses der Vereinigten Nationen (5340 G) am 1. Januar eine Erklärung ab, die wir nachträglich veröffentlichen."
"304","1944-12-31","Wissenschaft","Beenken, Hermann: Das Neunzehnte Jahrhundert in der deutschen Kunst, München: Bruckmann 1944, S. 36","Das neue Reich sucht sich als die Erfüllung aller vor 1870 noch vage und romantisch ungeformt zur Einigkeit und Freiheit drängenden Sehnsuchtsträume der Nation darzustellen."
"305","1941-07-23","Zeitung","Die Zeitung, 23.07.1941","Dieser unerhörte Angriff auf unser Land ist in der Geschichte der zivilisierten Nationen ohne Beispiel."
"306","1938-09-26","Zeitung","Archiv der Gegenwart, Bd. 8, 26.09.1938, S. 3733 [ff.]. Zit. n. CD-ROM-Ausgabe 2001.","Dieser Herr Benes trat damals in Versailles auf und versicherte zunächst, daß es eine tschechoslowakische Nation gebe."
"307","1941-10-08","Zeitung","Archiv der Gegenwart, Bd. 11, 08.10.1941, S. 5225 [ff.]. Zit. n. CD-ROM-Ausgabe 2001.","""Die Schwierigkeiten, die sich aus der Kriegslage für den Handel ergeben, zeigen die große Bedeutung des internationalen Handels für das Wirtschaftsleben der Nationen."
"308","1938-02-11","Zeitung","Archiv der Gegenwart, Bd. 8, 11.02.1938, S. 3417 [ff.]. Zit. n. CD-ROM-Ausgabe 2001.","Solange die irische Nation bestehe, werde bei jeder Verhandlung zwischen England und Irland die Frage der Teilung Irlands an erster Stelle auf dem Programm stehen. (L. B. England 3415 A, Irland 3389 E.)"
"309","1944-12-24","Zeitung","Archiv der Gegenwart, Bd. 14, 24.12.1944, S. 6637 [ff.]. Zit. n. CD-ROM-Ausgabe 2001.","Es ist ein Gruß aus dem dankerfüllten Herzen der Nation."
"310","1943-09-09","Zeitung","Archiv der Gegenwart, Bd. 13, 09.09.1943","Gebt allen Nationen die begründete Hoffnung auf einen anständigen Frieden, der ihre nationale Ehre nicht verletzt."
"311","1945-06-26","Zeitung","Archiv der Gegenwart, Bd. 15, 26.06.1945, S. 295 [ff.]. Zit. n. CD-ROM-Ausgabe 2001.","8. Nutzbarmachung aller deutschen Erfindungen für die Vereinten Nationen."
"312","1945-05-22","Zeitung","Archiv der Gegenwart, Bd. 15, 22.05.1945, S. 240 [ff.]. Zit. n. CD-ROM-Ausgabe 2001.","Während das ukrainische Außenamt mit anderen Ländern über Verträge verhandeln würde, würde die Ukraine weder mit den Vereinigten Staaten noch mit irgendwelchen anderen Nationen Handel treiben; dies würden alle Sowjetrepubliken gemeinsam tun."
"313","1939-12-22","Zeitung","Archiv der Gegenwart, Bd. 9, 22.12.1939","Wenn in den ersten Wochen dieses Krieges die maßgebenden englischen Politiker noch versucht haben, dem deutschen Volk einzureden, sie führten nur Krieg gegen den Hitlerismus, ohne dem deutschen Volk Schaden zufügen zu wollen, so machen sie heute kein Hehl mehr daraus, daß es ihr Ziel ist, Deutschland niederzuschlagen, es als Nation zu zerstückeln und aufzuteilen und damit in politische und wirtschaftliche Ohnmacht zurückzuwerfen."
"314","1937-12-31","Zeitung","Archiv der Gegenwart, Bd. 7, 31.12.1937, S. 3359 [ff.]. Zit. n. CD-ROM-Ausgabe 2001.","-- In seiner Ansprache an die neugebildete Regierung betonte König Carol, daß die Grundlage, welche dem neuen Kabinett mit der hohen Devise ""Gott, König und Nation"" gegeben sei, die beiden Bekenntnisse des Tages vereinige:"
"315","1943-09-24","Zeitung","Archiv der Gegenwart, Bd. 13, 24.09.1943","Wenn ihr auf diese Weise eure Schiffe intakt erhaltet und den zuständigen Stellen der Vereinigten Nationen bezeugt, daß ihr zu loyaler Zusammenarbeit bereit seid, dann wird dafür gesorgt werden, daß ihr auch weiterhin euren Berufen auf den Meeren nachgehen könnt."
"316","1942-03-31","Zeitung","Archiv der Gegenwart, Bd. 12, 31.03.1942, S. 5449 [ff.]. Zit. n. CD-ROM-Ausgabe 2001.","Ein erfolgreicher Krieg kann nur dann geführt werden, wenn unter allen beteiligten Nationen völlige Zusammenarbeit und totales Einvernehmen herrscht."""
"317","1937-01-24","Zeitung","Archiv der Gegenwart, Bd. 7, 24.01.1937","Er sei sich zu sehr der nationalen Würde bewußt, um nicht die Würde der anderen Nationen zu achten."
"318","1942-07-24","Zeitung","Archiv der Gegenwart, Bd. 12, 24.07.1942, S. 5572 [ff.]. Zit. n. CD-ROM-Ausgabe 2001.","Im übrigen sollten die Kulturzwerge und Parvenüs der Vereinigten Staaten, die heue die große kulturschöpferischen Nationen des europäischen Kontinents begeifern, sich in aller Bescheidenheit erinnern, daß es diese Völker waren, die ihnen die ersten Schritte zur Zivilisation erst beibringen mußten."
"319","1939-12-31","Wissenschaft","Elias, Norbert: Über den Prozeß der Zivilisation - Soziogenetische und psychogenetische Untersuchungen Bd. 1, Frankfurt a. M.: Suhrkamp 1992 [1939], S. 37","Aber solche Schattierungen beeinflussen bestenfalls als Gradunterschiede die große Linie der Veränderung, die sich in der Einstellung der eingesessenen industriellen Klassen samt ihrer politischen und intellektuellen Wortführer gegenüber Staat und Nation vollzog, seit sich diese Klassen aus Gruppen, die von der zentralen staatlichen Macht ausgeschlossen waren, in Gruppen verwandelten, die recht eigentlich die Nation bildeten, deren Vertreter selbst die staatliche Macht repräsentierten und ausübten."
"320","1939-10-04","Zeitung","Archiv der Gegenwart, Bd. 9, 04.10.1939","Bei allen Kriegsunternehmungen dagegen, die nur für fremde Interessen unternommen werden, erlahmt natürlicherweise die Widerstandskraft der kriegführenden Nation."""
"321","1940-12-31","Wissenschaft","Jahresberichte für deutsche Geschichte, 1940, S. 457","Unter dem Titel Deutscher Westen- Deutsches Reich <68> vereinigt ein erster Band saarpfälzischer Lebensbilder große und beispielhafte Persönlichkeiten, in deren Wirken bei aller Vielgestaltigkeit und Verschiedenheit im einzelnen sich der Anteil der Saarpfalz am geschichtlichen Schicksal der deutschen Nation spiegelt."
"322","1943-12-31","Belletristik","Weismantel, Leo: Die höllische Trinität, Berlin: Union-Verl.1966 [1943], S. 139","Jene Bürger bargen in ihren Mauern die Krone, das Schwert, die Lanze, das Buch der Evangelien des Heiligen Römischen Reiches Deutscher Nation."
"323","1938-05-24","gesprochen","o.A., Ansprache zur Eröffiiung der Ausstellung ,,Entartete Musik"" im Düsseldorfer Kunstpalast (Vollständige Fassung), 24.05.1938","[...] Wie sich der politische Mensch ganz und gar von jener grauenhaften Denkart des Demokratismus und des jüdischen Bolschewismus und kompromisslos von jedwedem Element der Zerstörung freimachen musste, wie sich der staatspolitisch denkende und handelnde Deutsche in der Gefolgschaft Hitlers radikal loslösen musste von einer Lebensorganisation, die innerlich zermürbt und faulig geworden war, so musste sich auch in dem höheren Dasein der Nation, in der Welt der künstlerischen Betätigung, wofern von kultureller Aufbauarbeit die Rede sein sollte, jeder hier Verantwortliche kompromisslos freizumachen suchen von all den zerstörenden Geistern, die mit ihrer ständigen Regierung des Volkslebens durch das Mittel ihrer Propaganda und ihrer Scheinkunst, das nationale Leben insgesamt unheilvoll zerstört haben. [...]"
"324","1935-09-07","Zeitung","Archiv der Gegenwart, Bd. 5, 07.09.1935, S. 2213 [ff.]. Zit. n. CD-ROM-Ausgabe 2001.","Für Italien erklärte Baron Aloisi, daß Italien sich in seiner Würde als zivilisierte Nation auf das tiefste verletzt fühlen müßte, wenn es mit Abessinien auf dem Fuße der Gleichheit verhandeln müßte."
"325","1938-12-22","Zeitung","Archiv der Gegenwart, Bd. 8, 22.12.1938, S. 3865 [ff.]. Zit. n. CD-ROM-Ausgabe 2001.","-- Von diesem Empfinden geleitet, erhebe ich mein Glas auf das Wohl Sr. Majestät des Königs und Kaisers, des Duce und Ew. Exzellenz sowie auf die Größe und die Wohlfahrt der italienischen Nation."
"326","1937-12-31","Belletristik","Klepper, Jochen: Der Vater, Gütersloh: Bertelsmann 1962 [1937], S. 221","Er schrieb mit den gleichen Lettern und im gleichen Zuge wie der Kaiser des Heiligen Römischen Reiches Deutscher Nation."
"327","1941-02-24","Zeitung","Archiv der Gegenwart, Bd. 11, 24.02.1941","Es war damit tatsächlich die Zeit auszurechnen, in der die deutsche Nation 20 oder 30 Millionen Menschen weniger zählen würde."
"328","1941-01-22","Zeitung","Archiv der Gegenwart, Bd. 11, 22.01.1941, S. 4861 [ff.]. Zit. n. CD-ROM-Ausgabe 2001.","Zum zweiten der Besiegung des Mangels an Vertrauen und der Einhaltung der Verträge, die für die Beziehungen zwischen sowohl schwachen als auch starken Nationen nötig sind."
"329","1945-11-22","Zeitung","Archiv der Gegenwart, Bd. 15, 22.11.1945, S. 535 [ff.]. Zit. n. CD-ROM-Ausgabe 2001.","Was die Nachkriegszeit anlangt, stimmen die Regierungen der Vereinigten Staaten, Großbritanniens und der Sowjetunion mit der iranischen Regierung darin überein, daß die wirtschaftlichen Probleme Irans nach dem Krieg ebenso eingehend überprüft werden müssen wie diejenigen der übrigen alliierten Nationen."
"330","1941-12-11","Zeitung","Archiv der Gegenwart, Bd. 11, 11.12.1941","In dieser ernsten Zeit spreche ich zu Ihnen, Abgeordnete des Reichstages, als den Vertretern der deutschen Nation."
"331","1934-04-07","Zeitung","Archiv der Gegenwart, Bd. 4, 07.04.1934","In diesem sowie in dem Kampf zwischen Autarkie und dem Gedanken des Zusammenwirkens der Nationen kämen den kleinen Nationen wichtige Pflichten zu."
"332","1942-07-25","Zeitung","Archiv der Gegenwart, Bd. 12, 25.07.1942, S. 5574 [ff.]. Zit. n. CD-ROM-Ausgabe 2001.","Im zweiten Teil erklärte sich die Kongreßpartei einverstanden, daß alliierte und britische Streitkräfte in Indien verbleiben, um die Japaner abzuwehren sowie um der chinesischen Nation Hilfe zu leisten."
"333","1938-05-04","Zeitung","Archiv der Gegenwart, Bd. 8, 04.05.1938, S. 3544 [ff.]. Zit. n. CD-ROM-Ausgabe 2001.","Ich bin zu euch gekommen, um euch dies in wenigen Worten zu sagen, um euch zu ermahnen, eine Volksgemeinschaft im kleinen hier in der Fremde zu sein, wo sie es die ganze deutsche Nation in der Heimat ist, eine Volksgemeinschaft der gegenseitigen Hilfe und Unterstützung!"
"334","1945-02-16","Zeitung","Archiv der Gegenwart, Bd. 15, 16.02.1945","Laut United Press unterzeichnete Venezuela die Erklärung der Vereinten Nationen (10 C) und erklärte zugleich den Krieg an Deutschland und Japan."
"335","1940-08-14","Zeitung","Archiv der Gegenwart, Bd. 10, 14.08.1940, S. 4659 [ff.]. Zit. n. CD-ROM-Ausgabe 2001.","Da sehen Sie die Mitglieder der Commonwealth of Nations, die mit Leib und Seele bei unserer Sache sind."
"336","1945-02-28","Zeitung","Archiv der Gegenwart, Bd. 15, 28.02.1945, S. 117 [ff.]. Zit. n. CD-ROM-Ausgabe 2001.","5. Die Hauptverantwortlichkeit eines jeden Volkes besteht darin, dafür zu sorgen, daß es selbst soviel Nahrungsmittel hat, als für Leben und Gesundheit notwendig sind; Maßnahmen, dies zu erreichen, müssen von jeder einzelnen Nation beschlossen werden."
"337","1944-08-14","Zeitung","Archiv der Gegenwart, Bd. 14, 14.08.1944, S. 6489 [ff.]. Zit. n. CD-ROM-Ausgabe 2001.","Ein solches Vorhaben sei zu beklagen, weil es das Vertrauen der arabischen und anderen kleinen Nationen in die Zusicherungen, die die Vereinigten Staaten hinsichtlich der Rechte der Völker und der Gerechtigkeit des Sieges gemacht hätten, erschüttere."
"338","1939-07-02","Zeitung","Archiv der Gegenwart, Bd. 9, 02.07.1939, S. 4122 [ff.]. Zit. n. CD-ROM-Ausgabe 2001.","Mächtig auf der Erde und in der Luft, wollen wir auch auf dem Meer stark werden zur Sicherstellung der Seemission der polnischen Nation."""
"339","1936-12-13","Zeitung","Archiv der Gegenwart, Bd. 6, 13.12.1936","Zusatzprotokoll: Die Regierungen der amerikanischen Staaten, vom Wunsch beseelt, in ihren gegenseitigen Beziehungen wie auch in ihren Beziehungen zu allen Nationen der Welt, die Wohltat des Friedens sicherzustellen und die Interventionen abzuschaffen, in Übereinstimmung mit den vom 7. Panamerikanischen Kongreß festgesetzten Rechten und Pflichten der Nationen, erklären, daß keine Nation das Recht hat, direkt oder indirekt in den inneren oder äußeren Angelegenheiten irgendeiner anderen Nation zu intervenieren."
"340","1941-11-03","Zeitung","Archiv der Gegenwart, Bd. 11, 03.11.1941, S. 5253 [ff.]. Zit. n. CD-ROM-Ausgabe 2001.","Schwierigkeiten, die uns durch unerforschte Meere, Urwälder, Wüsten, Überschwemmungen, Tyrannen und innere Zwistigkeiten durch gewaltige soziale und wirtschaftliche Probleme entstanden sind, aber wir sind aus dem Kampf als mächtigste und freieste Nation der Welt hervorgegangen."
"341","1943-05-14","Zeitung","Archiv der Gegenwart, Bd. 13, 14.05.1943, S. 5936 [ff.]. Zit. n. CD-ROM-Ausgabe 2001.","Aber es gibt Grenzen der Nachgiebigkeit, die kein Angehöriger der polnischen Nation überschreiten wird."""
"342","1941-10-03","Zeitung","Archiv der Gegenwart, Bd. 11, 03.10.1941, S. 5214 [ff.]. Zit. n. CD-ROM-Ausgabe 2001.","Nicht so schwer vielleicht der Heimat gegenüber, denn letzten Endes muß sie begreifen, daß es Augenblicke gibt, in denen man nicht reden kann, wenn man nicht die ganze Nation in Gefahr bringen will."
"343","1939-03-02","Zeitung","Archiv der Gegenwart, Bd. 9, 02.03.1939, S. 3964 [ff.]. Zit. n. CD-ROM-Ausgabe 2001.","Jenen Brudernationen unserer Schwester Portugal, dem geliebten Italien dem befreundeten Deutschland, und jenen Nationen, die in Südamerika uns ebenfalls ermutigen, ihnen gilt heute unsere Zuneigung und unser Gedenken desgleichen aber unserer heldenhaften Jugend und jenen spanischen Müttern, Spaniens größtem Schatz die uns ihre Söhne gegeben haben, ihr eigenes Fleisch und Blut, die uns ihre Brüder gegeben haben, um des Glaubens und um des Vaterlandes willen."
"344","1933-12-31","Gebrauchsliteratur","Klemperer, Victor: [Tagebuch] 1933. In: ders., Ich will Zeugnis ablegen bis zum letzten, Berlin: Aufbau-Taschenbuch-Verl. 1999 [1933], S. 41","Wir kennen keine Rasse, keine Nation, nur Christen und überall das Alte Testament und das Lamm Gottes."
"345","1943-10-19","Zeitung","Archiv der Gegenwart, Bd. 13, 19.10.1943, S. 6141 [ff.]. Zit. n. CD-ROM-Ausgabe 2001.","Eine Abänderung kann nur erfolgen auf Grund eines Übereinkommens der alliierten Regierungen nach Maßgabe der Unterstützung, welche die italienische Regierung für die Sache der Vereinigten Nationen leistet."""
"346","1938-09-09","Zeitung","Archiv der Gegenwart, Bd. 8, 09.09.1938, S. 3712 [ff.]. Zit. n. CD-ROM-Ausgabe 2001.","Gottlob zahlt bei uns Deutschen das Eintreten für die Sicherheit der Nation, sei es mit der Axt oder dem Spaten, mit dem Schwert oder dem Gewehr, immer noch zu den höchsten und erstrebenswertesten Pflichten des deutschen Mannes."
"347","1939-01-14","Zeitung","Archiv der Gegenwart, Bd. 9, 14.01.1939, S. 3889 [ff.]. Zit. n. CD-ROM-Ausgabe 2001.","Auch deutscherseits kann nur im Interesse einer ersprießlichen Entwicklung des alten europäischen Kontinents und seiner Nationen der Hoffnung Ausdruck gegeben werden, daß -- gerade im Hinblick auf die von fremden Kontinenten ausgehenden Störungsversuche -- die römischen Gespräche zu einem Ergebnis führen, das den Erwartungen seines italienischen Freundes genügt und gleichzeitig eine Ordnung der Verhältnisse anbahnt, die letzten Endes dem wohlverstandenen Interesse aller entspricht."" (L. B. Italien 3877 B, England 3886 D Frankreich 3883 C, Mittelmeer 3880 F.)"
"348","1945-05-21","Zeitung","Archiv der Gegenwart, Bd. 15, 21.05.1945, S. 237 [ff.]. Zit. n. CD-ROM-Ausgabe 2001.","Wir können den Krieg um die Existenz der Nation nicht zu Ende führen, wenn wir nicht über gewisse Rohstoffe verfügen."
"349","1937-04-01","Zeitung","Archiv der Gegenwart, Bd. 7, 01.04.1937, S. 2995 [ff.]. Zit. n. CD-ROM-Ausgabe 2001.","Reichsminister Dr. Frick führte hiebei u. a. aus, daß an Stelle der Vielheit der Länder die im Reich geeinte Nation und an Stelle des Bundesstaates der Einheitsstaat getreten sei."
"350","1937-08-06","Zeitung","Archiv der Gegenwart, Bd. 7, 06.08.1937, S. 3161 [ff.]. Zit. n. CD-ROM-Ausgabe 2001.","Die Freundschaft zwischen Italien und Deutschland würde dadurch nicht berührt, denn einer der Grundsätze der Achsenpolitik Berlin-Rom sei gerade die im Interesse des Friedens und der Zivilisation liegende Mitarbeit aller Nationen."
"351","1942-03-14","Zeitung","Archiv der Gegenwart, Bd. 12, 14.03.1942, S. 5429 [ff.]. Zit. n. CD-ROM-Ausgabe 2001.","Seit Beginn des Krieges hat Großbritannien nach alter Tradition versucht, andere Völker und Nationen dazu zu bringen, Englands Schlachten zu schlagen und ihm die Mittel zum Krieg zu liefern."
"352","1940-09-15","Zeitung","Archiv der Gegenwart, Bd. 10, 15.09.1940, S. 4698 [ff.]. Zit. n. CD-ROM-Ausgabe 2001.","Die Uniformen der ""Partei der Nation"" und der ""Landeswacht"" werden abgeschafft."
"353","1939-04-20","Zeitung","Archiv der Gegenwart, Bd. 9, 20.04.1939, S. 4032 [ff.]. Zit. n. CD-ROM-Ausgabe 2001.","Reichsminister Hess betonte in seiner Rede, daß nur durch den Führer Deutschland frei und stark geworden sei und gleichberechtigt neben anderen Nationen stehe."
"354","1942-09-14","Zeitung","Archiv der Gegenwart, Bd. 12, 14.09.1942, S. 5632 [ff.]. Zit. n. CD-ROM-Ausgabe 2001.","Aber wir, die wir zu den 'Vereinigten Nationen' gehören, wir haben die Macht und den Willen, dieses Erbe endlich zu gewährleisten."
"355","1938-09-03","gesprochen","o.A., Großkundgebung auf der sechsten Reichstagung der Auslandsdeutschen in der Stuttgarter Stadthalle, 03.09.1938","Jeder einzelne Mann der Besatzung eines im Ausland gewesenen Kriegsschiffes unserer Flotte könnte von zahlreichen Erlebnissen berichten, wie Menschen deutschen Blutes, die in ihrem Gastland ihres Deutschtums wegen Schwierigkeiten gehabt hatten und häufig genug darüber verzagt worden waren, während und nach dem Kriegsschiffbesuch den Kopf höher trugen und wie aus ihren Augen die Freude leuchtete, auch zu der Nation zu gehören oder aus ihr zu stammen, die dieses Schiff entsandt hatte."
"356","1943-02-09","Zeitung","Archiv der Gegenwart, Bd. 13, 09.02.1943, S. 5825 [ff.]. Zit. n. CD-ROM-Ausgabe 2001.","In dieser Eigenschaft sei er Führer der Nation, als Individuum aber sei er ein einfacher bescheidener Untertan des Kaisers ebenso wie jeder andere Japaner."
"357","1941-12-15","Zeitung","Archiv der Gegenwart, Bd. 11, 15.12.1941, S. 5317 [ff.]. Zit. n. CD-ROM-Ausgabe 2001.","In einer von Gangsterprinzipien beherrschten Welt, gibt es keine Sicherheit, weder für eine Nation noch für die einzelne Person."
"358","1933-01-30","gesprochen","o.A., Reportage vom Fackelzug der SA-, SS- und Stahlhelmformationen vor der Berliner Reichskanzlei anlässlich der Ernennung Hitlers zum Reichskanzler, 30.01.1933","In diesem Zusammenschluss sehen Sie auch den Zusammenschluss der deutschen Nation."
"359","1936-08-01","gesprochen","o.A., Jugendfeier im Berliner Lustgarten anlässlich der Eröffnung der XI. Olympischen Spiele, 01.08.1936","Ihr, meine Kameraden aus so vielen Nationen, lerntet Euch nun kennen und - wie ich hoffe - schätzen und achten."
"360","1944-11-04","Zeitung","Archiv der Gegenwart, Bd. 14, 04.11.1944","[...] Auf Grund des Obigen haben der Vertreter des sowjetischen Oberkommandos, Marschall der Sowjetunion Tolbuchin (6536 A), und der Vertreter des Oberkommandos der Aliierten im Mittelmeerraum, Generalleutnant Gammell (6246 C), einerseits, die dazu ordnungsgemäß von den Regierungen der Sowjetunion, des Vereinigten Königreichs und der Vereinigten Staaten bestellt sind, die im Namen aller sich im Kriege mit Bulgarien befindenden Nationen handeln, und die Vertreter der bulgarischen Regierung Außenminister Stainoff, Minister ohne Portefeuille Terpescheff, Minister ohne Portefeuille Petkoff und Finanzminister Stojanoff anderseits, die mit den erforderlichen Vollmachten ausgerüstet sind, die folgenden Bedingungen unterzeichnet: [...]"
"361","1936-12-31","Wissenschaft","Jahresberichte für deutsche Geschichte, 1936, S. 305","Es ist das Verdienst Scharnhorsts gewesen, nicht nur die Idee des absoluten Krieges mit Verwendung aller Hilfsquellen der Nation erfaßt, sondern auch die Kriegskunst dadurch von den Fesseln der Doktrin befreit zu haben, daß er der Bedeutung unvorhergesehener Ereignisse in positiver Weise Rechnung trug."
"362","1945-06-29","Zeitung","Archiv der Gegenwart, Bd. 15, 29.06.1945, S. 300 [ff.]. Zit. n. CD-ROM-Ausgabe 2001.","Feldmarschall Smuts erklärte laut Chronology of International Events and Documents bezüglich der Anerkennung von Regionalgruppen durch die Charta der Vereinten Nationen (10 C), daß in Europa selbst der dringendste Fall für eine regionale Gruppierung vorliege."
"363","1941-03-16","Zeitung","Archiv der Gegenwart, Bd. 11, 16.03.1941, S. 4931 [ff.]. Zit. n. CD-ROM-Ausgabe 2001.","Wenn aber das deutsche Volk im Jahre 1941 seine Helden ehrt, dann geschieht dies in einer Gegenwart und unter Umständen, die uns das Recht geben, stolzen Hauptes derer zu gedenken, die in den Kämpfen der ferneren und nächsten Vergangenheit ihr Leben für die Nation opferten."
"364","1942-09-11","Zeitung","Archiv der Gegenwart, Bd. 12, 11.09.1942, S. 5626 [ff.]. Zit. n. CD-ROM-Ausgabe 2001.","""Unsere Alliierten und wir machen dauernd Anstrengungen, und das Oberkommando zu vereinheitlichen und die Oberste Kriegsleitung für die Aktionen der 'Vereinigten Nationen' zu koordinieren."
"365","1933-12-31","Belletristik","Werfel, Franz: Die Vierzig Tage des Musa Dagh II, Stockholm: Bermann - Fischer 1947 [1933], S. 427","(In diesen Wochen und Monaten gab es unter der armenischen Nation so manchen Selbstmordpropheten gleich Oskanian und Tausende von Selbstmördern."
"366","1939-08-27","Zeitung","Archiv der Gegenwart, Bd. 9, 27.08.1939, S. 4189 [ff.]. Zit. n. CD-ROM-Ausgabe 2001.","Vielleicht können gerade wir uns als alte Frontsoldaten auf manchen Gebieten am leichtesten verstehen, allein, ich bitte Sie, verstehen Sie auch dies: daß es für eine Nation von Ehre unmöglich ist, auf fast zwei Millionen Menschen zu verzichten und sie an ihren eigenen Grenzen mißhandelt zu sehen."
"367","1943-03-07","Zeitung","Archiv der Gegenwart, Bd. 13, 07.03.1943, S. 5860 [ff.]. Zit. n. CD-ROM-Ausgabe 2001.","Kein Volk der Vereinten Nationen kann seine eigenen Angelegenheiten zufriedenstellend regeln, wenn es nicht die Lebensfragen aller anderen Völker mit in Betracht zieht."
"368","1941-03-17","Zeitung","Archiv der Gegenwart, Bd. 11, 17.03.1941, S. 4934 [ff.]. Zit. n. CD-ROM-Ausgabe 2001.","Nach unserer Ansicht hat jede Nation so klein sie auch sein mag, ein natürliches Recht auf ihre Existenz als Nation."
"369","1935-09-08","Zeitung","Archiv der Gegenwart, Bd. 5, 08.09.1935, S. 2214 [ff.]. Zit. n. CD-ROM-Ausgabe 2001.","Ringen. -- Unter Beteiligung von 14 Nationen hat in Brüssel die Europameisterschaft 1935 (1934 s. 1681 C) im Freistilringen stattgefunden."
"370","1945-01-30","Zeitung","Archiv der Gegenwart, Bd. 15, 30.01.1945","Wer der Nation aber feige oder charakterlos in den Rücken fällt, wird unter allen Umständen eines schimpflichen Todes sterben."
"371","1942-11-19","Zeitung","Archiv der Gegenwart, Bd. 12, 19.11.1942, S. 5721 [ff.]. Zit. n. CD-ROM-Ausgabe 2001.","Die Leiden, die wir mit ihnen teilten, legten den Grundstein zur Bildung der ,Vereinigten Nationen'."
"372","1944-01-21","Zeitung","Archiv der Gegenwart, Bd. 14, 21.01.1944, S. 6249 [ff.]. Zit. n. CD-ROM-Ausgabe 2001.","Der natürliche Zusammenprall der nationalen Interessen verschiedener Nationen im Feindlager macht sie ungeduldig und zwingt sie, die Situation schnell zu klären, bevor diese Entwicklung ins Uferlose geht."
"373","1943-12-31","Gebrauchsliteratur","Meißner, Kurt: Japan und Deutschland. In: Schwind, Martin (Hg.) Japan von Deutschen gesehen, Leipzig: Teubner 1943, S. 245","Allerdings mußten sie sich unter den Schutz von Nationen stellen, die schon einen Vertrag mit Japan geschlossen hatten."
"374","1945-11-09","Zeitung","Süddeutsche Zeitung, 1995 [1945]","Nicht betroffen sind Vermögenswerte, die der Oberhoheit Großbritanniens, der Britischen Dominien, Indiens, der Britischen Kolonien und Besitzungen, der Union der Sozialistischen Sowjetrepubliken, der Ver. Staaten, Frankreichs und jeder anderen vom Kontrollrat bestimmten Vereinten Nation unterstehen."
"375","1933-12-31","Belletristik","Werfel, Franz: Die Vierzig Tage des Musa Dagh I, Stockholm: Bermann - Fischer 1947 [1933], S. 151","Würden Sie da, Herr Lepsius, nicht jegliches Mittel gutheißen, um ihre schwerkämpfende, durch eine Welt von äußeren Feinden belagerte Nation vom inneren Feinde zu befreien?"
"376","1943-06-19","Zeitung","Archiv der Gegenwart, Bd. 13, 19.06.1943","Wer immer die Verantwortung für die Nation in diesem Augenblick übernimmt hat die Pflicht, alle Gewaltakte und Ruhestörungen gegen die öffentliche Ordnung sowie alle Gewaltakte gegen Leben und Eigentum der einzelnen Bürger zu verhindern."
"377","1939-03-16","Zeitung","Archiv der Gegenwart, Bd. 9, 16.03.1939","Abkommen über Preise oder andere Faktoren zwischen Deutschland und England bedeuten nur einen Schritt zu einem besseren und geordneteren Welthandelssystem, und es wäre zu begrüßen, wenn andere Nationen in dieses Abkommen eintreten würden."
"378","1945-05-08","Zeitung","Archiv der Gegenwart, Bd. 15, 08.05.1945, S. 218 [ff.]. Zit. n. CD-ROM-Ausgabe 2001.","Gemeinsam haben die friedliebenden Nationen im Westen bewiesen, daß ihre Waffen weit Stärker sind als die Macht der Diktatoren oder ihre militärischen Führer, die uns einst als schwach und weichlich bezeichneten."
"379","1937-01-24","Zeitung","Archiv der Gegenwart, Bd. 7, 24.01.1937, S. 2903 [ff.]. Zit. n. CD-ROM-Ausgabe 2001.","Diese Deklaration schaffte für die Juden ein Nationalheim, wobei ""national"" bedeute, daß die Juden die Möglichkeit haben sollten, als Nation in Palästina zu leben, und ""Heim"", daß sie nicht in der Fremde leben und leiden müßten."
"380","1940-01-30","Zeitung","Archiv der Gegenwart, Bd. 10, 30.01.1940, S. 4401 [ff.]. Zit. n. CD-ROM-Ausgabe 2001.","Und um diese Abrüstung nun besonders sinnfällig zu machen, sollte sie gekrönt werden durch einen Bund der abgerüsteten Nationen."
"381","1943-01-15","Zeitung","Archiv der Gegenwart, Bd. 13, 15.01.1943","Die Sicherung der weiteren laufenden Lieferungen des lebenswichtigen Kriegsmaterials an diejenigen Nationen, die sich gegen einen Angriff und gegen die Aufzwingung neuer Regierungsformen verteidigten, sei in Erwägung zu ziehen."
"382","1943-10-22","Zeitung","Archiv der Gegenwart, Bd. 13, 22.10.1943, S. 6147 [ff.]. Zit. n. CD-ROM-Ausgabe 2001.","Falls notwendig, können auch andere mit der Achse im Krieg befindlichen Nationen diese Stützpunkte benutzen."
"383","1938-12-22","Zeitung","Archiv der Gegenwart, Bd. 8, 22.12.1938, S. 3865 [ff.]. Zit. n. CD-ROM-Ausgabe 2001.","-- Im Namen dieser Freundschaft -- die ebenso wie bisher auch weiterhin stark und unerschütterlich sein wird -- leere ich mein Glas auf Se. Durchlaucht den Reichsverweser von Ungarn, auf die Gesundheit Ew. Exzellenz sowie auf das Blühen und die Größe der ungarischen Nation! (L. B. Italien 3851 B, Ungarn 3856 B.)"
"384","1945-01-06","Zeitung","Archiv der Gegenwart, Bd. 15, 06.01.1945, S. 20 [ff.]. Zit. n. CD-ROM-Ausgabe 2001.","Unter der Drohung einer gemeinsamen Gefahr haben sich die Vereinten Nationen im Kriege zusammengeschlossen, um ihre Unabhängigkeit und Freiheit zu bewahren."
"385","1943-05-02","Zeitung","Archiv der Gegenwart, Bd. 13, 02.05.1943, S. 5922 [ff.]. Zit. n. CD-ROM-Ausgabe 2001.","""Wir bedürfen eines Instruments internationaler Währung, die zwischen den Nationen allgemein anerkannt wird, so daß blockierte Guthaben und zweiseitige Clearinggarrangements unnötig werden, eines Währungsinstruments, das von allen Nationen im Verkehr untereinander brauchbar ist und durch Vermittlung des Schatzamtes oder der Zentralbank einer jeden Nation verwendet wird, während Privatpersonen, Geschäftsunternehmungen und private Banken sich unverändert der eigenen nationalen Währung bedienen."
"386","1936-01-18","Zeitung","Archiv der Gegenwart, Bd. 6, 18.01.1936","Die britische Politik richte sich nicht gegen eine einzelne Nation, sondern nur gegen Verletzungen des Völkerbundpaktes."
"387","1945-11-13","Zeitung","Süddeutsche Zeitung, 1995 [1945]","Es geschieht zum ersten Male "", führte Jackson u. a. aus, "" daß vier der mächtigsten Nationen der Welt sich nicht nur über die Prinzipien der Verantwortlichkeit der Menschenverfolgung geeinigt hätten, sondern auch über das Prinzip der Verantwortlichkeit des Einzelnen für einen Angriff gegen den Frieden der Allgemeinheit."
"388","1945-06-26","Zeitung","Archiv der Gegenwart, Bd. 15, 26.06.1945, S. 289 [ff.]. Zit. n. CD-ROM-Ausgabe 2001.","1. Jedes Mitglied der Vereinten Nationen verpflichtet sich, sich in jedem Falle, in dem es Partei ist, der Entscheidung des Internationalen Gerichtshofes zu fügen."
"389","1941-05-27","Zeitung","Archiv der Gegenwart, Bd. 11, 27.05.1941, S. 5037 [ff.]. Zit. n. CD-ROM-Ausgabe 2001.","In den sechs nördlichen Grafschaften hat mehr als ein Drittel der Bevölkerung heftig dagegen protestiert, vom Hauptkörper der Nation abgeschnitten zu werden."
"390","1940-08-08","Zeitung","Archiv der Gegenwart, Bd. 10, 08.08.1940, S. 4651 [ff.]. Zit. n. CD-ROM-Ausgabe 2001.","Das Gesetz erklärt zu Juden diejenigen, die jüdischer Religion sind und ihre Kinder, die unehelichen Kinder einer Jüdin, die ehelichen Kinder einer christlichen Mutter und eines ungetauften jüdischen Vaters sowie schließlich die jüdischen Frauen, die zwar mit Christen verheiratet sind, aber erst spätestens ein Jahr vor Errichtung der ""Partei der Nation"" zum Christentum übergetreten sind."
"391","1941-01-20","Zeitung","Archiv der Gegenwart, Bd. 11, 20.01.1941, S. 4854 [ff.]. Zit. n. CD-ROM-Ausgabe 2001.","Denn ebenso wie das Leistungs- und Ausleseprinzip im Innern eines Volkes zur höchsten Form seiner Entwicklung führe, so sei auch das Leistungsprinzip im Leben der Nationen untereinander der Garant ihrer gemeinsamen Höherentwicklung."
"392","1944-10-17","Zeitung","Archiv der Gegenwart, Bd. 14, 17.10.1944, S. 6560 [ff.]. Zit. n. CD-ROM-Ausgabe 2001.","Den tödlichen Gegensatz, der zwischen Nation und Verfassung, zwischen Leben und Gesetz und zwischen Gerechtigkeit und Rechtsnorm bestand, müssen wir ein für allemal ausmerzen."
"393","1942-11-08","Zeitung","Archiv der Gegenwart, Bd. 12, 08.11.1942, S. 5703 [ff.]. Zit. n. CD-ROM-Ausgabe 2001.","Ich kann mich von ihr nicht entfernen, sie folgt mir Tag und Nacht, seit ich an die Spitze der Nation getreten bin, ja schon in jenen Tagen des grauen Elends, des Jammers, der Bekümmernis und des Zusammenbruches."
"394","1945-12-20","Gebrauchsliteratur","o. A.: Vierundzwanzigster Tag. Donnerstag, den 20. Dezember 1945. In: Der Nürnberger Prozeß, Berlin: Directmedia Publ. 1999 [1945], S. 3911","Nach Artikel 21 des Statuts hat dieser Gerichtshof die Verpflichtung, von Dokumenten der in den verschiedenen alliierten Ländern zur Untersuchung von Kriegsverbrechen eingesetzten Komitees, sowie von Protokollen und Entscheidungen von Militär- und anderen Gerichtshöfen einer der Vereinten Nationen amtlich Kenntnis zu nehmen."
"395","1939-04-28","Zeitung","Archiv der Gegenwart, Bd. 9, 28.04.1939, S. 4040 [ff.]. Zit. n. CD-ROM-Ausgabe 2001.","Ich habe seit dem Tag, da ich mich dem politischen Leben zuwandte, keinem anderen Gedanken gelebt als dem der Wiedererringung der Freiheit der deutschen Nation, der Aufrichtung der Kraft und Stärke unseres Reiches, der Überwindung der Zersplitterung unseres Volkes im Inneren, der Beseitigung der Trennung nach außen und seiner Sicherung in bezug auf die Erhaltung seines wirtschaftlich und politisch unabhängigen Lebens."
"396","1943-07-07","Zeitung","Archiv der Gegenwart, Bd. 13, 07.07.1943, S. 6001 [ff.]. Zit. n. CD-ROM-Ausgabe 2001.","""Die Grundlage der neuen Wirtschaftsordnung bildet die Ausgeglichenheit und das Bestreben, einen Einklang zwischen den landwirtschaftlichen und Industrieprodukten, zwischen den Produzenten und Verbraucherpreisen zu schaffen und allen Schichten der arbeitenden Nation und Gesellschaft einen anständigen Erwerb, ein anständiges Einkommen und die zum Leben und zur Entwicklung notwendigen Güter zu sichern."
"397","1938-03-03","Zeitung","Völkischer Beobachter (Berliner Ausgabe), 03.03.1938","Die deutsch-italienische Freundschaft habe einen tiefen ideellen Inhalt, schließt der Außenminister seinen Artikel, und faßt ihn zusammen in dem Wunsch: ""daß diese Freundschaft Wurzel schlage im Herzen der Hitlerjugend und der Gioventu del Littorio , weil die Nationen in der Jugend ihre Ewigkeit besitzen und weil sich gerade in ihren jüngsten Söhnen ihre Größe offenbart und verwirklicht."""
"398","1934-12-07","Zeitung","Archiv der Gegenwart, Bd. 4, 07.12.1934, S. 1763 [ff.]. Zit. n. CD-ROM-Ausgabe 2001.","Die gesamte ungarische Nation sei Anhänger des Revisionismus, der Revision des ungerechten Friedens von Trianon."
"399","1943-01-30","Zeitung","Archiv der Gegenwart, Bd. 13, 30.01.1943, S. 5808 [ff.]. Zit. n. CD-ROM-Ausgabe 2001.","Eine Nation, die von Adolf Hitler geführt wird, braucht sich nicht einen Trinker wie Churchill zum Beispiel zu nehmen."
"400","1933-05-03","Zeitung","Münchner Neueste Nachrichten, 03.05.1933","Damit hat die deutsche Arbeiterschaft ein Beispiel von Disziplin und geschlossener Kraft gegeben, wie es einzig dasteht in der Geschichte der Volksbewegung aller Nationen."
"401","1939-03-02","Zeitung","Völkischer Beobachter (Berliner Ausgabe), 02.03.1939","Die Elite der Nation soll in unseren Reihen stehen, nur die Starken im Charakter, nur die, die sich höchsten Ruhm erwerben; denn höchster Ruhm winkt ihnen."
"402","1933-05-10","Zeitung","Archiv der Gegenwart, Bd. 3, 10.05.1933, S. 828 [ff.]. Zit. n. CD-ROM-Ausgabe 2001.","In den Jahren, in denen ein undeutscher Staat der deutschen Jugend den Weg verlegt hätte, hätten die Lehrer in professoraler Einsamkeit und in Hingebung an ihre große Forschungsarbeit übersehen, daß die Jugend in ihnen den Führer der Zukunft der deutschen Nation suchte."
"403","1943-06-21","Zeitung","Archiv der Gegenwart, Bd. 13, 21.06.1943","Solche Nationen werden durch den Krieg nicht geschwächt."
"404","1945-06-27","Zeitung","Archiv der Gegenwart, Bd. 15, 27.06.1945, S. 298 [ff.]. Zit. n. CD-ROM-Ausgabe 2001.","Das Statut, das Ergebnis des Entgegenkommens und der Toleranz gegenüber den Ansichten und Interessen anderer darstelle, habe erwiesen, daß Nationen ebenso wie Menschen ihre Differenzen darlegen, sie erkennen und dann einen gemeinsamen Standpunkt finden können."
"405","1938-03-02","Zeitung","Völkischer Beobachter (Berliner Ausgabe), 02.03.1938","Aber sie sind, ohne selbst etwas daran ändern zu können, heute nicht mehr das, was ihren Gründern in vergangenen Jahrhunderten vorschwebte: die einzige und geistig führende Vereinigung der bedeutendsten Gelehrten des ganzen Landes , die eine Zusammenfassung höchsten und umfassenden Wissens der ganzen Nation zu gemeinschaftlicher Arbeit darstellen."
"406","1941-06-16","Zeitung","Archiv der Gegenwart, Bd. 11, 16.06.1941","Meine Lords und Gentlemen, so sei dies denn die Botschaft, die wir am heutigen Tage allen Staaten und allen Nationen zusenden, mögen sie nun gebunden oder frei sein, die wir allen Menschen in allen Ländern, für die die Freiheit noch etwas bedeutet, unseren Alliierten und denen, die uns wohlwollen in Europa, unseren amerikanischen Freunden und Helfern, die mit ihrer Macht täglich näher über den Ozean herüberrücken, zurufen -- dies sei die Botschaft -- ,Hebt die Herzen'."
"407","1941-06-15","Zeitung","Archiv der Gegenwart, Bd. 11, 15.06.1941, S. 5063 [ff.]. Zit. n. CD-ROM-Ausgabe 2001.","Wir haben die Unabhängigkeit Kroatiens als einen Akt der Gerechtigkeit begrüßt, als einen jener vielen Akte der Gerechtigkeit, durch die die Fehler und die Schuld des Versailler Systems wieder gutgemacht und dank des eisernen Willens des Führers und des Duce die Wege zur Durchsetzung der Lebensrechte der Nationen geöffnet wurden, die wir von einer neuen Ordnung zur Förderung des Wohlstandes, der Stabilität und der Sicherheit der Völker geschützt sehen wollen."
"408","1943-12-14","Zeitung","Archiv der Gegenwart, Bd. 13, 14.12.1943","[...] Wenn das Geld, der Wirtschaftsfaktor ohne Leistung, endgültig seiner Herrschaft entthront sein wird und das Kapital nicht mehr sich selbst dient, sondern dem Leben der Nation und ihrer Entfaltung, denen zu dienen seine Bestimmung ist, wenn unser Prinzip volkswirtschaftlicher Produktivität das Dogma der kapitalistischen Rentabilität abgelöst hat, wenn die höchstmögliche Produktion zugleich dem Arbeitgeber den höchsten Gewinn und dem Arbeitnehmer die höchstmöglichen Löhne bringt, dann werden teure und unverkäufliche Waren nicht mehr durch Absatzstockungen das soziale Gefüge der Welt erschüttern, sondern sie werden von der erhöhten Kaufkraft der Menschen aufgenommen, deren Hände sie geschaffen haben, dann liegt der Weg offen zu einer neuen Epoche wirtschaftlichen und sozialen Aufstieges für alle. [...]"
"409","1945-12-30","Zeitung","Archiv der Gegenwart, Bd. 15, 30.12.1945","Mit den Opfern unserer Soldaten und durch meine bis zum Tod gehende Kameradschaft zu ihnen ist eine Saat gesät worden, die eines Tages in der Geschichte Deutschlands in der ruhmreichen Wiedergeburt der nationalsozialistischen Bewegung aufgehen und dadurch zur Schaffung einer wirklich geeinten Nation führen wird."
"410","1939-03-28","Zeitung","Archiv der Gegenwart, Bd. 9, 28.03.1939","Wenn man auf polnischer Seite auf den Gedanken kommen sollte, daß eine entsprechende Einstellung gegenüber dem deutschen Volk nicht im gleichen Maße erforderlich wäre, so wäre dies ebenso bedauerlich für die künftige harmonische Entwicklung im europäischen Raum wie gewiß auch schädlich für die polnische Nation selbst."
"411","1934-03-02","Zeitung","Völkischer Beobachter (Berliner Ausgabe), 02.03.1934","Das neue Deutschland Adolf Hitlers hat die vergangene Zeit überwunden, ein Volk geschmiedet, die Nation mit einem Glauben und einem Willen erfüllt, die Leistung für die Gemeinschaft zum Wertmesser erhoben."
"412","1940-08-10","Zeitung","Archiv der Gegenwart, Bd. 10, 10.08.1940, S. 4653 [ff.]. Zit. n. CD-ROM-Ausgabe 2001.","Das Gebot der Stunde sei die neue Ordnung, die die Nation auf der Grundlage der totalen Macht des Staates zusammenführe und den totalen Krieg vorbereite."
"413","1936-11-28","Zeitung","Archiv der Gegenwart, Bd. 6, 28.11.1936, S. 2824 [ff.]. Zit. n. CD-ROM-Ausgabe 2001.","Daß die Reichskulturkammern die Tagung gemeinsam mit der NS-Gemeinschaft ""Kraft durch Freude"" veranstalte, bringe deutlich zum Ausdruck, daß es Ehrenpflicht des deutschen Künstlers sei, sich an das Volk als Volk zu wenden und seine Kunst in unmittelbare Beziehung zur Nation zu bringen."
"414","1939-12-02","Zeitung","Archiv der Gegenwart, Bd. 9, 02.12.1939, S. 4333 [ff.]. Zit. n. CD-ROM-Ausgabe 2001.","Dadurch, daß der Vertrag auf moralischem Gebiet die Gemeinsamkeit der Ideale der drei großen Nationen bekräftigte, gibt er den Ländern Südosteuropas eine wirksame Stütze die ihnen erlaubt die Verteidigung ihrer Interessen und ihrer Sicherheit wirksam zu organisieren."
"415","1940-03-11","Zeitung","Völkischer Beobachter (Berliner Ausgabe), 11.03.1940","Der Oberbefehlshaber der Hlinka-Garde und Propagandachef der slowakischen Regierung, Sano Mach , hat nach Abschluß seines Besuches in Deutschland an den Reichsminister des Auswärtigen von Ribbentrop ein Telegramm gerichtet, in dem er den Reichsaußenminister bittet, den aufrichtigen Dank an die Reichsregierung für die neuen Beweise der Freundschaft entgegenzunehmen, die der slowakischen Nation auf seiner Reise durch Großdeutschland zuteil wurden."
"416","1941-12-09","Zeitung","Archiv der Gegenwart, Bd. 11, 09.12.1941, S. 5303 [ff.]. Zit. n. CD-ROM-Ausgabe 2001.","Anläßlich der Kriegserklärung Japans an die Vereinigten Staaten und Großbritanniens (5299 A, 5303 C) richtete am 8. Dezember der Tenno eine Botschaft an die japanische Nation folgenden Wortlauts:"
"417","1943-09-22","Zeitung","Archiv der Gegenwart, Bd. 13, 22.09.1943","Jeder Nation steht es frei, ihre innere Wirtschaftsform und soziale Ordnung selbst zu bestimmen."
"418","1940-09-17","Zeitung","Archiv der Gegenwart, Bd. 10, 17.09.1940, S. 4702 [ff.]. Zit. n. CD-ROM-Ausgabe 2001.","Das Schicksal der Nationen, deren Schwäche zum Angriff aufforderte, ist uns allen zu gut bekannt."
"419","1938-11-23","Zeitung","Archiv der Gegenwart, Bd. 8, 23.11.1938, S. 3818 [ff.]. Zit. n. CD-ROM-Ausgabe 2001.","Getreu der ungarischen Verfassung, dem christlichen St.-Stefans-Gedanken, dem Reichsverweser und dem ungarischen Volk gegenüber möchten sie der Nation dienen."
"420","1933-12-23","Zeitung","Archiv der Gegenwart, Bd. 3, 23.12.1933, S. 1198 [ff.]. Zit. n. CD-ROM-Ausgabe 2001.","3. Nation und Staat sind verschieden und der Staat steht über der Nation."
"421","1938-01-25","Zeitung","Archiv der Gegenwart, Bd. 8, 25.01.1938, S. 3396 [ff.]. Zit. n. CD-ROM-Ausgabe 2001.","Wenn Codreanu sich nicht mit Gedanken trage, welche den Interessen der Nation zuwiderlaufen, dann könne er auf die mehrfachen, seitens der Regierung an ihn gerichteten Aufforderungen jederzeit mit der Geste antworten, die von dem einstigen Führer der nationalistischen Studentenschaft erwartet werde."
"422","1943-11-26","Zeitung","Archiv der Gegenwart, Bd. 13, 26.11.1943, S. 6180 [ff.]. Zit. n. CD-ROM-Ausgabe 2001.","1. Als Oberbefehlshaber der alliierten Streitkräfte wünsche ich, die Bildung einer alliierten Kontrollkommission für Italien bekanntzugeben, die nach der Kapitulation Italiens (6085 C) heute die Durchführung der Waffenstillstandsbedingungen (6085 C, 6162 A) und die Ausrichtung der italienischen Wirtschaft auf die uneingeschränkte Unterstützung der Vereinigten Nationen im Kampf gegen Deutschland übernommen hat."
"423","1934-06-15","Zeitung","Völkischer Beobachter (Ausgabe A / Norddeutsche Ausgabe), 15.06.1934","Und als wir nach 15jährigem Ringen endlich die Führung der Nation erhielten, da ließ uns diese quälende Sorge nicht nur nicht los, sondern im Gegenteil sie nahm uns bloß noch stärker in ihre Arme."
"424","1941-09-06","Zeitung","Archiv der Gegenwart, Bd. 11, 06.09.1941, S. 5179 [ff.]. Zit. n. CD-ROM-Ausgabe 2001.","Wir erkennen Schweden au nicht als die führende Nation im Norden an."
"425","1938-08-22","Zeitung","Archiv der Gegenwart, Bd. 8, 22.08.1938, S. 3686 [ff.]. Zit. n. CD-ROM-Ausgabe 2001.","Die nationalspanische Regierung übe die volle Herrschaft über einen Teil spanischen Gebiets aus, der größer sei als der vom Feind besetzte, eine reguläre Wehrmacht kämpfe im Namen der spanischen Nation."
"426","1941-02-24","Zeitung","Archiv der Gegenwart, Bd. 11, 24.02.1941, S. 4905 [ff.]. Zit. n. CD-ROM-Ausgabe 2001.","Es war damit tatsächlich die Zeit auszurechnen, in der die deutsche Nation 20 oder 30 Millionen Menschen weniger zählen würde."
"427","1939-01-30","Zeitung","Archiv der Gegenwart, Bd. 9, 30.01.1939, S. 3913 [ff.]. Zit. n. CD-ROM-Ausgabe 2001.","Es kann sehr wohl möglich sein, daß über diesem Problem früher oder später eine Einigung in Europa selbst zwischen solchen Nationen stattfindet, die sonst nicht so leicht den Weg zueinander finden würden."
"428","1944-11-04","Zeitung","Archiv der Gegenwart, Bd. 14, 04.11.1944","10. Die bulgarische Regierung wird alle Rechte und Interessen der verbündeten Nationen und ihrer Staatsangehörigen in Bulgarien wiederherstellen."
"429","1943-06-09","Zeitung","Archiv der Gegenwart, Bd. 13, 09.06.1943, S. 5970 [ff.]. Zit. n. CD-ROM-Ausgabe 2001.","Ich teile Ihre Überzeugung daß Großbritannien, Rußland und die Vereinigten Staaten von Amerika mit den übrigen alliierten Nationen, so groß auch die Schwierigkeiten sein mögen, durch unsere gemeinsamen Bemühungen den Sieg über den Feind davontragen werden und daß die enge Zusammenarbeit nach dem Kriege, zu der wir uns in unserem Pakt verpflichtet haben, nicht nur unseren beiden Völkern, sondern allen freiheitsliebenden Nationen zugute kommen wird."""
"430","1945-10-09","Zeitung","Süddeutsche Zeitung, 1995 [1945]","Auch Frankreich hat jetzt die Verfassungsurkunde der Vereinten Nationen unterzeichnet."
"431","1942-02-23","Zeitung","Archiv der Gegenwart, Bd. 12, 23.02.1942","Er wird binnen kurzem nach den Vereinigten Staaten fahren, wo er die von ihm bereits begonnene Arbeit der Poolung aller Hilfsquellen der vereinigten Nationen fortsetzen und außerdem von Fall zu Fall Sondermissionen für das Kriegskabinett übernehmen wird."""
"432","1942-03-15","Zeitung","Archiv der Gegenwart, Bd. 12, 15.03.1942, S. 5430 [ff.]. Zit. n. CD-ROM-Ausgabe 2001.","Diesen Frieden aber so zu gestalten, daß er dem Opfer unserer Soldaten aus allen Schichten unseres Volkes heraus gerecht wird, ist die zukünftige Aufgabe des nationalsozialistischen Staates, denn sie alle sind gefallen für das ewige deutsche Volk, unser gemeinsames Großdeutsches Reich und eine bessere Gemeinschaft der Nationen unseres Kontinents."
"433","1942-03-25","Zeitung","Archiv der Gegenwart, Bd. 12, 25.03.1942","Die Nation sei dabei im wahrsten Sinne des Wortes gehärtet worden."
"434","1945-01-22","Zeitung","Archiv der Gegenwart, Bd. 15, 22.01.1945, S. 57 [ff.]. Zit. n. CD-ROM-Ausgabe 2001.","Gemäß einem Korrespondentenbericht der NZZ gab der Generaldirektor der UNRRA (United Nations Relief and Rehabilitation Administration = Hilfs- und Wiederaufbauorganisation der Vereinten Nationen), Herbert H. Lehman, bekannt, daß die Sowjetunion Häfen im Schwarzen Meer und Transportmittel in Rußland zur Verfügung gestellt habe, um Hilfssendungen nach Polen und der Tschechoslowakei zu ermöglichen."
"435","1934-12-31","gesprochen","Hitler, Adolf, Das deutsche Volk will mit der Welt in Frieden leben?, in: Verhandlungen des Reichstags. VIII. Wahlperiode, Berlin: 1934 [1933]","Zehn Jahre eines aufrichtigen Friedens werden für die Wohlfahrt aller Nationen nützlicher sein als eine 30 Jahre lange Verrennung in die Begriffe von Siegern und Besiegten."
"436","1939-12-31","Wissenschaft","Jahresberichte für deutsche Geschichte, 1939, S. 221","Leider sind die Register nur sehr knapp gehalten; insbesondere fehlt ein solches, welches die zeitliche Abfolge der Titel zu erkennen gibt, und noch ein weiteres, das den Anteil der einzelnen Nationen zeigt."
"437","1934-12-31","Wissenschaft","Heller, Hermann: Staatslehre, Leiden: Sijthoff 1934, S. 161","Keineswegs genügt zur Konstituierung der Nation das blos ethnische Gemeinsamkeitsgefühl."
"438","1943-09-19","Zeitung","Archiv der Gegenwart, Bd. 13, 19.09.1943, S. 6096 [ff.]. Zit. n. CD-ROM-Ausgabe 2001.","Spanien habe seine Blaue Division nicht nach dem Osten geschickt (5090 B), um einer befreundeten Nation zu helfen oder gar eine Dankesschuld (s. 4087 B) in Form von menschliehem Blut abzutragen."
"439","1943-03-21","Zeitung","Archiv der Gegenwart, Bd. 13, 21.03.1943, S. 5879 [ff.]. Zit. n. CD-ROM-Ausgabe 2001.","Es hat Mitkämpfer vor allem aber in jenen Nationen, die sich klar darüber sind, daß ihre eigene Zukunft nur im Rahmen einer Ordnung möglich ist, die gegenüber dem Bolschewismus als dem teuflischen Instrument der Zerstörung erfolgreich standhalt."
"440","1945-12-04","Zeitung","Archiv der Gegenwart, Bd. 15, 04.12.1945","Ministerpräsident Sjahrir (522 J) erklärte Pressevertretern, seine Regierung sei bereit, die ganze indonesische Frage dem Sicherheitsrat der Vereinten Nationen vorzulegen und sich seiner Entscheidung zu fügen."
"441","1941-06-30","Zeitung","Archiv der Gegenwart, Bd. 11, 30.06.1941, S. 5095 [ff.]. Zit. n. CD-ROM-Ausgabe 2001.","Ich betone vor der russischen Nation und vor der Welt, daß weder die Proklamation Hitlers der Wahrheit entspricht noch die Begründung der Kriegserklärung auf Tatsachen beruht."
"442","1945-02-11","Zeitung","Archiv der Gegenwart, Bd. 15, 11.02.1945, S. 87 [ff.]. Zit. n. CD-ROM-Ausgabe 2001.","Es ist unser Glaube, daß diese Einigkeit eine heilige Verpflichtung unserer Regierungen gegenüber unseren Völkern und allen Völkern der Welt ist nur wenn die Zusammenarbeit und das Verständnis zwischen unseren drei Völkern und zwischen allen friedliebenden Nationen andauert und wächst, kann das höchste Ziel der Menschheit verwirklicht werden ein ungefährdeter, dauernder Friede, der, nach den Worten der Atlantik-Charta (10 C), ""Gewähr dafür bietet, daß alle Menschen in allen Ländern ihr Lehen frei von Furcht und Not verbringen und beenden können."
"443","1939-11-18","Zeitung","Archiv der Gegenwart, Bd. 9, 18.11.1939, S. 4318 [ff.]. Zit. n. CD-ROM-Ausgabe 2001.","Die Sanktionen seien aber auch für ganz Europa nützlich gewesen, weil sie endgültig das noch nicht gelöste Problem gestellt hätten, für alle Nationen auf Grund ihrer Fähigkeiten eine Gleichheit der Mittel und Möglichkeiten sowie ein Gleichgewicht der Rechte und Positionen herbeizuführen."
"444","1941-01-22","Zeitung","Archiv der Gegenwart, Bd. 11, 22.01.1941, S. 4861 [ff.]. Zit. n. CD-ROM-Ausgabe 2001.","Zum dritten auf der Besiegung des Grundsätzes, daß Macht auch Recht bedeutet, und auf der Rückkehr zur Moral in den Beziehungen zwischen den Nationen."
"445","1939-09-18","Zeitung","Archiv der Gegenwart, Bd. 9, 18.09.1939, S. 4235 [ff.]. Zit. n. CD-ROM-Ausgabe 2001.","Das Ausbleiben einer solchen Lösung würde die Hoffnung auf eine bessere Verständigung zwischen Deutschland und Großbritannien zerschlagen würde die beiden Nationen in Konflikt bringen und könnte sehr wohl die gesamte Welt in den Krieg stürzen."
"446","1935-09-13","Zeitung","Archiv der Gegenwart, Bd. 5, 13.09.1935, S. 2222 [ff.]. Zit. n. CD-ROM-Ausgabe 2001.","Eine Drohung mit Feindseligkeiten bedrohe die Interessen aller Nationen und ein bewaffneter Konflikt müsse überall in der Welt üble Folgen haben."
"447","1937-02-23","Zeitung","Archiv der Gegenwart, Bd. 7, 23.02.1937, S. 2945 [ff.]. Zit. n. CD-ROM-Ausgabe 2001.","Ministerpräsident Blum erwiderte, daß die französische Nation den Frieden wünsche."
"448","1939-12-31","Wissenschaft","Elias, Norbert: Über den Prozeß der Zivilisation - Soziogenetische und psychogenetische Untersuchungen Bd. 1, Frankfurt a. M.: Suhrkamp 1992 [1939], S. 44","In der Entwicklung aller solcher nationalstaatlichen Wertsysteme begegnet man auf der einen Seite einer Strömung, die die Gesamtgesellschaft, die Nation, als höchsten Wert erscheinen läßt; man findet in ihnen auf der andern Seite eine Strömung, die den einzelnen ganz auf sich gestellten Menschen, die ""geschlossene Persönlichkeit"", das freie Individuum als höchsten Wert erscheinen läßt."
"449","1940-12-12","Zeitung","Archiv der Gegenwart, Bd. 10, 12.12.1940, S. 4811 [ff.]. Zit. n. CD-ROM-Ausgabe 2001.","Seine symbolischen Wurzeln greifen aber tief hinein in die Seele der Nation und schöpfen die Kraft in der Entwicklung unserer Beziehungen auf politischem, wirtschaftlichem und kulturellem Gebiete."
"450","1937-04-19","Zeitung","Archiv der Gegenwart, Bd. 7, 19.04.1937, S. 3019 [ff.]. Zit. n. CD-ROM-Ausgabe 2001.","Ungarn aber habe eine tausendjährige Verfassung, in deren Rahmen alle zeitgemäßen Reformen verwirklicht werden könnten und in der Person des Reichsverwesers, in der die staatliche Obergewalt gesichert sei, den einzigen Führer der Nation."
"451","1939-11-18","Zeitung","Archiv der Gegenwart, Bd. 9, 18.11.1939","Mit unserem geringen Anteil an den Kriegsopfern der Nation müßten wir uns fast schämen, vor allem wenn wir an die Blutopfer der Soldaten denken."
"452","1938-05-29","Zeitung","Archiv der Gegenwart, Bd. 8, 29.05.1938","In Berlin wurde die Internationale Handwerksausstellung 1938, an der sich 27 Nationen beteiligen, durch Reichswirtschaftsminister Funk eröffnet."
"453","1943-09-06","Zeitung","Archiv der Gegenwart, Bd. 13, 06.09.1943, S. 6076 [ff.]. Zit. n. CD-ROM-Ausgabe 2001.","Die Völker in den von den Achsenführern beherrschten Gebieten dürfen versichert sein, daß, wenn sie sich der bedingungslosen Kapitulation unterziehen, damit nicht an die Stelle des Achsendespotismus ihre Vernichtung und Tyrannisierung durch die Vereinigten Nationen tritt."
"454","1939-04-28","Zeitung","Archiv der Gegenwart, Bd. 9, 28.04.1939, S. 4040 [ff.]. Zit. n. CD-ROM-Ausgabe 2001.","Inwieweit es mir nun möglich wurde, im Laufe von nunmehr zwanzig Jahren aus diesem chaotischen Zerfall wieder eine Nation zu formen und eine neue Ordnung herzustellen, gehört schon jetzt der deutschen Geschichte an."
"455","1943-06-16","Zeitung","Archiv der Gegenwart, Bd. 13, 16.06.1943, S. 5978 [ff.]. Zit. n. CD-ROM-Ausgabe 2001.","Ich würde zögern, zu glauben daß irgendeine Nation, sogar unsere gegenwärtigen Feinde, Willens wären, eine so furchtbare und unmenschliche Waffe gegen die Welt loszulassen."
"456","1942-04-17","Zeitung","Archiv der Gegenwart, Bd. 12, 17.04.1942, S. 5463 [ff.]. Zit. n. CD-ROM-Ausgabe 2001.","-- Minister Antal erhielt den Auftrag, die ""Propaganda zum Schutz der Nation"" zu organisieren."
"457","1938-09-12","Zeitung","Archiv der Gegenwart, Bd. 8, 12.09.1938, S. 3718 [ff.]. Zit. n. CD-ROM-Ausgabe 2001.","Zum Schluß dankte Adolf Hitler den Soldaten für ihre Leistung und ihre Haltung und erklärte, daß die deutsche Nation befriedigt wieder auf ihre Soldaten blicken könne."
"458","1939-10-06","Zeitung","Archiv der Gegenwart, Bd. 9, 06.10.1939, S. 4264 [ff.]. Zit. n. CD-ROM-Ausgabe 2001.","Ich habe im Gegenteil dem deutschen Volk mein heiliges Wort verpfändet, den Versailler Vertrag zu beseitigen und ihm das natürliche Lebensrecht als große Nation wiederzugeben."
"459","1943-11-17","Zeitung","Archiv der Gegenwart, Bd. 13, 17.11.1943","Der Hinweis in der Erklärung auf benachbarte Nationen, welche gleichgearteten Problemen gegenüberstehen würden, und die Betonung einer Verantwortlichkeit Österreichs für seine Teilnahme am Krieg lasse erkennen, daß die Alliierten in Wahrheit gar nicht die Unabhängigkeit und Freiheit des ehemaligen Österreich erstrebten, sondern die Schaffung eines wirtschaftlich und politisch schwachen, in jeder Weise abhängigen, machtlosen und damit ungefährlichen österreich, das des Schutzes des Deutschen Reiches beraubt und zunächst der Willkür der ""benachbarten Nationen"" ausgeliefert wäre."
"460","1938-09-03","gesprochen","o.A., Großkundgebung auf der sechsten Reichstagung der Auslandsdeutschen in der Stuttgarter Stadthalle, 03.09.1938","Es schien mir notwendig, dieses Gebiet zuerst in dieser Ausführlichkeit zu behandeln, bevor ich auf die Rolle zu sprechen komme, die die Kriegsmarine in der Arbeit am deutschen Volkstum in Übersee und an der Gestaltung der Beziehungen des Reiches zu den fremden Nationen spielen kann."
"461","1942-10-19","Zeitung","Archiv der Gegenwart, Bd. 12, 19.10.1942","Der Richter sei damit die Verkörperung des lebendigen Gewissens der Nation."
"462","1943-11-09","Zeitung","Archiv der Gegenwart, Bd. 13, 09.11.1943, S. 6163 [ff.]. Zit. n. CD-ROM-Ausgabe 2001.","Hier liegt die Aufgabe der Partei und der nationalsozialistischen Führung, der erste Glaubensträger der Nation zu sein."
"463","1945-01-29","Zeitung","Archiv der Gegenwart, Bd. 15, 29.01.1945","Diese feierliche Erklärung wurde von der britischen Regierung garantiert -- und von da an wurde die Unabhängigkeit Syriens und des Libanons von allen Großmächten und zahlreichen anderen Nationen uneingeschränkt anerkannt."""
"464","1938-02-23","Zeitung","Archiv der Gegenwart, Bd. 8, 23.02.1938, S. 3438 [ff.]. Zit. n. CD-ROM-Ausgabe 2001.","Die Staaten, die noch im Völkerbund verbleiben, dürften weder mit Verpflichtungen noch mit Risiken belastet werden, die zu übernehmen sie nicht bereit sind, während andere Nationen erwarten, daß der Völkerbund ihnen Sicherheit gewähren könne."
"465","1945-03-30","Zeitung","Archiv der Gegenwart, Bd. 15, 30.03.1945, S. 158 [ff.]. Zit. n. CD-ROM-Ausgabe 2001.","Die Erklärung fordert die demokratischen Elemente innerhalb der Partei auf, die Durchführung tiefgreifender politischer, wirtschaftlicher und sozialer Reformen zugunsten der Bauern und Arbeiter anzustreben, mit den Arbeiterparteien zusammenzuarbeiten und ein loyales Verhalten zu den Vereinten Nationen, insbesondere zur Sowjetunion, zu bekunden."
"466","1942-06-26","Zeitung","Archiv der Gegenwart, Bd. 12, 26.06.1942, S. 5543 [ff.]. Zit. n. CD-ROM-Ausgabe 2001.","Ich beziehe mich hier ganz besonders auf die unbestreitbare Verwirrung, die durch das britisch-russische Bündnis hervorgerufen worden ist ferner auf den schmerzlichen Eindruck, der überall, selbst bei denen, die 'Vereinigte Nationen' genannt werden, durch die Solidarität zwischen der britischen und amerikanischen Demokratie mit der Sowjetunion entstanden ist."
"467","1941-10-07","Zeitung","Archiv der Gegenwart, Bd. 11, 07.10.1941, S. 5223 [ff.]. Zit. n. CD-ROM-Ausgabe 2001.","Smuts sagte dann, nach dem Kriege würden die Vereinigten Staaten und Großbritannien den Kern eines großen Blocks der demokratischen Nationen bilden müssen, dem sich andere anschließen könnten."
"468","1942-05-12","Zeitung","Archiv der Gegenwart, Bd. 12, 12.05.1942, S. 5494 [ff.]. Zit. n. CD-ROM-Ausgabe 2001.","Ich will gewiß nicht sagen, welche Absichten wir haben, aber eines kann ich sagen: Ich nehme mit Genugtuung diesen Offensivgeist der britischen Nation zur Kenntnis, den man auch jenseits des Meeres hat."
"469","1945-01-27","Zeitung","Archiv der Gegenwart, Bd. 15, 27.01.1945","Ich hoffe, die Unterzeichnung des neuen Abkommens wird die Stellung unseres Landes der Sowjetunion und den Vereinten Nationen gegenüber festigen und ihm die Möglichkeit geben, auch andere Probleme in einem Geiste guten Willens behandelt zu sehen."
"470","1945-10-16","Zeitung","Archiv der Gegenwart, Bd. 15, 16.10.1945, S. 480 [ff.]. Zit. n. CD-ROM-Ausgabe 2001.","2. Die polnische Nation, die in so edelmütiger Weise den Tribut des Blutes ihrer besten Söhne an allen Fronten leistete und einen Hauptanteil an moralischer und materieller Verwüstung erlitt, freut sich auf die Gelegenheit, eine gleichberechtigte Rolle mit anderen Nationen bei der Aufgabe zu spielen, eine neue Ordnung und einen stabilen Friedens in der Welt aufzurichten."
"471","1939-10-19","Zeitung","Archiv der Gegenwart, Bd. 9, 19.10.1939, S. 4282 [ff.]. Zit. n. CD-ROM-Ausgabe 2001.","Er hoffe, daß die Konferenz sich vom Gesichtspunkte der Zukunft der nordischen Staaten und der übrigen Nationen als nützlich erweisen werde."
"472","1940-03-30","Zeitung","Archiv der Gegenwart, Bd. 10, 30.03.1940, S. 4473 [ff.]. Zit. n. CD-ROM-Ausgabe 2001.","Die Mission Sumner Welles' habe zu einer persönlichen Fühlungnahme geführt, und die Unterredungen hätten zur Abklärung der Beziehungen zwischen den Vereinigten Staaten und den europäischen Nationen viel beigetragen. (L. B. 4468 B.)"
"473","1940-10-28","Zeitung","Archiv der Gegenwart, Bd. 10, 28.10.1940, S. 4751 [ff.]. Zit. n. CD-ROM-Ausgabe 2001.","""Die italienische Regierung hat wiederholt feststellen müssen, daß die griechische Regierung im derzeitigen Konflikt eine Haltung eingenommen und beibehalten hat, die nicht nur den friedlichen und treunachbarlichen Beziehungen zwischen zwei Nationen widersprechen, sondern auch den präzisen Pflichten, die der griechischen Regierung aus ihrer Lage als neutraler Staat erwachsen."
"474","1940-10-17","Zeitung","Archiv der Gegenwart, Bd. 10, 17.10.1940, S. 4740 [ff.]. Zit. n. CD-ROM-Ausgabe 2001.","In außerordentlichen Zeiten der Nation jedoch kann das Parlament seine Sitzungsdauer verlängern. (L.B. 2551 F.)"
"475","1941-02-19","Zeitung","Archiv der Gegenwart, Bd. 11, 19.02.1941, S. 4897 [ff.]. Zit. n. CD-ROM-Ausgabe 2001.","Befreiung König Michaels aus seiner demütigenden Lage, um ihn instandzusetzen, als konstitutioneller demokratischer Monarch zu regieren Kampf für die Wiedervereinigung Rumäniens innerhalb der nationalen Grenzen; Befreiung Rumäniens von der momentanen Leibeigenschaft; Zusammenarbeit mit der kommenden europäischen Ordnung, basiert auf nationaler Unabhängigkeit und der Gleichberechtigung der zusammenarbeitenden Nationen."
"476","1939-12-31","Wissenschaft","Jahresberichte für deutsche Geschichte, 1939, S. 396","Der Zusatz »Deutscher Nation«, in dem dieser seine endgültige Ausprägung findet, ist der Abschluß einer langen Entwicklung, die einerseits von der Wendung »und deutschen Landen« ausgeht, andererseits von dem Begriff der »natio Germanica«, der in seiner Bedeutung als Volksname unabhängig von dem Sprachgebrauch der Konzilien schon im Jahre 1416 bezeugt ist."
"477","1945-12-04","Gebrauchsliteratur","o. A.: Zwölfter Tag. Dienstag, 4. Dezember 1945. In: Der Nürnberger Prozeß, Berlin: Directmedia Publ. 1999 [1945], S. 2421","»Der Kellogg-Briand-Pakt von 1928, durch den Deutschland, Italien und Japan sich sowohl uns als auch anderen Nationen gegenüber verpflichteten, auf den Krieg als Werkzeug der Politik zu verzichten, machte die Ächtung des Krieges endgültig und änderte notwendigerweise den von ihm abhängigen Begriff der neutralen Verpflichtungen."
"478","1933-03-21","Zeitung","Archiv der Gegenwart, Bd. 3, 21.03.1933","Der innere Zerfall der Nation wurde, wie so oft, zum Verbündeten der Umwelt."
"479","1945-10-27","Zeitung","Archiv der Gegenwart, Bd. 15, 27.10.1945","8. Wir glauben, daß alle in die Gemeinschaft der Nationen aufgenommenen Staaten gleichberechtigten Zugang zum Welthandel und zu den Rohstoffen der Welt haben sollen."
"480","1939-04-28","Zeitung","Archiv der Gegenwart, Bd. 9, 28.04.1939","Inwieweit es mir nun möglich wurde, im Laufe von nunmehr zwanzig Jahren aus diesem chaotischen Zerfall wieder eine Nation zu formen und eine neue Ordnung herzustellen, gehört schon jetzt der deutschen Geschichte an."
"481","1940-07-19","Zeitung","Archiv der Gegenwart, Bd. 10, 19.07.1940, S. 4624 [ff.]. Zit. n. CD-ROM-Ausgabe 2001.","Indem ich diese Beförderungen anläßlich der erfolgreichsten Feldzüge unserer Geschichte vor diesem Forum und damit vor der ganzen deutschen Nation ausspreche ehre ich dadurch die gesamte Wehrmacht des nationalsozialistischen Großdeutschen Reiches."
"482","1945-08-02","Zeitung","Archiv der Gegenwart, Bd. 15, 02.08.1945, S. 344 [ff.]. Zit. n. CD-ROM-Ausgabe 2001.","Der Kontrollausschuß soll die geeigneten Maßnahmen treffen, um eine Aufsicht und ein Verfügungsrecht über Auswärtige deutsche Vermögenswerte auszuüben, soweit diese noch nicht der Aufsicht von Mitgliedern der Vereinten Nationen unterliegen, die am Kriege gegen Deutschland teilgenommen haben 19."
"483","1942-11-19","Zeitung","Archiv der Gegenwart, Bd. 12, 19.11.1942, S. 5721 [ff.]. Zit. n. CD-ROM-Ausgabe 2001.","In den Fällen, wo unsere Ehre es verlangte, die Offensive zur Entlastung anderer kleinerer Nationen zu ergreifen, erlitten wir Rückschläge die uns nur noch weiter schwächten."
"484","1940-02-24","Zeitung","Archiv der Gegenwart, Bd. 10, 24.02.1940, S. 4430 [ff.]. Zit. n. CD-ROM-Ausgabe 2001.","Ich bin nicht anderes als ein Magnet, der dauernd über die deutsche Nation streicht und den Stahl aus dem Volke herauszieht, und ich habe oft erklärt, daß die Zeit kommt, in der alles, was Deutschland an Männern da ist, in meinem Lager stehen wird, was dann nicht in meinem Lager steht, das taugt sowieso nichts."
"485","1943-06-16","Zeitung","Archiv der Gegenwart, Bd. 13, 16.06.1943","""Die türkische Politik zielt darauf, der türkischen Nation nach innen und nach außen den Frieden zu erhalten."""
"486","1945-01-23","Zeitung","Archiv der Gegenwart, Bd. 15, 23.01.1945, S. 61 [ff.]. Zit. n. CD-ROM-Ausgabe 2001.","Die endgültige Festlegung der Statuten der Vereinten Nationen und damit auch der erwähnten Bestimmungen blieb der Konferenz von San Francisco vorbehalten (siehe Wortlaut der Statuten: 289 C)."
"487","1939-07-25","Zeitung","Archiv der Gegenwart, Bd. 9, 25.07.1939, S. 4149 [ff.]. Zit. n. CD-ROM-Ausgabe 2001.","China lehne es noch ab, zu glauben, daß die ""befreundeten Nationen"" China verlassen würden."
"488","1945-01-27","Zeitung","Archiv der Gegenwart, Bd. 15, 27.01.1945","Das demokratische Italien macht sowohl eine politische Gewissenlosigkeit als auch einen schweren Irrtum wieder gut; es stellt die Grundbedingungen für die Freundschaft und Zusammenarbeit zwischen der italienischen Nation und den Donau- und Balkanvölkern in ihrem gegenseitigen Interesse und für die Wiederaufrichtung Europas wieder her."""
"489","1936-02-17","Zeitung","Archiv der Gegenwart, Bd. 6, 17.02.1936","Die nichtoffizielle Gesamtwertung der placierten Nationen weist folgende Reihung auf."
"490","1943-02-03","Zeitung","Archiv der Gegenwart, Bd. 13, 03.02.1943, S. 5819 [ff.]. Zit. n. CD-ROM-Ausgabe 2001.","Bemerkenswert sei, daß unter diesen 17 Nationen auch Indien genannt werde, durch dessen systematische Ausplünderung England überhaupt erst zur Weltmacht geworden sei, dasselbe England, das auch heute wieder norwegische, dänische, niederländische, polnische, griechische, belgische und französische Handelsschiffe beschlagnahmte, dem rechtmäßigen Eigentümer entwendete und sie gegen den Willen von Besatzung und Reedern dem britischen Kriegsdienst einverleibte."
"491","1939-04-28","Zeitung","Archiv der Gegenwart, Bd. 9, 28.04.1939, S. 4040 [ff.]. Zit. n. CD-ROM-Ausgabe 2001.","5. Herr Roosevelt glaubt weiter, daß im Falle eines Krieges siegreiche, besiegte und neutrale Nationen zu leiden haben werden."
"492","1945-06-02","Zeitung","Archiv der Gegenwart, Bd. 15, 02.06.1945, S. 254 [ff.]. Zit. n. CD-ROM-Ausgabe 2001.","Die Lage erschien noch schwerwiegender durch die Tatsche, das die drei in Frage kommenden Staaten -- Frankreich, Syrien und Libanon -- Mitglieder der Vereinten Nationen sind und an der Konferenz von San Franzisco teilnehmen."
"493","1945-03-13","Zeitung","Archiv der Gegenwart, Bd. 15, 13.03.1945, S. 6721 [ff.]. Zit. n. CD-ROM-Ausgabe 2001.","Der alliierte Hochkommissar für Italien gab am 25. Februar in einer Pressekonferenz bekannt, daß es Bonomi-Italien gestattet werde, von nun an normale diplomatische Beziehungen zu anderen Nationen aufrechtzuerhalten, und daß die Verordnung der Kontrollkommission, wonach ihr alle Gesetzeserlässe und Dekrete der Bonomi-Regierung zur Genehmigung vorgelegt werden müssen, aufgehoben worden sei."
"494","1942-01-01","Zeitung","Archiv der Gegenwart, Bd. 12, 01.01.1942, S. 5337 [ff.]. Zit. n. CD-ROM-Ausgabe 2001.","Denn sie kennt nur die Folgen der Siege, das heißt die trotz allen Luftangrifffen erhaltene Sicherheit der Nation, ihres heutigen Daseins und des künftigen Lebens ihrer Kinder."
"495","1939-11-08","Zeitung","Archiv der Gegenwart, Bd. 9, 08.11.1939, S. 4306 [ff.]. Zit. n. CD-ROM-Ausgabe 2001.","Es gibt Leute, die glauben, daß die neue Weltordnung nur dadurch entstehen kann, daß die Nationen Verzicht leisten auf einen Teil ihrer Hoheitsrechte zugunsten eines Bundes der Nationen."
"496","1936-12-31","Wissenschaft","Jahresberichte für deutsche Geschichte, 1936, S. 803","Norddeutsche und Süddeutsche gingen im Auslande wie Angehörige zweier Nationen nebeneinander her."
"497","1942-11-19","Zeitung","Archiv der Gegenwart, Bd. 12, 19.11.1942, S. 5721 [ff.]. Zit. n. CD-ROM-Ausgabe 2001.","Es handelt sich um Maßnahmen, welche in ihrer vollständigen Mißachtung jedes internationalen Rechtes wirklich sehr bezeichnend sind für jenes Volk, das sich stets als den berufenen Richter über die Sitten und Taten aller anderen Nationen aufspielte."""
"498","1939-03-01","Zeitung","NS-Frauen-Warte, 1939","Aber diese Zeit tiefster Not war zugleich erfüllt von einer nie zuvor in diesem Maß vorhandenen nationalen Begeisterung, einem Zukunftswillen, der das persönliche Los mit dem der Gesamtheit unauflöslich verknüpfte; Kräfte wuchsen aus dieser allgemeinen Notlage hervor, die nichts wollten, als dem Vaterlande dienen - mit dem Schwert oder mit dem Wort - immer aber unter Hintansetzung des persönlichen Vorteils, nie aus kleinlicher Eitelkeit oder Ruhmsucht, beseelt allein von dem Gedanken an die Zukunft der Nation."
"499","1945-10-09","Zeitung","Süddeutsche Zeitung, 1995 [1945]","Sie wird Propaganda treiben für eine völkerverbindende Außenpolitik und damit für Verständnis gegenüber dem Eigenarten der Nationen."""
"500","1943-09-14","Zeitung","Archiv der Gegenwart, Bd. 13, 14.09.1943, S. 6089 [ff.]. Zit. n. CD-ROM-Ausgabe 2001.","Zwischen unseren beiden Nationen besteht eine wundervolle Verbundenheit, die ich gar nicht genug preisen kann."
