"No.","Date","Genre","Bibl","Hit"
"1","1999-05-12","Zeitung","Die Zeit, 12.05.1999","Und daß im Westen die deutsche Teilnahme an diesem Krieg als Beweis für die endgültige Reifung der Bundesrepublik gilt, erinnert allzusehr an die Logik des 19. Jahrhunderts, nach der es allein Kriege sind, die Nationen gebären können."
"2","1993-03-12","Zeitung","Die Zeit, 12.03.1993","Staat oder Nation kommen erst danach."
"3","2003-05-22","Zeitung","Die Zeit, 22.05.2003","Jahrhunderts, sondern hat auch politisch scharfsinnige Analysen zur geistigen Situation unserer Zeit verfasst - Armies of the Night etwa, seine 1968 publizierte Betrachtung der Seelenlandschaft einer vom Vietnamkrieg innerlich zerrissenen Nation, liegt heute noch um Längen vor den einschlägigen Studien professioneller Historiker."
"4","1994-01-14","Zeitung","Die Zeit, 14.01.1994","Bei Licht besehen ein Gebirge von papierner Vergeblichkeit, denn für die Begriffe ""Volk"" und ""Nation"" sieht die Bilanz in der kritischen Forschung trübe aus."
"5","1999-12-02","Zeitung","Die Zeit, 02.12.1999","Niemand würde es wagen, auch nur zu fragen, ob die Schulmeister der Nation vielleicht zu wenig tun für ihr Geld."
"6","1993-05-21","Zeitung","Die Zeit, 21.05.1993","Ergebnis: Das sei keine Nation mehr, ""nur ein verlotterter Haufen""."
"7","1990-04-06","Zeitung","Die Zeit, 06.04.1990","Glaubt, hofft die Premierministerin immer noch, daß nun, da sich in Osteuropa und auch in der Mitte unserer Alten Welt die Nationen neu konstituieren, der europäische Gemeinschafts-Elan gebremst werden könne?"
"8","1994-03-11","Zeitung","Die Zeit, 11.03.1994","Die ""tiefverwurzelte Wertschätzung des gymnasialen Bildungsganges für die leitenden Berufsstände der Nation"" überdauerte auch den Widerwillen des - selbst altsprachlich erzogenen - Philisterkaisers Wilhelm II. und die Aversion der Nazis."
"9","1990-09-14","Zeitung","Die Zeit, 14.09.1990","Darum geht es ihm in der unmittelbaren Aktualität um so mehr, als er die Union in Gefahr sieht, allein zu einer ""Partei des Wohlstands und der Nation"" zu werden."
"10","1994-07-15","Zeitung","Die Zeit, 15.07.1994","Dessen ist sich auch der Bevölkerungsfonds der Vereinten Nationen bewußt."
"11","2000-10-26","Zeitung","Die Zeit, 26.10.2000","Sie waren mit tiefen Krisen, grausamen Kriegen und großen Reden über die Nation aufgewachsen."
"12","1998-12-30","Zeitung","Die Zeit, 30.12.1998","Dreißig Leute arbeiten in der Forschungsgruppe, sie kommen aus elf Nationen und einem Dutzend Fachbereichen."
"13","2000-12-07","Zeitung","Die Zeit, 07.12.2000","Diese Spannung ist in den letzten zwei Jahrhunderten als tiefer Riss durch die lateinischen Nationen gegangen, während das protestantische Christentum es zunächst leichter hatte, liberalen und aufgeklärten Ideen in seinem Inneren Raum zu geben, ohne dass der Rahmen eines weitläufigen christlichen Grundkonsenses dabei hätte gesprengt werden müssen."
"14","2001-07-05","Zeitung","Die Zeit, 05.07.2001","All Nations Festival 2001 Es ist ja so:"
"15","1991-10-11","Zeitung","Die Zeit, 11.10.1991","Es ist mehr als nur bittere Ironie, daß ausgerechnet Australien und Kanada den Krieg in Jugoslawien vor die Vereinten Nationen brachten."
"16","1997-10-10","Zeitung","Die Zeit, 10.10.1997","So kam dann zur Teilung des Landes noch die Trennung der Menschen Deutschland drohte in Resignation zu erstarren und - allmählich - in zwei Nationen auseinanderzufallen."
"17","2004-04-22","Zeitung","Die Zeit, 22.04.2004","Mit dem ersten, dem United Nations Day, gab man sich 1948 selbst die Gründungsehre und empfahl den Mitgliedsstaaten, jenen 24. Oktober als Feiertag auszurufen:"
"18","2004-10-21","Zeitung","Die Zeit, 21.10.2004","Das bekommt die Nation jetzt auch zu wissen ...«"
"19","1991-05-31","Zeitung","Die Zeit, 31.05.1991","Die einzige Partei, die eine stabile Politik garantieren kann, eine stabile Regierung und eine stabile Nation, das sind wir, die Bharatiya Janata, eine Partei mit interner Disziplin und Stabilität."""
"20","1996-11-15","Zeitung","Die Zeit, 15.11.1996","Alle Nationen sind voll von falsch überlieferten und auf den Kopf gestellten Erinnerungen, dem Vergessen von Verbrechen, dem Verleugnen von Niederlagen."
"21","1991-12-06","Zeitung","Die Zeit, 06.12.1991","Hohe Hektarerträge, gewaltige Exportüberschüsse, Landerschließung bis an die letzten Grenzen: eine Nation auf dem Vormarsch."
"22","2002-06-13","Zeitung","Die Zeit, 13.06.2002","Bekennende Juden seien demnach weder als Teil der Zivilisation zu betrachten, noch sei ihre Existenz in der deutschen Nation vorgesehen."
"23","1991-04-26","Zeitung","Die Zeit, 26.04.1991","Doch wie und wann der vielbeschworene Übergang der Flüchtlingslager aus amerikanischer Obhut in die der Vereinten Nationen vonstatten gehen kann, bleibt vorerst offen."
"24","1992-02-21","Zeitung","Die Zeit, 21.02.1992","""Ich sehe es als meine moralische Verpflichtung an, den Menschenrechten auch in anderen Nationen Respekt zu verschaffen"", da wurden in Moskau die fünf Anführer des gerade erst - inspiriert durch die KSZE - gegründeten Bürgerrechtskomitees verhaftet (Alexander Ginsberg, Jurij Orlow, Anatolij Schtscharanski, Mikola Rudenko und Alexej Tichij)."
"25","1993-12-03","Zeitung","Die Zeit, 03.12.1993","Diese Nationen planen derzeit zwei 8-Meter-Teleskope: eines auf Mauna Kea, das zweite auf Cerro Pachön, zehn Kilometer südöstlich von Cerro Tololo in Chile."
"26","1998-08-20","Zeitung","Die Zeit, 20.08.1998","Bill Clinton US-Präsident, in seiner Rede an die Nation zu seinem Verhältnis mit Monica Lewinsky ""Die Grünen sind ein Mühlstein, der die Sozialdemokraten um den Wahlsieg bringen wird."""
"27","1998-01-02","Zeitung","Die Zeit, 02.01.1998","Im kühlen guten Grunde der Nation, da geht kein Strophenrad mehr, einige gegrölte Refrains, vielleicht, sind noch möglich, das Volk ohne zweite Strophe - es spielt jetzt, wie gesagt, an der Börse."
"28","1998-12-10","Zeitung","Die Zeit, 10.12.1998","Bubis ist in seinem Amt tatsächlich so etwas wie eine moralische Stimme der Nation geworden, so wurde er anerkannt."
"29","1991-08-16","Zeitung","Die Zeit, 16.08.1991","Statt des kommunistischen Pferdefußes den nationalsozialistischen, dort war ""national"" Teil des betrügerischen Firmennamens, und Nation wollten sie ja sein."
"30","1999-12-22","Zeitung","Die Zeit, 22.12.1999","Die Massenmedien machten ihn zum moralischen Gewissen der Nation, und er spielte die Rolle gern."
"31","1995-11-17","Zeitung","Die Zeit, 17.11.1995","Trotz seines Flops im Käsemarkt in den achtziger Jahren hat er sich entschlossen, einer der ganz Großen im Käsegeschäft zu werden, er will sich zum ""Käsemeister"" der Nation aufschwingen."
"32","1992-02-07","Zeitung","Die Zeit, 07.02.1992","55 Prozent der Bürger dieser Nation, die als Staat nicht existiert, wollen ihre Unabhängigkeit, ergab eine Meinungsumfrage des Glasgow Herald."
"33","1998-10-29","Zeitung","Die Zeit, 29.10.1998","Die Kommission öffnete schwärende Wunden und entzweite die Nation."
"34","1994-02-25","Zeitung","Die Zeit, 25.02.1994","Seit wenigen Monaten gibt es im Glashaus am East River immerhin einen ""Lageraum"" und sogar 65 Offiziere, darunter vier Bundeswehr-Soldaten, die insgesamt 17 internationale Friedensmissionen koordinieren sollen, 67700 Blauhelme, 2374 Militärbeobachter und 1153 Polizisten, die derzeit für die Vereinten Nationen im Einsatz sind."
"35","1998-01-23","Zeitung","Die Zeit, 23.01.1998","Einen wie Murdoch hatte der amerikanische Historiker Christopher Lasch vor Augen, als er vor der Macht einer neuen globalen Elite warnte: wurzellos, ohne Bindung an Region oder Nation, eine Gefahr für Demokratie und zivile Gesellschaft."
"36","1995-06-09","Zeitung","Die Zeit, 09.06.1995","Vor diesem politischen Hintergrund muß der Erfolg des Romans ""Schiffsmeldungen"" von E. Annie Proulx gewertet werden, der mit den bedeutendsten Preisen der amerikanischen Literaturwelt ausgezeichnet wurde und doch ein reaktionäres Machwerk ist, in dem sich die neuerlich akut gewordene Sehnsucht des Amerikaners nach Nation, Gemeinschaft, Volk spiegelt."
"37","1995-07-07","Zeitung","Die Zeit, 07.07.1995","Amerikas Abneigung gegen die Vereinten Nationen wächst:"
"38","1991-02-15","Zeitung","Die Zeit, 15.02.1991","Eine Intervention mußte weltweit als eine polizeiliche Aktion erkennbar bleiben und durfte von den beteiligten Nationen nicht wie ein normaler Krieg im eigenen Namen geführt werden."
"39","1992-05-08","Zeitung","Die Zeit, 08.05.1992","Gegen die Idee der internationalen Kontrolle (etwa durch die Vereinten Nationen) spricht die Erfahrung der Nato, daß die Vormacht Amerika nie bereit war, ihr nukleares Entscheidungsmonopol aufzugeben."
"40","1990-09-14","Zeitung","Die Zeit, 14.09.1990","Selten haben sich so viele Wege geschnitten und Nationen im alten Deutschen Reich gemischt wie in Ostpreußen und seinem südlichen Teil Masuren, der sich von Neidenburg im Südwesten bis Goldap im Nordwesten zieht."
"41","1991-05-03","Zeitung","Die Zeit, 03.05.1991","Eine Verlegenheitslösung wie so oft in der Vergangenheit darf es diesmal nicht geben, wollen die Vereinten Nationen ihren Prestigegewinn nicht gleich wieder verspielen."
"42","1995-09-22","Zeitung","Die Zeit, 22.09.1995","Durch seine Beiträge zu den verschiedenartigsten Aktionen der Vereinten Nationen zeigt es seine Entschlossenheit, nach der Vereinigung auch in diesem Bereich alle Rechte und Pflichten eines Mitglieds der Vereinten Nationen wahrzunehmen."
"43","1991-12-06","Zeitung","Die Zeit, 06.12.1991","Und die für die Amerikaner gegenwärtig wichtigsten Themen sind laut Gallup die wirtschaftliche Lage, die Arbeitslosigkeit, Bildung und Erziehung sowie Gesundheitsfürsorge; erst auf dem vorletzten und letzten Platz der Prioritätenskala der Nation erscheinen Außenpolitik und Verteidigung."
"44","2003-10-09","Zeitung","Die Zeit, 09.10.2003","»Diese Flaggen haben ehrenvoll der Brüderlichkeit gedient, der diese Nation unter Gott geweiht ist."
"45","2001-11-29","Zeitung","Die Zeit, 29.11.2001","Quoten für Minderheiten sind ihm so suspekt wie die Vereinten Nationen"
"46","1998-09-24","Zeitung","Die Zeit, 24.09.1998","Um die Nation von diesem furchtbaren Übel zu befreien, wurde der Bürgerkrieg ausgetragen."
"47","1990-03-02","Zeitung","Die Zeit, 02.03.1990","Keine deutsche Gesellschaft, sondern, beschämend für die im Einheits-Rausch lallende Nation, lateinamerikanische Literaturfreunde um die kolumbianische Dichterin Adela de Luppi und den Präsidenten der Gesellschaft für puertoricanisch-historische Kultur, Peter Bloch - nur, weil Heines Mutter spanisch-jüdischer Abstammung war."
"48","1992-10-02","Zeitung","Die Zeit, 02.10.1992","Neu belebt, neu gegründet wurden der Deutsche Akademische Austauschdienst, die Alexander von Humboldt-Stiftung, das Goethe-Institut, Inter Nationes und das Institut für Auslandsbeziehungen in Stuttgart."
"49","2001-09-20","Zeitung","Die Zeit, 20.09.2001","1991 gab die EU ihren Mitgliedern das Recht, Asylbewerber abzuweisen, wenn sie aus so genannten ""sicheren"" Drittländern - Nationen in Osteuropa oder der Türkei - nach Westeuropa einreisen."
"50","1991-01-25","Zeitung","Die Zeit, 25.01.1991","Dort wächst die Wirtschaft zwar dank der Vereinigung der Nation noch unvermindert."
"51","2001-08-16","Zeitung","Die Zeit, 16.08.2001","Aber Trajkovski ist auch der Mann, der am Tag nach seiner Flucht, die er selber freilich nie so bezeichnen würde, in einer vom Fernsehen übertragenen Rede an die Nation sagte:"
"52","1990-01-26","Zeitung","Die Zeit, 26.01.1990","Fluchtlingshochkommissar der Vereinten Nationen"
"53","2004-03-25","Zeitung","Die Zeit, 25.03.2004","Die Grenzstadt und ihre polnische Schwester Zgorzelek am gegenüberliegenden Neiße-Ufer möchten als ""multikulturelle Stadt zweier Nationen"" das Festival ausrichten."
"54","1994-03-25","Zeitung","Die Zeit, 25.03.1994","""Die Nation, die wir Great Britain nennen, ist kaum älter als die Vereinigten Staaten."
"55","1993-04-09","Zeitung","Die Zeit, 09.04.1993","Dies ist die wohl wichtigste Schlußfolgerung aus ""Tribes"": daß die von globalen Stämmen geschaffenen weltweiten Imperien auch Zonen der kulturellen Toleranz etabliert haben - und daß diese Toleranz eine wesentliche Voraussetzung für den ökonomischen Erfolg einer Nation und einer Region auch in der Zukunft ist."
"56","1991-10-11","Zeitung","Die Zeit, 11.10.1991","Auf diesen Startvorteil muß der Historiker, der sich mit Nation und Nationalismus befaßt, verzichten."
"57","2002-02-21","Zeitung","Die Zeit, 21.02.2002","""Wir erkennen an, dass unsere Nation sich anderen Gesellschaften gegenüber zuweilen arrogant und ignorant verhalten hat"", steht dort gleich im ersten Absatz über ""amerikanische Werte"" zu lesen."
"58","1994-01-14","Zeitung","Die Zeit, 14.01.1994","Der im 19. Jahrhundert im Windschatten der nationalen Bewegungen erfundene Syllogismus, wonach sich ein allemal ""tatenhungriges"" Volk (Prämisse 1) im Krieg zur Nation formiert (Prämisse 2) und dabei die ""fremden"" Bevölkerungsteile tötet, vertreibt, unterwirft oder assimiliert, um schließlich nach langem Ringen den angeblichen ""Normalzustand"", das heißt, den Status eines ethnisch homogenen ""Nationalstaats"" zu erreichen (Conclusio), ist eine nationalistische Legende."
"59","1992-03-20","Zeitung","Die Zeit, 20.03.1992","Um ihren Forderungen Nachdruck zu verleihen, stellten die Vereinten Nationen ein Ultimatum."
"60","1994-04-22","Zeitung","Die Zeit, 22.04.1994","Der Koalitionsentwurf strebt für alle Einsätze unter der Schirmherrschaft der Vereinten Nationen und für den sogenannten ""Nato-Bündnisfall"" die ""Kanzlermehrheit"" an; nur bei kollektiven Interventionen ohne UN-Mandat soll die Zustimmung von zwei Dritteln des Bundestages erforderlich sein."
"61","1994-09-02","Zeitung","Die Zeit, 02.09.1994","Das mittelalterliche Kiewer Reich, auf das sich alle ostslawischen Nationaltraditionen zurückführen, läßt sich weder als russisch noch als ukrainisch bezeichnen, weil sinnvoll von Nationen in einem modernen Sinn erst seit dem 18. Jahrhundert gesprochen werden kann."
"62","1993-12-10","Zeitung","Die Zeit, 10.12.1993","Die jetzt notwendige Normalisierung Deutschlands bedeute, die normalen Rechte und Pflichten einer Nation wahrzunehmen und nicht auf jener moralpolitischen Sonderrolle zu bestehen, die eine ins Negative gewendete Fortsetzung jener Sonderrolle sei, die die Nazis für sich beansprucht hätten."
"63","1994-10-28","Zeitung","Die Zeit, 28.10.1994","Korruptionsskandale erschüttern die französische Nation, von Paris bis in die Provinz."
"64","1991-01-04","Zeitung","Die Zeit, 04.01.1991","Die radikale Reduzierung der aufgeblähten Geldmenge, die immer schneller in Brasiliens Wirtschaft zirkulierte, war eine Notstandsmaßnahme, die Nation vor dem drohenden Kollaps zu retten."
"65","1998-12-03","Zeitung","Die Zeit, 03.12.1998","Nach und nach hat man sie gezwungen, die Kirche von der Nation zu unterscheiden."""
"66","1990-03-09","Zeitung","Die Zeit, 09.03.1990","""Wer bereits die Betonung von Rechtsstandpunkten für praktische Politik im Interesse des Zusammenhalts der Nation und der Einheit Deutschlands hält, der lenkt - ungewollt - von der Tatsache ab, daß Freiheit, Menschenrechte und Selbstbestimmung Kern der deutschen Frage sind."""
"67","1992-09-04","Zeitung","Die Zeit, 04.09.1992","Aber in der Weltorganisation selbst wachsen die Sorgen, ob die größte und teuerste Operation in der Geschichte der Vereinten Nationen gelingen wird."
"68","1999-04-29","Zeitung","Die Zeit, 29.04.1999","Nur die friedlichen, wohlhabenden OECD-Gesellschaften können es sich leisten, ihre nationalen Interessen mit dem halbwegs weltbürgerlichen Anspruchsniveau der Vereinten Nationen mehr oder weniger in Einklang zu bringen."
"69","1995-06-02","Zeitung","Die Zeit, 02.06.1995","Das Mandat der Vereinten Nationen gibt uns das Recht, Luftangriffe anzufordern, wann immer die Lage das notwendig macht."
"70","1992-05-01","Zeitung","Die Zeit, 01.05.1992","Auf mittlere Sicht (nach 1995) geht es um die Aufteilung und Abordnung der dann auf deutlich unter 200000 Angehörige zu reduzierenden Bundeswehr: Überstellung eines kleineren Kontingents von Dienstkräften an die reformierten und gestärkten Vereinten Nationen, ein größeres Kontingent ginge über in das gesamteuropäische Sicherheitssystem."
"71","1998-06-18","Zeitung","Die Zeit, 18.06.1998","Was sie erlebten, sei ""ein großer Augenblick in der Geschichte der serbischen Nation""."
"72","1994-09-23","Zeitung","Die Zeit, 23.09.1994","Die Allianz kleiner Inselstaaten (Aosis), eine Vereinigung von 36 Nationen aus der Karibik und aus dem Pazifik, einigte sich in New York darauf, doch noch einen Vorstoß zu wagen."
"73","1994-02-25","Zeitung","Die Zeit, 25.02.1994","Zwar sind die Vereinten Nationen juristisch verpflichtet, den Regierungen, die Soldaten entsenden, ihre Aufwendungen zu vergüten."
"74","2002-02-28","Zeitung","Die Zeit, 28.02.2002","Ihre gemeinsame Absicht bestand darin, einem kritischen Patriotismus Ausdruck zu verleihen, der einerseits dem nationalen Interesse der USA gerecht werden soll, andererseits aber amerikanisches Handeln an den höchsten Werten dieser Nation und der Welt misst."
"75","1990-08-10","Zeitung","Die Zeit, 10.08.1990","Daher sind die Deutschen sich, aber auch anderen Nationen eine Erklärung schuldig, wie sie sich künftig in dieser politischen Existenzform verstehen und verhalten wollen."
"76","1994-04-22","Zeitung","Die Zeit, 22.04.1994","Adressen und Telephonnummern, Namen und Organisationen, Essays und Erfahrungsberichte über ""Jüdisches Leben heute in Deutschland"" bietet das Handbuch von Uri R. Kaufmann (Inter Nationes, Bonn)."
"77","2003-06-12","Zeitung","Die Zeit, 12.06.2003","Sie und nicht die Vereinten Nationen legen heute fest, wann das Treiben von Diktatoren, Warlords oder bewaffneten Organisationen nicht mehr zu ertragen ist und mit Gewalt beendet werden muss."
"78","1991-05-24","Zeitung","Die Zeit, 24.05.1991","""Erst nachdem alle friedlichen Mittel der Konfliktregelung und auch Sanktionsmaßnahmen ausgeschöpft wurden"", so heißt es in dem Initiativantrag für Bremen, ""dürfen unter Verantwortung und unter Leitung der Vereinten Nationen militärische Maßnahmen angewandt werden."""
"79","1995-07-07","Zeitung","Die Zeit, 07.07.1995","Der neuerliche Ruf nach einem Boykott, diesmal nicht nur eines Unternehmens, sondern einer Nation, klingt dagegen bigott, selbst wenn sich nun auch der Umweltbeauftragte der evangelischen Kirche angeschlossen hat."
"80","1990-09-07","Zeitung","Die Zeit, 07.09.1990","Generalsekretär der Vereinten Nationen, nach seinem Treffen mit Iraks Außenminister Tarik Asis"
"81","2004-08-26","Zeitung","Die Zeit, 26.08.2004","Jetzt zeigen die Umfragen, dass die Slowaken so unzufrieden sind wie kaum eine andere Nation der EU."
"82","2004-11-18","Zeitung","Die Zeit, 18.11.2004","Wegen ihrer Finanzkraft sind die Multis mächtiger als manche Nationen und so zu einem entscheidenden politischen Faktor geworden."
"83","1999-06-10","Zeitung","Die Zeit, 10.06.1999","Es wäre eine der vielen Paradoxien dieses Krieges, würde ausgerechnet jene Politikergeneration die Vereinten Nationen schwächen, die der Machtpolitik früherer Zeiten abgeschworen hat."
"84","1998-01-02","Zeitung","Die Zeit, 02.01.1998","Diese Kommunikationen spielen sich zunächst vor allem schriftlich ab, weswegen Nationen stets ein Mindestmaß an orthographischem Drill verlangen."
"85","2001-10-04","Zeitung","Die Zeit, 04.10.2001","Doch das ändert nichts daran, dass das Verhältnis auch in den Nationen als etwas Spezielles empfunden wird."
"86","1990-11-09","Zeitung","Die Zeit, 09.11.1990","Sie war jener Tausend-Jahr-Feier gewidmet, die nun erst recht im Zeichen staatlich-kirchlicher Konkurrenz um die Seele der Nation begangen wurde."
"87","1999-09-02","Zeitung","Die Zeit, 02.09.1999","Keine Nation darf auf ewig gespalten werden und die Schuld für die Vergangenheit sollte nicht verewigt werden."
"88","1991-05-10","Zeitung","Die Zeit, 10.05.1991","Doch die Beschaulichkeit rund um die Baracken der Vereinten Nationen trügt."
"89","1998-04-23","Zeitung","Die Zeit, 23.04.1998","Aus Lautsprechern schallen Hymnen auf die Nation"
"90","1993-04-02","Zeitung","Die Zeit, 02.04.1993","Mollat zitiert die Bemerkung Pirennes, wonach die seefahrenden Nationen immer individualistischer und liberaler gewesen seien als die Kontinentalstaaten, die stets den Vorrang der Gemeinschaft betont hätten und zu autoritären und hierarchischen Organisationsformen neigten."
"91","1992-08-21","Zeitung","Die Zeit, 21.08.1992","Die Vereinten Nationen können ein totales Embargo jedoch nur durchsetzen, wenn sie die Anrainer unter Androhung wirtschaftlicher Sanktionen zur Mitarbeit zwingen oder ihnen die ökonomischen Nachteile kompensieren."
"92","2003-03-27","Zeitung","Die Zeit, 27.03.2003","Die iranische Nation ließe sich auch als eine verunsicherte Nation beschreiben"
"93","2001-07-12","Zeitung","Die Zeit, 12.07.2001","Wenn auch beide Nationen historisch wenig verbindet, so haben sie doch am Vorabend des Euro-Zeitalters eines gemeinsam: Sie müssen die Mark zu Grabe tragen."
"94","1999-04-29","Zeitung","Die Zeit, 29.04.1999","Ihre Luftstreitkräfte müssen den Vereinten Nationen als Ultima ratio zur Verfügung stehen."
"95","1997-09-12","Zeitung","Die Zeit, 12.09.1997","Eine als kühl und emotionsarm verschriene Nation scheint sich nach einer neuen Form der Spiritualität zu sehnen in einer Zeit, in der der Glaube an Gott verblaßt und der anglikanische Klerus Mühe hat, die Kirchen zu füllen."
"96","1995-07-14","Zeitung","Die Zeit, 14.07.1995","Wir, die Generation des ""Nie wieder Völkermord"", die Generation der Vereinten Nationen und ihrer Charta, die Generation des Kalten Krieges und seiner unverhofften Überwindung - wir alle haben es zugelassen oder zumindest nicht verhindert, daß in Ruanda vor unseren Augen ein neuer Völkermord begangen wurde."
"97","2001-09-13","Zeitung","Die Zeit, 13.09.2001","""Die Vereinigten Staaten"", schrieb Tocqueville, ""ist eine Nation ohne Nachbarn.""Ihre historische Erfahrung ist die der absoluten Sicherheit, die kein europäischer Staat je genießen durfte: ""Inmitten eines riesigen Kontinentes bleibt die Union abgeschottet vom Rest der Welt, als wären all ihre Grenzen von Ozeanen umschlungen."""
"98","1998-12-22","Zeitung","Die Zeit, 22.12.1998","Der Gedanke, daß eine Nation ihre Verbrechen nicht nur intellektuell und moralisch, sondern auch symbolisch in ihr Selbstbild aufnehmen sollte, ist vielleicht noch zu neu und zu gewagt, als daß sich jetzt schon eine Mehrheit für ihn finden könnte."
"99","1991-03-22","Zeitung","Die Zeit, 22.03.1991","Die Beteiligung an UN-Blauhelm-Einsätzen (friedensbewahrende Aktionen) wie an friedenserzwingenden Militär-Unternehmen der Vereinten Nationen, sofern diese nach Kapitel 7 der UN-Charta vom Sicherheitsrat beschlossen, befehligt, beaufsichtigt und finanziert werden."
"100","2001-02-22","Zeitung","Die Zeit, 22.02.2001","Erst Mittwoch vergangener Woche hatte Außenminister Colin Powell bei seinem Antrittsbesuch bei den Vereinten Nationen wortreich versichert, man überprüfe derzeit die Strategie gegenüber dem Irak und dem Nahen Osten - und zwar als verantwortungsbewusstes Mitglied der Vereinten Nation."
"101","1997-06-27","Zeitung","Die Zeit, 27.06.1997","Weil das alles so ist, weil jede Nation ihre eigene Hysterie pflegt, sollte der SPD-Abgeordnete Klaus Lennartz nicht zu enttäuscht sein, wenn sein Vorstoß, die deutsche Tabakbranche nach US-Vorbild zur Kasse zu bitten, kein Feuer entfacht."
"102","1994-10-21","Zeitung","Die Zeit, 21.10.1994","Entscheidend ist, daß Volk und Nation unabhängig von diesem Akt der Verfassunggebung keine Existenz haben."
"103","1994-02-18","Zeitung","Die Zeit, 18.02.1994","- Das Massaker auf einem überfüllten Marktplatz in Sarajevo hat brutal vor Augen geführt, wie wenig es westlichen Führern und den Vereinten Nationen bislang gelungen ist, den Völkermord in Bosnien zu beenden."
"104","1994-07-01","Zeitung","Die Zeit, 01.07.1994","Am Ende wird sich die Erkenntnis durchsetzen, daß Nationen auch Kriege für den Frieden nur führen, wenn ihre konkreten Notwendigkeiten berührt sind, nicht bloß ihre abstrakten Anliegen."
"105","2002-11-28","Zeitung","Die Zeit, 28.11.2002","Die USA sind die reichste und mächtigste Nation der Welt, deshalb fließt so viel nach draußen, und es kommt wenig herein."
"106","1998-10-15","Zeitung","Die Zeit, 15.10.1998","Von dem Begriff ""postnational"" hält Fischer nichts; er stellt vielmehr ausdrücklich fest: ""Die Nationen machen Europa aus, ihre Kultur, ihre Sprache, ihre Unterschiede und ihre Gemeinsamkeiten, und diese Nationen sind viel älter als die Nationalstaaten.""Aber er beklagt dann doch, daß ""historisch gesehen 1990 die ,falsche Einheit', nämlich die nationalstaatliche des 19. Jahrhunderts und nicht die europäische des 21. Jahrhunderts"" verwirklicht worden sei."
"107","1991-07-05","Zeitung","Die Zeit, 05.07.1991","Der Begriff der Nation, der seit den Tagen Napoleons die entscheidende Rolle in unserer angeblich soviel zivilisierteren Welt übernahm, hat viel Unheil gestiftet: Barrieren errichtet, Haß erzeugt, Arroganz gefördert, Untaten legitimiert."
"108","1995-04-07","Zeitung","Die Zeit, 07.04.1995","""Durch Kriege entstanden, konnte das unheilige Reich preußischer Nation immer nur ein Kriegsreich sein."
"109","1994-04-15","Zeitung","Die Zeit, 15.04.1994","Diese Einsicht relativiert die Auffassung, Nationen seien die einzigen, konstitutiven und allein entscheidenden Einheiten der Weltgesellschaft."
"110","1990-12-07","Zeitung","Die Zeit, 07.12.1990","Im vergangenen Jahr sind die Nationen Mitteleuropas wieder zu Subjekten der Geschichte geworden, anstatt Objekte zu sein."
"111","1992-12-11","Zeitung","Die Zeit, 11.12.1992","Die Vereinten Nationen entsandten ein Vorauskommando nach Mazedonien, wo Cyrus Vance, der UN-Unterhändler, das nächste Aufflackern des Balkan-Konflikts befürchtet - das erste Mal, daß die Vereinten Nationen Blauhelme zur Vorbeugung einsetzen ..."
"112","1992-11-27","Zeitung","Die Zeit, 27.11.1992","Er war Gründer der Silent Brotherhood, in Amerika auch unter dem seltsamen deutschen Namen ""Brüder Schweigen"" bekannt, eine Splittergruppe der Aryan Nations."
"113","1990-08-10","Zeitung","Die Zeit, 10.08.1990","Die Vereinten Nationen sind eines der Instrumente, auf die er setzt."
"114","1990-05-11","Zeitung","Die Zeit, 11.05.1990","Gewechselt hat die Druckerei: Nation wird jetzt bei Patzschke im fränkischen Neustadt hergestellt - ebenso wie Nation Europa, die seit 1951 erscheinende und somit älteste rechtsextreme Monatszeitschrift in der Bundesrepublik."
"115","2004-04-29","Zeitung","Die Zeit, 29.04.2004","Die Schutzheilige ihres Freiheitsstrebens war die Nation."
"116","2000-05-25","Zeitung","Die Zeit, 25.05.2000","Beispielsweise verdeutlicht Mazower, wie viel der Wohlfahrtsstaat des 20. Jahrhunderts der nationalistischen Sorge um sinkende Geburtsraten und die eugenische Zukunft der Nation verdankt."
"117","1998-02-05","Zeitung","Die Zeit, 05.02.1998","Die Verbitterung über Saddams Fähigkeit, die Vereinten Nationen stets aufs neue an der Nase herumzuführen, den Sicherheitsrat zu spalten und aus den Angriffen der USA jedesmal gestärkt hervorzugehen, hat sogar schon dazu geführt, das Undenkbare laut auszusprechen."
"118","2003-11-13","Zeitung","Die Zeit, 13.11.2003","Durch den Umbau von 1931 wurde nicht der Absicht, aber der Wahrnehmung nach ein Weiheraum daraus, als sei der Staat, die Nation eine sakrale Instanz - auf diesen Gedanken war das rationalistische Preußen nie gekommen."
"119","2004-12-02","Zeitung","Die Zeit, 02.12.2004","Darin wird der Versuch der Vereinten Nationen und anderer Entwicklungshilfeorganisationen geschildert, das nach jahrzehntelangem Bürgerkrieg zerstörte Kambodscha wieder aufzubauen."
"120","1999-06-24","Zeitung","Die Zeit, 24.06.1999","Es geht doch jede Nation ihren eigenen Weg."
"121","1994-01-14","Zeitung","Die Zeit, 14.01.1994","""Den beiden fiel es leichter, eine Nation zu verführen als eine Frau."""
"122","1998-06-18","Zeitung","Die Zeit, 18.06.1998","Europas Nationen haben in der Geschichte oft genug zu Völkermord und kolonialer Unterdrückung beigetragen."
"123","2004-07-08","Zeitung","Die Zeit, 08.07.2004","Gemäß dem berühmten Diktum des Abgeordneten Stanislas de Clermont-Tonnerre, den Juden müsse man »als Nation [...] alles verweigern, den Juden als Individuen hingegen alles gewähren«, war für diese revolutionäre Entwicklung jedoch ein Preis zu zahlen: Sie wurden nur als Individuen und nur unter der Bedingung, dass sie auf einen eigenen Status als Gemeinde und Nation verzichteten, zu gleichberechtigten Citoyens erklärt."
"124","1999-09-23","Zeitung","Die Zeit, 23.09.1999","Was Europa - ""das Neue und Größere"" - als Fundament benötigt, sind eben nicht ""Nationen"" (was immer das Wort bedeuten soll), sondern demokratisch und rechtsstaatlich verfasste Gemeinwesen, die auf ihre nationale Kostümierung - nicht auf ihre Sprachen und Kulturen - verzichten und ihren ständigen Einwohnern unabhängig von Herkunft, Sprache und Religion gleiche Rechte und Chancen einräumen."
"125","2000-01-05","Zeitung","Die Zeit, 05.01.2000","Aber es kann doch nicht sein, dass sich Deutschland als Nation in Zukunft etwa nur noch über die Fußballnationalmannschaft, über den olympischen Tabellenspiegel und die gesicherte Altersvorsorge definiert."
"126","2003-10-01","Zeitung","Die Zeit, 01.10.2003","Die republikanische Idee der Nation als eines Clubs von geborenen und zugewählten Mitgliedern vereinigt dagegen die ethnische und historische mit der rationalen, ideologischen und willentlichen Seite der Nation."
"127","1996-02-02","Zeitung","Die Zeit, 02.02.1996","""Wie bringen wir das Verhältnis der Nation zur globalen Herausforderung in Ordnung?""Oder, wieder ganz etwas anderes: ""Der Staat soll Zähne zeigen, statt zuzusehen, wie die Bürger immer mehr Angst haben um ihre Sicherheit.""Kurz und gut: Nie wieder Political Correctness, keine Ausgrenzung."
"128","2002-08-29","Zeitung","Die Zeit, 29.08.2002","Wo aber die Schicksalsfragen der Nation von einem unausgesprochenen Schweigekartell erstickt werden, gerät der Wahlkampf ins Kleinliche, Zufällige, Wechselhafte."
"129","2002-02-14","Zeitung","Die Zeit, 14.02.2002","Der Roman spielt 1998, in jenem Sommer, da die amerikanische Nation sich nur noch für die sexuellen Praktiken, für den menschlichen Makel ihres Präsidenten zu interessieren schien."
"130","2000-10-26","Zeitung","Die Zeit, 26.10.2000","Die Duales System Deutschland AG hat die gesamte Abfallentsorgung koordiniert und zudem die teilnehmenden Nationen beraten, welche Abfallbehälter sie brauchen, wie getrennt wird."
"131","2000-05-18","Zeitung","Die Zeit, 18.05.2000","Während etwa der deutsche Nachwuchs im Mathematikunterricht auf einen Lösungsweg getrimmt wird, ermuntern die Lehrer erfolgreicherer Nationen zu kreativem Denken:"
"132","1992-09-25","Zeitung","Die Zeit, 25.09.1992","Wenn Franzosen und Briten über Europa reden, so tun sie dies als Nationen, die - zumindest dem Anschein nach - von einem unerschütterlichen und historisch gesättigten Selbstbewußtsein geprägt sind."
"133","2000-06-29","Zeitung","Die Zeit, 29.06.2000","Man muss die Expo nicht einmal schlechtreden wollen, aber sie ist wirklich nichts anderes als ein Riesentheater der Nationen, bunte Gigantomanie mit dem Bruchteil an Information einer üblichen Tourismusmesse, Friede, Freude, Eierkuchen, fern jeder Realität."
"134","1993-07-09","Zeitung","Die Zeit, 09.07.1993","Wenn Edouard Balladur jetzt mit großem Schwung eine europäische Friedenskonferenz plant, mit einer Patenschaft westeuropäischer Nationen für die neuen osteuropäischen Demokratien, zucken deutsche Politiker die Schultern:"
"135","1995-10-27","Zeitung","Die Zeit, 27.10.1995","Neben den Gesamtschülern besuchen auch Gymnasiasten und gute Realschüler die Oberstufe, darunter etliche, die erst einige Jahre in Deutschland sind: eine multikulturelle, eine internationale Schule mit Schülern aus dreißig Nationen."
"136","2002-11-28","Zeitung","Die Zeit, 28.11.2002","Nur wenn Nationen sich nach außen als einig darstellen, können sie drohen und bluffen."
"137","1990-06-08","Zeitung","Die Zeit, 08.06.1990","""Die islamische Nation wird vom Krebsgeschwur, das Israel heißt, befreit werden."""
"138","1991-10-04","Zeitung","Die Zeit, 04.10.1991","Zur Lage der Nation"
"139","1990-10-05","Zeitung","Die Zeit, 05.10.1990","Diese Fragen richten sich an eine Nation, die Bundeskanzler Kohl im August als ""Nummer eins in Europa"" bezeichnete, worauf er zu Recht stolz ist, was jedoch auch bedeutet, damit verbundene Verantwortungen für das Schicksal dieses alten Kontinents zu übernehmen."
"140","1992-11-06","Zeitung","Die Zeit, 06.11.1992","Sozialdemokratie und Nation 1860-1990; C.H. Beck Verlag, München 1992; 469 S., 58,- DM"
"141","1997-11-28","Zeitung","Die Zeit, 28.11.1997","Von wegen Melkkühe der Nation."
"142","2002-08-15","Zeitung","Die Zeit, 15.08.2002","Jetzt geht es nicht darum, gegen einen klar erkennbaren Angriff und von den Vereinten Nationen legitimiert, eine Verteidigung zu organisieren, sondern augenscheinlich darum, einen neuen Konfliktherd im Nahen Osten zu entfachen."
"143","1999-07-15","Zeitung","Die Zeit, 15.07.1999","Es gibt Nationen, deren Geschichte eher unter dem Einfluss der Reformation, und solche, deren Geschichte eher unter dem Einfluss der Aufklärung stand."
"144","1992-03-27","Zeitung","Die Zeit, 27.03.1992","Aber ich wünsche mir, daß Deutschland seiner Verantwortung und seinen Pflichten als Mitglied der Vereinten Nationen, die wir ja mit der Zustimmung aller Parteien ohne jeden Vorbehalt ratifiziert haben, auch gerecht wird, und daß wir dafür eine breite Zustimmung in unserem Volk finden."
"145","1992-04-10","Zeitung","Die Zeit, 10.04.1992","Trotz aller Rückschläge müssen es die EG und die Vereinten Nationen intensiver denn je versuchen."
"146","1996-11-15","Zeitung","Die Zeit, 15.11.1996","Angst vor der Globalisierung:Sind die Nationen noch souverän?Ist der ""Kapitalismus pur""noch aufzuhalten?Verkommtdie europäische Zivilgesellschaft zur Europa-AG?"
"147","1999-10-21","Zeitung","Die Zeit, 21.10.1999","Und er ist uns Mahnung, dass wir künftig erst recht nicht ohne Vereinte Nationen und OSZE auskommen."
"148","1993-06-25","Zeitung","Die Zeit, 25.06.1993","Den Vereinten Nationen fehlt es an gut ausgebildeten und modern ausgerüsteten Truppen, aber auch an Geld."
"149","1993-03-26","Zeitung","Die Zeit, 26.03.1993","Sieben Stunden später erfahren wir aus Jelzins Botschaft an die Nation, daß er diesem Rat weitgehend gefolgt ist."
"150","2002-11-28","Zeitung","Die Zeit, 28.11.2002","Nun, da die Unilateralisten vorerst geschlagen sind und Amerika gemeinsam mit den Vereinten Nationen Druck auf den Irak ausübt, gibt der Außenminister seine Sicht auf die brutalen Machtkämpfe im Kabinett Bush frei."
"151","1990-09-21","Zeitung","Die Zeit, 21.09.1990","Wo Brände auszutreten und Krisen zu lösen sind, da muß sich das neue Deutschland erst recht einbetten und einbinden in größere Zusammenhänge: in Nato, WEU oder EG, wenn diese sich erst einmal ein sicherheitspolitisches Instrument zur Verteidigung ihrer auswärtigen Interessen geschaffen hat; in den KSZE-Mechanismus, sobald sich dieser institutionell verfestigt; schließlich in die Vereinten Nationen mit ihren Blauhelmen."
"152","2002-11-07","Zeitung","Die Zeit, 07.11.2002","Von den Deutschen darf erwartet werden, dass sie den Wert ihrer Nation nicht nach der Effizienz ihrer Fabriken und ihres Außenhandels bemessen, sondern durch Taten belegen, zu denen andere Nationen nicht verpflichtet sind."
"153","1994-03-18","Zeitung","Die Zeit, 18.03.1994","Das föderalistische (und provinzielle) Deutschland wünschte sich ein Europa der Regionen, das die Bedeutung von Nationen vermindert und eine gemeinsame ""europäische"" Außen- und Wirtschaftspolitik betreibt."
"154","1996-10-25","Zeitung","Die Zeit, 25.10.1996","Nach einem Bericht der Vereinten Nationen sind arme Briten ähnlich gestellt wie arme Ungarn und - schon wieder - Koreaner."
"155","1993-08-13","Zeitung","Die Zeit, 13.08.1993","Durch die Wahrung kultureller Einheit, in Tradition gefaßt, kann die Nation Sinn und Leben in gemeinschaftliche Existenz einführen."""
"156","2000-02-24","Zeitung","Die Zeit, 24.02.2000","264 Studenten aus 36 Nationen reden sich in Englisch und Französisch die Köpfe heiß."
"157","1994-01-14","Zeitung","Die Zeit, 14.01.1994","Ottos ""Imperium Romanum"" (erst seit 1157 mit dem Zusatz ""Sacrum"" und seit 1442 mit der Präzisierung ""Nationis Germanicae"", also: ""Heiliges Römisches Reich Germanischer (!) Nation""; dieses Gebilde hieß schließlich erst seit dem Kölner Reichsabschied von 1512 und bis zu seinem Untergang 1806 offiziell und adjektivisch ""Heiliges Römisches Reich Deutscher (!) Nation"") -"
"158","1992-06-05","Zeitung","Die Zeit, 05.06.1992","Freilich, das Unbehagen an der wiedervereinten Nation teilen viele Franzosen mit vielen Deutschen, was wiederum Pariser Kommentatoren meist entging."
"159","1991-02-08","Zeitung","Die Zeit, 08.02.1991","""Die USA sind unter den Nationen die einzige, die zugleich den moralischen Rang und die Mittel besitzen, den Frieden zu sichern."""
"160","1995-06-16","Zeitung","Die Zeit, 16.06.1995","Die Vereinten Nationen führen nicht Krieg gegen oder für eine der Kriegsparteien in Bosnien-Herzegowina."
"161","1999-12-29","Zeitung","Die Zeit, 29.12.1999","Keine einzige der europäischen Nationen wird im kommenden Jahrhundert der Bevölkerungszahl nach wachsen!Wie unzureichend die europäischen Einzelstaaten ihre nationalen Interessen gegenüber den Giganten vertreten können, sieht man beispielhaft am Verlauf der Klimakonferenzen in Rio de Janeiro oder in Kyoto."
"162","1994-04-15","Zeitung","Die Zeit, 15.04.1994","Derart einem Zangenangriff des deutschen und des französischen Chauvinismus ausgesetzt, hatte Renan allen Grund nachzuprüfen, was das Wesen einer Nation ausmache und worin die Irrtümer des Nationalismus liegen."
"163","1998-12-10","Zeitung","Die Zeit, 10.12.1998","Wie kann da die Nation der Täter beschließen, jetzt Schluß zu machen mit der Erinnerung?Das Problem mit dem Holocaust in Deutschland ist ein ganz anderes:"
"164","2004-05-13","Zeitung","Die Zeit, 13.05.2004","Das gilt erst recht gegenüber einer Nation, die man soeben im Kriege besiegt hat."
"165","2004-07-15","Zeitung","Die Zeit, 15.07.2004","Das Land ist, wie UN-Ratgeber Lakhdar Brahimi betont, kein failed state, kein gescheiterter Staat, sondern eine kraftvolle Nation mit gebildeten Mittelschichten und einem riesigen, auf Öl begründeten Wohlstandspotenzial."
"166","1995-07-21","Zeitung","Die Zeit, 21.07.1995","Die Nation ist nichts Antiquiertes, Überlebtes, Peinliches."
"167","1994-05-13","Zeitung","Die Zeit, 13.05.1994","So gibt es zwar Denker, die einräumen, Saddam Hussein sei ein erbarmungsloser Diktator, um aber gleich anzufügen, er sei dies vor allem deshalb, weil er eine stets erniedrigte Nation vertrete."
"168","1994-04-15","Zeitung","Die Zeit, 15.04.1994","Es geht um das EU-Europa und dessen zur Zeit Vorsitzende Nation."
"169","2002-09-05","Zeitung","Die Zeit, 05.09.2002","Die Sparquote steigt, und das obwohl die Deutschen ohnehin schon zu den knauserigsten Nationen der Welt gehören."
"170","1998-01-02","Zeitung","Die Zeit, 02.01.1998","Gewiß, auch die aktuelle Nation ist ein noch vibrierender Beziehungsmarkt sie ist der Raum, in dem man eine Freundin, einen Freund schon findet, spätere Heirat nicht ausgeschlossen, sie ist zugleich das Reservoir, aus dem sich später auch der wahrscheinlichste Seitensprungpartner rekrutieren läßt, kurzum, noch immer erscheint die Nation ihren arglosen Angehörigen als eine mit Standesämtern, Kirchen, Bars und Bettengeschäften gesättigte Zone, hier kann man noch immer am ehesten körperlichen und sprachlichen Anschluß finden."
"171","1995-07-07","Zeitung","Die Zeit, 07.07.1995","Nicht einmal der Vorwurf, die Vereinten Nationen seien eine wuchernde Bürokratie, treffe zu."
"172","1999-05-12","Zeitung","Die Zeit, 12.05.1999","""Kein größeres Unglück könnte geschehen, als daß die zivilisierten Nationen ihre Kriegsvorbereitungen aufgeben und sich für die internationale Schlichtung entscheiden.""Das Deutsche Reich vertrat Graf Münster; für ihn galt der Satz: ""Rüstungsbegrenzung ist ausgeschlossen.""Königin Victoria hatte ihren dritten Seelord John Fisher entsandt, dessen Wahlspruch lautete:"
"173","1995-10-13","Zeitung","Die Zeit, 13.10.1995","SOYINKA: Für den Taxifahrer ist Sani Abacha der Chef einer mächtigen Nation, er ist gegen den Westen und repräsentiert entschlossenen Nationalismus, Panafrikanismus, revolutionären Geist."
"174","1999-02-25","Zeitung","Die Zeit, 25.02.1999","""Ich sehe keine Stämme, ich sehe nur eine Nation."
"175","2001-05-23","Zeitung","Die Zeit, 23.05.2001","Unbeeindruckt vom knappen Raumfahrtbudget, forderte der Apollo-Pionier den neuen US-Präsidenten auf, der Nation am 40. Jahrestag der Kennedy-Rede einen bemannten Vorstoß zum Mars anzukündigen."
"176","2004-04-01","Zeitung","Die Zeit, 01.04.2004","Treten die USA, die Supermacht, als gesetzlose Nation auf, so schürt dies unweigerlich Unmut in jenen Teilen der Welt, in denen über Sieg oder Niederlage im Kampf gegen den Terrorismus entschieden wird."
"177","2002-08-15","Zeitung","Die Zeit, 15.08.2002","Ein wenig lässiger Luxus, eine Prise prickelnder Glamour, Schauspielerinnen wie Nadja Tiller und Ruth Leuwerick waren gut für beides, und die Zeitschrift, in der dieser Teil der Wiedergeburt der Nation stattfand, hieß Film und Frau, gedruckt im leichten Chamois-Ton."
"178","2000-06-21","Zeitung","Die Zeit, 21.06.2000","Natürlich sind unsere Nationen wesentlich älter als unsere Nationalstaaten."
"179","2004-05-27","Zeitung","Die Zeit, 27.05.2004","Von den Wartenden wurde jede Nation mit Applaus bedacht."
"180","1996-08-02","Zeitung","Die Zeit, 02.08.1996","In Frankreich sind Nation und Staat gleichberechtigt."
"181","1998-07-30","Zeitung","Die Zeit, 30.07.1998","Wollen Sie die Abschaffung der Nationen in Europa, Herr Zehetmair?Einzig die kulturelle Identität gewährleistet doch Nationen im künftigen Europa!"
"182","1999-04-29","Zeitung","Die Zeit, 29.04.1999","Häßliche Sätze finden sich auch in einem kurdischen Memorandum an die Vereinten Nationen aus dem November 1948, demzufolge ein gewisser Mahmoud Essad, türkischer Justizminister, im Jahre 1930 geäußert haben soll:"
"183","1992-08-21","Zeitung","Die Zeit, 21.08.1992","Wurde aber die Nation solchermaßen erst zu einer ""vorherrschenden, alle anderen an Bedeutung übertreffenden Gruppenform"" (Scheler), dann war es zur ""Torheit der Selbstüberhebung"" nicht mehr weit, vor der schon Herder seine Epoche warnte."
"184","2004-04-15","Zeitung","Die Zeit, 15.04.2004","Die Franzosen erinnern die Muslime an den politischen Charakter ihrer Nation."
"185","1994-03-18","Zeitung","Die Zeit, 18.03.1994","Es soll nicht wieder dazu kommen, daß im selben Jahr die Vereinten Nationen eine Charta über die Rechte der Kinder veröffentlichen und die Frage der Kinderarbeit und der brutalen Ausbeutung von Kindern im Welthandelsabkommen überhaupt keine Rolle spielt."
"186","1993-07-02","Zeitung","Die Zeit, 02.07.1993","Der Verteidigungsminister gab sich betont friedfertig, der Außenminister hingegen sann sofort über künftige Einsätze unterm blauen Banner der Vereinten Nationen nach."
"187","2000-06-08","Zeitung","Die Zeit, 08.06.2000","Dieses Gefühl der Geringschätzung erklärt, mit welchem Nachdruck heute darauf bestanden wird, dass die Ukraine ihre eigene, unverwechselbare Würde habe, dass das Selbstbewusstsein der Nation sich darauf gründen dürfe, das griechische wie das lateinische Erbe Europas über die Zeiten hin bewahrt zu haben."
"188","1995-09-15","Zeitung","Die Zeit, 15.09.1995","Walther denkt ""Nation"" nicht als eine politische Kategorie, im Unterschied zu Yves Lacoste, Béatrice Giblin-Delvallet, Etienne Sur und anderen, bei denen Nation aus der territorial geprägten, französischen Tradition reflektiert wird."
"189","2002-02-07","Zeitung","Die Zeit, 07.02.2002","Die Nation schunkelt, und meine ohnehin melancholische norddeutsche Seele wird von Tag zu Tag trister."
"190","1995-09-22","Zeitung","Die Zeit, 22.09.1995","als Nation verstehen"
"191","1990-12-07","Zeitung","Die Zeit, 07.12.1990","Und das Subjekt ist die Nation."
"192","2002-08-22","Zeitung","Die Zeit, 22.08.2002","Deutschland muss sich mit seiner Umweltpolitik nicht hinter dem Tun und Lassen anderer Nationen verstecken."
"193","1994-05-27","Zeitung","Die Zeit, 27.05.1994","Nation und Nationalstaat im eher völkisch definierten Sinne sollen gegen ""Überfremdung"" schützen."
"194","1990-11-09","Zeitung","Die Zeit, 09.11.1990","Die Vorzüge dieser Ordnung beruhen in keiner Hinsicht auf der Nation, dem Nationalismus und dem Nationalstaat."
"195","2001-03-22","Zeitung","Die Zeit, 22.03.2001","Jahrhundert, als der polnische Staat nicht existierte, bildete sich die Nation auf ethnischer und religiöser Basis."
"196","1992-09-04","Zeitung","Die Zeit, 04.09.1992","Mußte die Menschenrechtskommission der Vereinten Nationen, um all das erneut zu bestätigen, einen ""Sonderberichterstatter"" ernennen und ihn noch vor der Londoner Jugoslawien-Konferenz auf den Balkan hetzen?"
"197","1996-10-04","Zeitung","Die Zeit, 04.10.1996","Gibt es überhaupt Liebe zwischen Nationen?"
"198","2002-07-04","Zeitung","Die Zeit, 04.07.2002","Wer sonst sollte das in einem Land wie Japan machen, in dem die Bevölkerung rascher altert als die jeder anderen Nation und die dennoch nicht auf Einwanderung setzt, um junge Leute ins Land zu bekommen?"
"199","2002-12-23","Zeitung","Die Zeit, 23.12.2002","Als Essener Äbtissin war Maria Kunigunde Reichsfürstin, Oberhaupt eines der mehr als 300 souveränen Territorien, aus denen das Heilige Römische Reich Deutscher Nation bis zu seinem endgültigen Ende 1806 bestand"
"200","1992-10-02","Zeitung","Die Zeit, 02.10.1992","Seine Geschichte des Kaiserreichs ist in der Tat maßgeschneidert für den Gefühlshaushalt der wiedervereinigten Nation, die sich krampfhaft um Normalität bemüht, um Aussöhnung mit ihrer unglücklichen Vergangenheit - und gerade daran wieder zu scheitern droht."
"201","2002-05-02","Zeitung","Die Zeit, 02.05.2002","Und wer weiß , zu welchen Geschichten die deutsche Nation in sieben Jahren Anlass gibt?"
"202","2001-11-15","Zeitung","Die Zeit, 15.11.2001","Oder er zeigt sich, und mit dieser so genannten Britart ist man nun doch bei der Nation, kunstgenmanipuliert in den grotesken Schreckenskinderkörpern der Brüder Dinos und Jake Chapman."
"203","1991-07-05","Zeitung","Die Zeit, 05.07.1991","Obwohl Tito, der Schöpfer des zweiten Jugoslawien, ein Kroate war (mit einer slowenischen Mutter), blieben die Kroaten wegen ihrer Haltung im Krieg eine ""Nation auf Bewährung""."
"204","1994-10-28","Zeitung","Die Zeit, 28.10.1994","Voltaire zeigt sich in der Loge, die Nation tobt."
"205","1995-08-11","Zeitung","Die Zeit, 11.08.1995","Als Rathaus einer Stadt von knapp 400000 Einwohnern viel zu groß geraten, wirkt sie wie der Regierungssitz einer Nation."
"206","1994-08-05","Zeitung","Die Zeit, 05.08.1994","Zwar trat die Deutsche Bank, als sie wegen des Schneider-Falls zum Gespött der Nation geworden war, die Flucht nach vorn an und legte selbst ein für sie wenig schmeichelhaftes Gutachten vor."
"207","1990-09-21","Zeitung","Die Zeit, 21.09.1990","Anfang August konnte sie die halbe italienische Nation, die sich gerade am Strand sonnte, in der Literaturbeilage der Turiner Zeitung La Stampa lesen:"
"208","1998-05-28","Zeitung","Die Zeit, 28.05.1998","1851 holt Engels in einem Brief an Marx die letzte slawische Nation aus seinem Pantheon:"
"209","1997-03-21","Zeitung","Die Zeit, 21.03.1997","Studien der Weltbank oder auch der Vereinten Nationen betonen das inzwischen immer wieder."
"210","1996-09-06","Zeitung","Die Zeit, 06.09.1996","Deshalb möchte ich sogleich hervorheben, daß alle Fragen und Argumente, die jetzt folgen, keinen Abstrich an der universalen Geltung des Menschenrechtskatalogs der Vereinten Nationen von 1948 bedeuten."
"211","1997-10-02","Zeitung","Die Zeit, 02.10.1997","Denn der Berliner Schloßplatz gehört nicht - wie die Frauenkirche den Dresdnern - Berlin allein, sondern eben der Nation."
"212","2003-05-15","Zeitung","Die Zeit, 15.05.2003","Der Besitz von Kolonien galt den italienischen Faschisten als ebenso notwendig wie legitim, da eine übervölkerte Nation ohne Bodenschätze ein natürliches Recht besitze, Kompensationen in Übersee zu suchen."
"213","1994-06-03","Zeitung","Die Zeit, 03.06.1994","Voraussetzung dafür wäre wohl, daß sich die Europäer als Teil einer europäischen Nation fühlen, daß sie so etwas wie ein europäisches Staatsvolk bilden - eine ziemlich unrealistische Erwartung."
"214","1990-09-28","Zeitung","Die Zeit, 28.09.1990","Die Schätze der Nation kehren zurück Von Karl-Heinz Janßen Versteck in der Kaligrube: Amerikanische Soldaten entdecken im April 1945 einen Manet im thüringischen Bergwerk Merkers"
"215","2003-05-08","Zeitung","Die Zeit, 08.05.2003","""Deutschland"", sagt die CDU-Vorsitzende Angela Merkel angesichts seiner Reformblockaden halb im Scherz, ""hat einen Knall.""Doch kann eine ganze Nation völlig verrückt sein?Vielleicht ist nur die Methode verrückt, mit der die politische Klasse (inklusive der Medien) die nationalen Probleme diskutiert?Journalisten und ihr Publikum lieben die Schwarzmalerei."
"216","2001-11-22","Zeitung","Die Zeit, 22.11.2001","Exklusivität und Toleranz im Wetteifer der Religionen und Nationen, erschienen im Merkur Nr. 9 u. 10/99.)Nicht den Erwählungsglauben, sondern seine Perversion, die Hybris, bezeichnete ich als Fluch."
"217","2003-11-13","Zeitung","Die Zeit, 13.11.2003","Monatelang haben uns ZDF und Bild-Zeitung mit der Aussicht aufgestachelt, bei ihrer gemeinsam veranstalteten Wahl der ""besten Deutschen"" könnte ein Fernseh- oder Schlagerstar über die Klassiker der Nation siegen."
"218","1996-12-06","Zeitung","Die Zeit, 06.12.1996","Weil die Struktur der Nation sich in Frankreich allen anderen vorangegangenen, partikularen und ständischen Ordnungen als überlegen erwiesen hatte, konnte sie dauerhaft auch Deutschland nicht vorenthalten werden, jedenfalls nicht ohne hohen Preis."
"219","2004-10-14","Zeitung","Die Zeit, 14.10.2004","Hinzu kommt, dass das ideologische Erbe der Sechziger die Nation nicht nur im Gespräch hält, sondern auch belastet."
"220","1995-12-15","Zeitung","Die Zeit, 15.12.1995","Paradoxerweise sind die Vereinigten Staaten, die führende demokratische Nation der Welt, der größte Abnehmer von nigerianischem Öl."
"221","1994-11-25","Zeitung","Die Zeit, 25.11.1994","Überdies würde Deutschland mit einem solchen Schritt aus der Reihe der zivilisierten Nationen der Welt ausscheiden."
"222","1993-02-12","Zeitung","Die Zeit, 12.02.1993","Das erinnert mich daran, wie De Gaulle die Nationen der französischen Communauté führte."
"223","1991-08-23","Zeitung","Die Zeit, 23.08.1991","Er soll auf der Grundlage des Völkerrechts abgeschlossen und bei den Vereinten Nationen hinterlegt werden."
"224","1995-09-15","Zeitung","Die Zeit, 15.09.1995","Hier streitet ein Yves Lacoste für eine neue Integrationsanstrengung, die zugleich eine veränderte Definition der ""Nation Frankreich"" beinhaltet; verkürzt gesagt:"
"225","1996-08-16","Zeitung","Die Zeit, 16.08.1996","Nation zu verurteilen"
"226","1995-02-03","Zeitung","Die Zeit, 03.02.1995","Somavia: Nein, auch die entwickelten Nationen schaffen täglich mehr Ungleichheiten."
"227","1997-01-17","Zeitung","Die Zeit, 17.01.1997","Im kollektiven Taumel des ""Wir müssen den Gürtel enger schnallen"" suchte die Nation, angeführt von den Massenblättern und populistischen Politikern, ihre ""Sozialschmarotzer""."
"228","1990-11-09","Zeitung","Die Zeit, 09.11.1990","""Wenn die Entwicklungen des letzten Jahres aber eine Wende bedeuten, in der homogene Nationen den Platz von Staatsbürgergesellschaften einnehmen und die nationalen Rivalitäten den des Entwurfs zuerst einer europäischen, dann einer Weltbürgergesellschaft, dann ist für Liberale die Zeit gekommen, laut und deutlich ihre Position zu bekunden."""
"229","1990-06-15","Zeitung","Die Zeit, 15.06.1990","2. Wenn Europa denn Nationen braucht; und wenn denn Nationen eine Hymne brauchen, weil sie Olympischen und Fußballspielen die musische Weihe und vaterländische Kraft verleihen, würde ich plädieren für die Beibehaltung der dritten Strophe des Hoffmann-Liedes."
"230","2003-01-02","Zeitung","Die Zeit, 02.01.2003","Vor den Vereinten Nationen stellte George W. Bush am 16. September klar, dass sein Land auch ohne UN-Mandat angreifen werde, falls Saddam Hussein nicht ""sofort und bedingungslos"" seine Massenvernichtungswaffen und Mittelstreckenraketen zerstöre."
"231","1992-09-18","Zeitung","Die Zeit, 18.09.1992","Walter Koisser, der Flüchtlingskommissar der Vereinten Nationen für Deutschland, kritisierte jetzt unverhohlen Politik und Medien, die eine Situation geschaffen hätten, ""wo sie nicht mehr anders können, als den Artikel 16 zu ändern."
"232","1991-12-06","Zeitung","Die Zeit, 06.12.1991","Sagen Sie höchst geheim, die Gefahr sei groß, daß durch einen bewaffneten Zusammenstoß plötzlich Krieg zwischen den angelsächsischen Nationen und Japan ausbricht."
"233","2002-10-10","Zeitung","Die Zeit, 10.10.2002","Henry Cabot Lodge, in den fünfziger Jahren amerikanischer UN-Botschafter, urteilte über die Vereinten Nationen illusionslos:"
"234","1991-04-26","Zeitung","Die Zeit, 26.04.1991","In zehn Resolutionen forderten Sicherheitsrat und Vollversammlung der Vereinten Nationen die Besatzer zum Rückzug auf - ohne Erfolg."
"235","2002-10-24","Zeitung","Die Zeit, 24.10.2002","Ein Page führt die Dame vom Goethe Institut/Inter Nationes auf die Dachterrasse ihres Hotels in Kabul."
"236","2003-01-09","Zeitung","Die Zeit, 09.01.2003","Man weiß ja, dass erst in den unterirdischen Katakomben, in den kollektiven psychologischen Traumflüssen, in den Märchen und Mythen, die ein Staat, die eine Nation und ihre Menschen miteinander verbinden und die sie alle gemeinsam durchschiffen, dass erst dort der Platz ist für die Wahrheiten des gemeinsamen Empfindens und für das historische Allgemeingedächtnis."
"237","1999-04-15","Zeitung","Die Zeit, 15.04.1999","Sie will historisch und systematisch zwischen Ethnie, Nation, Nationalstaat und Nationalismus unterscheiden, um einen anachronistischen Allerweltsbegriff von ""Nationalismus"" auszuschließen."
"238","2003-12-11","Zeitung","Die Zeit, 11.12.2003","Das alles zusammengenommen ist mehr, bedeutet eine Zäsur in der Geschichte des Sozialstaates, einen Bruch mit der Hegemonie der Sozialpolitik und hat sich letztlich zur Reifeprüfung der Nation aufgeschaukelt:"
"239","1995-02-10","Zeitung","Die Zeit, 10.02.1995","Seitdem er sich in der hausgemachten Turbulenz als Retter der Nation präsentiert, steigen seine Aktien wieder."
"240","1993-09-17","Zeitung","Die Zeit, 17.09.1993","Die Herausforderung an die alte und neue Erste Frau im Staat ist groß: Sie wird behutsam auftreten müssen, will sie ihrer Nation eine ähnlich schwere Zerreißprobe ersparen."
"241","1998-08-06","Zeitung","Die Zeit, 06.08.1998","Europa soll ausdrücklich kein supranationaler Einheitsstaat sein wie die USA, sondern ein Zusammenschluß selbständiger Nationen und ""Regionen"", deren jeweilige kulturelle Eigenheit nicht angetastet werden soll."
"242","1993-02-26","Zeitung","Die Zeit, 26.02.1993","Wenn erst einmal unsere Kinder und Enkelkinder den Wettstreit mit Yusufs und Jurijs (mit deutschem Paß und regionalem Zungenschlag) um die besten Ausbildungs- und Studienplätze bestehen müssen, dann dürften wir vielleicht sogar etwas stolz sein auf die deutsche Nation."
"243","1999-10-14","Zeitung","Die Zeit, 14.10.1999","Neuerdings möchten die selbstbewussten Regierungschefs der größten Nationen das EU-Gesetzgebungsverfahren am liebsten gleich ganz durch Vereinbarungen unter den Chefs ersetzen."
"244","1991-10-11","Zeitung","Die Zeit, 11.10.1991","Der Liberalismus war kosmopolitisch ausgerichtet, und auf die Nation, mit der er im Grunde nichts anfangen konnte, ließ er sich letztlich nur deswegen ein, weil er der Überzeugung war, daß vorläufig nur der nationale Staat Eigentum und Bürgerrechte wirkungsvoll sichern könne."
"245","2001-08-23","Zeitung","Die Zeit, 23.08.2001","Nikolaj, der jetzt pensioniert ist, arbeitete jahrelang als sowjetischer Diplomat bei den Vereinten Nationen, danach in Angola und Sierra Leone."
"246","2003-07-03","Zeitung","Die Zeit, 03.07.2003","Der Cheftrainer der Nation ist diesbezüglich Aldo Biscardi."
"247","1997-01-03","Zeitung","Die Zeit, 03.01.1997","Wie können das Völkerrecht und die internationalen und regionalen Überwachungsinstrumente - und das heißt auch die Vereinten Nationen - gestärkt werden?"
"248","1990-01-26","Zeitung","Die Zeit, 26.01.1990","""Wenn die Juden die Geldmakler aller Nationen wurden und kaum noch ein anderes Vorbild zu kennen scheinen als das Geld, dann müssen sich die Regierungen vorwerfen, sie zu solchem Exzeß getrieben zu haben, indem sie ihnen alle anderen Subsistenzmittel nahmen."
"249","2000-07-06","Zeitung","Die Zeit, 06.07.2000","Gerade in Deutschland, in dieser verspäteten Nation mit ihrer verspäteten Demokratie, verdient - zumal nach dem Fehlstart der Weimarer Republik und der Katastrophe des ""Dritten Reiches"" - die Pflege der Institutionen und der geordneten Verfahren immer noch besondere Aufmerksamkeit, also die Achtung vor der geschriebenen wie der ungeschriebenen Verfassung."
"250","1996-03-15","Zeitung","Die Zeit, 15.03.1996","Lees Kuomintang schmähen sie als ""alt und korrupt"", als Verräter an der Einheit der Nation."
"251","1998-01-02","Zeitung","Die Zeit, 02.01.1998","[...] eine historische Gruppe von sich zu wissen glaubt und bekennt, sie sei zusammengehörig und wolle um alles in der Welt in gemeinsamen Institutionen leben?Wie können achtzig Millionen Menschen überhaupt zusammengehören?Was bedeutet der Brandtsche Optimismus, daß in der deutschen Sache zusammenwachsen werde, was zusammengehört - nachdem doch dieses politische Etwas sich ein halbes Jahrhundert lang so spürbar auseinandergehört hatte und gegeneinander gewachsen war?Was wären denn das für Gewächse, die sich auf so pathetische Weise über generationenlange Trennungen hinweg als zusammengehörige, zusammenwüchsige, wurzelidentische beschreiben wollen?Sind denn die modernen Nationen so etwas wie politische Plantagen, wo intelligente Lebewesen herangezogen werden wie namentlich gekennzeichnete Höchstgewächse von Wein und Tee?Wie sollen wir uns die Treibhäuser eines solchen politischen und sozialen Zusammenwachsens vorstellen, und wie werden diese Häuser - wenn es sie denn gibt - gebaut?Wie werden diese politischen Großinnenräume, diese nationalen Interieurs errichtet? [...]"
"252","2002-08-15","Zeitung","Die Zeit, 15.08.2002","Aus europäischer Sicht erweckt Amerika heute den Eindruck einer Nation von gewaltbereiten Cowboys, die sich bei der Durchsetzung ihres Faustrechts von niemandem hereinreden lassen."
"253","1994-10-21","Zeitung","Die Zeit, 21.10.1994","Was ist eine Nation?"
"254","1996-03-22","Zeitung","Die Zeit, 22.03.1996","Nachzuforschen, was da von den Deutschlehrern der Nation aus dem Opus des Autors zum Abdruck freigegeben worden ist, wäre aufschlußreicher gewesen."
"255","1995-06-30","Zeitung","Die Zeit, 30.06.1995","Überhaupt sind die Immigrantenschicksale im Serienreigen Legion, und der Urdeutsche, der keine Ahnung hat von fremden Kulturen, kann sich durchzappen durch die Nationen und Hautfarben unter deutschen Seriendächern."
"256","1993-09-10","Zeitung","Die Zeit, 10.09.1993","Tilman Fichter stellt die Frage der Nation, aber er treibt sie nicht voran, vor allem nicht in Zonen, wo es heiß wird."
"257","2000-11-23","Zeitung","Die Zeit, 23.11.2000","Sieh mal, von Deutschland ist der Krieg ausgegangen, wie viele Menschen haben wir umgebracht als Nation."
"258","1993-01-01","Zeitung","Die Zeit, 01.01.1993","Die wunderbar unbeschädigte Wiederkehr der Nationen Ost-, Mittel- und Südosteuropas aus dem kommunistischen Vernichtungslager - ist die den Linken dargebotene Chance, zu begreifen, daß Nationen keine Erfindung Hitlers sind, sondern Elementarbausteine der neueren Weltgeschichte."
"259","1996-07-26","Zeitung","Die Zeit, 26.07.1996","Und tatsächlich haben sich erstmals in der rund sechsjährigen Geschichte der internationalen Klimadiplomatie 136 Nationen zu einer Feststellung durchgerungen, die nur Laien für selbstverständlich halten mögen:"
"260","1996-05-31","Zeitung","Die Zeit, 31.05.1996","In der Tat ist vieles, mit dem sich auch die Habitat II beschäftigt, ein Stück Ohnmachtsbekenntnis der Vereinten Nationen."
"261","2003-06-26","Zeitung","Die Zeit, 26.06.2003","Die Albaner im Land, mit denen die slawische Mehrheit bis dahin friedlich zusammengelebt hatte, entdeckten ihr Bedürfnis nach Anerkennung als Nation in der Nation - oder wurden von Kosovo-Albanern und dem Westen mit großalbanischen Ideen infiziert und mit Waffen versorgt, wie viele Makedonier argwöhnen."
"262","2002-06-27","Zeitung","Die Zeit, 27.06.2002","Gute wie schlechte Schüler gebe es in allen Nationen, sagt Dominique Lafontaine:"
"263","1991-05-31","Zeitung","Die Zeit, 31.05.1991","Jedenfalls droht die Hauptstadt-Alternative die Nation zu spalten."
"264","2003-05-28","Zeitung","Die Zeit, 28.05.2003","War es die Halsstarrigkeit Washingtons, die die Vereinten Nationen in diese Krise stürzte, als Amerika unter Verletzung des völkerrechtlichen Gewaltverbots zum Kriege schritt?Oder führte George W. Bush diesen Krieg, weil das Völkerrecht der Vereinten Nationen keine befriedigende Antwort auf neue Probleme der internationalen Sicherheit bereithält?"
"265","1993-10-29","Zeitung","Die Zeit, 29.10.1993","Denn halb Kabul hat sich hierher geflüchtet, ist bei Verwandten untergeschlüpft oder haust in einer Zeltstadt der Vereinten Nationen."
"266","1994-01-14","Zeitung","Die Zeit, 14.01.1994","Das war keine empirische Beschreibung, sondern ein bürgerlich-revolutionäres Programm - in seiner Widersprüchlichkeit zwischen Emanzipation und erneuter Ausgrenzung derer, die man zur Nation nicht, nicht mehr oder noch nicht zählen mochte."
"267","1993-06-18","Zeitung","Die Zeit, 18.06.1993","Zum anderen müßte die Bundesrepublik vor aller Augen ihre Truppen wieder abziehen, ein für die anderen 21 Nationen, die in Somalia unter sehr viel gefährlicheren Bedingungen Soldaten einsetzen, unverständliches Verhalten."
"268","1998-07-02","Zeitung","Die Zeit, 02.07.1998","Von der Sonne des Kanzlers beschienen und entsprechend gefördert - er war schon Staatssekretär, Berlin-Bevollmächtigter und Leiter der EU-Vertretung -, will und soll er Chef von Inter Nationes (IN), dem Institut der Regierung zur deutschen Kulturpflege im Ausland, werden."
"269","1998-11-19","Zeitung","Die Zeit, 19.11.1998","Bleibt die Frage nach dem Zweck: Europa - wozu?Für die Herausforderungen unserer Zeit, von Migration und Fremdenhaß über gefährliche Börsenspiele bis zum Ressourcenschutz, sind die Nationen zu klein - und ist Europa noch zu schwach."
"270","2002-04-11","Zeitung","Die Zeit, 11.04.2002","Vom 16. 5. bis 7. 6. werden die Bilder im Goethe-Institut Inter Nationes in Rotterdam gezeigt."
"271","2003-07-03","Zeitung","Die Zeit, 03.07.2003","Die verängstigte Nation hielt den Hulk in Ehren, damit er ihren Allmachtsfantasien Beine machte und Gestalt gab."
"272","2003-09-11","Zeitung","Die Zeit, 11.09.2003","Seine strapazierte rot-grüne Koalition würde sie nicht überleben, selbst wenn die Vereinten Nationen den Einsatz mandatieren sollten."
"273","2003-02-06","Zeitung","Die Zeit, 06.02.2003","Es ist völlig richtig, dass die USA in dieser entscheidenden Frage den Vereinten Nationen untergeordnet sein sollten."
"274","2002-11-21","Zeitung","Die Zeit, 21.11.2002","Dreimal im Jahr versammelt sich die multikulturelle österreichische Nation in großer Zahl vor den Bildschirmen: zu den Live-Übertragungen vom Wiener Opernball, vom Villacher Fasching und vom Hahnenkammrennen in Kitzbühel."
"275","1991-10-04","Zeitung","Die Zeit, 04.10.1991","Es bleibt ein seltsames Phänomen; das auch unsere ausländischen Freunde schon lange irritiert - dieses Schweigen der deutschen Frauen zu Deutschland; ja, es wird ein Unberührtsein spürbar, eine Verweigerung gegenüber der Nation, die enttäuscht, wenn nicht verstört."
"276","1999-12-16","Zeitung","Die Zeit, 16.12.1999","Die Globalisierung schwächt zusehends die verbindenden Strukturen der menschlichen Gemeinschaft, vor allem aber die Nation."
"277","1994-04-15","Zeitung","Die Zeit, 15.04.1994","Renan benutzt den Begriff des Plebiszits als Metapher, um diese historisch fundierte Lebensenergie einer Nation zu verdeutlichen:"
"278","2000-08-24","Zeitung","Die Zeit, 24.08.2000","Eine eigentümliche Kombination von bürgerlicher Emanzipation und nationalem und ethnischem Ressentiment scheint in allen europäischen Nationen jene Moderne kompensiert zu haben, in der das Leben radikal durcheinander gerät."
"279","1994-02-18","Zeitung","Die Zeit, 18.02.1994","Die Drohung einer Anklage durch ein Tribunal der Vereinten Nationen würde folglich gegenstandslos."
"280","1997-10-31","Zeitung","Die Zeit, 31.10.1997","So kamen denn auch Vertreter aus rund vierzig Nationen zu dem Treffen nach Berlin, um sich über die Folgen der Öffnung von Märkten mit Netzstrukturen zu informieren."
"281","2003-05-08","Zeitung","Die Zeit, 08.05.2003","Viele beschleicht das Gefühl, die Vereinten Nationen könnten es bei der Polizei mit der Internationalität etwas übertrieben haben."
"282","1991-11-01","Zeitung","Die Zeit, 01.11.1991","Inglin schreibt das Epos der Schweizer Nation im Krieg."
"283","1995-04-21","Zeitung","Die Zeit, 21.04.1995","Rechtlich galten die Stämme zwar schon immer als eigenständige Nationen mit souveränen Befugnissen, etwa in Jurisprudenz und Strafverfolgung."
"284","1998-11-12","Zeitung","Die Zeit, 12.11.1998","Als ""Großmutter der Nation"", als Frau, die zu ihrem Übergewicht und ihren weißen Haaren steht, war sie viel beliebter als der hagere und stets abweisend wirkende Expräsident."
"285","1991-02-08","Zeitung","Die Zeit, 08.02.1991","Mehr als eine Befugnis, deutsche Soldaten in Blauhelm-Aktionen oder Kampftruppen ""im Auftrag"" (nicht bloß mit einer vagen Billigung) der Vereinten Nationen einzusetzen, kann und darf dabei nicht herauskommen."
"286","1992-01-31","Zeitung","Die Zeit, 31.01.1992","Und im Vordergrund versammeln sich Millionen von Statisten - eine Nation stolzer und schöner Menschen, die sich langsam mit ihrer postkolonialen Identität auseinandersetzt."
"287","1990-04-06","Zeitung","Die Zeit, 06.04.1990","So, wenn Birke in seiner deutschlandpolitischen Doppelperspektive konstatiert, daß ein äußerster Punkt in der Entfremdung zwischen beiden deutschen Staaten einerseits mit der Unterzeichnung der Römischen Verträge durch die Bundesrepublik erreicht war, aber natürlich noch mehr mit dem Mauerbau am 13. August 1961, dem ""heimlichen Gründungstag"" der DDR ""Die deutsche Nation"" - schreibt Birke - ""war nun vollständig geteilt, der Traum von einem gemeinsamen staatlichen Haus vorerst in den Bereich der Utopie verwiesen """
"288","1997-03-21","Zeitung","Die Zeit, 21.03.1997","Wie bei allen Nationen, deren Existenz in der Geschichte real gefährdet war, sind es auch bei den Esten stets Sprache und Dichtung gewesen, in denen die Nation sich als Einheit erleben konnte."
"289","2003-04-24","Zeitung","Die Zeit, 24.04.2003","[...] Krieg, mit modernsten Präzisionswaffen ""ohne Herz"" geführt, nicht nur als allerletzter Weg begangen werden?Wer vermag das unendliche Leid eines modernen Krieges, insbesondere für die Schwachen, die Kinder, Frauen, Alten, zu ermessen?Wurden bisher biologische oder chemische Waffen gefunden?Wie sieht es mit der Beweislage aus, dass der Irak in terroristische Aktivitäten wie insbesondere die Ereignisse des 11. Septembers verwickelt ist?Wer vermag zu sagen, ob nicht doch wirtschaftliche und bezüglich dieser Region strategisch wichtige Gesichtspunkte für das Austragen des Krieges verantwortlich waren?Hat eine Nation, und gerade eine Supermacht, das moralische Recht, sich über das Völkerrecht, auch wenn es teilweise an die Gegebenheiten der Gegenwart angepasst werden müsste, hinwegzusetzen?Könnte nicht doch eine praktikable Lösung des Konflikts zwischen Israel und den Palästinensern eine Schlüsselfunktion zur Befriedung in diesem Raum einnehmen?Ich hätte eine ausgewogenere Erörterung dieser Problematik erwartet. [...]"
"290","2004-06-17","Zeitung","Die Zeit, 17.06.2004","Die Nation würde Ronald Reagan bestatten und quasi heilig sprechen."
"291","2000-11-23","Zeitung","Die Zeit, 23.11.2000","Ebenso undurchsichtig ist sein Rücktritt, den er am Sonntagabend erklärt hat. Per Fax teilte der Präsident seinem Volk mit, dass er zum Wohle der Nation auf sein Amt verzichte."
"292","1991-02-01","Zeitung","Die Zeit, 01.02.1991","Daß Bundeskanzler Kohl den deutschen Finanzbeitrag kurz vor dem Bericht des amerikanischen Präsidenten zur Lage der Nation noch einmal kräftig erhöht hat, ist in Washington gewürdigt worden."
"293","1993-05-28","Zeitung","Die Zeit, 28.05.1993","Aber es sind auch schon darin enthalten Lieder aus den verschiedensten Zyklen, das achtteilige ""Haugtussa"" etwa oder die ""deutschen"" nach Heine und Goethe, Geibel und Uhland, Walther von der Vogelweide und, ja, Friedrich von Bodenstedt: ""... bin musikalisch ganz deutsch"", bekannte Grieg einmal, da war er noch nicht von Rikard Nordraak für seine erst 1905 autonom gewordene Nation zurückgewonnen."
"294","2000-06-29","Zeitung","Die Zeit, 29.06.2000","Wer Unheil (oder Segen) des Christentums messen wollte, müsste sein Augenmerk auf die Menschen richten, die in 2000 Jahren jenem Anruf Jesu folgten, der prophetisch ""an alle"" erging und die Schranken von ""Nation"" und ""Religion"" durchbrach."
"295","1993-10-15","Zeitung","Die Zeit, 15.10.1993","Unstrittig, freilich vom Gatt ignoriert, ist auch, daß der Umgang mit den weltweiten Gemeingütern, den global commons, wie der Erdatmosphäre nicht dem Kampf der Nationen um Anteile auf dem Weltmarkt überlassen bleiben darf."
"296","1996-08-02","Zeitung","Die Zeit, 02.08.1996","""Ich bestreite, daß diese Nation auf dem Mond war."
"297","2004-11-11","Zeitung","Die Zeit, 11.11.2004","Im schlimmsten Fall, haben die Vereinten Nationen errechnet, wird Estland im Jahr 2050 gerade noch 676000 Bewohner haben."
"298","1992-01-24","Zeitung","Die Zeit, 24.01.1992","Da stellt dann eben ein Reporter in der Pose des Großinquisitors die ""Hat-er-oder-hat-er-nicht""-Frage, als ginge es um nichts weniger als das Schicksal der Nation."
"299","1992-09-18","Zeitung","Die Zeit, 18.09.1992","Die politisch sichtbare Tätigkeit besteht zunehmend in Aufgaben, die an Missionen der Vereinten Nationen oder der KSZE erinnern, insbesondere die Beobachtung von Wahlen in Ländern an der Schwelle zur Demokratie."
"300","1995-10-27","Zeitung","Die Zeit, 27.10.1995","Trotz der Reformen, die in den letzten Jahren durchgesetzt worden sind, um die Vereinten Nationen effizienter zu machen, hagelt es täglich Kritik auf die Uno - vor allem von der amerikanischen Rechten: Sie sei angeblich wirkungslos, habe eine träge Bürokratie und ein schlechtes Personalmanagement."
"301","1994-08-12","Zeitung","Die Zeit, 12.08.1994","Eine paradoxe Pointe der Geschichte besteht darin, daß die Nachfahren jener französischen Revolutionäre, denen Burke entgegentrat, die Politiker in den vermeintlichen Nationalstaaten, aus einem der diffusesten Konstrukte der Revolution - der modernen Nation - ""kollektive Identitäten"" pressen wollten."
"302","1994-04-01","Zeitung","Die Zeit, 01.04.1994","Kaum ein anderer Politiker lernte es im Lauf der Zeit, sich derart perfekt auf ganz verschiedene Zuhörerkreise einzustellen, kaum einer konnte seine Gegner derart mit beißender Ironie oder Sarkasmus angreifen, um seinen Zuhörern dann mit geradezu religiösem Pathos einen tiefen Glauben an die Kraft und das Recht der eigenen Nation einzuimpfen."
"303","1991-01-18","Zeitung","Die Zeit, 18.01.1991","Das wollen die Statistiker der Vereinten Nationen herausgefunden haben."
"304","1993-09-10","Zeitung","Die Zeit, 10.09.1993","In seiner Werteskala rückt Fichter ""Freiheit, Demokratie und Nation"" nach vorn; erst dann folgen ""Wohlfahrtsstaat, Ökologie und Internationalismus""."
"305","1994-05-13","Zeitung","Die Zeit, 13.05.1994","""In den siebziger Jahren blühte das Land noch; die Sandinisten haben die Nation gespalten und alles ruiniert."""
"306","1996-07-26","Zeitung","Die Zeit, 26.07.1996","Nation gilt ihm als Verantwortungsgemeinschaft für die eigene Geschichte."
"307","1993-11-26","Zeitung","Die Zeit, 26.11.1993","Stabilität ist es nämlich vor allem, was die Nationen Ostmitteleuropas suchen, wirtschaftlich und politisch."
"308","1998-09-03","Zeitung","Die Zeit, 03.09.1998","Mit den Dollarmilliarden und dem Reformdiktat hat der Westen den russischen Eliten die Verantwortung für den Wohlstand der Nation abgenommen."
"309","2000-10-05","Zeitung","Die Zeit, 05.10.2000","Da jede Nation einen Führer benötige, wobei man bei dessen Auswahl nicht wählerisch sein müsse, wird der debile, impotente Zivko zum ""Oberstiefvater der Nation"" ernannt."
"310","1991-10-25","Zeitung","Die Zeit, 25.10.1991","Als Einzelausgaben gibt es ""Die verspätete Nation"" (suhrkamp taschenbuch), ""Mit anderen Augen"" (Reclam), ""Die Stufen des Organischen"" (de Gruyter) und ""Die Grenzen der Gemeinschaft"" (Bouvier)."
"311","1994-04-01","Zeitung","Die Zeit, 01.04.1994","Niemanden fürchten die Militärs so sehr wie diese kleine 48jährige Frau, Tochter des vor 46 Jahren ermordeten Freiheitshelden der Nation, Aung San."
"312","2003-12-31","Zeitung","Die Zeit, 31.12.2003","Jetzt scheint er den Amtsbonus aufgebraucht zu haben, den er als Anführer einer Nation im Widerstand gegen den Terror hatte."
"313","2001-09-27","Zeitung","Die Zeit, 27.09.2001","Die Frage wurde oft gestellt, wie lange es wohl noch gut gehen kann, dass wir das Wohl einiger Nationen ungestraft über das Wohl anderer Gruppierungen stellen und uns auf Kosten anderer bereichern können."
"314","1994-04-01","Zeitung","Die Zeit, 01.04.1994","Dies ist nur ein Symptom dafür, wie gering die Neigung inzwischen ist, den Vereinten Nationen die militärischen Mittel in die Hand zu geben, die sie für ihren neuen Auftrag brauchen."
"315","1994-02-25","Zeitung","Die Zeit, 25.02.1994","Tschudi, der zweite Direktor der Nationalgalerie, war es, der nicht nur über die Grenzen der Provinz und Nation hinausschaute (das konnte man auch beim Einkauf österreichischer Genremalerei), sondern auch die Zukunft der Kunst in der Gegenwart zu entdecken wußte."
"316","1994-08-12","Zeitung","Die Zeit, 12.08.1994","Wenn man weiß, wie Nationen erfunden und konstruiert werden mußten, fällt es nicht schwer, sich den Prozeß vorzustellen, wie ""kollektive Identitäten"" von den Schreibtischen der Ideologen und Professoren in die Köpfe der Bürger gelangen."
"317","2002-03-14","Zeitung","Die Zeit, 14.03.2002","""Das war der präziseste Krieg in der Geschichte der Nation"", sagte der für die Operation verantwortliche General Tommy Franks."
"318","1990-08-24","Zeitung","Die Zeit, 24.08.1990","Doch rund vier Wochen später, am 17. August, sah sich General MacArthur, der Oberbefehlshaber der Uno-Truppen in Korea, erneut gezwungen, einen dringenden Appell an die Vereinten Nationen zu richten, ihn unverzüglich mit Bodentruppen zu unterstützen."
"319","2000-06-08","Zeitung","Die Zeit, 08.06.2000","""Die polnische Nation"", argumentiert Fischer im Gespräch mit Michnik, ""hat nach ihrer tragischen Geschichte endlich ihren Nationalstaat, der von außen nicht gefährdet ist.Endlich zu Hause!Und schon wieder soll man das abgeben?Ich verstehe, dass dies viele Fragen aufwirft.""Der Osten muss ein Teil des Westens werden Gerade gegenüber den Europäern im Osten handelt es sich beim lauten Nachdenken über einen ""Ausweg aus dem Widerspruch"" zwischen Nationalstaat und funktionsfähigen europäischen Institutionen um einen überfälligen Verständigungsversuch."
"320","1996-02-16","Zeitung","Die Zeit, 16.02.1996","Sie versteht sich als Sachwalter der irischen Nation; sie hat ihren ""historischen Auftrag"" auszuführen, ein ""neues Irland"" zu schaffen."
"321","1991-03-22","Zeitung","Die Zeit, 22.03.1991","Unsere Nation setzt sich aus verschiedenen ethnischen Gruppen zusammen: Hereros, Damara, Nama, Farbige, Bastaards, Afrikaner, Deutsche, Engländer, Ovambo, Kaokolander, Caprivier, Kavango, Buschmänner und andere."
"322","1995-04-28","Zeitung","Die Zeit, 28.04.1995","Zwischen 1948 und 1987 engagierten sich die Vereinten Nationen in dreizehn friedenserhaltenden Unternehmen auf vier Kontinenten - wobei peace keeping nichts anderes hieß, als daß kleine multinationale Blauhelmkontingente (höchstens 2000, meist weniger als 500 Mann) mit Einwilligung der Streitparteien zwischen die Fronten gingen."
"323","2001-04-05","Zeitung","Die Zeit, 05.04.2001","Und Lungenkrebs, sagt der oberste Gesundheitshüter der Nation, sei inzwischen der häufigste Krebs unter Frauen."
"324","1997-04-25","Zeitung","Die Zeit, 25.04.1997","Es ist allerdings eine berechtigte Forderung an diejenigen, die zu uns kommen, daß sie nicht nur bloß zufällig oder bloß vorteilhaft hier ihren Aufenthalt nehmen, sondern ernsthaft mit uns zusammenleben, zum Wir dieser Nation hinzugehören wollen."
"325","1992-09-25","Zeitung","Die Zeit, 25.09.1992","Das Bekenntnis zur eigenen Nation erfolgt durch eine Negation, durch Ablehnung der Feinde."
"326","1990-06-08","Zeitung","Die Zeit, 08.06.1990","Für den 18. Juni schließlich, den eigentlichen Gedenktag, hat das Komitee vorgesehen, daß sich Vertreter aller vor 175 Jahren kriegsführenden Nationen die Hände reichen."
"327","1991-08-30","Zeitung","Die Zeit, 30.08.1991","Pramoedya Ananta Toer, sagt der holländische Literaturwissenschaftler A. Teeuw, ""ist ein Autor, der einer Nation nur einmal im Jahrhundert geschenkt wird."""
"328","1994-06-24","Zeitung","Die Zeit, 24.06.1994","Das roch nach Kultur und Nation und noch stärker nach Skandal."
"329","1996-07-19","Zeitung","Die Zeit, 19.07.1996","Die Sonntagsreden werden weiter gehalten, und die Nationen kämpfen gegeneinander mit Staatsathleten, Werbeträgern der Wirtschaft, Doping und, gelegentlich, Boykott."
"330","2002-10-10","Zeitung","Die Zeit, 10.10.2002","Gerade erschien im Verlag Ferdinand Schöningh, Paderborn, ihr Buch "",Mannlicher Muth und Teutsche Ehre' - Nation, Militär und Geschlecht zur Zeit der Antinapoleonischen Kriege Preußens"" (617 S., 52 Euro)"
"331","1990-10-12","Zeitung","Die Zeit, 12.10.1990","Da die Vereinten Nationen über keine eigenen Divisionen verfügen, müßten sie sich auf die multinationale Streitmacht stützen, die am Golf aufmarschiert ist."
"332","2001-07-12","Zeitung","Die Zeit, 12.07.2001","Nicht umsonst sind es die Weltbank und das Entwicklungsprogramm der Vereinten Nationen (UNDP), zwei wirtschaftliche Institutionen, die besonders am Gesundheitszustand des Blauen Planeten interessiert sind."
"333","1996-12-06","Zeitung","Die Zeit, 06.12.1996","Die Hauptursache erkannte er in einer ""pathologischen Schwäche des deutschen Charakters"": die Anbetung brutaler Gewalt, verbunden mit der Neigung, sich selbst als Nation von aller Welt ""verfolgt, gekränkt und schlecht behandelt zu fühlen""."
"334","1992-11-20","Zeitung","Die Zeit, 20.11.1992","Das Credo der ""CoE"", der Church of England, stand dahin - einer Institution, die mit ihren allgegenwärtigen gotischen und neugotischen Steinkirchen und Kathedralen zum Selbstverständnis der Nation gehört wie die durch eine EG-Direktive gefährdeten papierdünnen Kartoffelscheibchen mit Zwiebel- und Langustenaroma und die bei jeder Parlamentswahl kandidierende ""Rasende Monster- und Irrenpartei"" des Lord Sutch."
"335","1995-07-21","Zeitung","Die Zeit, 21.07.1995","Neokonservative Nachwuchshistoriker bliesen zur Planierung der Brüche in der deutschen Geschichte und zu deren ""Normalisierung"" im Namen der Nation (Brigitte Seebacher-Brandt)."
"336","2004-07-15","Zeitung","Die Zeit, 15.07.2004","Und sofern die Interimsregierung das Land gemeinsam mit den Vereinten Nationen auf den Pfad eines Verfassungskonvents im Jahr 2005 und freier Wahlen 2006 führen kann, wird aus dem Irak werden, was er nach Meinung von Ajatollah Ali Hussein al-Sistani sein sollte: ein Land, beherrscht vom Willen des Volkes."
"337","1994-12-02","Zeitung","Die Zeit, 02.12.1994","Zur Zeit verfügen die Vereinten Nationen vornehmlich über leichte Waffen."
"338","1990-11-09","Zeitung","Die Zeit, 09.11.1990","- Zu den neuen Undeutlichkeiten in der deutschen Außenpolitik gehört Bonns Verhalten gegenüber den Vereinten Nationen."
"339","1995-05-26","Zeitung","Die Zeit, 26.05.1995","Ein bißchen schnellere, ernstere, ordentlichere Studenten wünscht sich der Stammtisch der Nation."
"340","1994-02-18","Zeitung","Die Zeit, 18.02.1994","Zwar heißt Mitgliedschaft in der Nation of Islam totale Unterwerfung, aber das bedeutet wenig, wenn nichts wichtiger ist als ein Ausweg aus dem Elend."
"341","2003-08-28","Zeitung","Die Zeit, 28.08.2003","Sie erledigen Aufgaben, die eigentlich Sache professioneller Peacekeeper wären oder der Vereinten Nationen."
"342","1992-09-04","Zeitung","Die Zeit, 04.09.1992","Um die Sklaverei ging es dabei nur insofern, als sich die amerikanische Nation dank eines manifest destiny - einer scheinbar von höheren Mächten herbeigeführten Fügung - über den ganzen Kontinent Nordamerikas auszubreiten begann."
"343","1996-07-05","Zeitung","Die Zeit, 05.07.1996","In den Entwicklungsländern rotten 100000 Tonnen nutzlos gewordener Altpestizide vor sich hin, wie die Landwirtschaftsorganisation der Vereinten Nationen schätzt."
"344","1992-10-02","Zeitung","Die Zeit, 02.10.1992","In ihrem ersten, dem Prager Nationalhelden Jan Palach gewidmeten Roman ""Eine Schädigung"" wird die kleine tapfere Studentin Jana, und mit ihr die gesamte tschechische Nation, von einem tumben Polizisten vergewaltigt."
"345","1993-12-24","Zeitung","Die Zeit, 24.12.1993","Die Religionen sind oft genug Weltunfriedensstifter gewesen, und der Friede unter den Nationen muß unter Umständen auch gegen sie durchgesetzt werden."
"346","2003-12-17","Zeitung","Die Zeit, 17.12.2003","Zum ersten Mal, so lautet die versöhnliche Botschaft, haben Demokratie und Nation in Deutschland seit 1990 zu einer glücklichen Balance gefunden."
"347","1998-06-04","Zeitung","Die Zeit, 04.06.1998","Der Begriff Demozid wurde von Rummel gewählt, weil Genozid seit der Völkermord-Konvention der Vereinten Nationen von 1948 eine ethnischrassische Gruppenidentität für die Opfer voraussetzt."
"348","2004-11-18","Zeitung","Die Zeit, 18.11.2004","Deshalb fordern mehr als tausend Wissenschaftler aus 69 Nationen und eine große Koalition von Umweltverbänden wie der WWF und Greenpeace schon lange ein Moratorium für die Tiefseefischerei mit Grundschleppnetzen."
"349","1992-01-17","Zeitung","Die Zeit, 17.01.1992","Noch deklamieren die meisten Schulkinder allmorgendlich den Treueschwur auf die Flagge und huldigen der ""einen Nation unter Gott""."
"350","1992-02-21","Zeitung","Die Zeit, 21.02.1992","Und willig ""verhielt sich die ganze Nation wie eine Jungfrau, die ihren Vergewaltiger heiratet, um die Ehre beider auf einmal zu retten ..."""
"351","1990-10-19","Zeitung","Die Zeit, 19.10.1990","Sie war vielmehr einem Bündnis freier Nationen tief verbunden, das noch vor wenigen Jahren durch sowjetische Feindseligkeit bedroht wurde."
"352","2003-09-25","Zeitung","Die Zeit, 25.09.2003","""Die Nationen der Welt müssen die Weisheit und den Willen haben, schwere Bedrohungen zu stoppen, bevor sie uns erreichen."""
"353","1997-11-07","Zeitung","Die Zeit, 07.11.1997","Sie unterstreichen, rückblickend auf 1996, das von den Vereinten Nationen erklärte ""Jahr der Beseitigung der Armut"", wie folgenlos die Bemühungen um das plakatierte Ziel, besonders in Schwarzafrika, bisher verlaufen sind."
"354","2002-10-31","Zeitung","Die Zeit, 31.10.2002","Dennoch glauben sie, dass gute Beziehungen zu China im wirtschaftlichen Interesse der USA und der anderen westlichen Nationen liegen."
"355","2000-06-08","Zeitung","Die Zeit, 08.06.2000","""Gran Hermano"", das rasante spanische ""Big Brother"", empört und begeistert die Nation"
"356","1992-06-12","Zeitung","Die Zeit, 12.06.1992","Die Vereinten Nationen wollen nur dann mit 1100 Soldaten den Flughafen von Sarajevo für dringende humanitäre Hilfslieferungen öffnen, wenn die Bürgerkriegsparteien sich zu einem verläßlichen Waffenstillstand verpflichten - also noch lange nicht."
"357","2004-11-04","Zeitung","Die Zeit, 04.11.2004","Keine andere Nation habe sich derart der Gleichmacherei verschrieben, sagt Janecke, und das in mehreren Wellen."
"358","1990-10-05","Zeitung","Die Zeit, 05.10.1990","II Die Wunsche Durchatmen zu können Eine Nation ohne Nationalismus bilden zu dürfen Daß ein Beginn sei im Moralischen ein denunziationsfreier Diskurs, im Ästhetischen eine Debatte ohne Blindenbrille, im Politischen eine sich standig erneuernde Diskussion, die dem Begriff ""nationale Wurde"" nicht ausweicht Ich wünsche mir ein Land, auf das ich nicht stolz sein will und muß, das vertretbar ist Die regulierte Normalität"
"359","1997-10-24","Zeitung","Die Zeit, 24.10.1997","Sie würde die nationalen Konten als Angelegenheiten betrachten, die die Nation angehen."
"360","1993-11-19","Zeitung","Die Zeit, 19.11.1993","Daraus folgt nicht, daß die Deutschen den Begriff der Nation weiterhin mit einem Tabu belegen müßten."
"361","2002-04-18","Zeitung","Die Zeit, 18.04.2002","""Wer nicht für uns ist, ist gegen uns"", sagt eine israelische Regierung, die sich längst mit Israel gleichgesetzt hat, und Schlimmeres: die jeden Versuch einer postzionistischen Definition der israelischen Nation erstickt."
"362","2003-10-09","Zeitung","Die Zeit, 09.10.2003","In Gemächern - nicht auf Schlachtfeldern - mussten sie die Gegenwart regulieren und die Zukunft von Dynastie und Nation einleiten."
"363","1997-03-28","Zeitung","Die Zeit, 28.03.1997","In der Säulenhalle stehen die Statuen der Großen und der Helden der Nation, sozusagen unter einem Dach aus dem Teufelskraut."
"364","2003-04-03","Zeitung","Die Zeit, 03.04.2003","Doch auch eine Nation wie Holland belegt einen Spitzenplatz, obwohl es hier, ebenso wie Deutschland, ein dreigliedriges Schulsystem gibt."
"365","1990-06-01","Zeitung","Die Zeit, 01.06.1990","Er hätte sich eine andere deutsche Zukunft vorstellen können (und wohl lieber vorgestellt) als die ungeteilte Staatlichkeit der Nation - wie viele andere hierzulande auch, denen die Freiheit aller Deutschen dringlicher war als die Einheit aller Deutschen, das Zusammenwachsen Europas wichtiger als das Zusammenwachsen Deutschlands."
"366","1995-07-28","Zeitung","Die Zeit, 28.07.1995","[...] in der Französischen Revolution belebt, als sich die Revolutionäre nicht als Vertreter der französischen Nation, sondern als Organ der ganzen Menschheit fühlten, und - ironischerweise - in der romantisch-restaurativen Gegenbewegung, die zur Heiligen Allianz führte.Die Nationalstaatsidee war aber durch solche Bestrebungen nicht zurückzudrängen: Griechenland, Italien, Ungarn und Deutschland lösten sich als Nationen heraus, und statt sich zu einigen, spaltete sich Europa in Bündnissysteme, die 1914 gegeneinander in den Krieg traten.Durch diese und die folgende schlechte Erfahrung hat die unitarische Lösung keinen Auftrieb erhalten; die europäischen Nationen haben nach wie vor keine Neigung, Souveränität an ein Zentrum abzugeben, und der Europa-Gedanke hat wesentlich zweckrationalen Charakter; ihm fehlt das Pathos. [...]"
"367","1992-11-20","Zeitung","Die Zeit, 20.11.1992","Ganz zum Schluß trat der Narr zwischen die Zuschauer und sprach von einer Zeit, in der Deutschland zur Richtschnur der Nationen würde."
"368","1992-02-28","Zeitung","Die Zeit, 28.02.1992","Eine dauerhafte politische Lösung des Konfliktes soll nach dem Willen der Vereinten Nationen in der Jugoslawien-Konferenz der Europäischen Gemeinschaft gesucht werden."
"369","1994-12-09","Zeitung","Die Zeit, 09.12.1994","Bevor die Muslime ihre jüngsten Niederlagen hinnehmen mußten, sah es so aus, als wären die bosnischen Serben bereit, ein Abkommen zu unterzeichnen, welches den Vorschlägen der aus fünf Nationen zusammengesetzten ""Kontaktgruppe"" recht nahe kam."
"370","1998-03-05","Zeitung","Die Zeit, 05.03.1998","Dieter W. Benecke, Vorstand von Inter Nationes, einer Art Propagandainstrument der Bundesregierung zur Pflege deutscher Beziehungen mit dem Ausland, hat Knall auf Fall vor Ablauf seiner Amtszeit im Jahr 2003 um seine Beurlaubung gebeten - ab Oktober."
"371","1991-05-03","Zeitung","Die Zeit, 03.05.1991","Die Senior High School in Miami Beach besuchen 2100 Jugendliche aus 67 Nationen."
"372","1994-08-05","Zeitung","Die Zeit, 05.08.1994","Im Mittelalter wurde das Tal zur ""Krönungsstraße"", auf der die Könige und Kaiser des Heiligen Römischen Reiches Deutscher Nation zum Papst nach Rom pilgerten."
"373","1994-06-24","Zeitung","Die Zeit, 24.06.1994","Das Auswärtige Amt oder die ständigen Vertretungen der Bundesrepublik in Brüssel und bei den Vereinten Nationen kommen in von Wartenbergs Politplanung nicht einmal am Rande vor."
"374","1991-02-08","Zeitung","Die Zeit, 08.02.1991","Präsident Roosevelt und Premierminister Churchill hatten soeben auf einem Schlachtschiff im Atlantik die Atlantik-Charta beschlossen, den Katalog der Grundsätze von Demokratie und Freiheit, der teilweise später in die Charta der Vereinten Nationen inkorporiert werden sollte."
"375","1999-03-31","Zeitung","Die Zeit, 31.03.1999","Es ist dies der Schritt über Friedenskonferenzen und Völkerbund und Vereinte Nationen hinaus zur Weltrepublik, von der so mancher Utopist geträumt hat, allen voran Jean Baptiste Cloots aus Kleve, der im Paris der großen Revolution die République Universelle proklamierte."
"376","1990-10-19","Zeitung","Die Zeit, 19.10.1990","Es ist erstaunlich, daß die meisten Russen trotz ihrer historischen Erfahrungen in diesem Jahrhundert und trotz dieses Trommelfeuers an Propaganda die freundlich-achtungsvolle Einstellung zu Deutschland bewahrt haben, die das Erbteil der vergangenen Jahrhunderte ist, als eine deutsche Prinzessin die große Zarin Katharina werden konnte und Karamsin, Tjuttschew und Turgenjew ihren Landsleuten das Loblied jener Nation gesungen haben."
"377","1994-08-12","Zeitung","Die Zeit, 12.08.1994","""Man weiß, was es (die Nation) ist, kann aber nicht darüber argumentieren"" - aber Bücher schreiben und Vorträge halten."
"378","1993-07-23","Zeitung","Die Zeit, 23.07.1993","Die Friedenstruppe der Vereinten Nationen wäre dann vollends zur Kriegspartei herabgesunken, der ein Teil des zu schützenden Volkes schon jetzt jegliche Neutralität abspricht."
"379","2002-06-13","Zeitung","Die Zeit, 13.06.2002","Wird Indien zu einer Nation, die im tiefsten Herzen hinduistisch ist und an den Grenzen im schlechten Sinne säkular?"
"380","1997-04-25","Zeitung","Die Zeit, 25.04.1997","Einer der Gründe für die Entstehung des Nationalwahns, wie Herder das nannte, war ja das Verständnis der Nationen als absolut souveräner Subjekte, die sich dauernd zu konkurrierenden und sich bekriegenden Konstellationen gruppierten und von ihren Gegnern her definierten."
"381","1994-06-24","Zeitung","Die Zeit, 24.06.1994","Oberndörfers Buch ist eine erfrischende, sachlich fundierte Auseinandersetzung mit allen, die das uneingeschränkte und vorbehaltlose Bekenntnis zur Nation gerne wieder in den politischen Heiligenstand erheben würden."
"382","2003-05-28","Zeitung","Die Zeit, 28.05.2003","Bis dahin aber wird Amerika eine ""unverzichtbare Nation"" bleiben."
"383","1997-01-24","Zeitung","Die Zeit, 24.01.1997","Arafat und Netanjahu werden definieren, was eine Nation ist und welche Eigenschaften Staatlichkeit ausmachen."
"384","1990-02-02","Zeitung","Die Zeit, 02.02.1990","Leute opfern sich für Teil-Gemeinschaften - Nation, Rasse, Glauben, Klasse - Nur ein wenig mehr Bewußtheit, und dieses Gefühl der Verpflichtung könnte auf die Menschheit selbst übertragen werden."
"385","2001-10-18","Zeitung","Die Zeit, 18.10.2001","Einen Teil des auf 500 Millionen Mark geschätzten Etats - ü üü ü! - steuern vielleicht die Vereinten Nationen bei"
"386","2000-09-21","Zeitung","Die Zeit, 21.09.2000","Während die Völker des Ostblocks 1989 im Namen der Demokratie ihre Regime zum Einsturz brachten, stand der Umbruch in Jugoslawien im Zeichen der Nation."
"387","2004-11-11","Zeitung","Die Zeit, 11.11.2004","Erinnerungsbilder der Nation"
"388","2004-04-29","Zeitung","Die Zeit, 29.04.2004","Nicht mehr militärische, sondern wirtschaftliche Stärke entscheide über Aufstieg und Fall der Nationen."
"389","1990-04-13","Zeitung","Die Zeit, 13.04.1990","""Der Präsident möchte, daß Brasilien als Gastgeber der Umweltkonferenz der Vereinten Nationen 1992 ein positives Beispiel gibt."""
"390","2001-10-04","Zeitung","Die Zeit, 04.10.2001","Rund 200 Werkbeispiele erscheinen nun so dicht und vielgestaltig wie das gesamte gigantische OEuvre des Malers, der seinen immensen Nachlass im Übrigen seiner Nation vermachte."
"391","1992-01-24","Zeitung","Die Zeit, 24.01.1992","Mir scheint, es gibt keine größere internationale Verantwortung, als den Versuch zu machen, die sich öffnende Chance für die Vereinten Nationen zu ergreifen."
"392","2002-12-12","Zeitung","Die Zeit, 12.12.2002","Da wäre es hilfreich, wenn die Vereinten Nationen und die Vereinigten Staaten einander vertrauten."
"393","1995-06-02","Zeitung","Die Zeit, 02.06.1995","Wäre der Staat im Frieden geboren worden und hätten die Araber den Teilungsplan der Vereinten Nationen von 1947 akzeptiert, gäbe es wahrscheinlich heute auch keinen Streit um Jerusalem."
"394","1997-05-23","Zeitung","Die Zeit, 23.05.1997",""". . . daß die anderen Nationen so regiert werden, wie es ihrem Bedürfnis entspricht und in ihrem Interesse liegt""."
"395","1992-02-21","Zeitung","Die Zeit, 21.02.1992","Indem jedoch Staaten wie Indien die Umweltproblematik Fachorganisationen wie dem Umweltprogramm der Vereinten Nationen vorbehalten wollen, stellen sie allen Bemühungen um einen verstärkten Schutz der menschlichen Lebensgrundlagen den Totenschein aus."
"396","1993-12-03","Zeitung","Die Zeit, 03.12.1993","Eine erfreuliche Botschaft für Johnson, der Erhard anschließend nicht von ungefähr als ""Verantwortlichen der mächtigsten Nation Europas"" hofiert."
"397","1992-07-17","Zeitung","Die Zeit, 17.07.1992","""Diese Wahlen"", notierte etwa Ann Richards, die streitbare Gouverneurin aus Texas, ""sind Wahlen, in denen darüber entschieden wird, ob wir es als Nation künftig besser machen können."""
"398","1992-11-06","Zeitung","Die Zeit, 06.11.1992","Belegt wird die These, daß es einen spezifischen sozialdemokratischen Patriotismus gab, der sich bereits mit dem deutsch-französischen Krieg 1870 um die Frage der Legitimität eines Verteidigungskrieges bildete, der prinzipiell aber auf den Ausgleich mit anderen Völkern angelegt war, die Zusammenarbeit mit den Sozialisten anderer Nationen anstrebte und somit die Loyalität zur eigenen Nation mit der zur internationalen Arbeiterklasse zu verbinden suchte."
"399","1994-03-11","Zeitung","Die Zeit, 11.03.1994","Unter dem Titel ""Ländchen oder Vaterland?"" beschwört Ulrich Schacht, neuer ""Chefreporter Kultur"" der Welt, ""eine Zeit, da hatten die Dichter in Deutschland einen eingreifenden Begriff von ihrer Rolle beim Ringen um die Herstellung einer einigen Nation"" - und geißelt dann den ""Nationalmasochismus"" eines Günter Grass oder Patrick Süskind."
"400","1991-05-10","Zeitung","Die Zeit, 10.05.1991","Auf sie, die in der von Goebbels bis 1935 geduldeten Zeitschrift Die Kunst der Nation ihr Forum hatten, setzten Benn und Blümner (der seine jüdische Frau zu Hause gelassen hatte) einige Hoffnungen."
"401","2002-08-08","Zeitung","Die Zeit, 08.08.2002","Der Anschlag kehrt die psychopathologischen Muster des jüngeren Unterhaltungskriegsfilms endgültig nach außen und bricht mit einem unausgesprochenen Tabu im Hollywood-Film - dem Atomschlag mitten im Herzen der Nation."
"402","2004-02-12","Zeitung","Die Zeit, 12.02.2004","Wie nämlich ist diese zu definieren?Ausschließlich über den Islam oder auch mit dem Begriff der Nation und ihrer vorislamischen Geschichte?Im Kern waren dies hoch politische Fragen."
"403","1991-09-06","Zeitung","Die Zeit, 06.09.1991","Kontinentale und globale Ordnungen, wie sie die Europäische Gemeinschaft, aber auch die Reformgruppe der Vereinten Nationen im Auge haben, sind daher unerläßliche Bestandteile einer besseren Ordnung in einer veränderten Welt."
"404","1990-05-11","Zeitung","Die Zeit, 11.05.1990","Zehn Jahre nach dem Mauerbau wurde Ulbricht von Honecker abgelöst, und von Stund an war offiziell nur noch von der Koexistenz zweier Nationen auf deutschem Boden die Rede."
"405","2004-02-19","Zeitung","Die Zeit, 19.02.2004","Seit dem 11. September haben ausgerechnet diese Parteien sich zu Herolden der Demokratie und Verteidigern der pakistanischen Nation aufschwingen können."
"406","2003-09-04","Zeitung","Die Zeit, 04.09.2003","Das gibt es weder bei den Vereinten Nationen mit ihrem mächtigen Sicherheitsrat noch beim Währungsfonds, wo die reichen Länder mehr Stimmen haben als die armen."
"407","1991-10-04","Zeitung","Die Zeit, 04.10.1991","""Viel wichtiger als solche politischen Sandkastenspiele"", sagt Kollegin S., ""ist die ökologische Lage der Nation."
"408","1995-02-10","Zeitung","Die Zeit, 10.02.1995","""Je knapper die Ressourcen werden, desto größer werden die Spannungen zwischen den Flüchtlingen und den Einheimischen"", sagt Jan Brigou, Pressesprecher der Hohen Flüchtlingskommissariats der Vereinten Nationen (UNHCR)."
"409","2003-07-17","Zeitung","Die Zeit, 17.07.2003","Mehr als eine Milliarde haben die Vereinten Nationen und die mehr als 200 im Land tätigen Hilfsorganisationen bereits ausgegeben - ohne erkennbare Wirkung."
"410","1990-03-30","Zeitung","Die Zeit, 30.03.1990","Ihnen erscheint Deutschland als Nation, die ihre eigenen ökonomischen Interessen egoistisch durchsetzt; für sie ist la Grande Allemagne eine Gefahr für Europa."
"411","1991-02-08","Zeitung","Die Zeit, 08.02.1991","Wie können wir heute dieses alte Schema plagiieren, mit den schäbigen Aktivitäten jener neuen sogenannten Retter der Nation - litauischen Husáks und Biláks (deren Namen Gorbatschow selbst nicht kennt, wie er uns sagte)?"
"412","1990-08-31","Zeitung","Die Zeit, 31.08.1990","Seit einem halben Jahr hört und liest man von dieser Seite vor allem Appelle, nur bloß nicht die ""Nation"" der Rechten zu überlassen."
"413","1992-03-13","Zeitung","Die Zeit, 13.03.1992","Nachdem selbst die Panzergrenadiere der GUS sich fluchtartig aus ihrer Pufferfunktion in Berg-Karabach verabschiedeten, werden auch die Vereinten Nationen keine Truppen schicken."
"414","2001-05-23","Zeitung","Die Zeit, 23.05.2001","Adolf Hitler, unser großer Führer und Kanzler, hat durch die nationalsozialistische Revolution einen neuen Staat geschaffen, durch den das Volk sich wieder eine Dauer und Stetigkeit seiner Geschichte sichern soll.""Das wird nicht dadurch gemildert, dass Heidegger im weiteren ""eine neue und echte Gemeinschaft der Völker und Nationen"" im Zuge der noch echteren ""Auseinandersetzung"" mit ihnen propagiert."
"415","1996-10-11","Zeitung","Die Zeit, 11.10.1996","Wie soll sich da ein Politiker als Retter der Nation präsentieren?"
"416","2000-07-27","Zeitung","Die Zeit, 27.07.2000","Wer glaubt schon, ein Völkchen von einer Million könne einer Nation von 150 Millionen gefährlich werden?Und doch glimmt der Konflikt schon über drei Jahrhunderte."
"417","1997-10-17","Zeitung","Die Zeit, 17.10.1997","Dort treffen sich Repräsentanten aus 167 Nationen, um über die Verschärfung der bereits 1992 beim Erdgipfel in Rio de Janeiro beschlossenen Klimakonvention zu beraten."
"418","2004-07-15","Zeitung","Die Zeit, 15.07.2004","Nach Schätzung der Vereinten Nationen lebten im Jahr 2000 etwa 175 Millionen Menschen nicht in ihrem Heimatland - 1990 waren es noch 154 Millionen."
"419","2002-02-28","Zeitung","Die Zeit, 28.02.2002","Die Mehrheit der Amerikaner dagegen ist von der Unschuld ihrer Nation überzeugt."
"420","2001-10-18","Zeitung","Die Zeit, 18.10.2001","Aber IWF und Weltbank haben rund um den Globus den Nationen erzählt, sie sollten kein staatliches System haben."
"421","1997-02-07","Zeitung","Die Zeit, 07.02.1997","Als gelte es, die Nation vor dem Verderb zu retten."
"422","1993-07-30","Zeitung","Die Zeit, 30.07.1993","Alte Fehden und Ränkespiele innerhalb der arabischen Nationen wurden umgehend beendet."
"423","1994-09-30","Zeitung","Die Zeit, 30.09.1994","Die japanische Regierung geht bis heute davon aus, daß mit dem Friedensvertrag von San Francisco (1951), den bilateralen Abkommen mit Südkorea (1965) und anderen asiatischen Nationen die Kriegsschuldfrage endgültig gelöst und alle Ansprüche auf Wiedergutmachung erledigt seien."
"424","1996-05-24","Zeitung","Die Zeit, 24.05.1996","Diesmal galt ihr Aufruf zum Totschlag den Vereinten Nationen: ""Finger weg von Burundi!"
"425","1999-03-18","Zeitung","Die Zeit, 18.03.1999","Ausländische Kandidaten - im Flensburger Werk arbeiten Menschen aus 21 Nationen - müssen hinreichende Deutschkenntnisse nachweisen."
"426","1997-08-14","Zeitung","Die Zeit, 14.08.1997","Sie tragen den Stern IPTF, Polizei der Vereinten Nationen in Bosnien."
"427","2001-12-19","Zeitung","Die Zeit, 19.12.2001","Und eine ganze Nation, im Herzen getroffen, umarmt die Zurückgebliebenen mit ihren Dollars."
"428","1992-10-16","Zeitung","Die Zeit, 16.10.1992","Noch kann sie abgewendet werden - vorausgesetzt, auf höchster politischer Ebene wird jetzt sofort entschieden, den Vereinten Nationen die verzweifelt benötigte Kapazität für den Lufttransport und/oder den Landtransport zur Verfügung zu stellen."
"429","1993-12-10","Zeitung","Die Zeit, 10.12.1993","Bisher waren sich fast alle Historiker, Politiker und Publizisten im Westen wie im Osten einig, daß eine sowjetische Intervention in Polen unumgänglich gewesen wäre, hätte General Jaruzelski nicht das kleinere Übel gewählt und selber die Pazifizierung der Nation übernommen."
"430","1992-10-09","Zeitung","Die Zeit, 09.10.1992","Rühe: Das muß möglich sein, aber es muß eingebettet sein in die Charta der Vereinten Nationen."
"431","1999-01-07","Zeitung","Die Zeit, 07.01.1999","Doch wie ändert man das Image einer ganzen Nation, zumal einer solchen?"
"432","2001-05-31","Zeitung","Die Zeit, 31.05.2001","Die Vereinten Nationen wollen am 25. Juni über den Hilfsfonds beraten."
"433","2004-02-19","Zeitung","Die Zeit, 19.02.2004","Im Zentrum steht dort der Leidensweg der jeweils eigenen Nation unter Hitler und der Sowjetherrschaft."
"434","2001-12-13","Zeitung","Die Zeit, 13.12.2001","Im Vergleich mit 32 Nationen landete Deutschland stets im unteren Bereich"
"435","1990-10-12","Zeitung","Die Zeit, 12.10.1990","Wenn die sowjetische Führung dennoch beschloß, die Vereinten Nationen gegen den Angreifer zu aktivieren, dann war das, vermuten Moskauer Diplomaten, vor allem Sergej Tarassenko zu verdanken."
"436","1992-03-20","Zeitung","Die Zeit, 20.03.1992","Zwei Jahre seiner Regierung haben gezeigt, daß er es ernst meint mit der Aussöhnung seiner Nation über die schreckliche Vergangenheit."
"437","1990-10-19","Zeitung","Die Zeit, 19.10.1990","Die Vereinten Nationen haben Japan kürzlich auf der Rangliste der Lebensqualität unter allen Nationen Platz eins gegeben, gemessen am Bruttosozialprodukt und Pro Kopf Einkommen."
"438","1994-08-26","Zeitung","Die Zeit, 26.08.1994","Würden die reichen Nationen die Zuwanderer nicht mit immer rigideren Gesetzen von ihren Arbeitsmärkten fernhalten - der Süden würde jährlich 250 Milliarden Dollar mehr verdienen."
"439","1997-08-01","Zeitung","Die Zeit, 01.08.1997","Diese Fehlschläge haben jedoch nicht die Vereinten Nationen zu verantworten."
"440","1992-02-07","Zeitung","Die Zeit, 07.02.1992","Die Vereinten Nationen sind zu einem lebendigen Ort geworden."
"441","1991-10-04","Zeitung","Die Zeit, 04.10.1991","Schauen wir uns um in Deutschlands führenden Gazetten, in den Programmen der großen national empfindenden Verlage, so erblicken wir hier nahezu ausschließlich Denker aus der männlichen Hemisphäre des Vaterlandes, die sich der schicksalseigenen Frage nach dem deutschen Wesen - durchaus kritisch - stellen: von Christian Meier (""Die Nation, die keine sein will"") bis Edelbert Richter (""Erlangte Einheit."
"442","2002-06-13","Zeitung","Die Zeit, 13.06.2002","Schicksalsfragen der Nation werden nicht länger dem Kicker überlassen."
"443","1990-03-16","Zeitung","Die Zeit, 16.03.1990","Sehen wir uns also nach einem anderen Gegner um: Karl-Heinz Bohrer, der in der FAZ vom 13. Januar 1990 den Essay veröffentlichte ""Warum wir keine Nation sind, warum wir eine werden sollten""."
"444","1993-07-09","Zeitung","Die Zeit, 09.07.1993","""Zum ersten Mal in der Geschichte der menschlichen Rasse ist eine große Nation in der Lage und willens, sich darauf zu verpflichten, die Armut auszumerzen."""
"445","2000-03-02","Zeitung","Die Zeit, 02.03.2000","Ausgerechnet Mosambik!Geplündert von den portugiesischen Kolonialherren, verwüstet in 17 Jahren Bürgerkrieg, in den Statistiken der Vereinten Nationen lange Zeit als ärmstes Land der Welt geführt."
"446","1993-07-02","Zeitung","Die Zeit, 02.07.1993","Aber der Brasilianer singt auch zärtlich über die Dünen von ""Itapuä"" an Bahias Strand, die weichen Melodien des bahianischen Sertäo tauchen auf, er verflucht und bedauert sein Land, ""die allertraurigste Nation"", im Lied ""O Cu do Mundo"" (Der Arsch der Welt)."
"447","2003-11-27","Zeitung","Die Zeit, 27.11.2003","Die Vereinten Nationen in New York sind bereits informiert."
"448","1990-05-18","Zeitung","Die Zeit, 18.05.1990","Die deutsche nationalistische Literatur agierte immer aus dem Angriff, aus ihr spricht tiefe Verachtung für die polnische Nation."
"449","1992-12-04","Zeitung","Die Zeit, 04.12.1992","Denn das waren die Bedingungen der Militärs im Pentagon: eigene Kommandogewalt für jede Aktion im Rahmen der Vereinten Nationen und ein klar umrissener Auftrag."
"450","1995-09-22","Zeitung","Die Zeit, 22.09.1995","Vereinten Nationen."
"451","1996-12-20","Zeitung","Die Zeit, 20.12.1996","Er ist die Hauptfigur der romantischen Legende von der wiedererstehenden italienischen Nation."
"452","1994-12-16","Zeitung","Die Zeit, 16.12.1994","Der Branchenprimus hat sich bereits 1992, ebenso wie einige andere Institute aus aller Welt, im Rahmen des Umweltprogramms der Vereinten Nationen (Unep) verpflichtet, ""Überlegungen zur Umwelt in bankinterne Betriebsabläufe und Geschäftsentscheidungen"" einzubeziehen."
"453","2001-10-25","Zeitung","Die Zeit, 25.10.2001","Doch diese Art der Kunst zieht sich durch die Epochen, betrifft alle Bevölkerungsschichten - und alle Nationen."
"454","1998-04-02","Zeitung","Die Zeit, 02.04.1998","Berlin: ""Mythen der Nationen"" (Deutsches Historisches Museum bis zum 9. Juni Katalog 48,- DM)"
"455","1991-05-03","Zeitung","Die Zeit, 03.05.1991","Hier hatten die Delegierten der Mitgliedsländer sich nächtens die Beine vertreten, als sie in endlosen Debatten um jene Resolutionen rangen, die in der Geschichte der Vereinten Nationen ein eindrucksvolles neues Kapitel geschrieben haben."
"456","2002-04-18","Zeitung","Die Zeit, 18.04.2002","1,2 Milliarden Menschen leben unter der Armutsgrenze, also mit weniger als einem Dollar pro Tag, und nach dem Willen der Vereinten Nationen soll der Anteil der Armen auf der Welt bis 2015 halbiert sein."
"457","1998-10-08","Zeitung","Die Zeit, 08.10.1998","[...] Alfred Rosenberg, der versponnen-rabiate NS-Mythologe, der im Jahre 1930 bei einer Tagung seines ""Kampfbundes für deutsche Kultur"" donnernd die ""Einheit von Potsdam und Weimar, von deutschem Macht- und Ehrgedanken mit seelisch-schöpferischer Gestaltungskraft"" verkündete - oder Johannes R. Becher, einst ein Lyriker von Rang, der 1949 von Goethe zu behaupten wagte, er habe ""die Vereinigung der deutschen Stämme zu einer Nation"" als die ""geschichtliche Vollendung seines Lebenswerkes"" betrachtet, was barer und bombastischer Unsinn war, da sich der Dichter aus der Nation nicht das geringste machte, sondern, im Gegenteil, die patriotische Hysterie der Aufbruchsgesinnung von Turnvater Jahn und Ernst Moritz Arndt brüsk und voller Verachtung zurückwies. [...]"
"458","2002-05-23","Zeitung","Die Zeit, 23.05.2002","Das sind Vereinbarungen mit einzelnen Nationen, und ein mächtiges Land wie die USA kann dabei meist die Regeln diktieren."
"459","1998-05-20","Zeitung","Die Zeit, 20.05.1998","zeit: Helmut Kohl spricht neuerdings gern und oft vom Dreiklang ""Heimat, Vaterland und Europa"", Jacques Chirac vom ""Europa der Nationen""."
"460","2002-07-04","Zeitung","Die Zeit, 04.07.2002","Was wir aber für die Zukunft positiv erwarten könnten, sind die Effekte des Glaubens an Mannschaft und Nation."
"461","2004-07-15","Zeitung","Die Zeit, 15.07.2004","Doch auf dem Spiel steht auch die Glaubwürdigkeit der zivilisierten Nationen und ihrer Politiker."
"462","1992-05-29","Zeitung","Die Zeit, 29.05.1992","So warnte das Kinderhilfswerk der Vereinten Nationen Unicef bereits:"
"463","1992-08-07","Zeitung","Die Zeit, 07.08.1992","Woher sollen die Russen heute noch diesen Glauben nehmen, eine andere Vorstellung von der Nation gewinnen - statt zur alten zurückzukehren?"
"464","2004-03-11","Zeitung","Die Zeit, 11.03.2004","Die Nation habe nämlich die »Mühsal und Not der Vorväter« vergessen."
"465","1995-05-05","Zeitung","Die Zeit, 05.05.1995","Mit den ""Spinnern"" von der rassistischen Aryan Nation wünscht er nicht verwechselt zu werden."
"466","1997-11-21","Zeitung","Die Zeit, 21.11.1997","Politisch berufen wir uns mittlerweile gern auf das Selbstbestimmungsrecht der Nationen wie sich die Dinge ökonomisch entwickeln, steht auf einem anderen Blatt."
"467","1991-11-29","Zeitung","Die Zeit, 29.11.1991","Eine populistische Kampagne, die längst nicht nur auf die rüde Massenpresse beschränkt ist, schürt die Zweifel der Nation; den Briten wird mit drastischen Beispielen vor Augen geführt, was es hieße, wenn künftig jeder Lebensbereich ""eurogenormt"" wäre."
"468","1990-04-06","Zeitung","Die Zeit, 06.04.1990","Stets klinge der Begriff einer ""großen Nation"" an, wenn der Kanzler auf Schlesien, Pommern oder die deutschen Minderheiten im Osten zu sprechen komme."
"469","1993-04-23","Zeitung","Die Zeit, 23.04.1993","Und so bot sie den Vereinten Nationen für ihre Friedensmission in Somalia ein ""verstärktes Nachschub-/Transportbataillon (bis zu 1500 Mann) für humanitäre Aufgaben"" an."
"470","1994-04-01","Zeitung","Die Zeit, 01.04.1994","Er ist gern bereit, die brandenburgisch-preußische Geschichte im Kreis der Landesgeschichten willkommen zu heißen - lehnt sie jedoch als Königsweg zur deutschen Nation nach teleologischem Geschichtsplan ab."
"471","2004-07-22","Zeitung","Die Zeit, 22.07.2004","Unklar ist, ob und wie viele andere Krebserkrankungen hinzukommen werden - die von den Vereinten Nationen veranlassten Untersuchungen konnten das nicht herausfinden."
"472","1998-12-10","Zeitung","Die Zeit, 10.12.1998","Trotzdem aber ist es an der Zeit, darüber nachzudenken, wie ein junger Deutscher dieses Erinnern lernt und auf welche Weise es sein Bewußtsein als Deutscher im Vergleich zu jungen Menschen aus anderen Nationen verändert und verändern muß."
"473","1992-10-09","Zeitung","Die Zeit, 09.10.1992","Barbara Bush dagegen, die weißhaarige Matrone mit dem Spitznamen Silver Fox, gilt schlicht als ""Schatz der Nation"" oder ""Amerikas Großmutter""."
"474","1991-10-25","Zeitung","Die Zeit, 25.10.1991","Anders als vor zwei Jahren stehen diesmal nicht mehr Kommunisten gegen den Rest der Nation."
"475","1994-03-04","Zeitung","Die Zeit, 04.03.1994","Siebzig Millionen Mark, hofft Bonn, werden die Vereinten Nationen zurückerstatten."
"476","2002-05-08","Zeitung","Die Zeit, 08.05.2002","""Die Kirche will ja die Kandidaten sexuell unreif halten, ließe sie nämlich das von den Vereinten Nationen garantierte Menschenrecht des ausgelebten Sexualtriebs zu, zerfiele der Zölibat und mit ihm der mittelalterliche Grundpfeiler der katholischen Macht.""Der Priester, der über dem Fleisch stehe, verkörpere die Überlegenheit des Geistes."
"477","1999-04-22","Zeitung","Die Zeit, 22.04.1999","Gewählt wurde ein Politiker, dem sein bewegtes Leben zwischen Freiheitskampf, Aufbauzeit und nicht ganz freiwilligen Wanderjahren wie Jahresringe ins Gesicht gezeichnet stehen - ein alter Mann in einer jungen Nation."
"478","1996-03-29","Zeitung","Die Zeit, 29.03.1996","Die Vereinten Nationen werden sich eines Tages vielleicht zwischen zwei Operationen entscheiden müssen - und zwar nach Kriterien, die zu den in der Charta verankerten Grundsätzen der Gleichheit und Universalität in Widerspruch stehen."
"479","1994-04-15","Zeitung","Die Zeit, 15.04.1994","Aber trotzdem ist es so, daß die europäischen Völker in Staaten lebea; die ihre Nationen ausmächen."
"480","2003-02-27","Zeitung","Die Zeit, 27.02.2003","In den Nachbarländern errichtet das Flüchtlingshilfswerk der Vereinten Nationen (UNHCR) jetzt Zeltstädte."
"481","1990-12-28","Zeitung","Die Zeit, 28.12.1990","Die Grenzen, versicherte er 1989 vor den Vereinten Nationen, als Helmut Kohl noch lange nicht soweit war, wurden von den Deutschen ""weder jetzt noch in Zukunft durch Gebietsansprüche in Frage gestellt""."
"482","1993-01-29","Zeitung","Die Zeit, 29.01.1993","Je mehr die reichste und fortschrittlichste Nation der Erde auf ein kleines Entwicklungsland gnadenlos einprügelte, desto mehr provozierte sie in der ganzen Welt antiamerikanische Empfindungen."
"483","1998-04-08","Zeitung","Die Zeit, 08.04.1998","WEDO ist eine hochgeschätzte Informationsquelle, ein einflußreicher Zusammenschluß von brillanten Lobbyistinnen, die den Vereinten Nationen und nationalen Regierungen auf die Finger schauen."
"484","2003-12-04","Zeitung","Die Zeit, 04.12.2003","Wie Pellegrino Artusis Kochbuch 1891 zur heimlichen Gründungsakte der italienischen Nation wurde"
"485","2001-11-15","Zeitung","Die Zeit, 15.11.2001","Damit hebt sich der Club positiv von den Läden in den reichsten Gegenden der Nation ab."
"486","1993-10-22","Zeitung","Die Zeit, 22.10.1993","Sie schreiben das lähmende Bild einer zerrissenen, gestörten, problematischen Nation fest - die deutsche Lust an den incertitudes allemandes."
"487","1994-05-20","Zeitung","Die Zeit, 20.05.1994","Das zerstörte Haus von Heimat, Staat, Nation."
"488","1996-04-19","Zeitung","Die Zeit, 19.04.1996","Prinzessin Di befindet sich zudem mitten in einer Therapie und teilt ihre Gefühle mit der Nation, der sie die Nachricht von ihrer Scheidung gern Hand in Hand mit dem Prinzen von Wales im Fernsehen mitgeteilt hätte, damit ""der Heilungsprozeß beginnen könne""."
"489","2000-03-23","Zeitung","Die Zeit, 23.03.2000","Das erfordert von Unternehmen und Nationen Transparenz."
"490","1999-12-09","Zeitung","Die Zeit, 09.12.1999","Seit 1969 präsentierte die Bundesregierung alljährlich zum 17. Juni ihren Bericht zur Lage der Nation im geteilten Deutschland."
"491","1994-07-29","Zeitung","Die Zeit, 29.07.1994","Und natürlich fanden sich in der SPD auch linke Intellektuelle bürgerlicher Herkunft, die - wie manche Linke nach 1989 - plötzlich die Seiten wechselten und voller Inbrunst die Nation anbeteten."
"492","1993-06-18","Zeitung","Die Zeit, 18.06.1993","In Zukunft, glaubt Sand, werde amnesty sich einer dritten Gruppe annehmen müssen, der globalen Kräfte: der Weltbank, des International Monetary Fonds, der Vereinten Nationen."
"493","1992-04-03","Zeitung","Die Zeit, 03.04.1992","Unser Erziehungssystem ist (mit Ausnahme der wenigen Eliteschulen) bestenfalls mittelmäßig, und große Teile der Infrastruktur beginnen zu verfallen, Schlimmer noch, uns scheint die Fähigkeit zu der besonderen Solidarität und der Zukunftsplanung zu fehlen, die eine Nation von einer zufälligen geographischen Anordnung unterscheiden,"
"494","1998-08-13","Zeitung","Die Zeit, 13.08.1998","Die ungarische Nation sei berufen, mit der freien deutschen Nation, und die deutsche Nation sei berufen, mit der freien ungarischen Nation in innigem und freundschaftlichem Verhältnisse zu leben und vereint zu wachen über die Bildung des deutschen Ostens."
"495","2001-04-26","Zeitung","Die Zeit, 26.04.2001","Zu diesem Zweck entstanden Einrichtungen wie die Weltbank, Programme und Organe der Vereinten Nationen, regionale Entwicklungsbanken wie die Inter-American Development Bank (IDB) sowie zahllose Stiftungen, Forschungszentren und andere regierungsunabhängige Organisationen."
"496","1993-01-29","Zeitung","Die Zeit, 29.01.1993","Selbst wenn Politiker und Politikerinnen aus altruistischen Motiven handeln - ""zur Förderung der Schwachen"", ""zum Wohle der Nation"", ""zum Schutz unserer ausländischen Mitbürger"" -, so bleiben ihre Handlungen doch immer mit Eigennutzkalkülen verbunden: Stimmenmaximierung, Sicherung des Mandats, gesellschaftliche Anerkennung, Diäten."
"497","1999-04-22","Zeitung","Die Zeit, 22.04.1999","Rußland ist auf jeden Fall der Schlüssel dafür, daß die Vereinten Nationen wieder eine stärkere Rolle spielen können."
"498","1992-10-02","Zeitung","Die Zeit, 02.10.1992","Die geeinte Nation im Stimmungstief"
"499","2003-03-06","Zeitung","Die Zeit, 06.03.2003","Die Ständige Vertretung der Republik Guinea ist eine fröhliche Angelegenheit in der 39. Straße von New York, wenige Blöcke von den Vereinten Nationen entfernt."
"500","1998-11-26","Zeitung","Die Zeit, 26.11.1998","In den Vereinten Nationen verhielt sich Peking immer umgänglicher."
