"No.","Date","Genre","Bibl","Hit"
"1","1981-10-02","Zeitung","Die Zeit, 02.10.1981","Im Gefolge der unbezweifelbaren österreichischen Staats-Integritat bildete sich eine immer weniger bezweifelte österreichische Nation: demoskopische Umfragen zeigen dies, und Nation ist immer auch das Resultat einer kollektiven Selbstbestimmung."
"2","1989-07-21","Zeitung","Die Zeit, 21.07.1989","Für die feierliche Erinnerung ist er in erster Linie der große Amerikaner, auf dessen Kriegstaten die ganze Nation stolz sein darf."
"3","1985-01-25","Zeitung","Die Zeit, 25.01.1985","Im (mißbrauchten) Namen sei es der Nation, sei es der Demokratie wendet man sich ab von den unbequemen, doch so nötigen entfernten Entscheidungen, auch wenn das bedeutet, daß diese dann gar nicht mehr getroffen werden."
"4","1979-12-14","Zeitung","Die Zeit, 14.12.1979","Wegen der Deportationsorder gegen den Bürgermeister von Nablus hatte Begin nicht nur vom amerikanischen Außenminister Cyrus Vance einen Mahnbrief erhalten; auch die Vollversammlung der Vereinten Nationen förderte ihn in seltener Einmütigkeit auf, die Ausweisung nicht zu vollziehen."
"5","1979-11-30","Zeitung","Die Zeit, 30.11.1979","Je fähiger und geschickter ihre politischen Befehlshaber die außenpolitischen Geschicke der Nation lenkten, desto seltener mußten sie kämpfen."
"6","1977-09-16","Zeitung","Die Zeit, 16.09.1977","Als Faktum hinnehmen, wenngleich nicht annehmen, muß Erdmann die 1974 aufgestellte These der DDR-Machthaber, daß es keine einheitliche deutsche Nation mehr gebe, sondern nur noch deren zwei: eine sozialistische Nation und eine kapitalistische Nation."
"7","1989-07-14","Zeitung","Die Zeit, 14.07.1989","Bei großen Respekt für die Leiden Honeckers in der Nazizeit und bei Respekt für sein Unvermögen, sich später von den illusionären ideologischen Vorstellungen zu lösen, an die er sich als junger Mann im Zuchthaus zu Brandenburg geklammert hat - sein Versuch, anstelle der deutschen Nation eine ""sozialistische Nation"" in das Bewußtsein der von ihm regierten Deutschen zu heben, ist selbstverständlich zur Gänze gescheitert."
"8","1980-02-15","Zeitung","Die Zeit, 15.02.1980","Er ist der große Wunsch aller Rassen, Nationen und Weltanschauungen."
"9","1973-09-21","Zeitung","Die Zeit, 21.09.1973","Die Militärjunta mit dem Heeresoberbefehlshaber General Augusto Pinochet an der Spitze hat der gestürzten Volksfront-Regierung in einem 14-Punkte-Dokument vorgeworfen, die Grundrechte, vor allem das Besitzrecht, verletzt und durch sterilen Klassenkampf die Einheit der Nation zerstört zu haben."
"10","1979-08-03","Zeitung","Die Zeit, 03.08.1979","Selten hat eine Nation eine so radikale Verschiebung des Kräftegleichgewichts so passiv hingenommen wie wir."
"11","1984-03-23","Zeitung","Die Zeit, 23.03.1984","An dem Tag, an dem die Palästinenser eine Nation wie irgendeine andere Nation geworden sein werden, bin ich nicht mehr dabei."
"12","1985-05-17","Zeitung","Die Zeit, 17.05.1985","Den Umfragen nach sind über die Hälfte aller Westdeutschen der Meinung, das Wort Deutschland umfasse mehr als den Bundesstaat; ein gutes Drittel hat das Gefühl, ""deutsch"" seien die BRD, die DDR sowie die Gebiete jenseits der Oder-Neiße-Linie, und eine kleine Minderheit ist sogar der Überzeugung, daß alle Gebiete, in denen deutsch gesprochen wird, de jure zur deutschen Nation gehören."
"13","1970-02-13","Zeitung","Die Zeit, 13.02.1970","Für Nationen hingegen, die keine Medaillenanwärter haben, sind Investitionen von mehreren Millionen Mark für Fernsehübertragungen sinnlos."
"14","1988-07-08","Zeitung","Die Zeit, 08.07.1988","Die Bonner Journalisten jedenfalls erinnern sich noch eines sowjetischen Kollegen von Rang und mit politischen Missionen, der schon am Rhein und dann nach seiner Rückkehr nach Moskau davon sprach, wie unnatürlich es wäre, wenn ein Volk und eine Nation auf Dauer getrennt bleiben würden."
"15","1986-04-18","Zeitung","Die Zeit, 18.04.1986","Wir wissen schon aus Zeiten vor dem ""Heiligen Römischen Reiche Deutscher Nation"":"
"16","1988-07-08","Zeitung","Die Zeit, 08.07.1988","Er präsidiert über eine umfangreiche Papier- und Resolutionsfabrik, in der die Vertreter von 16 Nationen in über 400 Ausschüssen unentwegt miteinander verhandeln, Bruchstellen verspachteln, auseinanderstrebende Interessen verbal überbrücken."
"17","1976-07-16","Zeitung","Die Zeit, 16.07.1976","Die Vereinten Nationen, majorisiert von den Staaten des Ostblocks und der Dritten Welt, können zur Eindämmung der Internationale der Vereinigten Terroristen und ihrer Helfershelfer auch nichts zuwege bringen."
"18","1976-09-03","Zeitung","Die Zeit, 03.09.1976","Im dritten Jahrhundert unserer Nation müssen wir diese einfachen, aber unerläßlichen Normen erfüllen."
"19","1982-01-01","Zeitung","Die Zeit, 01.01.1982","""Die militante Nation Iran ist eingeladen, dieser Feier beizuwohnen und den Sieg des Blutes über das Schwert mitzuerleben."""
"20","1984-10-19","Zeitung","Die Zeit, 19.10.1984","""Und wenn in Wirklichkeit das Prestige der Nation zum Wert an sich wird, vielleicht sogar der einzige ist, der den Rang begründen soll?"""
"21","1989-07-21","Zeitung","Die Zeit, 21.07.1989","Sind ihre Abgeordneten noch genauso Vertreter der Nation, wie es die Delegierten zum Gewerkschafts-Kongreß im Herbst 1981 waren, als sich Rechte und Linke, Gemäßigte und Radikale in einer Organisation zusammenfanden?"
"22","1988-09-30","Zeitung","Die Zeit, 30.09.1988","Sie blickten gebannt. auf die zwei Männer in der Arena, die seit Monaten erbittert um die Präsidentschaft kämpfen und die in den 90 Minuten vor den Augen der Nation alle Chancen verspielen konnten."
"23","1971-09-17","Zeitung","Die Zeit, 17.09.1971","Das gilt insbesondere für die Haltung beider Staaten bei der kommenden China-Debatte in der Vollversammlung der Vereinten Nationen."
"24","1988-08-12","Zeitung","Die Zeit, 12.08.1988","Doch selbst das Zusammenwirken der beiden Supermächte bei den Vereinten Nationen stoppte das Blutvergießen nicht, weil der Iran einen ""Frieden ohne Sieg"" nicht mit den Grundsätzen Chomeinis vereinbaren konnte."
"25","1981-02-20","Zeitung","Die Zeit, 20.02.1981","Und die Nation?"
"26","1979-07-20","Zeitung","Die Zeit, 20.07.1979","In einer Ansprache an die Nation erklärte Eanes, dieser Schritt sei eine ""schwerwiegende - Entscheidung"" gewesen."
"27","1983-12-30","Zeitung","Die Zeit, 30.12.1983","Doch hat kein Staatsmann oder Philosoph die Lösungen parat; kein einzelner ist zu sehen, der die geistige Kraft und den Willen aufbrächte, sich der Lage zu bemächtigen; im Widerstreit der organisierten Interessen wird zerredet, was die Nation - und darüber hinaus die Weltfamilie der Nationen - heute wollen müßte."
"28","1987-09-11","Zeitung","Die Zeit, 11.09.1987","Die Nation ist gespannt auf die Antwort der SED."
"29","1984-07-27","Zeitung","Die Zeit, 27.07.1984","Sie setzt auf Ausharren und Aushungern und bereitet die Nation durch Anrufung des Falkland-Geistes auf eine Art ""Heiligen Krieg der Kräfte des Lichtes gegen die Mächte der Finsternis"" vor."
"30","1974-05-03","Zeitung","Die Zeit, 03.05.1974","Doch die Lage der geteilten Nation begünstigt das Ausspähen des einen Teils durch den anderen mehr als sonstwo in der Welt."
"31","1985-07-19","Zeitung","Die Zeit, 19.07.1985","Dies wird sich ändern, wenn die amerikanische Nation künftig jeder der regelmäßig notwendigen Untersuchungen entgegenbangen muß."
"32","1976-10-15","Zeitung","Die Zeit, 15.10.1976","Der linke Flügel weiß auf die drängenden wirtschaftlichen Fragen keine bessere Antwort-als die Anklage, die Nation müsse jetzt die Folgen des Kapitalismus ausbaden, den die britischen Konservativen ihr beschert hätten."
"33","1972-08-25","Zeitung","Die Zeit, 25.08.1972","Wenn Österreich demnächst seine Touristenwerbung auf die staatliche Ebene angehoben haben wird, dann bildet die Bundesrepublik im Kreise der Tourismus treibenden Nationen das erlauchte Schlußlicht."
"34","1989-09-22","Zeitung","Die Zeit, 22.09.1989","Der ihn auszeichnende Pragmatismus, seine Lernfähigkeit und seine Bereitschaft, sich in die Interessenlage anderer Nationen zu versetzen, waren dünngesäte Qualitäten unter den Führungseliten des Deutschen Reiches."
"35","1987-01-16","Zeitung","Die Zeit, 16.01.1987","""Denken Sie nur, letztens hatte ich an einem Sonntagmorgen vier Nationen am Kaffeetisch: einen italienischen Arzt mit englischer Frau und einen Franzosen mit Belgierin."""
"36","1975-07-04","Zeitung","Die Zeit, 04.07.1975","Beim Votum über den Beitritt zu den Vereinten Nationen spaltete sich die Fraktion; Rainer Barzel, Befürworter des Beitritts, quittierte deshalb das Amt des Fraktionsvorsitzenden."
"37","1984-02-03","Zeitung","Die Zeit, 03.02.1984","""Die Spione bei den Vereinten Nationen leben flott in New Yorker Restaurants."""
"38","1984-10-26","Zeitung","Die Zeit, 26.10.1984","Schon gar nicht darf dies bei einem Mann geschehen, der sich in allen seinen Schriften und Reden stets als Moralapostel der Nation aufgeführt hat."
"39","1981-02-06","Zeitung","Die Zeit, 06.02.1981","Tatsächlich aber hatte er - gefragt, wie sich der Begriff von der ""Einheit in der Nation"" mit Inhalt füllen lasse - lediglich taktisch überlegt, wir müßten ""möglicherweise sogar darauf verzichten, den Begriff der Nation weiter zu verwenden""."
"40","1979-01-26","Zeitung","Die Zeit, 26.01.1979","Politische Symbole, die für Europa und die abendländische Entwicklung selbstverständlich und wesentlich sind - wie beispielsweise ""Revolution"", ""Freiheit"", ""Nation"" oder ""Kultur"" -, sind auf den muslimischen Orient nicht ohne weiteres übertragbar."
"41","1983-02-25","Zeitung","Die Zeit, 25.02.1983","Wenn es Indira Gandhi nicht bald gelingt, der Regierung wieder mehr Respekt zu verschaffen, kann der wachsende Regionalismus zu einer großen Gefahr für die indische Nation werden."
"42","1978-12-15","Zeitung","Die Zeit, 15.12.1978","Die junge Armee befand sich anderthalb Jahre nach der Vereidigung der ersten Soldaten in Koblenz - immer noch im Aufbau -, mißtrauisch, bisweilen feindselig von der Nation betrachtet, die sich noch immer weithin ihrer ""Ohne-mich-Stimmung"" hingab."
"43","1975-05-02","Zeitung","Die Zeit, 02.05.1975","""Falls künftig ein Krieg ausbricht oder es in Südkorea zu einer Revolution kommt"", sagte er, ""dann sollten wir dies für die Ziele unserer Revolution ausnutzen, das Land vereinen und der Revolution in der ganzen Nation zum Sieg verhelfen."""
"44","1988-09-16","Zeitung","Die Zeit, 16.09.1988","Die Historiker im Gefolge Fernand Braudels, die mit ihrer Erforschung der ""langen Zyklen"", mit Klimageschichte und Mentalitätsgeschichte (mit der Ergründung der ""unbeweglichen Geschichte"", wie einer ihrer Vertreter, Emmanuel Le Roy Ladurie, provokativ formuliert), längst die französischen Curricula bestimmen und hier Erfolge zeigen, lassen den Anhängern einer Nationalgeschichte die Haare zu Berge stehen: Jubiläumsdaten und Persönlichkeiten, die großen Ereignisse einer großen europäischen Nation werden hier zum ""unerträglich Pathetischen"" in einer Geschichte, die mit Jahrtausenden rechnet."
"45","1972-02-04","Zeitung","Die Zeit, 04.02.1972","Mehr noch als Sport und Tourismus stehen derzeit in Sapporo auf dem Spiel: die Zukunft einer ganzen Region und nicht zuletzt das Prestige der gesamten Nation."
"46","1982-11-19","Zeitung","Die Zeit, 19.11.1982","Der Führer der islamischen Nation, Imam Chomeini, läßt sich durch nationale Grenzen nicht einengen"", meinte der iranische Staatspräsident, Ali Khamenei, ominös."
"47","1977-10-28","Zeitung","Die Zeit, 28.10.1977","Schon deswegen kann man ihn nicht mit den Slawophilen des neunzehnten Jahrhunderts vergleichen, die im Unterschied zu den ""Westlern"" Rußlands Erneuerung einzig als Rückbesinnung auf die Traditionen der russischen Nation und des orthodoxen Glaubens verstanden und ihre Vergangenheit gründlich kannten, ja ganz aus ihr lebten, auch wenn, oder gerade wenn sie diese verschönerten und mythisierten."
"48","1981-03-06","Zeitung","Die Zeit, 06.03.1981","Als dann die Aufklärung die Souveränität des Volkes verkündete, wurde der König aus dem Zentrum der Nation verdrängt."
"49","1977-12-16","Zeitung","Die Zeit, 16.12.1977","Ihnen gegenüber steht die Dritte Welt mit über siebzig Prozent der Weltbevölkerung - dazu gehören die ""unterjochten Nationen"" (Kolonialvölker wie in Südafrika), die ""unterdrückten Länder"" (unterentwickelt, ehedem von Kolonialmächten beherrscht, heute von den Großen wirtschaftlich abhängig) und die sozialistischen Länder (sie werden namentlich nicht genannt, doch sind keineswegs die von Moskau abhängigen Nationen gemeint)."
"50","1988-07-29","Zeitung","Die Zeit, 29.07.1988","CeauÅYescu Nicolae, der zerstören und hungern läßt; der den langsamen psychischen Tod einer ganzen Nation auf dem Gewissen hat; der der Hauptstadt Bukarest schon sein Tabula-rasa-Talent bewiesen hat:"
"51","1983-09-09","Zeitung","Die Zeit, 09.09.1983","Ein Drittel der Nation war arbeitslos, und mehr als die Hälfte litt zumindest indirekt unter den Folgen der Depression, doch gab es auch damals Millionen, die weiter im Wohlstand lebten, denen sinkende Zinsen und fallende Preise den billigen Erwerb riesiger Vermögen erlaubten und die Präsident Franklin Delano Roosevelt wegen seines New Deal des Verrats an den Idealen der Nation bezichtigten."
"52","1982-08-20","Zeitung","Die Zeit, 20.08.1982","Alle Hinweise auf die ""deutsche Nation"", auf ""alle Deutschen"", auf die ""Lebensinteressen der Nation"" im geteilten Deutschland wurden gestrichen."
"53","1983-06-24","Zeitung","Die Zeit, 24.06.1983","Das Eintauchen in die Kranke Nation wirkte auf ihn wie ein Gesundbrunnen; erstmals seit dem Attentat lebte er physisch auf."
"54","1976-02-06","Zeitung","Die Zeit, 06.02.1976","Auf die gesamt(ost- und Westdeutsche Nation verschwendete er nur ein paar Minuten, anders als vor einem Jahr - damals hatte er das Thema ""Nation"" eine Stunde lang variiert."
"55","1970-01-23","Zeitung","Die Zeit, 23.01.1970","Den Begriff der Nation bezeichnete er als das fortwährende Zusammengehörigkeitsgefühl der Menschen eines Volkes."
"56","1979-11-16","Zeitung","Die Zeit, 16.11.1979","Sie hebt weder das Souveränitätsrecht der Nationen zur Kriegführung noch die Existenz der Rüstungen auf."
"57","1983-01-07","Zeitung","Die Zeit, 07.01.1983","1776 erschien ""Der Reichtum der Nationen"" von Adam Smith."
"58","1986-02-28","Zeitung","Die Zeit, 28.02.1986","Wie bereits im Frühjahr 1985, eroberten die Iraner irakische Stellungen in einem Gebiet etwa 300 Kilometer nordöstlich von Bagdad - am gleichen Tag, an dem in New York der Sicherheitsrat der Vereinten Nationen zur Einstellung des Krieges aufrief."
"59","1980-08-01","Zeitung","Die Zeit, 01.08.1980","Woher also kann man hoffen, daß Schmidt (wenn er mit dem starken linken Flügel, darunter so moralisch denkenden Männern wie Bahr, Wehner, Brandt, alleingelassen wird) der Nation die fast unerträgliche Last der Nachrüstung doch aufbürden kann?"
"60","1970-03-20","Zeitung","Die Zeit, 20.03.1970","3. Aufgabe der praktischen Politik in den jetzt vor uns liegenden Jahren ist es, die Einheit der Nation dadurch zu wahren, daß das Verhältnis zwischen den Teilen Deutschlands aus der gegenwärtigen Verkrampfung gelöst wird."
"61","1987-09-11","Zeitung","Die Zeit, 11.09.1987","Trotz dieser alarmierenden Erkenntnisse haben sich die obersten Gesundheitswächter der Nation bis heute nicht zu einem Verbot des Chlorpromazins durchringen können."
"62","1970-03-13","Zeitung","Die Zeit, 13.03.1970","Sie kauften in den von verschiedenen Nationen (unter anderem von der Bundesrepublik, der Schweiz, Frankreich, Indien, Polen und der UdSSR) eingerichteten Pavillons Waren, die sonst nur selten und teuer in Addis Abeba angeboten werden."
"63","1984-08-31","Zeitung","Die Zeit, 31.08.1984","Das gleiche gilt für die eigentliche Präsidentschaftswahl, in der die Nation traditionsgemäß alle vier Jahre zu sich selber findet."
"64","1974-03-08","Zeitung","Die Zeit, 08.03.1974","Der berühmte Massen-Skilanglauf wurde von mehr als achttausend Läufern aus 18 Nationen bestritten, darunter 150 Deutsche."
"65","1976-01-23","Zeitung","Die Zeit, 23.01.1976","Die vom Ersten Kongreß der Vereinten Nationen im Jahre 1955 aufgestellten einheitlichen Mindestgrundsätze fordern nämlich nicht, daß alle Gefangenen einen Einzelraum für die Nacht haben müssen."
"66","1972-10-20","Zeitung","Die Zeit, 20.10.1972","Auf die These vom Fortbestand der deutschen Nation gründet die Bundesregierung schließlich die nach wie vor bestehende Zielsetzung ihrer Deutschlandpolitik, die innerdeutschen Beziehungen so zu gestalten, daß eine künftige Wiedervereinigung der beiden getrennten Teile Deutschlands dadurch nicht verhindert wird."
"67","1989-12-22","Zeitung","Die Zeit, 22.12.1989","Noch so große Schuld einer Nation kann nicht durch eine zeitlos verordnete Spaltung getilgt werden."""
"68","1977-11-04","Zeitung","Die Zeit, 04.11.1977","Vor wenigen Wochen wagte er sich auf der 32. Generalversammlung der Vereinten Nationen noch nicht über Lippenbekenntnisse hinaus, wie sie auch auf der im Sommer in Paris zu Ende gegangenen Konferenz für Internationale Wirtschaftliche Zusammenarbeit (KIWZ) abgegeben wurden."
"69","1971-10-15","Zeitung","Die Zeit, 15.10.1971","""Ein Deutscher, gut fünfzigjährig und geprägt durch diese Vergangenheit, wagt hier Grenzüberschreitungen, schmeckt fremde Nationen ab."
"70","1983-10-28","Zeitung","Die Zeit, 28.10.1983","""Ich glaube, es ist die letzte Chance für die Nation ... Entweder kommen wir aus dem Sumpf wieder heraus oder wir stürzen in die totale Lähmung - für immer."""
"71","1973-09-28","Zeitung","Die Zeit, 28.09.1973","Henry Kissingers erste Amtshandlung als neuer Außenminister der Vereinigten Staaten war am Montag eine Rede vor den Vereinten Nationen."
"72","1970-01-06","Zeitung","Die Zeit, 06.01.1970","Er war Präsident der Oxford Union, der Redeschmiede der Nation, und dachte zunächst an eine politische Karriere unter den Flügeln der Konservativen Partei."
"73","1981-07-03","Zeitung","Die Zeit, 03.07.1981","Diese vier Nationen saßen ja damals in Nürnberg über deutsche Kriegsverbrecher zu Gericht."
"74","1971-10-22","Zeitung","Die Zeit, 22.10.1971","Die europäischen Nationen reagierten jede auf ihre eigene, sehr charakteristische Weise:"
"75","1974-10-11","Zeitung","Die Zeit, 11.10.1974","Noch gab es legitime, unerfüllte Forderungen der deutschen Nation; die ""militärische Gleichberechtigung"" (bis 1936), die Lösung der sogenannten ""Korridor-Frage""; die Deutschen hatten Anspruch auf ein nicht durch polnisches Territorium durchbrochenes Staatsgebiet."
"76","1980-05-02","Zeitung","Die Zeit, 02.05.1980","Zeichen geschichtlicher Ereignisse und Ideale, mit denen man einst zur Nation und zum Staat wurde."
"77","1985-05-10","Zeitung","Die Zeit, 10.05.1985","Ein Dokument westlicher Nationen, in dem festgestellt wird, ""Wir haben aus der Geschichte gelernt"", hat zumindest Neuigkeitswert."
"78","1972-06-23","Zeitung","Die Zeit, 23.06.1972","Dieses Programm soll, so empfahl die Konferenz in Stockholm, von einem Umweltschutzgremium der Vereinten Nationen geleitet werden."
"79","1971-02-12","Zeitung","Die Zeit, 12.02.1971","Er wendet sich nicht an Gruppen, an ""ein Volk"" oder gar an ""eine Nation"", sondern an Individuen - und für ihn hat jedes Individuum, gleich welchen Bekenntnisses, ein Anrecht auf therapeutische Hilfe, sei es durch Gebete, durch Medikamente oder durch Späße."
"80","1973-09-28","Zeitung","Die Zeit, 28.09.1973","Gegen die größten Stahlschmieden der Nation U.S. Steel, Bethlehem Steel und Armco Steel wurde Anklage erhoben:"
"81","1988-01-29","Zeitung","Die Zeit, 29.01.1988","Dann, kurz nach dem Einmarsch der Nationen, öffnete sich der Himmel, die Sonne schien zehn Tage lang."
"82","1983-07-08","Zeitung","Die Zeit, 08.07.1983","""Es war schon immer meine Überzeugung, daß durch einen göttlichen Schöpfungsplan diese Nation ihren Platz zwischen zwei Ozeanen eingenommen hat, damit sie von jenen, die ein besonderes Kennzeichen des Mutes und der Freiheitsliebe tragen, aufgesucht und aufgefunden werde."
"83","1979-05-25","Zeitung","Die Zeit, 25.05.1979","Und in welcher Größe bitte?"" fragte die Verkäuferin den Kunden, der just zur Stunde der Bundestagsdebatte über die ""Lage der Nation"", das Spezialgeschäft für Landkarten betreten hatte."
"84","1984-09-28","Zeitung","Die Zeit, 28.09.1984","Jedenfalls war Reagans Rede vor den Vereinten Nationen in dieser Woche eine verheißungsvolle Ouvertüre für den vom Präsidenten proklamierten Versuch, das Besorgnis erregende Verhältnis der beiden Weltmächte zueinander auf eine neue Grundlage zu stellen."
"85","1979-02-23","Zeitung","Die Zeit, 23.02.1979","Und tatsächlich weist ein Bericht des Bundesinnenministers darauf hin, daß der bundesdeutsche MfS-Nachwuchs - dem materialistischen Trend der Nation folgend - sich, nicht auf Grund von ""Friedensliebe"" zur Verfügung stellt, sondern für Geld."
"86","1984-09-28","Zeitung","Die Zeit, 28.09.1984","Am Ende, als die NASA nach Houston umzieht, wird für die Helden der Nation ein riesiges Texas-Barbecue veranstaltet."
"87","1982-04-30","Zeitung","Die Zeit, 30.04.1982","Zum Ziel hat er die nationale Verständigung beziehungsweise eine Verhaltensübereinkunft zwischen der Staatsmacht und den gesellschaftlichen, für die Nation repräsentativen Gruppen."
"88","1986-03-21","Zeitung","Die Zeit, 21.03.1986","In einer Volksabstimmung lehnten die Eidgenossen mit 75,7 Prozent der abgegebenen Stimmen eine Vorlage der Regierung ab, den Vereinten Nationen als Vollmitglied beizutreten."
"89","1977-02-18","Zeitung","Die Zeit, 18.02.1977","Sie wird zur Zeit von der Organisation für Afrikanische Einheit und den Vereinten Nationen als einzig legitimierte Vertreterin Namibias anerkannt."
"90","1970-08-14","Zeitung","Die Zeit, 14.08.1970","Die dritte Entwicklung, die nachhaltig auf den Waffenhandel einwirkte, war die Aufsplitterung der Welt, die mit dem Wiener Kongreß von 1815 begann, sich ständig beschleunigte und schließlich rund 130 Nationen entstehen ließ."
"91","1980-08-01","Zeitung","Die Zeit, 01.08.1980","Ich muß Ihnen sagen, es ist viel weniger gefährlich, über die Vereinten Nationen zu schreiben als gegen die Ehe; ich bin mit den Vereinten Nationen nicht verheiratet."
"92","1980-03-14","Zeitung","Die Zeit, 14.03.1980","Manche Spitzenpolitiker der Opposition waren schon auf dem besten Weg dazu; jetzt regt sich nur noch der Troß darüber auf, was bloß aus Deutschland im Jahr 2030 wird, ob die Nation auf 30 Millionen Einwohner geschrumpft und nur noch die Hälfte wert ist."
"93","1973-10-12","Zeitung","Die Zeit, 12.10.1973","Nach Statistiken der amerikanischen Waffenkontroll- und Abrüstungsbehörde gaben 120 Nationen im Jahre 1971 rund 216 Milliarden Dollar für Verteidigungszwecke aus."
"94","1985-04-12","Zeitung","Die Zeit, 12.04.1985","Die inzwischen auf 232 Mitarbeiter aus 14 Nationen angewachsene Mannschaft von Michael Woods ""Gesellschaft"", die ein Gebiet betreut, das sechsmal so groß ist wie die Bundesrepublik, ist immer zur Hilfe bereit."
"95","1974-04-26","Zeitung","Die Zeit, 26.04.1974","Zudem ist der Begriff ""Nation"" ebensowenig eindeutig definiert wie der Begriff ""Freiheit""."
"96","1971-01-15","Zeitung","Die Zeit, 15.01.1971","""Nur eines kann es heute praktisch bedeuten, die Einheit der Nation zu bewahren: ein Minimum von Wechselwirkung innerhalb des Vielfältigen herzustellen, nämlich geregelte Beziehungen zum anderen deutschen Staat, so wie er ist."""
"97","1972-11-03","Zeitung","Die Zeit, 03.11.1972","Sie könnte sich ja auch mit dem bisherigen Status der Bundesrepublik in den Vereinten Nationen begnügen, der ihr auf Dauer nicht zu verwehren ist, und sie mag im übrigen damit rechnen, daß eine ganze Reihe von Drittländern über kurz oder lang die DDR völkerrechtlich anerkennen werden."
"98","1981-04-17","Zeitung","Die Zeit, 17.04.1981","Honeckers Polemik in seiner Parteitagsrede, die Bundesrepublik betreibe eine ""anmaßende Politik"", indem sie beanspruche, für alle Deutschen zu sprechen - offensichtlich gemünzt auf Schmidts engagierte Verteidigung des Begriffs der Nation zwei Tage zuvor -, ist denkbar fehl am Platze."
"99","1972-12-08","Zeitung","Die Zeit, 08.12.1972","Auch hier hat die CSU bei einem Teil der CDU mit ihrem ursprünglichen Wunsch für Argwohn gesorgt, dem neuen Fraktionsvertrag abweichend von der bisherigen Übung einen Passus des Sinnes voranzustellen, daß sich die Deutschlandpolitik der Opposition an dem Recht auf Selbstbestimmung und der Einheit der Nation orientieren und man in der Innen- und zumal der Gesellschaftspolitik auf jedes Liebäugeln mit linken Experimenten verzichten werde."
"100","1978-12-22","Zeitung","Die Zeit, 22.12.1978","Schwerwiegender noch als die außenpolitischen, parteiinternen und wirtschaftlichen Schwierigkeiten ist jedoch das veränderte Bewußtsein in der Nation."
"101","1985-07-05","Zeitung","Die Zeit, 05.07.1985","Andere Regierungen sollen zu ähnlichen Schritten ""ermutigt"", wohl eher: genötigt werden - die Amerikaner bedrohen jene Nationen, deren Fluggesellschaften dem Boykott nicht folgen wollen, ebenfalls mit dem Entzug der Landerechte."
"102","1989-12-15","Zeitung","Die Zeit, 15.12.1989","Die fast völlige Ausrottung der Indianer wie die Unterdrückung der Schwarzen hält er den Amerikanern genauso vor wie ihren fast manischen Hang zur Gewalttätigkeit, die erschreckende Unbildung großer Teile des Bürgertums und gleichzeitig den Hochmut, mit dem diese Nation dem Rest der Welt gegenübertritt."
"103","1982-03-12","Zeitung","Die Zeit, 12.03.1982","Nun fühlten sich die Bastler der Nation aufgerufen, den Trick herauszufinden."
"104","1988-07-15","Zeitung","Die Zeit, 15.07.1988","Kapitän Schuster läßt uns wissen, daß Gäste aus fünf Nationen an Bord sind."
"105","1982-08-20","Zeitung","Die Zeit, 20.08.1982","""Eine Nation, die nicht frei ist, ist mit sich selbst im Krieg."
"106","1979-03-30","Zeitung","Die Zeit, 30.03.1979","Der Kernsatz in seiner ernüchternden Botschaft über den Zustand der Nation lautete:"
"107","1975-09-26","Zeitung","Die Zeit, 26.09.1975","Ein zweites Mal wird Paris einer ähnlichen Erpressung nicht nachgeben können - auch wenn diesmal noch die ganze Nation einmütig Beifall klatschte."
"108","1986-01-03","Zeitung","Die Zeit, 03.01.1986","Ende September verkündete dann der peruanische Präsident Alan Garcia vor den Vereinten Nationen sein Rezept."
"109","1985-04-26","Zeitung","Die Zeit, 26.04.1985","Eben erst beginnt sich die Nation unter Reagan von dieser Schmach zu erholen, und schon werden Dolchstoßlegenden geschmiedet."
"110","1977-10-07","Zeitung","Die Zeit, 07.10.1977","Die Grundrechtskataloge der Vereinten Nationen seien von Regierungen allzuoft mißbraucht worden."
"111","1978-11-10","Zeitung","Die Zeit, 10.11.1978","Der Staat war für sie das Instrument einer fremden Macht, einer Besatzungsmacht; verkörperte nicht die Nation, sondern den Feind der Nation."
"112","1973-01-19","Zeitung","Die Zeit, 19.01.1973","Nation sei ""das von sich selbst wissende Volk""; gleichzeitig aber warnte er vor einem engstirnigen Festhalten an der Nation als dem Höchsten und Letzten, wenn es die Möglichkeit gäbe, in einer mehreren Völkern übergeordneten Völkergemeinschaft zu leben."
"113","1972-06-09","Zeitung","Die Zeit, 09.06.1972","Die Hoffnung, daß unsere Art noch einige Jahrzehnte oder gar Jahrhunderte lang erhalten bleibt, wird um vieles berechtigter sein als bisher, wenn - eine drastische Eindämmung des Bevölkerungswachstums vorausgesetzt - die Vereinten Nationen in Stockholm nur elf der 188 Empfehlungen akzeptieren würden, freilich eine Auswahl-Elf aus dem umfangreichen ""Action Plan for the Human Environment""."
"114","1977-07-01","Zeitung","Die Zeit, 01.07.1977","Sie verwerfen vor allem die wirtschaftlich unsinnige totale Separation, die sofort das spanische Militär auf den Plan rufen würde; die ""Einheit der Nation"" gehört zu den Zusagen, die das Offizierskorps für seine politische Neutralität verlangt hat."
"115","1979-06-08","Zeitung","Die Zeit, 08.06.1979","Jene drei Jahre zwischen Zusammenbruch und Währungsreform, in denen die Nation auf der Strafbank der Geschichte saß, erscheinen im Rückblick als eine äußerst kurze Frist, aber ihre traumatische Nachwirkung ist noch immer spürbar."
"116","1987-01-02","Zeitung","Die Zeit, 02.01.1987","Diese und Hunderte anderer Daten hat jetzt der Frankfurter Umschau-Verlag in einem Buch gesammelt; das ""Faszinierende Zahlen-Mosaik"" (164 Seiten, 19,80 Mark) addierte in allen Winkeln der Nation herum."
"117","1977-05-27","Zeitung","Die Zeit, 27.05.1977","Schon bei der 6. Sonderkonferenz der Vereinten Nationen (Herbst 1975) war das spürbar."
"118","1980-01-04","Zeitung","Die Zeit, 04.01.1980","Doch damit ist das kulinarische Repertoire der großen Nation bei weitem nicht erschöpft - allen Vorurteilen zum Trotz."
"119","1984-07-06","Zeitung","Die Zeit, 06.07.1984","Oberhaupt der Nation of Islam und prominenter Wahlkampfhelfer Jesse Jacksons, über das Judentum"
"120","1982-08-20","Zeitung","Die Zeit, 20.08.1982","Alle Hinweise auf die ""deutsche Nation"", auf ""alle Deutschen"", auf die ""Lebensinteressen der Nation"" im geteilten Deutschland wurden gestrichen."
"121","1970-10-02","Zeitung","Die Zeit, 02.10.1970","[...] Ostblocksportler kassieren von 22 Titeln 15; World-Cup der Hallenhandballer in Frankreich: mit Rumänien, DDR und Jugoslawien drei Ostblockländer, vorn; Weltmeisterschaften der Dressurreiter in Aachen: die Russen sind vorn; Europameisterschaften der Judokas in Ostberlin: 14 Medaillen aus 7 Wettbewerben an die Athleten aus der DDR und der Sowjetunion; Leichtathletik-Europapokale in Budapest und Stockholm: DDR-Amazonen gewinnen, bei den Männern rangieren wieder DDR-Athleten vor den russischen Mitstreitern; Junioren-Europameisterschaften in Paris: die Nachwuchsathleten aus der DDR und der Sowjetunion dominieren; in Kanada bei den Ruderweltmeisterschaften ist die DDR beste Nation; Schwimm-Europameisterschaften in Barcelona: 16mal Gold für die DDR, 5mal Gold für die Sowjetunion, und bei den Weltmeisterschaften der Gewichtheber in Columbus (Ohio) sichern sich die Russen 5 Titel von insgesamt 9; Bei den Fecht-Weltmeisterschaften in Ankara errangen sie - wie im Vorjahr - erneut 5 Goldmedaillen. [...]"
"122","1985-02-22","Zeitung","Die Zeit, 22.02.1985","Im kambodschanischen Dschungel, unweit der Grenze zu Thailand, nahm Prinz Sihanouk, formelles Oberhaupt der von den Vereinten Nationen als legitime Regierung Kambodschas anerkannten widerstands-Koalition gegen die vietnamesische Besatzer, die Beglaubigungsschreiben von vier Botschaftern entgegen."
"123","1982-12-24","Zeitung","Die Zeit, 24.12.1982","Selbst diese Hilfe ist nämlich noch immer dünn gestreut: Obwohl die westlichen Nationen den Ländern der Dritten Welt seit Jahren medizinische und karitative Hilfe anbieten, befindet sich weltweit nur ein Viertel der Leprösen in Behandlung."
"124","1976-10-08","Zeitung","Die Zeit, 08.10.1976","Nachdem die Junta die Möglichkeiten dieses Unterdrückungsmechanismus ausgeschöpft hat, kann sie nur noch auf die absurde Behauptung zurückgreifen, daß ihre Gegner nicht mehr Angehörige der chilenischen Nation seien."
"125","1982-02-19","Zeitung","Die Zeit, 19.02.1982","Da verliert das junge Mädchen mit der fremden Ehe zugleich ihre Zugehörigkeit zur Nation; sie ist keine Japanerin mehr."
"126","1979-06-01","Zeitung","Die Zeit, 01.06.1979","In der philippinischen Hauptstadt Manila tagt die fünfte Welthandelskonferenz der Vereinten Nationen."
"127","1981-08-14","Zeitung","Die Zeit, 14.08.1981","Die Obrigkeit übernahm die Gründung und die Verteidigung der Nation."
"128","1979-10-12","Zeitung","Die Zeit, 12.10.1979","""Als Nation werden wir tot sein - eine jener galvanisierten Leichen, wie sie zu Hunderten in der Geschichte herumliegen. -"
"129","1988-12-16","Zeitung","Die Zeit, 16.12.1988","Die Mehrheit sucht seit Juni dieses Jahres der staunenden Nation ein peinliches Politspektakel zu erklären, bei dem statt einer Klärung bisher fast täglich neue Skandale ans Licht gebracht werden."
"130","1982-09-17","Zeitung","Die Zeit, 17.09.1982","Die französische Nation hat in der Gegenwart ihre Identität gefunden."
"131","1985-08-02","Zeitung","Die Zeit, 02.08.1985","Die Gründer hatten ihr Center den Vereinten Nationen als Sitz angeboten, wegen der Abgelegenheit wurde es nicht angenommen."
"132","1975-12-12","Zeitung","Die Zeit, 12.12.1975","- Die Unabhängigkeits-Erklärung - unverbindlich für Ende März 1976 anvisiert - werde Makarios zwingen, endlich der Enosis (dem Anschluß an Griechenland) offiziell abzuschwören und mit den Türken auf der Basis der Gleichberechtigung zu verhandeln, ohne Einschaltung der Vereinten Nationen."
"133","1989-06-16","Zeitung","Die Zeit, 16.06.1989","Dann war die Lage der Nation und die Lage der Soziologie dran."
"134","1975-01-31","Zeitung","Die Zeit, 31.01.1975","Die Rennstrecke dieses grand national nun unter Zeitdruck zu absolvieren, entbehrt nicht der Finessen, wie sie eine sportbegeisterte Nation liebt."
"135","1984-09-07","Zeitung","Die Zeit, 07.09.1984","Auch die Nation stand auf dem Spiel, mitten im Krieg."
"136","1979-07-20","Zeitung","Die Zeit, 20.07.1979","Stalins Politik setzte sich durch, und nachdem Trotzki geschlagen war, war es nur eine Frage der Zeit und der geschickten Taktik, bis Trotzki als erster Sündenbock verdammt werden konnte - während Stalin zum unangefochtenen Lenker und Retter der Nation aufstieg."
"137","1973-09-21","Zeitung","Die Zeit, 21.09.1973","Als der sowjetische Chefdelegierte Malik schriftlich akzeptiert hatte, war der Weg in die Vereinten Nationen freigelegt worden, wobei freilich nicht ein für allemal ausgeschlossen werden, kann, daß es um West-Berlin in New York dann und wann auf Geheiß der DDR doch zu Reibereien kommen wird."
"138","1989-02-03","Zeitung","Die Zeit, 03.02.1989","Wenn aber die kleineren europäischen Nationen mit der Stabilitätspolitik wirklich Ernst machen, und danach sieht es im Moment aus, dann sollten von der Währungsseite her keine allzu großen Gefahren drohen, zumal die derzeitigen Zinsdifferenzen hoch sind."
"139","1987-11-13","Zeitung","Die Zeit, 13.11.1987","Oh, französische Nation!"
"140","1984-06-08","Zeitung","Die Zeit, 08.06.1984","Die Vereinten Nationen zum Beispiel vermitteln auch dem radikalsozialistischen Regime wichtige amerikanische Satellitenaufnahmen."
"141","1978-12-01","Zeitung","Die Zeit, 01.12.1978","Vor acht Jahren hatte er in einer Broschüre mit dem angemessen kalauernden Untertitel ""Bericht zur Klage der Nation"" schon einmal derlei Weisheiten feilgeboten."
"142","1973-08-24","Zeitung","Die Zeit, 24.08.1973","Sie gewannen diesen Preis der Nationen für Hochseesegler, einen Mannschaftswettbewerb mit jeweils drei gemeinsam gewerteten Schiffen, vor Australien, Großbritannien und den USA und einem Dutzend anderen."
"143","1985-11-29","Zeitung","Die Zeit, 29.11.1985","Sommer: Wir wollen uns nichts vormachen - das Hitler-Deutschland hat über Europa und die Welt mehr Verwüstungen, Grausamkeit und Verbrechen gebracht als irgendeine andere Nation in der vorangegangenen Geschichte."
"144","1988-10-21","Zeitung","Die Zeit, 21.10.1988","Man identifziert sich vielmehr mit dem Symbol einer historisch gewachsenen und wieder geteilten kulturellen Einheit, die mit dem Begriff ""Nation"" bezeichnet wird."
"145","1984-08-10","Zeitung","Die Zeit, 10.08.1984","Wen es wundert, daß die ""Dreckschleuder der Nation"" nun auch noch mit öffentlichen Mitteln ""salonfähig"" gemacht wird, der muß sich daran erinnern Hasen, daß die BKB einen Rechtsanspruch auf Betriebsgenehmigung für Buschhaus mit Salzkohle und ohne Rauchgas-Entschwefelungsanlage hatten."
"146","1987-02-06","Zeitung","Die Zeit, 06.02.1987","Worauf das praktisch hinausläuft, hat die (schließlich wieder abgeblasene) Film-Rückrufaktion von Inter Nationes gezeigt."
"147","1977-11-11","Zeitung","Die Zeit, 11.11.1977","Unentwegt tun der amerikanische Vizepräsident, der Außenminister, der Botschafter bei den Vereinten Nationen kund, daß ihr Ziel die ""volle politische Mitwirkung aller Südafrikaner"" sei."
"148","1972-10-13","Zeitung","Die Zeit, 13.10.1972","Wir sind den Obrigkeitsstaat losgeworden und die geschichtlichen Lehren des Obrigkeitsstaates: die Leistungen der Könige und Helden, Nation oder Vaterland als Fetisch, die Verherrlichung des Krieges, des Machtstaates und so fort."
"149","1987-06-26","Zeitung","Die Zeit, 26.06.1987","Die ""Nation"" hat dem Südtiroler nie etwas gesagt."
"150","1977-02-11","Zeitung","Die Zeit, 11.02.1977","Nation, nicht nur Region"
"151","1973-11-23","Zeitung","Die Zeit, 23.11.1973","Während der Revolutionszeit gab es einen langjährigen Streit über den Antrag, Descartes zu den Großen der Nation zu legen, ins ""Pantheon français""."
"152","1982-03-19","Zeitung","Die Zeit, 19.03.1982","Aber daß die Nation nicht an fünfter, sechster oder achter Stelle steht, sondern an zweiter oder vielleicht an dritter - man kann darüber streiten, ob die Ideologie, die unterschiedlichen Weltanschauungen oder die Nation höherwertig sein muß -, gehört zu dem eigenen Wohlbefinden, der eigenen Orientierung dazu."
"153","1984-11-02","Zeitung","Die Zeit, 02.11.1984","Es gibt heute auf der Welt mindestens hundert neue Nationen, die vor dem gleichen Problem stehen."
"154","1976-10-08","Zeitung","Die Zeit, 08.10.1976","Wie das angesichts der Machtverhältnisse in den Vereinten Nationen geschehen soll, blieb auch diesmal offen."
"155","1982-03-26","Zeitung","Die Zeit, 26.03.1982","Musik, die ja gerade in Amerika einen noch größeren Anteil an der ""öffentlichen"" Musik besitzt, haben hier eine Chance, an sich zu arbeiten, noch werden jene Leute praktisch ausgebildet (will sagen: im ästhetischen Anspruch ein bißchen aufgerüstet), die später für die musikalische Versorgung der Nation durch Funk- oder Plattenproduktion zuständig sein werden."
"156","1988-03-11","Zeitung","Die Zeit, 11.03.1988","""Er ist bei uns sicher"", versprach sie immer wieder einer mißtrauischen Nation."
"157","1972-10-20","Zeitung","Die Zeit, 20.10.1972","Wie alle gesellschaftlichen Kategorien, so sei auch der Begriff der Nation nicht zeitlos und nicht unabhängig von konkreten gesellschaftlichen Zuständen."
"158","1970-07-03","Zeitung","Die Zeit, 03.07.1970","Wenn die am Dienstag dieser Woche in Luxemburg eröffneten Verhandlungen über die Erweiterung der EWG um Großbritannien und Irland, Norwegen und Dänemark in den nächsten anderthalb Jahren zu einem erfolgreichen Abschluß führen, dann werden dem Gemeinsamen Markt künftig zehn Nationen mit 250 Millionen Europäern angehören."
"159","1982-03-19","Zeitung","Die Zeit, 19.03.1982","Es ist überhaupt kein Zweifel, daß die Nation als Vorstellung und Wille und als Identifizierungskörper wieder ins politische Bewußtsein rückt Man kann sie auf Dauer nicht verdrängen."
"160","1985-07-12","Zeitung","Die Zeit, 12.07.1985","Deshalb war die Nation geschockt, als am 29. August 1949 die Sowjets ihre erste Atombombe zündeten."
"161","1980-07-11","Zeitung","Die Zeit, 11.07.1980","Nach der Abstimmung in den Vereinten Nationen 1947, in der sowohl der kommunistische Block wie die demokratischen Staaten für die Teilung Palästinas und die Gründung eines jüdischen Staates stimmten, schlug ich Ben Gurion vor, die Proklamierung des Staates um einige Wochen zu verschieben, um so zu versuchen, mit den Arabern zu einer Verständigung zu kommen, weil es Anzeichen gab, daß Ägypten vielleicht bereit gewesen wäre, diskret mit uns über einen , Kompromiß zu verhandeln."
"162","1970-11-06","Zeitung","Die Zeit, 06.11.1970","Jahrein, jahraus treffen sich in der Salla Bianca des Palazzo Pitti Einkäufer der Konzerne und Mitarbeiter der Textilindustrie und großer Modehäuser, und diesmal 260 Journalisten aus zwanzig Nationen."
"163","1979-05-25","Zeitung","Die Zeit, 25.05.1979","Poliakov spricht von Polen als ""unabhängigem jüdischen Zentrum"", von den Juden dort als ""eigenständiger Nation""."
"164","1988-10-28","Zeitung","Die Zeit, 28.10.1988","Indiens Politiker freilich sprechen, weil es sich für die führende blockfreie Nation so gehört, viel von Abrüstung."
"165","1977-04-29","Zeitung","Die Zeit, 29.04.1977","Eine Nation ist eben dann auf dem geradesten Weg in die Sklaverei, wenn sie die Spontaneität der politischen Bewußtseinsbildung, die jedermanns Sache ist, an jene elitären ""Ingenieure der Seele"" delegiert, die für alle anderen Staatsbürger denken wollen."
"166","1978-10-27","Zeitung","Die Zeit, 27.10.1978","Da nun aber doch, so wie es sich Pretoria vorstellt, im Dezember gewählt wird, die von den Vereinten Nationen überwachten Wahlen jedoch erst im nächsten Sommer stattfinden sollen, ist eine sowjetischkubanische Intervention zugunsten der Swapo-Partisanen wieder wahrscheinlicher geworden."
"167","1971-09-24","Zeitung","Die Zeit, 24.09.1971","""Vergessen wir nicht, daß wir in Essen gegen Mannschaften gespielt haben, die in Mexiko bei den Olympischen Spielen zu den acht besten Nationen gezählt haben."
"168","1984-11-30","Zeitung","Die Zeit, 30.11.1984","Für mich sind die Deutschen eine andere Nation geworden."
"169","1986-01-31","Zeitung","Die Zeit, 31.01.1986","Adenauers große Begabung lag in der schnellen Reaktion auf Stimmungen in der Nation."
"170","1972-02-25","Zeitung","Die Zeit, 25.02.1972","Eben noch zählten sich die Österreicher stolz zur deutschen Nation, jetzt wollen sie eine eigene Nation sein."
"171","1985-08-30","Zeitung","Die Zeit, 30.08.1985","Ich würde Nation sogar so definieren."
"172","1980-01-18","Zeitung","Die Zeit, 18.01.1980","Nie wird er somit bei aller Verwurzelung in einer bestimmten Ortskirche seine Theologie an eine bestimmte Nation, Kultur, Rasse, Klasse, Gesellschaftsform, Weltanschauung, Schule binden."
"173","1979-04-20","Zeitung","Die Zeit, 20.04.1979","Wer Solidarität von den Industriestaaten erwarte, dürfe sie nicht in den Vereinten Nationen als Rassisten oder Neokolonialisten verurteilen:"
"174","1980-05-02","Zeitung","Die Zeit, 02.05.1980","An den großen Botschaften(USA, UdSSR, Großbritannien usw.), wo andere Nationen mit einem Generalmajor aufwarten, wird es bei den Deutschen nur den kleinen General (Brigadegeneral) geben, und an den kleinen Botschaften werden die Attachés über den Rang eines Oberstleutnant nicht hinauskommen-"
"175","1988-07-15","Zeitung","Die Zeit, 15.07.1988","Wir treten heute in eine neue Phase des politischen Lebens der Nation mit einer Mehrheitspartei und einer scharfen Konkurrenz durch die Opposition ein."""
"176","1972-09-22","Zeitung","Die Zeit, 22.09.1972","""Wir befinden uns jetzt am Ende einer Periode, in der allein die militärische Sicherheit das Verhältnis unter den westlichen Nationen, zementierte."
"177","1972-02-11","Zeitung","Die Zeit, 11.02.1972","in Vietnam Krieg führen, anderen Staaten militärische Hilfe gewähren, arme Nationen entwickeln helfen."
"178","1972-10-20","Zeitung","Die Zeit, 20.10.1972","""25 Jahre nach der bedingungslosen Kapitulation des Hitler-Reiches bildet der Begriff der Nation das Band um das gespaltene Deutschland."
"179","1982-08-20","Zeitung","Die Zeit, 20.08.1982","Die Schwierigkeiten beginnen dort, wo sich aus den allgemeinen Feststellungen konkrete Forderungen an bestimmte Nationen richten."
"180","1972-10-13","Zeitung","Die Zeit, 13.10.1972","Erstens müssen Vereinbarungen in Europa zwischen Ost und West zu einer dauerhaften Kommunikationsfreiheit führen, die sich der normalen geistigen und personellen Freizügigkeit unter den Nationen annähert."
"181","1971-06-18","Zeitung","Die Zeit, 18.06.1971","Das ganze riesige Interesse, das den Fußball zu einem Millionengeschäft und - etwa bei Weltmeisterschaften - zur heiligen Kuh der halben Nation macht, lebt von dem Glauben daran, daß es sich um einen miterlebbaren und nachvollziehbaren Leistungswettbewerb handelt; daß es in der Welt des Sports keine Fragwürdigkeiten und keine Manipulationen gibt; daß dort, und vielleicht nur dort, die wahre Leistung noch meßbar ist."
"182","1976-03-05","Zeitung","Die Zeit, 05.03.1976","Für alle, die mit am Ort waren, meint Binder, sei dieses Treffen der Beginn einer neuen Phase in der Geschichte der deutschen Nation gewesen; im Rückblick erscheine Erfurt als der Augenblick, in dem alles zusammenkam, wofür Brandt eintrat und arbeitete."
"183","1972-10-27","Zeitung","Die Zeit, 27.10.1972","Die Westmächte sind anscheinend der Auffassung, daß durch die Ausdehnung der Verhandlungen auf die Frage der Einbeziehung Berlins in die Vertretung der deutschen Staaten bei den Vereinten Nationen jetzt unnötige Komplikationen eintreten könnten."
"184","1981-11-20","Zeitung","Die Zeit, 20.11.1981","Und schon präpariert der zum Pessimismus nicht eben neigende Wirtschaftsminister Graf Lambsdorff die Nation, daß nächstes Jahr zwei Millionen auf der Straße stehen könnten."
"185","1985-08-30","Zeitung","Die Zeit, 30.08.1985","Der Begriff Nation kam im späten 18. Jahrhundert auf."
"186","1982-08-13","Zeitung","Die Zeit, 13.08.1982","Sie seien vielmehr eine Rückkehr zu den grundlegenden Einsichten, die schon Adam Smith in seinem Buch ""Vom Reichtum der Nationen"" niedergelegt habe."
"187","1988-08-12","Zeitung","Die Zeit, 12.08.1988","Vermittlungserfolge der Vereinten Nationen"
"188","1976-07-23","Zeitung","Die Zeit, 23.07.1976","Im Zusammenhang mit dieser Frage und dem Einmarsch von nur 94 der ursprünglich 110 vorgesehenen Nationen bei der Eröffnungsfeier - ein Teil der afrikanischen Staaten hatte aus Protest gegen die Teilnahme Neuseelands, das eine Rugby-Mannschaft nach Südafrika geschickt hatte, so gehandelt - legt Berthold Beitz seine Vorstellungen von den Prinzipien des IOC dar."
"189","1973-06-29","Zeitung","Die Zeit, 29.06.1973","Und nachdem einmal ""die verspätete Nation"" ihre geschichtliche Revolutionsmöglichkeit unwiderbringlich versäumt hat, scheint ihr gebrochenes politisches Selbstbewußtsein nur immer, unter wechselnden Vorzeichen, die - freilich alles andere als harmlose - Farce der Antibürgerlichkeit zu reproduzieren."
"190","1971-01-15","Zeitung","Die Zeit, 15.01.1971","Doch haben sie, bei aller Fachbezogenheit, teil am kollektiven Unbewußten ihrer Nationen."
"191","1984-12-07","Zeitung","Die Zeit, 07.12.1984","In einem neuen Buch ließ der Chemiker und Autor der Umweltbestseller ""Seveso ist überall"" und ""Die Lage der Nation"" nochmals Experten zum Thema Tempolimit Stellung nehmen: den Biologen und nordrhein-westfälischen Umweltbeamten Bernhard Prinz, den Chemiker Ulrich Höpfner vom Heidelberger Institut für Energie- und Umweltforschung, den ehemaligen geschäftsführenden Direktor der Siemens-Tochter Interatom, Klaus Traube (er lehrt jetzt an der Technischen Universität Berlin), Fiat-Chef Giovanni Agnelli und BMW-Vorstand Eberhard von Kuenheim."
"192","1972-06-16","Zeitung","Die Zeit, 16.06.1972","Nicht die Delegierung europäischer Interessen auf die einzelnen Nationen, nur der Verzicht der Nationen auf Einzelinteressen zugunsten der Gemeinschaft verspricht Westeuropa eine Zukunft."
"193","1974-01-04","Zeitung","Die Zeit, 04.01.1974","Im Dezember 1948 verabschiedete die Generalversammlung der Vereinten Nationen in Paris die ""Allgemeine Erklärung der Menschenrechte""."
"194","1988-06-03","Zeitung","Die Zeit, 03.06.1988","Einen Auftrieb versprach sich die ungarische Nation 1918 von der Wiederherstellung ihrer Souveränität - nach nahezu 400 Jahren."
"195","1974-10-04","Zeitung","Die Zeit, 04.10.1974","An der inzwischen sprichwörtlichen Bonner Knausrigkeit lief die EG-Kommission auch mit ihrem Vorschlag auf, sich gemeinschaftlich am Hilfsfonds der Vereinten Nationen für die von der Erdölkrise besonders hart getroffenen Entwicklungsländer zu beteiligen."
"196","1970-10-23","Zeitung","Die Zeit, 23.10.1970","Die schwerste weltpolitische Krise seit der Gründung der Vereinten Nationen, die durch die Installierung sowjetischer Raketen auf Kuba im Herbst 1962 bis hart an einen militärischen Zusammenstoß zwischen den beiden Supermächten geführt hatte, wurde durch Kennedys Blockade, nicht durch eine Initiative der UN überwunden."
"197","1982-10-29","Zeitung","Die Zeit, 29.10.1982","""Alle Religionen, die das Gute, anstreben, stehen auf der himmlischen Seite... Deshalb standen im Ersten Weltkrieg die führenden alliierten Nationen England, Amerika, Frankreich und Rußland - christliche Nationen - auf der himmlischen Seite."
"198","1980-02-22","Zeitung","Die Zeit, 22.02.1980","Die Persönlichkeiten aus Politik, Wirtschaft und Wissenschaft der arabischen Nationen geben sich deshalb neuerdings die Klinke in die Hand."
"199","1978-06-30","Zeitung","Die Zeit, 30.06.1978","Zwei Namen verkörpern Glanz und Elend der kroatischen Nation: Josip Broz, der Welt unter seinem Kriegsnamen Tito bekannt, ist ihr Juwel; der andere, Hitlers Verbündeter, der Ustascha-Chef Ante PaveliÄ, gilt als ihr Auswurf."
"200","1977-11-25","Zeitung","Die Zeit, 25.11.1977","""Wir stehen zu unserer Verantwortung, aber wir verwahren uns gegen die Versuche einiger Leute, uns zum Schuhabstreifer der Nation zu machen."""
"201","1985-12-13","Zeitung","Die Zeit, 13.12.1985","Seither organisierten die Chinesen verschiedene Umwelt-Tagungen und gründeten vier Fachmagazine für Ökologie. Se beteiligen sich heute auch an den großen Umweltprogrammen der Vereinten Nationen."
"202","1982-04-16","Zeitung","Die Zeit, 16.04.1982","Pym versprach ""maximale diplomatische Aktivität"", während die Flotte in den Südatlantik dampfte, und kam immer wieder auf die Mobilisierung der Weltmeinung zurück, nachdem der Sicherheitsrat der Vereinten Nationen die Argentinier schon zum Abzug aufgefordert hatte."
"203","1984-11-23","Zeitung","Die Zeit, 23.11.1984","Neun Jahre ist über die Seerechtskonvention der Vereinten Nationen verhandelt worden, seit zwei Jahren ist der Text fertig."
"204","1985-01-04","Zeitung","Die Zeit, 04.01.1985","Zu dem einmaligen Ereignis werden Mannschaften aus 50 Nationen erwartet, die sich - wenn sie nicht gerade untereinander Erkenntnisse austauschen - beim Langlauf und in der Abfahrt messen."
"205","1983-06-24","Zeitung","Die Zeit, 24.06.1983","Wenn das Parlament hier die Chance verpassen würde, sich als Forum der Nation zu präsentieren - und damit übrigens auch die Grünen gerade durch die Auseinandersetzung mit ihrem Widerspruch zu integrieren - entmachtete es sich selber."
"206","1970-05-15","Zeitung","Die Zeit, 15.05.1970","Fazit: Die Frage einer Aufnahme von Bundesrepublik und DDR in die Vereinten Nationen, wenn beide Staaten sie wünschen sollten, müßte politisch gelöst werden."
"207","1970-07-10","Zeitung","Die Zeit, 10.07.1970","ZEIT: Kann die Sowjetunion auf Grund von Artikel 53 und Artikel 107 der Charta der Vereinten Nationen in der Bundesrepublik intervenieren und unter welchen Umständen?"
"208","1972-10-20","Zeitung","Die Zeit, 20.10.1972","Die Bundesregierung handelt also richtig, wenn sie die DDR auf die früher von ihr selbst benutzte Formel der deutschen Nation zu verpflichten sucht, denn nur von daher lassen sich besondere Beziehungen zwischen den beiden deutschen Staaten rechtfertigen, nur so die Wiedervereinigung als ein, wenn auch weit entrücktes, politisches Ziel aufrechterhalten."
"209","1978-10-20","Zeitung","Die Zeit, 20.10.1978","Aus der relativen Geborgenheit einer Nation und Gesellschaft, die auch im 34. Jahr kommunistischer Regierung kirchentreu geblieben ist, tritt er an die Spitze einer weltweiten Glaubensgemeinschaft, welche diesseits all ihrer dogmatischen Verankerungen in die Strudel von Menschheitskrisen geriet, in denen viele ihrer herkömmlichen geistlichen Steuerungen versagen."
"210","1973-11-02","Zeitung","Die Zeit, 02.11.1973","Israels Absicht war, die jungen Staaten in ihren wirtschaftlichen Nöten zu unterstützen und dafür deren Hilfe in den eigenen politischen Schwierigkeiten zu erhalten: die Währung, mit der Schwarzafrika zahlte, sollten seine Stimmen in den Vereinten Nationen zugunsten Israels sein."
"211","1970-08-07","Zeitung","Die Zeit, 07.08.1970","Für die jungen Ostdeutschen, mit denen ich zusammenkam und deren Aussagen ich in dieser Frage besonderes Gewicht beimesse, gab es kein Zurück mehr zur gesamtdeutschen Nation als einer einheitlichen politischen Institution."
"212","1972-06-16","Zeitung","Die Zeit, 16.06.1972","Die angepeilten Umweltaktionen der Vereinten Nationen erfordern allein in den nächsten fünf Jahren über eine halbe Milliarde Mark."
"213","1977-01-28","Zeitung","Die Zeit, 28.01.1977","Vielleicht werden: Sie dann ja die gleichen Bedingungen stellen, aber das Wort dieser anderen Nationen braucht nicht von gleicher Verläßlichkeit zu sein."
"214","1988-10-14","Zeitung","Die Zeit, 14.10.1988","Kultur im Jahr 1928: Damals hatte das viel mit Nationen, Seele und Identität zu tun."
"215","1985-01-11","Zeitung","Die Zeit, 11.01.1985","Doch am ersten Morgen danach floh er vor ihnen durch die Garage des Hotels Intercontinental geradewegs in die sowjetische Mission nahe dem Genfer Palast der Nationen."
"216","1984-02-24","Zeitung","Die Zeit, 24.02.1984","Verstärkte Subventionen für die Ausfuhr und barsche Urteile über die Exportpraxis anderer Nationen gehören zu einem Repertoire, das die Wähler in Amerika heute anscheinend gern hören."
"217","1970-11-13","Zeitung","Die Zeit, 13.11.1970","Nixon war deshalb 1968 erfolgreich, weil er versprach, die Nation zu einen und den von Lyndon Johnson geschaffenen Zwiespalt zu überwinden."
"218","1983-01-28","Zeitung","Die Zeit, 28.01.1983","Ich glaube, daß die politische Verführbarkeit unserer Nation besonders groß ist; wenn man mal das ganze Vorfeld von Hitler betrachtet und sich mal ein bißchen damit beschäftigt... Erst mal dieser ganze Antisemitismus von Österreich her und auch die Politik von Bismarck bis zu Friedrich dem Großen:"
"219","1975-03-21","Zeitung","Die Zeit, 21.03.1975","In der anderen Ecke drängte sich die Masse vor wenigen mit Schwingtürchen versehenen Kästen, in denen heitere, wenn auch ungerührte Vertreterinnen der Einreisebehörde saßen: Sie vernahmen - Klappe auf, Klappe zu - die Ankömmlinge einzeln, als seien diese nach London in England und nicht nach Nassau auf den Bahamas geflogen, zu einem Staat, der zwar noch zum Commonwealth gehört, jedoch seit 1973 eine selbständige Nation ist."
"220","1975-11-21","Zeitung","Die Zeit, 21.11.1975","Die Vereinten Nationen, so argumentierte der amerikanische Professor D. P. Moynihan, haben sich zu einer Organisation entwickelt, in der die Vereinigten Staaten nicht mehr gewinnen können."
"221","1972-10-20","Zeitung","Die Zeit, 20.10.1972","Auf die These vom Fortbestand der deutschen Nation stützt die Bundesregierung ihre politische Absicht, mittels der Normalisierung und Formalisierung der Beziehungen zwischen den beiden deutschen Staaten den Zusammenhalt der Nation fördern zu wollen, hatte sich doch gezeigt, daß die alte Deutschlandpolitik der Negierung und Nichtanerkennung der DDR das Band nationaler Zusammengehörigkeit der Deutschen in Ost und West erst recht zu zerschneiden drohte."
"222","1986-07-11","Zeitung","Die Zeit, 11.07.1986","Interesse bleibt wach an der ""schweren"" Sprache und an einer halbierten Nation, die darunter doppelt leidet."
"223","1972-06-02","Zeitung","Die Zeit, 02.06.1972","Solange die Regierungen, die Parteien und die herrschenden gesellschaftlichen Kräfte in stillschweigender Komplicenschaft daran interessiert sind, die politischen Fundamentalfragen zu unterdrücken, ist Umwelt-Politik auch im europäischen Rahmen oder auf der Weltbühne der Vereinten Nationen zum Scheitern verurteilt."
"224","1978-04-14","Zeitung","Die Zeit, 14.04.1978","Seine Lieblingslektüre waren die 007-Romane von Ian Fleming, und eine ganze Nation hielt ihn für kunstsinnig; Jackie Kennedy trug die aus den Hollywood-Filmen der 40er Jahre so beliebten ellenbogenlangen Handschuhe und schulterfreien Abendkleider, und eine ganze Nation hielt sie für elegant."
"225","1979-08-10","Zeitung","Die Zeit, 10.08.1979","Sie wird als Staat nicht mehr in Frage gestellt, sondern ist von aller Welt anerkannt und in die Vereinten Nationen aufgenommen."
"226","1977-01-14","Zeitung","Die Zeit, 14.01.1977","Die Weltbevölkerung hat wesentlich langsamer zugenommen, als die Statistiker der Vereinten Nationen errechnet hatten."
"227","1980-02-29","Zeitung","Die Zeit, 29.02.1980","In Ländern, deren innere Stabilität keineswegs vorausgesetzt werden darf, sind ausländische Truppen stets ein Faktor weiterer Verunsicherung, ein - Stein des Anstoßes für die Sittenwächter der Nation und ein Angriffspunkt für Regimegegner."
"228","1985-10-04","Zeitung","Die Zeit, 04.10.1985","Erst wenn sich die Erkenntnis durchsetzen sollte, daß es hier nicht um elitären Luxus geht, sondern um das kulturelle Erbe und damit die kulturelle Zukunft einer Nation, könnte ein Wandel eintreten."
"229","1989-05-26","Zeitung","Die Zeit, 26.05.1989","Anfang November starben die ersten Prominenten der Revolution selber unter dem ""Rasiermesserchen der Nation"": Philippe figalite (der Herzog von Orleans und Mitglied des Konvents), Madame Manon Roland, die früher als geheime Führerin der Gironde galt, der Astronom Jean-Sylvain Bailly, der einmal Präsident der Nationalversammlung war."
"230","1987-05-22","Zeitung","Die Zeit, 22.05.1987","Sie wollten aus dem losen Verbund von nahezu unabhängigen Kleinstaaten eine Nation schmieden."
"231","1986-09-12","Zeitung","Die Zeit, 12.09.1986","Kaum hatte der brasilianische Präsident im Februar dieses Jahres sein Antiinflationsprogramm in einer Rede an die Nation verkündet und seine Landsleute aufgefordert, ""machen wir Schluß mit der Preistreiberei"", da begann geradezu eine Massenbewegung."
"232","1974-03-22","Zeitung","Die Zeit, 22.03.1974","Doch wer heute das Wehklagen im Unternehmerlager beobachtet, muß fast den Eindruck gewinnen, das ganze Unglück sei über Nacht über diese bedauernswerte Gruppe hereingebrochen, die sich gern selber als ""Prügelknaben der Nation"" bemitleidet."
"233","1978-11-10","Zeitung","Die Zeit, 10.11.1978","Rasch entwickelte sich Polen zu einer modernen Nation."
"234","1974-11-29","Zeitung","Die Zeit, 29.11.1974","Aber im Wahlkampf warnte er plötzlich vor ""Druck"", vor ""unangebrachten, verfrühten oder unklugen Veränderungen im politischen Rahmen der Nation""."
"235","1985-05-10","Zeitung","Die Zeit, 10.05.1985","Raus aus der Verantwortung der geteilten Nation für den Frieden, wäre man endlich weit weg, weltraumweit weg vom 8. Mai '45."
"236","1984-10-26","Zeitung","Die Zeit, 26.10.1984","Die Bemühungen Stones um eine Vereinheitlichung der Rechensysteme werden auch heute in den entsprechenden Kommissionen der Vereinten Nationen und der Europäischen Gemeinschaft fortgesetzt."
"237","1980-11-28","Zeitung","Die Zeit, 28.11.1980","Amerikas Ostküsten-Establishnent bereichert die Nation mit Charme und Geist aber in Washington regierteine neue Führungsschicht"
"238","1979-03-16","Zeitung","Die Zeit, 16.03.1979","Die Andersdenkenden sollen Feinde der Nation heißen und wären sie zwei Drittel der Nation"
"239","1972-06-23","Zeitung","Die Zeit, 23.06.1972","Adolf Hitler habe es fertiggebracht, ""daß sogar der vollständig entwurzelte Arbeitslose sein proletarisches Schicksal, statt wie bisher im Klassenressentiment zu kompensieren, würdig als nationales Schicksal ertragen kann, da er durch die Glaubenskraft seines 'Heil-Hitler'-Rufes sowie in der Erfahrung seiner Gruppe durch die Nation getragen wird""."
"240","1989-06-16","Zeitung","Die Zeit, 16.06.1989","Eine Nation ist eine Nation, sie ist weder kapitalistisch noch sozialistisch, ebensowenig wie Kunst kapitalistisch oder sozialistisch sein kann, ebensowenig wie es einen kapitalistischen oder sozialistischen homo sapiens gibt."
"241","1975-08-29","Zeitung","Die Zeit, 29.08.1975","Zweimal in der Woche bemühte der portugiesische Außenminister Mario Ruivo die Vereinten Nationen, da die Kolonialverwaltung in Timor nicht mehr Herr der Lage ist."
"242","1984-11-16","Zeitung","Die Zeit, 16.11.1984","Aber die große Bühne der Nation, wo Minister und Wirtschaftskapitäne, Kanzler und Exkanzler vor überfülltem Saal Rede und Antwort stehen mußten, wo der letzte Akt des Dramas von Rainer Barzel inszeniert wurde - das wird der Ausschuß nicht mehr sein."
"243","1985-03-22","Zeitung","Die Zeit, 22.03.1985","""Wir müssen ständig schieben, um die Räder der Nation in Bewegung zu halten."""
"244","1982-01-15","Zeitung","Die Zeit, 15.01.1982","Das kann man auch in gewachseneren Staatswesen nur mit Mühe durchstehen; für die Bundesrepublik, für den jungen Staat einer geteilten Nation, der noch jünger ist als das Atomzeitalter, der zudem an der Schnittlinie zwischen Ost und West gelegen ist, wäre es ein Schlag, von dem wir uns nur sehr langsam erholen würden."
"245","1972-07-07","Zeitung","Die Zeit, 07.07.1972","Die Verleihe halten zurück, was immer auch nur den geringsten Erfolg verspricht; die Nation, so argumentieren sie, werde nach München streben oder zumindest per TV dort verweilen."
"246","1987-02-06","Zeitung","Die Zeit, 06.02.1987","Es gehört durchaus zur historischen Identität der deutschen Historiker, daß sie in bestimmten Phasen plötzlich die Lust an der disziplinierten Arbeit verlieren und in öffentlichen Erklärungen quasi als Experten der Nation auftreten."
"247","1979-09-14","Zeitung","Die Zeit, 14.09.1979","""Noch niemals in der Geschichte hat eine Nation in allen entscheidenden Waffenkategorien die Überlegenheit erlangt, ohne irgendwann zu versuchen, sie zu ihrem außenpolitischen Vorteil auszuschlachten."""
"248","1970-02-20","Zeitung","Die Zeit, 20.02.1970","Die Vereinten Nationen wollen einen erneuten Versuch unternehmen, die sich weiter zuspitzende Situation im Nahen Osten zu entspannen."
"249","1981-05-01","Zeitung","Die Zeit, 01.05.1981","""Ehrgeiz"", sagt der amerikanische Kulturkritiker Joseph Epstein, ""ist die geheime Leidenschaft der Nation."""
"250","1982-06-04","Zeitung","Die Zeit, 04.06.1982","Nicht nur forderte er am Pfingstmontag die Nation auf, ""unseren Freunden zuzuhören, mit ihnen zusammenzuarbeiten und die gemeinsamen Bindungen zu verstärken"", sondern Ronald Reagan 1982 ermahnte auch seinen Vorgänger, Ronald Reagan 1981:"
"251","1982-01-01","Zeitung","Die Zeit, 01.01.1982","Die Hoffnung des konservativen Amerika, daß die moralische und geistige Überlegenheit der Nation, einmal im Weißen Haus installiert, realpolitisch greifbar werde, hat sich nicht erfüllt."
"252","1982-05-07","Zeitung","Die Zeit, 07.05.1982","Inzwischen richtet sich die einzige Hoffnung auf eine diplomatische Beilegung, und sie ist leider schwach, auf die Vereinten Nationen."
"253","1985-11-29","Zeitung","Die Zeit, 29.11.1985","""Jede Nation soll wissen, daß wir jeden Preis bezahlen, jede Bürde tragen, jede Entbehrung auf uns nehmen, jeden Freund unterstützen, aber auch jedem Feind die Stirne bieten werden, wenn es gilt, Fortbestand und Erfolg der Freiheit zu sichern."""
"254","1989-09-29","Zeitung","Die Zeit, 29.09.1989","Es mag sogar die Zeit kommen, in der sich alle großen Nationen der Welt darauf einigen, auf Militärhilfe aufgrund ihrer selbstzerstörerischen Wirkung zu verzichten und sich zur Bekämpfung des Terrorismus zusammenzuschließen - genauso wie sich Nationen des 19. Jahrhunderts im Jahre 1857 im Vertrag von London zur Bekämpfung der Piraterie auf See zusammenschlössen, und genauso wie sie sich in den fünfziger Jahren - zumindest stillschweigend - dazu verabredeten, Flugzeugentführungen - Luftpiraterie - nicht zu dulden."
"255","1986-11-21","Zeitung","Die Zeit, 21.11.1986","Die rasche Eingliederung der Bundesrepublik in das westliche Bündnis und die Europäische Gemeinschaft, die Wiedergutmachungszahlungen an Israel und Millionen ehemaliger Verfolgter, die regelmäßig bekundete Abscheu vor der ""nationalsozialistischen Gewaltherrschaft"" beschwichtigten zugleich das Gewissen der Nation."
"256","1971-05-28","Zeitung","Die Zeit, 28.05.1971","Bei unseren Beziehungen zur Sowjetunion müssen wir uns immer bewußt bleiben, daß die Vereinigten Staaten die reifere und erfahrenere von beiden Nationen sind."
"257","1975-07-18","Zeitung","Die Zeit, 18.07.1975","Poulidors Markenname Mercier ist umflort von einer aufschlußreichen Semantik, die auf das Prinzip hinweist, dem auch die Piaf, Aznavour, Chevalier, Louis de Funès ihre Erfolge verdanken - Leute also, die den Durchschnitt der Nation verkörpern, absolut nicht unerreichbar und ebensowenig Ausnahmeerscheinungen sind."
"258","1979-12-07","Zeitung","Die Zeit, 07.12.1979","Ausgerechnet Edward Kennedy, der Rufer nach neuer Führungskraft im Weißen Haus, die er selber beweisen will, hat den Konsensus zerstört, den fast die ganze Nation bisher respektierte."
"259","1973-06-01","Zeitung","Die Zeit, 01.06.1973","Lieber Kollege Breschnjew, ein paar Raketen nach Kuba, und dadurch eine kleine Weltkrise, welche die Nation hinter mir vereint, könnten mir schon helfen."
"260","1980-08-15","Zeitung","Die Zeit, 15.08.1980","""Die junge Generation denkt an sich selbst zuerst, dann an das Interesse der Nation."
"261","1979-10-12","Zeitung","Die Zeit, 12.10.1979","Das Flüchtlingselend hat den Optimismus dieser Nomadenstämme, welche die Not zu einer Nation verschweißte, nicht gebrochen."
"262","1972-02-25","Zeitung","Die Zeit, 25.02.1972","Als Willy Brandt im Jahre 1970 seinen ersten ""Bericht zu Lage der Nation, der Lage unseres geteilten Vaterlandes"" verlas und zwei Staaten deutscher Nation postulierte, erklärte der Erlanger Historiker Hellmut Diwald die deutsche Nation für tot: ""Wer zwei deutsche Staaten akzeptiert, der liquidiert die Nation!"""
"263","1989-12-01","Zeitung","Die Zeit, 01.12.1989","Gebirgsformationen, Tier- und Pflanzenwelt werden darin zum Menschheitserbe erklärt, das ""allen Nationen Freude bereiten soll""."
"264","1983-09-30","Zeitung","Die Zeit, 30.09.1983","Der gebeugte alte Mann mit dem weißen Spitzbart konnte die junge Fernsehreporterin vor dem Delegierten-Eingang der Vereinten Nationen nicht dazu bewegen, seine Denunziation in ihren Bericht über das erste große Ereignis der 38."
"265","1980-10-10","Zeitung","Die Zeit, 10.10.1980","Eine gemachte, keine geborene Nation war Preußen."
"266","1980-08-01","Zeitung","Die Zeit, 01.08.1980","Man möchte es ihnen wünschen, denn diese große Nation hätte wirklich Besseres verdient und könnte auch überzeugendere Kandidaten präsentieren."
"267","1988-06-17","Zeitung","Die Zeit, 17.06.1988","Seit dieser Saison nun wird das Ehrenkleid der bairischen Nation als Allerwelts-Sakko von Großdeutschland getragen."
"268","1977-11-11","Zeitung","Die Zeit, 11.11.1977","Noch nie, seit es kommunistische Herrschaft in Osteuropa gibt, hat ein kommunistisches Regime öffentlich zugegeben, mit einem Kirchenführer nicht nur über Kirchenprobleme, sondern auch über die ""wichtigsten Angelegenheiten der Nation"" gesprochen zu haben, über Probleme sogar, die ""für die Einheit der Polen beim Aufbau des Wohlergehens der polnischen Volksrepublik von großer Bedeutung sind"" - so der Wortlaut des vereinbarten Kommuniqués."
"269","1979-10-05","Zeitung","Die Zeit, 05.10.1979","Calic, bei Kriegsbeginn dreißig Jahre alt, versuchte, seine persönliche Karriere mit den Zeitläuften, den Interessen seiner Nation und der sie bedrohenden oder bedrängenden Großmächte in Einklang zu bringen."
"270","1978-03-31","Zeitung","Die Zeit, 31.03.1978","""Noch immer sind die nicht so leicht, abstreifbaren, in ganz anderer Härte gegebenen, historisch viel älteren Zuordnungsfaktoren Religion, Nation, Hautfarbe die Legitimitätskrisenfaktoren erster Ordnung; und natürlich, an erster Stelle rangierend, der Charakter der Herrschaft, deren despotischen oder freien Charakter doch nur Aberglaube, aber kein wissenschaftlich unbefangener Zugriff restlos aus dem ,Klassencharakter' meint 'ableiten' zu können."""
"271","1982-06-04","Zeitung","Die Zeit, 04.06.1982","Einige von ihnen - die konservative Prensa, die liberal-langweilige Nation, der populäre Clarin, der die auflagenstärkste spanischsprachige Zeitung der Welt ist - fordern offen und scharf die Rückkehr zu demokratischen Zuständen, polemisieren gegen die Reste von Zensur, fordern die Aufklärung der Verschollenenschicksale."
"272","1979-04-20","Zeitung","Die Zeit, 20.04.1979","Die Talkshow, das Nationalvergnügen einer gar nicht so vergnüglichen Nation, hat in Sattmann ihren bösartigen Parodisten gefunden."
"273","1985-10-04","Zeitung","Die Zeit, 04.10.1985","Statt sein Herz zuerst beim Bundeskanzler auszuschütten, ging er schnurstracks vor die Fernsehkamera und mahnte des Kanzlers Beistand bei der Reform des Ausländerrechts vor der gesamten Nation an."
"274","1976-07-16","Zeitung","Die Zeit, 16.07.1976","Das Jahrhundert der Nationen und ihrer schneidigen Hoffart."
"275","1982-09-24","Zeitung","Die Zeit, 24.09.1982","Helmut Schmidt wies in seiner Erklärung zur Lage der Nation darauf hin, daß unsere Zahlungsbilanz wieder gesund ist, und fügte hinzu: ""Deshalb setzte man bei der Tagung von Weltwährungsfonds und Weltbank in Toronto wie schon zu Zeiten der Lokomotiv-Theorie die Hoffnung auf Deutschland und Japan."""
"276","1976-10-01","Zeitung","Die Zeit, 01.10.1976","Der bewunderte Ökonom der Nation war nun der Sozialdemokrat Karl Schiller."
"277","1989-02-03","Zeitung","Die Zeit, 03.02.1989","Ein Jahr später verschiffte der Konzern eine Munitionsfüllanlage zur Herstellung von Artilleriegranaten und Raketensprengköpfen über ein Umgehungsgeschäft mit Brasilien und Paraguay nach Südafrika und brachte damit die Bundesregierung in Verdacht, sie unterlaufe das Waffenembargo der Vereinten Nationen gegen die Regierung in Pretoria. 1979 und 1980 schickte Rheinmetall zudem Panzerkanonen und Flakgeschütze über die bewährten Zwischenstationen in Italien und Spanien nach Argentinien."
"278","1987-10-30","Zeitung","Die Zeit, 30.10.1987","Späte Ehrungen wie ein zweites Scheingrab im Pantheon der Nation, ein Platz mit Denkmal, ein Kino mit seinem Namen, zwei Restaurants bezeugen das schlechte Gewissen."
"279","1983-04-15","Zeitung","Die Zeit, 15.04.1983","So heißt es im Schlußdokument der 10. Sondervollversammlung der Vereinten Nationen zur Abrüstung 1978, ""daß solche Zonen in verschiedenen Teilen gefordert werden sollen, wobei das Endziel eine von Kernwaffen völlig freie Welt wäre""."
"280","1979-06-01","Zeitung","Die Zeit, 01.06.1979","Nur der Professor Diwald war aus Würzburg herübergekommen, ein zierlicher Hecht im Karpfenteich, ein romantischer Irrwisch, der nach Willy Brandts Besuch in Erfurt in seiner ""Klage der Nation"" die Einheit schon verlorengegeben hatte, doch nun aus Trauer Hoffnung schöpfen will."
"281","1985-05-03","Zeitung","Die Zeit, 03.05.1985","Der ehrgeizige Prediger Jerry Falwell, auf amerikanischen TV-Schirmen bereits eine gottgefällige Institution, wandelte sich schnell vom Seelenretter zum Retter der Nation."
"282","1981-04-17","Zeitung","Die Zeit, 17.04.1981","Bei alledem besteht kein Anlaß, darauf zu verzichten, den Anspruch geltend zu machen, daß die Deutschen eine Nation sein und bleiben wollen."
"283","1987-04-10","Zeitung","Die Zeit, 10.04.1987","Die Elite der Nation, die ehedem studierte, macht jetzt lieber eine Lehre, mit Studium vielleicht hinterher."
"284","1977-08-05","Zeitung","Die Zeit, 05.08.1977","So kennt Bonn wie jede andere Regierung des Westens die Liquidations-Legitimation des ehemaligen Außenministers Admiral Cesar Guzetti, die er im August 1976 vor den Vereinten Nationen erläuterte:"
"285","1973-03-09","Zeitung","Die Zeit, 09.03.1973","Vorläufig ist es allerdings noch die provisorische Anfangsstation oder Endstation der Expreß-Linie, die in Richtung Etoile, Bois de Boulogne und Neuilly bis St.-Germain-en-Laye führt; erst im Jahr 1977 wird die Verbindung mit der Station ""Nation"" in Richtung Osten fertig sein."
"286","1984-09-14","Zeitung","Die Zeit, 14.09.1984","1. Es stünde einer zu Friedensbewegungen so sehr verpflichteten Nation wie der deutschen wohl an, den Dienst an der Gemeinschaft als das Verbindliche zu nehmen und den Dienst mit der Waffe als nur eine Variante unter mehreren möglichen."
"287","1989-12-08","Zeitung","Die Zeit, 08.12.1989","Er meint auch, die Formel vom ""sozialistischen Staat deutscher Nation"" werde blutleer bleiben."
"288","1985-03-08","Zeitung","Die Zeit, 08.03.1985","""Solche Fixierungen auf heillose zwölf Jahre jüngster Geschichte berauben eine Nation der Fähigkeit zu aufrechtem Gang im Kreise anderer Nationen, zu sachgerechter Antwort auf existentielle Herausforderungen des Zeitalters und zur Verteidigung von Recht und Freiheit gegenüber neuen Totalitarismen."" (S. 191)"
"289","1984-12-14","Zeitung","Die Zeit, 14.12.1984","Sie sind die besten Schachspieler ihrer Nationen, vom Großmeister bis zum Kleinmeister, vom russischen Ex-Weltmeister Boris Spassky, der neuerdings für Frankreich spielt, bis zur vierzehnjährigen Black Beauty aus Jamaica, Mary Powell, die Schach spielen lernte, ""damit die Jungen mich respektieren""."
"290","1972-10-20","Zeitung","Die Zeit, 20.10.1972","Beim Ausscheiden aus den Diensten der Vereinten Nationen wird in der Regel ein Überbrückungsgeld von einem Monatsgehalt je geleistetem Dienstjahr gezahlt."
"291","1974-04-05","Zeitung","Die Zeit, 05.04.1974","Gerd Müller, gerühmt als ""Bomber der Nation"", hatte im Fußball-Länderspiel gegen Spanien einen Strafstoß, einen Elfmeter, verschossen."
"292","1989-09-29","Zeitung","Die Zeit, 29.09.1989","Bei der New Yorker Vollversammlung der Vereinten Nationen fast vierzig Termine in fünf Tagen."
"293","1985-02-15","Zeitung","Die Zeit, 15.02.1985","Dieser sollte klären, wie, warum und woher das Seveso-Gift Dioxin in den größten Müllberg der Nation im Hamburger Vorort Georgswerder gelangte (und jetzt wieder herausrinnt)."
"294","1980-11-07","Zeitung","Die Zeit, 07.11.1980","Im Februar kam eine internationale Juristenkommission mit dem Segen der Vereinten Nationen nach Teheran; sie wurden noch nicht einmal zu den Geiseln vorgelassen."
"295","1976-07-02","Zeitung","Die Zeit, 02.07.1976","Größe und Vielfalt Amerikas verschüchtern Cooke nicht nachhaltig, eben weil er sich nicht in historischen Spitzfindigkeiten verliert, sondern sich an dem weiten Spannungsbogen der ""Erfindung einer Nation"" orientiert."
"296","1986-03-28","Zeitung","Die Zeit, 28.03.1986","Den Antisemitismus nahm man wahr, aber als ein lästiges, aussterbendes Phänomen, als einer zivilisierten Nation nicht würdig, als krudes Phantasma einiger Wirrköpfe, Ewiggestriger."
"297","1979-09-14","Zeitung","Die Zeit, 14.09.1979","Vor dem Amtsgericht Saló, dem größten um den See herum, hatten sich bisher an die siebzig Urlaubskapitäne mehrerer Nationen zu verantworten und durften ihren kurzfristig konfiszierten Kahn erst nach Begleichen der Buße plus Unkosten wieder übernehmen: alles in allem so bis 150000 Lire (etwa 350 Mark), selten darüber."
"298","1977-06-03","Zeitung","Die Zeit, 03.06.1977","""Natürlich haben wir auch eine Flotte, wir sind schließlich eine große Nation"", sagt auf meine erstaunte Frage Nguza Karl-i-Bond, Parteisekretär und Außenminister des Riesenreiches, das nur in der Kongomündung einen Hafen, nämlich Matadi, und keine dreißig Kilometer Küste hat."
"299","1987-12-11","Zeitung","Die Zeit, 11.12.1987","Es war das erste Mal seit dem Einmarsch vietnamesischer Truppen zu Weihnachten 1978, daß sich der Führer der von den Vereinten Nationen als legitime Regierung Kambodschas anerkannten Widerstandskoalition mit einem Vertreter des von Hanoi abhängigen Regimes in Phnom Penh traf."
"300","1973-07-20","Zeitung","Die Zeit, 20.07.1973","Als Kriterium echter Größe nahm der Schweizer Gelehrte an, daß der Staatsmann einen Willen vollziehe, ""der über das Individuelle hinausgeht und der je nach dem Ausgangspunkt als Wille Gottes, als Wille einer Nation oder Gesamtheit, als Wille eines Zeitalters bezeichnet wird""."
"301","1982-05-21","Zeitung","Die Zeit, 21.05.1982","Bald stellte sich jedoch heraus, daß dieser Gaucho ein mehr als zwielichtiger Namenspatron war, nicht geeignet, ins Pantheon der ""próceres"", der heldenhaften Gründungsväter der Nation, aufgenommen zu werden."
"302","1971-08-27","Zeitung","Die Zeit, 27.08.1971","Es handelt sich vielmehr um eine eminent politische Entscheidung, die nur dort fallen kann, wo über die Lebensfragen der Nation entschieden werden soll; im Bundestag; und die nur von denen getroffen werden kann, die als Abgeordnete des deutschen Volkes zu derartigen Entscheidungen unter voller persönlicher Verantwortung berufen worden sind: von den Abgeordneten des Deutschen Bundestages."
"303","1979-03-09","Zeitung","Die Zeit, 09.03.1979","Was also ist die Nation?"
"304","1985-04-05","Zeitung","Die Zeit, 05.04.1985","Warum hatte Präsident Eisenhower seinem Botschafter bei den Vereinten Nationen Kabinettsrang gegeben?"
"305","1982-05-21","Zeitung","Die Zeit, 21.05.1982","Wer sich dieser Einsicht verweigere, so hat der Stellvertreter von Jeanne Kirkpatrick bei den Vereinten Nationen, US-Botschafter Kenneth Adelman, erst kürzlich vor einem lehrreichen Internationalen Symposion der Friedrich-Ebert-Stiftung (FES) bekräftigt, erliege einem ""Mythos""."
"306","1982-10-15","Zeitung","Die Zeit, 15.10.1982","Sie suchten das bestehende außenpolitische System zu bewahren, weil es zugleich den Frieden bewahrte und den Interessen ihrer eigenen Nation, wie sie diese sahen, diente."
"307","1985-05-03","Zeitung","Die Zeit, 03.05.1985","Millionen gottesfürchtiger Amerikaner haben sich erhoben, um diese Nation zurück zu ihren Wurzeln, zurück zu ihren moralischen Werten zu bringen."
"308","1982-08-20","Zeitung","Die Zeit, 20.08.1982","Über einen Waffenstillstand in diesem jahrelangen Buschkrieg verhandeln seit langem fünf Nationen (Amerikaner, Kanadier, Engländer, Franzosen, Deutsche) mit den Südafrikanern."
"309","1972-03-17","Zeitung","Die Zeit, 17.03.1972","Eigentlich paßt das Wort Budget nicht zu dem, was Barber dem Unterhaus und der Nation verkündet."
"310","1981-02-06","Zeitung","Die Zeit, 06.02.1981","Sein Denkanstoß fällt mit einer seit Jahren geführten publizistischen Debatte zusammen, die den Inhalt des Begriffs der deutschen Nation in der zweiten Hälfte des 20. Jahrhunderts zum Gegenstand hat."
"311","1972-05-19","Zeitung","Die Zeit, 19.05.1972","Jedes Jahr Verzögerung beim Brüterprojekt - so argumentieren Beamte der AEC - würde die Stromrechnung der amerikanischen Nation um zwei Milliarden Dollar erhöhen."
"312","1978-04-14","Zeitung","Die Zeit, 14.04.1978","Seine Lieblingslektüre waren die 007-Romane von Ian Fleming, und eine ganze Nation hielt ihn für kunstsinnig; Jackie Kennedy trug die aus den Hollywood-Filmen der 40er Jahre so beliebten ellenbogenlangen Handschuhe und schulterfreien Abendkleider, und eine ganze Nation hielt sie für elegant."
"313","1979-05-11","Zeitung","Die Zeit, 11.05.1979","Großbritannien setzte im Gegensatz zu allen anderen Nationen auf gasgekühlte Reaktoren."
"314","1980-07-04","Zeitung","Die Zeit, 04.07.1980","Ein Vierteljahr ging vorüber im Trainingsanzug, am Ende turnte er mit im großen Stadion, viermal wurde die Zehnminutenshow gezeigt vor den Spitzen des Staates und hunderttausend Gästen und einer Nation an den Bildschirmen."
"315","1974-02-01","Zeitung","Die Zeit, 01.02.1974","Das liebste Kind der Nation, das beinahe zum Stiefkind geworden wäre, weil ihm die bösen Scheichs nichts zu trinken gaben und die bösen Bonner es nicht herumtollen lassen - das Auto als solches sollte spüren, daß alle es sehr lieb haben."
"316","1970-05-15","Zeitung","Die Zeit, 15.05.1970","So bleiben nur zwei Möglichkeiten: Entweder werden Bundesrepublik und DDR gleichzeitig zur Mitgliedschaft in den Vereinten Nationen zugelassen - oder beide bleiben draußen vor der UNO-Tür."
"317","1988-01-29","Zeitung","Die Zeit, 29.01.1988","Die Amerikaner führen sie auf der Liste der Nationen, die den Terrorismus-unterstützen; die Japaner denken an Handelssanktionen."
"318","1970-01-06","Zeitung","Die Zeit, 06.01.1970","Als 1936 Garmisch-Partenkirchen die Winterolympiade austrug und sich vom verschneiten Kuhdorf zur ""Metropole des Winters"" mauserte, als Christi Cranz und Franz Pfnür die ersten Goldmedaillen für Deutschland erkämpften -, da beschloß die Nation zwischen Freilassing und Flensburg, zwischen Rothaar- und Riesengebirge, ein Volk von Skifahrern zu werden."
"319","1972-12-22","Zeitung","Die Zeit, 22.12.1972","Mit mahnenden Worten des ehemaligen Bundeskanzlers Erhard, wonach ""der Gedanke der Einheit unseres Volkes und unserer Nation die unverlierbare Grundlage unseres Handelns"" bleibt, begann am Mittwoch voriger Woche der siebte deutsche Bundestag seine Legislaturperiode."
"320","1980-03-28","Zeitung","Die Zeit, 28.03.1980","Wie alle Marxisten war auch Mendel lange Zeit davon überzeugt, daß mit dem Sozialismus notwendig auch die nationale Frage, das Problem der Diskriminierung ganzer Nationen verschwinden würde."
"321","1975-02-21","Zeitung","Die Zeit, 21.02.1975","Die sozialistische Nation in der DDR ist deutscher Nationalität ..."
"322","1970-11-27","Zeitung","Die Zeit, 27.11.1970","Nachdem sie zwanzig Jahre lang demütigende Zurückweisungen hinnehmen mußte, konnte die Volksrepublik China am Freitag vergangener Woche erstmals einen Triumph bei den Vereinten Nationen feiern."
"323","1983-06-17","Zeitung","Die Zeit, 17.06.1983","Nicht als Wundertäter tritt der Papst ans Krankenbett seiner Nation."
"324","1970-04-03","Zeitung","Die Zeit, 03.04.1970","Denkt man: Bier, Bier müßte man haben, dann spaltet sich dieser Begriff im Reichtum unseres EWG-Marktes gleich in fünf Nationen auf."
"325","1974-03-08","Zeitung","Die Zeit, 08.03.1974","1928 fielen dieAltersein ondge abgeschafft xiord und Camaer Nation, wo quasi - entlohnte Pro& tat I % k die W n ch, S f VTM?, noch keine 40 Jahte er Abgeordnete! des ents waren über 40 emen weiblich nien von den bndge."
"326","1986-02-28","Zeitung","Die Zeit, 28.02.1986","Für Nippons Premier Yasuhiro Nakasone kam der Vorwurf, als ""Störenfried"" das Freihandelssystem zu untergraben, ""von dem Japan wie keine andere Nation profitiert"", trotz aller dunklen Ahnungen denn doch etwas überraschend."
"327","1974-10-04","Zeitung","Die Zeit, 04.10.1974","""Die deutsche Nation ist nicht durch ein Gesetz geschaffen worden und wird auch nicht durch einen willkürlichen Akt der Gesetzgebung der DDR aufgelöst."""
"328","1981-10-30","Zeitung","Die Zeit, 30.10.1981","legt Washington für den Krisenfall im Nahen Osten eine strategische Ölreserve an, die Ende 1982 eine Milliarde Barrels betragen soll - genug, um der Nation eine l00tägige Öl-Autarkie zu gewährleisten."
"329","1983-06-24","Zeitung","Die Zeit, 24.06.1983","1975 wurde in Helsinki von 35 Nationen, darunter die UdSSR und die Vereinigten Staaten, die Schlußakte der KSZE (Konferenz für Sicherheit und Zusammenarbeit in Europa) unterzeichnet, die den Zusammenhang zwischen den Menschenrechten und der internationalen Sicherheit deutlich macht."
"330","1980-01-25","Zeitung","Die Zeit, 25.01.1980","Doch nur die Zukunft kann zeigen, ob ihre Vorstellungen von einem starken Staat auf Dauer mit dem Konzept der führenden Politiker und den Wünschen der führenden Nationen vereinbar bleiben."
"331","1981-03-06","Zeitung","Die Zeit, 06.03.1981","ob also die Vorstellung der einen Nation nicht nur gemäß den unterschiedlichen Erfahrungen, mit denen die Menschen hüben wie drüben leben, modifiziert, oder ob sie verdrängt oder gar ersetzt worden ist."
"332","1988-01-01","Zeitung","Die Zeit, 01.01.1988","Der in deutscher Vergangenheit herumschwärmende und forschende Schweizer Johann Jacob Bodmer entdeckte 1757 eine der zahlreichen Handschriften, gab sie heraus, Goethe spendete seinen Segen: ""Die Kenntnis dieses Gedichts gehört zu einer Bildungsstufe der Nation - Jedermann sollte es lesen."""
"333","1971-07-02","Zeitung","Die Zeit, 02.07.1971","London gibt jährlich 5,1 Millionen Pfund für die militärische Nutzung der Insel, die - durch einen Nebensatz im Vertrag verankert - auch ""befreundeten Nationen"" - sprich der Nato - zur Verfügung steht."
"334","1977-03-18","Zeitung","Die Zeit, 18.03.1977","Sie werden ihren Einfluß auf die Vereinten Nationen ausüben."
"335","1987-03-27","Zeitung","Die Zeit, 27.03.1987","Der Rücktritt Brandts vom Kanzleramt erschütterte die Nation, er war für viele unfaßbar, Sprachlosigkeit löste sich in Tränen und Zorn."
"336","1978-12-08","Zeitung","Die Zeit, 08.12.1978","Nun soll der bundesdeutsche Lehrer die Wiedervereinigung der Nation vorbereiten."
"337","1989-04-21","Zeitung","Die Zeit, 21.04.1989","Daß sich die DDR aus eigenem Antrieb einem solchen Gebilde verweigern könnte, auch an solche Eventualitäten hat Seiffert gedacht: Sie darf es einfach nicht; denn - so Seiffert jüngst in der renommierten Kölner Monatszeitschrift für deutschdeutsche Fragen Deutschland-Archiv - ""das Recht auf Sezession und Verselbständigung steht niemals Teilen einer Nation zu, weil eben nur die Nation als Ganzes das Selbstbestimmungsrecht besitzt""."
"338","1976-07-23","Zeitung","Die Zeit, 23.07.1976","Wer in diesem Bild nur den lächerlichen Oberlehrer der Nation wiedererkennt, vergißt dabei, mit welcher Selbstverständlichkeit die Angehörigen der ersten parlamentarischen Generation in der Bundesrepublik als konkurrierende politische Lehrmeister auftraten."
"339","1984-08-10","Zeitung","Die Zeit, 10.08.1984","Ein abgrundtiefes Mißtrauen gegen den vermeintlich gesunden Menschenverstand des Mannes auf der Straße bewegt die alte Garde der PAP und spornt sie täglich an, die Nation wie in einem Klassenzimmer zu belehren und sie durch Kampagnen zu motivieren."
"340","1977-09-02","Zeitung","Die Zeit, 02.09.1977","Die indische Regierung verlieh ihm den Ehrentitel ""Vater der Nation"" ( ""Rashtrapita"" )."
"341","1987-10-09","Zeitung","Die Zeit, 09.10.1987","Die Nation beobachtete 44 Tage lang atemlos Bonn und seinen Krisenkanzler."
"342","1979-11-16","Zeitung","Die Zeit, 16.11.1979","Der Norddeutsche Rundfunk (NDR), die zweitgrößte Rundfunk- und Fernseheanstalt der Nation, wird aufgelöst."
"343","1980-02-01","Zeitung","Die Zeit, 01.02.1980","Was ist denn aus dem Evergreen Bevölkerungsentwicklung oder aussterbende Nation geworden, der von manchen so sorgsam für das Wahljahr aufbereitet, worden ist?"
"344","1987-01-09","Zeitung","Die Zeit, 09.01.1987","Als Herausgeber tritt der Bochumer Politologe Bernard Willms auf, der mit seinem 1982 erschienenen Band ""Die Deutsche Nation"" einiges Aufsehen erregt hatte."
"345","1971-10-01","Zeitung","Die Zeit, 01.10.1971","Die äußerlichen Vorzüge der Heide Rosendahl sind deshalb der Nation ebenso nachdrücklich vor Augen geführt worden wie der Modellkörper des Hammerwerfers Uwe Beyer."
"346","1984-01-13","Zeitung","Die Zeit, 13.01.1984","Als der Sicherheitsrat der Vereinten Nationen daraufhin eine furiose Resolution losließ und den sofortigen Rückzug des ""Aggressors"" forderte, erklärte der südafrikanische Außenminister, die Heuchelei des Sicherheitsrats, der offensichtlich Gewalt gutheiße, ekle ihn an."
"347","1985-04-12","Zeitung","Die Zeit, 12.04.1985","Weniger bekannt ist, daß die Japaner mehr staatliche Feiertage haben als andere Nationen."
"348","1987-06-19","Zeitung","Die Zeit, 19.06.1987","Ich hatte gelernt, daß Deutschlands Irrwege auf seine Verspätung als Nation, auf die ausgebliebene Revolution und das schwache Bürgertum zurückzuführen sind."
"349","1982-12-31","Zeitung","Die Zeit, 31.12.1982","Die Nation, der oft und mit Recht vorgeworfen wird, sie habe aus der Erfahrung mit den Herrenmenschen nichts gelernt, muß sich gegenteilige Schelte gefallen lassen."
"350","1979-08-10","Zeitung","Die Zeit, 10.08.1979","Zur gleichen Zeit, wo Ihr freundschaftliche Beziehungen zu Menschen unterschiedlicher Nationen pflegt', befinden sich unsere prominenten Dichterkollegen Kim Chi Ha, Yang Sung Woo, Moon Ik Whan, Song Ki Sook, Lee Young Hee, Chang Kee Pyo in erbarmungswürdiger Gefängnishaft."
"351","1983-12-16","Zeitung","Die Zeit, 16.12.1983","Die Nation erlebte die Darstellung der Puppenentführung im Fernsehen mit."
"352","1986-01-10","Zeitung","Die Zeit, 10.01.1986","Jene, die unbedingt das Geschichtsbewußtsein an der (ganzen oder geteilten) Nation festmachen wollen und deutscher ""Größe"" nachtrauern, werden wohl auch jene historische Subkultur übersehen, die sich in den letzten Jahren allerorten breitgemacht hat und an Intensität dem Sammlereifer der historischen Vereine früherer Zeiten in nichts nachsteht: vom Schülerwettbewerb über die oral schichtswerkstätten, die Alltagsgeschichte, die oral history bis zu den vielbesuchten Industriemuseen - eine lebendige Vielfalt in bester republikanisch-regional-föderativer Tradition."
"353","1989-04-28","Zeitung","Die Zeit, 28.04.1989","Ich sah alle Augenblicke dort Kanonen und Mehlsäcke eintreffen, französische Gardisten, die das Volk aus den Gefängnissen befreit hatte, Liniensoldaten aus den Lagern am Rande von Paris, Bürgerkompanien - sie alle kamen im Triumph, um sich öffentlich für die Nation auszusprechen."
"354","1971-11-05","Zeitung","Die Zeit, 05.11.1971","Dasselbe gelte für eine Aufnahme der Bundesrepublik und der DDR in die Vereinten Nationen."
"355","1981-02-13","Zeitung","Die Zeit, 13.02.1981","Am Ende, als in Polen der Ausnahmezustand verhängt wurde, war die Erschöpfung so groß, daß sich die Nation nicht im Widerstand vereinte, sondern spaltete."
"356","1982-03-19","Zeitung","Die Zeit, 19.03.1982","Diese Position lag deshalb so nahe, weil man hoffte, damit psychologisch die Belastungen der Nation, die dunkle Geschichte der jüngsten Vergangenheit loswerden zu können."
"357","1984-07-27","Zeitung","Die Zeit, 27.07.1984","Die ""größte Dreckschleuder der Nation"", das Kohlekraftwerk Buschhaus im Helmstedter Revier, soll nun doch ohne Entschwefelungs-Anlage den Betrieb aufnehmen."
"358","1970-09-11","Zeitung","Die Zeit, 11.09.1970","Diese Nation lebt permanent im Zustand der Angst, notierte er."
"359","1988-07-01","Zeitung","Die Zeit, 01.07.1988","Wie ein Einzelner, im Besitz der Macht, der Nation seinen Willen aufzwingen kann, damit hat Strauß die Bürger wieder einmal (jetzt aber wohl zum letzten Mal) erschüttert."
"360","1988-06-17","Zeitung","Die Zeit, 17.06.1988","Tatsächlich regrediert in den sechziger Jahren eine ganze Nation zu einem Haufen Jugendlicher, die vom Sex alles wissen wollten, alles erwarteten, alles befürchteten."
"361","1971-02-05","Zeitung","Die Zeit, 05.02.1971","Die Gesetze für eine Nation von Teenagern werden von einer Handvoll Greise gemacht; dieses Aperçu hat die politische Wirklichkeit Amerikas geprägt und nicht ein Satiriker."
"362","1971-08-13","Zeitung","Die Zeit, 13.08.1971","""Berichten aus Washington zufolge hat Außenminister Rogers eine Erklärung über die chinesische Vertretung in den Vereinten Nationen abgegeben, in der er das berüchtigte 'Zwei-China'-Komplott auftischt."
"363","1978-12-22","Zeitung","Die Zeit, 22.12.1978","""Die Nation, die als erste die Herstellung und den Import von Kriegsspielzeug verbietet, wird einen Meilenstein zur Rettung der Menschheit setzen."""
"364","1977-01-28","Zeitung","Die Zeit, 28.01.1977","Sie sind für diesen Staat ohne Legitimität ein Dogma, dessen Verkündung sowohl der westdeutsche Anspruch auf die ungeteilte Nation als auch der Vier-Mächte-Status von ganz Berlin widersprechen."
"365","1985-05-03","Zeitung","Die Zeit, 03.05.1985","Diese Psychose des warst case reicht von der Friedensbewegung über die sowjetische West-Propaganda bis zu Ronald Reagan; denn dessen Star-War-Initiative ist ja auch bloß der Versuch einer Antwort auf die fixe Idee eines seine eigene Nation betreffenden schlimmsten Falles, nämlich des Falles eines interkontinentalen nuklearen Raketen-Angriffes auf die Vereinigten Staaten."
"366","1982-12-24","Zeitung","Die Zeit, 24.12.1982","Der General setzt große Hoffnung auf PRON, die im Sommer geschaffene ""Patriotische Bewegung zur Rettung der Nation"". PRON soll nicht werden wie die ""Nationale Front"" peinlichen Angedenkens, nicht ein von der Führung gesteuertes Unternehmen zur Unterstützung der Führung; es soll unabhängig sein, aber das wird ihm nicht geglaubt:"
"367","1980-05-16","Zeitung","Die Zeit, 16.05.1980","Asiatische Nationen zu unterwerfen und zu beherrschen, wäre heute mehr eine Kalamität als ein Gewinn; hier ist der Widerstand."
"368","1975-02-21","Zeitung","Die Zeit, 21.02.1975","Wir sind doch alle Deutsche; wir sprechen eine deutsche Sprache, haben eine gemeinsame Abstammung und die gleichen Lebensgewohnheiten - stützen sich gerade auf die Verwechslung von Nation Und Nationalität..."
"369","1988-12-02","Zeitung","Die Zeit, 02.12.1988","Für sie war nämlich vor allem die Idee reizvoll gewesen, daß die Bundesrepublik als erste Nation überhaupt die Amerikaner schlagen könnte."
"370","1983-09-16","Zeitung","Die Zeit, 16.09.1983","Auf diesem Platz wünscht sich der Rezensent anderes: erstens ein längeres Editorial . (""Einführung"" wäre kein schlechtes deutsches Wort) und zweitens eine kurze Darstellung der verschiedenen Organisationen, die von der und für die Dritte Welt geschaffen sind: von den Vereinten Nationen über den Internationalen Währungsfonds bis hin zum Andenpakt."
"371","1979-05-11","Zeitung","Die Zeit, 11.05.1979","So lang dauert der menschliches Leben auf das simpelste körpersprachliche Zeichen von Ein- und Ausatmen beschränkende, theatralische Akt.) Und es war doch eine der (ohne Pause) schnellsten Premieren beim ""Theater der Nationen."
"372","1982-09-10","Zeitung","Die Zeit, 10.09.1982","Es ist eine Erfahrung, die auch der Nation, die sie entdeckt, eine vernünftige, eine natürliche Grenze setzt: darum zeichnet sich keine Nation zum Fürchten ab, sondern zum Hoffen."
"373","1983-02-11","Zeitung","Die Zeit, 11.02.1983","In Großbritannien gibt es Wasserstandsmeldungen neuer Art, deren Meßergebnisse regelmäßig abgelesen und der Nation ebenso regelmäßig mitgeteilt werden."
"374","1971-03-26","Zeitung","Die Zeit, 26.03.1971","Friede im Nahen Osten mag teuer sein; sicher kostet er gerade Israel viel, das in der Vergangenheit bittere und schmerzliche Erfahrungen mit militanten Arabern, den nachgiebigen Vereinten Nationen und den unschlüssigen Großmächten machen mußte."
"375","1970-11-13","Zeitung","Die Zeit, 13.11.1970","Rien ne na plus für das so pedantisch ernstgenommene und so oft veralberte Detektiv-Spiel einer Nation?"
"376","1972-12-15","Zeitung","Die Zeit, 15.12.1972","Außen- und europapolitisch nüchtern, sieht er dennoch die Frage des Fortbestands der deutschen Nation, die mehr eine Willens- als eine Tatsachenfrage sei, als positiv entscheidbar an, wobei der fraglos zutreffende Hinweis, daß die beiden Gesellschaften und Staaten bis auf weiteres keines normalen Umgangs miteinander fähig sind, denn doch als Argument nicht ausreicht:"
"377","1972-10-20","Zeitung","Die Zeit, 20.10.1972","Die SED ging in ihrem Programm von 1963 noch wie selbstverständlich von der Idee der Einheit der deutschen Nation aus und betrachtete ""die Sicherung der Nation vor Krieg und Vernichtung und die Herbeiführung eines dauerhaften Friedens als die Hauptfrage unserer Zeit""."
"378","1976-01-23","Zeitung","Die Zeit, 23.01.1976","Mit Bedauern lehnte es ein Sprecher des Frankfurter Oberprüfers der Nation ab, eine gutachterliche Stellungnahme herauszugeben, die der Haushaltsausschuß des Bundestags in Auftrag gegeben und auch schon bekommen hat."
"379","1976-11-26","Zeitung","Die Zeit, 26.11.1976","""Die Beschlüsse der Rohstoff- und Entwicklungskonferenz der Vereinten Nationen haben deutlich gemacht, daß die künftige Ordnung der Weltwirtschaft auch ein neues Verhältnis zu den Entwicklungsländern, zu den Rohstoffländern einschließen muß."
"380","1978-05-26","Zeitung","Die Zeit, 26.05.1978","Nationales Kulturgut ist untrennbar mit der Geschichte unserer Nation verknüpft, und weshalb sollte man zum Beispiel auf einen Markstein unserer Vergangenheit verzichten, wenn diese durch den Ankauf einer Landesregierung der breiten Öffentlichkeit zugänglich gemacht wird?"
"381","1976-11-19","Zeitung","Die Zeit, 19.11.1976","Gerade hier aber, wo schon die Protektionsgefühle für die ""Grenzlanddeutschen"" aufkeimen, wo man zumindest den alten Vorstellungen von Stamm und Mundart als organischen Teil der Nation und ihrer Sprache gefährlich nahezurücken glaubt - gerade hier wird deutlich, daß diese Dialektliteratur in anderen Zusammenhängen steht."
"382","1981-09-04","Zeitung","Die Zeit, 04.09.1981","Daß sich die Europäischen Gemeinschaften oder gar die Vereinten Nationen in Berlin engagieren sollten, hieß den politischen Wagemut solcher Organisationen überschätzen und die Konkurrenz von Brüssel und Straßburg, Wien und Genf unterschätzen."
"383","1984-03-30","Zeitung","Die Zeit, 30.03.1984","Der Ost-Berliner Rechtsphilosoph Hermann Klenner, Präsident des DDR-Komitees für Menschenrechte und neuerdings Chefdelegierter der DDR bei der Menschenrechtskommission der Vereinten Nationen in Genf, hat - was der Titel seines Buches nicht unbedingt vermuten läßt - einige bitter bis grantig formulierte Klagen über anderer Leute praktischen und theoretischen Umgang mit Menschenrechten zusammengestellt, dazu 56 Quellentexte zur Menschenrechtsidee (hauptsächlich Verfassungen, verfassungsähnliche Dokumente und Entschließungen internationaler Organisationen und eine Auswahlbibliographie."
"384","1973-09-21","Zeitung","Die Zeit, 21.09.1973","Scheel wollte vor allem vom Gewaltverzicht als dem Modell deutscher Entspannungspolitik reden; die Kanzlerberater indessen wiesen ihn darauf hin, daß die Vereinten Nationen dazu längst abweichende Entschlüsse gefaßt hatten."
"385","1984-03-16","Zeitung","Die Zeit, 16.03.1984","""Unser Land ist geteilt, aber die deutsche Nation besteht fort."
"386","1981-02-06","Zeitung","Die Zeit, 06.02.1981","Daß die Nation so heftige Emotionen weckt, obwohl und nicht etwa weil Politiker bei uns sie in den letzten 30 Jahren mehr unnützlich in ihrem Munde geführt haben, als sich von ihr bewegen ließen, spricht für sich und die Kraft der Nation."
"387","1972-10-13","Zeitung","Die Zeit, 13.10.1972","Bekräftigung der Viermächteverantwortung für Deutschland als Ganzes und Anerkennung der fortdauernden Existenz einer deutschen Nation, sei sie auch in zwei Staaten getrennt."
"388","1989-11-10","Zeitung","Die Zeit, 10.11.1989","Damit wäre kryptographisch ein politischer Anspruch derjenigen Poesie angemeldet, die sich auf der Grenzlinie zur Poetologie bewegt: der Poetikprofessor als Lehrer der Nation?"
"389","1980-04-04","Zeitung","Die Zeit, 04.04.1980","Auch Ernst Dieter Lueg wurde genannt, den man für die üble Nachrede, er sei der ""Mikrophonhalter der Nation"", entschädigen will."
"390","1980-03-14","Zeitung","Die Zeit, 14.03.1980","Wer indessen auf Nobelherbergen und Spielcasino spielend verzichten und sich für ein bescheidenes Quartier mit Kruzifix und Herrgottswinkel erwärmen kann, wer - statt sich mit Hilfe von Seilbahnen auf die Liegestuhlterrassen der Bergstationen hinaufschaukeln zu lassen, wo alle Jahrgänge und Nationen ihre Haut zu Märkte tragen - lieber zu Fuß durch Heidekraut und Legföhren zum Hohen Falv (1829 Meter) hinaufklettert, um droben am Gipfelkreuz als einziger Mensch weit und breit zwischen Preiselbeergestrüpp und Schusternägele zu liegen, der ist mit dem Großen Walsertal bestens beraten."
"391","1976-06-04","Zeitung","Die Zeit, 04.06.1976","Da fährst du mitten durch die Wüste, auf kerzengeraden Straßen, so allein, daß es schon beinahe zum Fürchten ist - und auf einmal ist da noch ein anderer Mensch, ein einziger, und er wird von einer gesetzestreuen Nation dafür bezahlt, festzustellen, daß du zu schnell fährst."
"392","1972-01-14","Zeitung","Die Zeit, 14.01.1972","Er ist Romanschriftsteller, Übersetzer aus dem Englischen, Literaturtiefenpsychologe, und er hat seit fünfzehn Jahren eine literarische Radio-Dozentur inne; er begreift sich als ""Vor-Leser"" der Nation, als ein dem Schwund des historischen Bewußtseins entgegenarbeitender Retter großer literarischer Namen der Vergangenheit, als einer, der literarische Götter stürzt oder durch Nichtachtung straft und dafür seine Privatgottheiten aufrichtet."
"393","1982-09-17","Zeitung","Die Zeit, 17.09.1982","Erhard Eppler (SPD) wirft ihm vor, er verwechsle Staat und Nation, denn der Bismarck-Staat habe große Teile der Nation, wie Katholiken und Sozialisten, diskriminiert und als ""Staatsfeinde"" gebrandmarkt."
"394","1978-04-07","Zeitung","Die Zeit, 07.04.1978","""Die Volksschule hat mit den anderen Schularten und neben den Gliederungen. der Partei, dem Arbeitsdienst und dem Heer die hohe Aufgabe, die deutsche Jugend zur Volksgemeinschaft und zum vollen Einsatz für Führer und Nation zu erziehen"", so der Richtlinien-Erlaß des Reichserziehungsministers Bernhard Rust vom 10. April 1937."
"395","1981-02-27","Zeitung","Die Zeit, 27.02.1981","Seine Antwort auf solche Zweifel schien der Papst schon am Tage seiner Abreise aus den Philippinen gegeben zu haben, als er, unverdrossen von geschichtlichen Erfahrungen und aktuellen Schwierigkeiten, die katholische Nation der Philippinos aufforderte, sich an die ""vorderste Front"" einer christlichen Missionierung Asiens zu begeben."
"396","1972-10-27","Zeitung","Die Zeit, 27.10.1972","Nach Artikel 103 der Charta der Vereinten Nationen haben Verpflichtungen der UN-Charta den Vorrang gegenüber internationalen Übereinkünften, die zu dieser Charta im Widerspruch stehen."
"397","1986-02-21","Zeitung","Die Zeit, 21.02.1986","Wenn Ronald Reagan in den vergangenen Jahren die Botschaft zur Lage der Nation verkündete, bekam sein Finanzminister regelmäßig Hausaufgaben."
"398","1976-08-13","Zeitung","Die Zeit, 13.08.1976","Die Ankündigung von Bundesaußenminister Genscher, der Organisation der Vereinten Nationen die Errichtung eines Gerichtshofes für die Untersuchung von Menschenrechtsverletzungen vorzuschlagen, hat zu wütenden Reaktionen der Prawda geführt:"
"399","1973-10-12","Zeitung","Die Zeit, 12.10.1973","Die Stimmung in den Vereinten Nationen schlug immer mehr gegen Israel aus, das im Weltsicherheitsrat zeitweilig nur noch von Amerika unterstützt wurde."
"400","1985-06-07","Zeitung","Die Zeit, 07.06.1985","Mehr Mary Poppins als Mutter der Nation: und das ist die Bezeichnung, die Inge Meysel ärgert."
"401","1978-05-26","Zeitung","Die Zeit, 26.05.1978","Zum ersten Male tritt Helmut Schmidt am Freitag vor dem Forum der Vereinten Nationen auf, wo er auf der Sonderversammlung zur Abrüstung Bonns Konzept zur Eindämmung von militärischen Konfliktgefahren erläutern wird."
"402","1982-07-16","Zeitung","Die Zeit, 16.07.1982","Hinter den Kulissen waren die Diplomaten in den Vereinten Nationen schon lange skeptisch."
"403","1978-03-17","Zeitung","Die Zeit, 17.03.1978","Technisch steht eine Fülle von schwerwiegenden Einzelentscheidungen jetzt erst vor uns; ich nenne die Entscheidungen über die Quantität des Ausbaus der Kernenergie, über Hochtemperatur- und Brutreaktoren, über Wiederaufbereitung und Entsorgung, über internationale Zusammenarbeit und Vorsorge gegen, Verbreitung von Kernwaffen bei Nationen und Terrorgruppen."
"404","1981-05-08","Zeitung","Die Zeit, 08.05.1981","Die Bundesrepublik ist keine Nation."
"405","1981-11-27","Zeitung","Die Zeit, 27.11.1981","In diesen Tagen haben die Vereinten Nationen für 1985 das ""Jahr der Jugend"" propagiert."
"406","1972-02-04","Zeitung","Die Zeit, 04.02.1972","Aber ein Wirtschaftsminister, der die ganze Nation zwingt, den sicheren Weg der Bewirtschaftung zu verlassen und die (wirtschaftliche) Freiheit zu probieren, das verlangte Courage, die von dem sensiblen Mann so recht niemand erwartete."
"407","1971-01-15","Zeitung","Die Zeit, 15.01.1971","Die Interpreten des kürzlich veröffentlichten Rechenschaftsberichts ""The State of Food and Agriculture 1970"" der ""Food and Agriculture Organization"" (FAO) der Vereinten Nationen sind bei der Analyse der offiziellen Daten hinsichtlich der Ernährungslage der Weltbevölkerung offensichtlich zu sehr unterschiedlichen Ergebnissen gekommen."
"408","1970-05-29","Zeitung","Die Zeit, 29.05.1970","Eine schwache Nation kann gegen eine starke Nation aufkommen; ein kleines Volk kann ein großes Volk besiegen."
"409","1985-07-05","Zeitung","Die Zeit, 05.07.1985","Diese dritte Weltfrauenkonferenz der Vereinten Nationen wird die von der Uno 1975 ausgerufene Dekade der Frauen beenden."
"410","1986-05-09","Zeitung","Die Zeit, 09.05.1986","Lin Biao, half Mao, der selber zeitweise und teilweise entmachtet gewesen war und wohl auch weitgehend von seinem Verstand schon im Stich gelassen, nach Jahren den Retter der Nation aus der Verbannung zurückzuholen:"
"411","1972-02-04","Zeitung","Die Zeit, 04.02.1972","Unterbringung und Rundreise wurden mit Hilfe von Inter Nations und Bundespresseamt zufriedenstellend geregelt."
"412","1985-04-12","Zeitung","Die Zeit, 12.04.1985","Die Städte sind wiederaufgebaut; den Deutschen geht es besser denn je in ihrer Geschichte; zwei Drittel der Nation genießen ihre bürgerlichen Freiheiten."
"413","1989-01-13","Zeitung","Die Zeit, 13.01.1989","Japans Kaiser Hirohito wurde in den 62 Jahren seiner Herrschaft zum Sinnbild einer zwischen Mythos und Moderne schwankenden Nation"
"414","1979-09-28","Zeitung","Die Zeit, 28.09.1979","Beate Lindemanns Arbeit hat die beste Chance, in die Reihe der deutschsprachigen Standardwerke über die europäische Integration und die Entwicklung der Vereinten Nationen aufgenommen zu werden."
"415","1972-03-03","Zeitung","Die Zeit, 03.03.1972","So wenig also die Armee Israels ein ""Staat im Staate"" ist oder dazu werden könnte, ist sie doch eine ""Schule der Nation"" - freilich in einem vorteilhaften Sinn dieses sonst so fragwürdigen Begriffs."
"416","1988-08-26","Zeitung","Die Zeit, 26.08.1988","Wenn ein Verbrechen, das die Nation über Tage vor den Bildschirmen in Atem hält, in einer wirren Schießerei endet und insgesamt das Leben dreier unschuldiger Menschen fordert, dann reicht eine rein handwerkliche Kritik der Polizeiarbeit nicht hin."
"417","1981-04-17","Zeitung","Die Zeit, 17.04.1981","Die Vereinten Nationen haben auf einer Konferenz in Genf ein Notprogramm für afrikanische Flüchtlinge beschlossen."
"418","1983-04-08","Zeitung","Die Zeit, 08.04.1983","Er wollte gegen das ordengeschmückte Establishment protestieren, die Geste einer tiefsitzenden Überzeugung - mutig für einen Privatmann, wenn auch ein Luxus für den Oppositionsführer einer derart verfaßten Nation wie der britischen."
"419","1985-03-08","Zeitung","Die Zeit, 08.03.1985","Die optimistische Prognose stützte sich unter anderem darauf, daß sich auch die DDR in ihrer (damaligen) Verfassung zur deutschen Nation bekannte:"
"420","1975-04-18","Zeitung","Die Zeit, 18.04.1975","Drittens: Die härteste Probe zu bestehen und für eine Politik innenpolitische Zustimmung zu gewinnen, sie mit der Erfahrung der Nation zu harmonisieren,"
"421","1978-09-22","Zeitung","Die Zeit, 22.09.1978","Es ist unbestreitbar, daß der Anteil der Arbeitnehmer am Einkommen der Nation ständig steigt, das Einkommen aus Unternehmertätigkeit ebenso kräftig sinkt (siehe Graphik)."
"422","1989-01-13","Zeitung","Die Zeit, 13.01.1989","So hat Norwegen kürzlich Indien aufgefordert, über das norwegische schwere Wasser Auskunft zu geben, das die Hempel-Gruppe 1983 unzulässig nach Indien ausführte; wenn Indien sich weigert, kann Norwegen die Sache vor den Vereinten Nationen zur Sprache bringen."
"423","1976-03-26","Zeitung","Die Zeit, 26.03.1976","Heute gelte es, sagt er, die Nöte der Nation zu beheben."
"424","1981-09-04","Zeitung","Die Zeit, 04.09.1981","Die wirtschaftliche Last läßt fast vergessen, daß das Danziger Abkommen der Nation die Bürde der Diktatur von den Schultern genommen hat."
"425","1970-06-19","Zeitung","Die Zeit, 19.06.1970","Hier wird der Aggressivität, die den Menschen und den Nationen innewohnt, freier Lauf gelassen."
"426","1985-04-26","Zeitung","Die Zeit, 26.04.1985","In den drei Nachkriegsjahrzehnten hat die Humboldt-Stiftung über 10000 Wissenschaftler aus 90 Nationen gefördert, wobei das ursprüngliche Programm um zwei wichtige Sonder-Stipendien erweitert wurde:"
"427","1975-06-06","Zeitung","Die Zeit, 06.06.1975","Aber von seiner Höhe ist den Nationen des Westens kein neuer Weg aus dem Zwielicht der Weltsituation gewiesen worden."
"428","1982-06-11","Zeitung","Die Zeit, 11.06.1982","Deutschland mußte wieder eine Nation werden."
"429","1987-03-13","Zeitung","Die Zeit, 13.03.1987","Die Landwirte sind aufs engste in das Preis- und Subventionsnetz eingeknüpft und sprechen noch gern davon, daß sie ""die Nation ernähren""."
"430","1985-12-13","Zeitung","Die Zeit, 13.12.1985","Spätestens seit Japans Premier Nakasone im Sommer mit Außenhandelstabellen und Zeigestock bewaffnet vor sein Fernsehvolk trat, weiß die Nation, daß der Konsum von Importgütern zur höchsten Tugend avanciert ist."
"431","1979-09-14","Zeitung","Die Zeit, 14.09.1979","Damals wurde er der ""erste Soldat der Nation"" genannt."
"432","1986-09-26","Zeitung","Die Zeit, 26.09.1986","Erst als die Graduate School of Arts and Science mit der Möglichkeit zu promovieren aufgebaut wurde - übrigens nach deutschen Maßstäben - damals den höchsten der Welt -, entwickelte sich Harvard zum kosmopolitischen Forschungszentrum, zum Paradies der Humanisten, der Naturwissenschaftler und - vielleicht der schwerste Schlag für die Nation der Dichter und Denker - auch der Poeten und Philosophen."
"433","1983-10-14","Zeitung","Die Zeit, 14.10.1983","Premierminister Tanaka hat einen Schwächeanfall erlitten"", teilte vor zwei Wochen der japanische Chef-Kabinettssekretär Masaharu Gotoda bestürzt vor den Fernsehkameras der Nation mit."
"434","1970-04-10","Zeitung","Die Zeit, 10.04.1970","1964 waren bei Doernberg noch die ""Bedingungen"" für eine ""Wiedervereinigung der Nation"" zu lesen."
"435","1980-08-29","Zeitung","Die Zeit, 29.08.1980","Die Nation ist ausgeschlossen."
"436","1981-02-27","Zeitung","Die Zeit, 27.02.1981","...Fehlt nur eines dieser Merkmale, so hört die Nation auf, eine Nation zu sein."""
"437","1976-02-06","Zeitung","Die Zeit, 06.02.1976","Ist die ""Einheit der Nation"" nicht in Gefahr, sich ebenso schnell zu verschleißen wie einst die Gebetsmühle von der ""Wiedervereinigung in Frieden und Freiheit""?"
"438","1975-04-25","Zeitung","Die Zeit, 25.04.1975","In Anbetracht der Tatsache, daß in der Bundesrepublik jährlich 25 Milliarden Mark für Rehabilitationszwecke ausgegeben werden, könnte millionenfach befolgter Präsidentenrat das Gefüge der Nation auch anderweitig in Bewegung zu bringen."
"439","1972-01-14","Zeitung","Die Zeit, 14.01.1972","Nach dem Verkehrsvertrag steht auf. dem Programm der Ost-Berliner Außenpolitik nicht etwa ein Generalvertrag mit der Bundesrepublik, sondern die europäische Sicherheitskonferenz, die Umweltschutzkonferenz in Stockholm und die Aufnahme in die Vereinten Nationen."
"440","1983-05-13","Zeitung","Die Zeit, 13.05.1983","Und dieses Problem ist kein historisches, sondern es ist geblieben als ein aktuelles: daß in unserer Nation jener Autor nicht erwünscht ist, auch heute nicht, der Stellung bezieht in seinem Werk zu Fragen der Politik, der Gesellschaft: die Neigung der Menge, allerorten, speziell aber der Politiker, Amok zu laufen gegen den Autor als den immer einzelnen, sobald der abweicht vom Consensus populorum, wie das Zola getan hat, als er Hauptmann Dreyfus befreite."
"441","1976-07-23","Zeitung","Die Zeit, 23.07.1976","Noch vor dem 30. Juni 1977 wird es freie Wahlen zum Parlament geben - darüber hinaus soll die Nation in einem Referendum zur Verfassungsreform befragt werden."
"442","1985-10-11","Zeitung","Die Zeit, 11.10.1985","Die von Polizisten erschossene unschuldige Mutter des mißratenen Sohns, der von maskierten Killern brutal erstochene Polizist - solche Horrorszenen treiben die Nation des common sense in eine explosive Konfrontation von Schuldzuweisungen."
"443","1983-12-23","Zeitung","Die Zeit, 23.12.1983","Ihm kam zugute, daß er sich farbig und präzise ausdrücken konnte und mit seinen Artikeln in der Wiener Neuen Freien Presse die halbe Nation faszinierte oder gegen sich aufbrachte; sie machten noch Wirbel, als sie später als Bücher erschienen: ""Ins Leere gesprochen"" das eine, ""Trotzdem"" das andere (neu verlegt vom Prachner Verlag in Wien)."
"444","1983-12-23","Zeitung","Die Zeit, 23.12.1983","Und er verachtete das Beispiel Napoleons, der die französische Universität in eine Expertenschmiede umwandelte, um die anderen Nationen ökonomisch auszustechen."
"445","1973-07-06","Zeitung","Die Zeit, 06.07.1973","Er kann sich auf Chruschtschow berufen, der in seinem Rechenschaftsbericht vor dem XX. Parteitag der KPdSU die neuen Perspektiven für den Übergang der Länder und Nationen zum Sozialismus hervorhob und damit ideologisch den Weg für die parlamentarische Machtübernahme freimachte."
"446","1988-03-18","Zeitung","Die Zeit, 18.03.1988","Zwar haben keineswegs alle der 109 Nationen im großen Sowjetverband nur Nachteile und alle Russen nur Vorteile."
"447","1978-12-08","Zeitung","Die Zeit, 08.12.1978","""Die deutsche Nation existiert auch als Staatsvolk weiter, das keinen gemeinsamen Staat hat, dessen Angehörige aber, unbeschadet separater, Regelungen in der DDR, die einheitliche deutsche Staatsangehörigkeit besitzen"" - ist schon Erwachsenen schwer begreiflich zu machen."
"448","1986-04-25","Zeitung","Die Zeit, 25.04.1986","Denn: ""Nicht darin liegt die Gefahr für die Nation, daß sich ein Dutzend Verbrecher zuviel, sondern daß sich 100000 zu wenig sterilisieren lassen."""
"449","1973-05-18","Zeitung","Die Zeit, 18.05.1973","Gesetz über den Beitritt zu den Vereinten Nationen gebilligt"
"450","1973-01-19","Zeitung","Die Zeit, 19.01.1973","Die Natur dieses Konfliktes und die Dispositionen der in ihn verwickelten Nationen bedingen einen Kompromiß, in dem es keine Sieger gibt."
"451","1984-07-27","Zeitung","Die Zeit, 27.07.1984","Statt der häufig wechselnden, nach Senderproporz delegierten Moderatoren der Tagesthemen tritt künftig ein Mann auf, der Abend für Abend die Meldungen wie Perlen auf einen roten Faden reiht, gleichsam der Nachrichtenvater der Nation."
"452","1988-04-22","Zeitung","Die Zeit, 22.04.1988","Aber es ist auch so weit mit Israel gekommen, daß der Historiker Jaacov Talmon öffentlich beklagte: ""Der Staat Israel ist zum Juden der Nationen geworden: völlig isoliert und ziemlich ausgestoßen, illegitim in den Augen seiner Feinde und ein Ärgernis für seine Freunde."
"453","1983-11-04","Zeitung","Die Zeit, 04.11.1983","Kurz zuvor hatte Jeanne Kirkpatrick, US-Botschafterin bei den Vereinten Nationen, im Encounter das Wesen der amerikanischen Außenpolitik umrissen."
"454","1989-04-21","Zeitung","Die Zeit, 21.04.1989","Die alte Methode der Unionsregierungen, in scharfem Tempo zu modernisieren und im übrigen von Nation, Sittlichkeit und Familie zu reden, beruhigt sie nicht mehr."
"455","1970-07-10","Zeitung","Die Zeit, 10.07.1970","Zum Schluß der Debatte griff Heath noch einmal das Thema ""Einigung der Nation"" auf."
"456","1970-01-16","Zeitung","Die Zeit, 16.01.1970","""Aus Europa muß eine Einheit im Wettbewerb der Nationen werden."""
"457","1982-03-19","Zeitung","Die Zeit, 19.03.1982","Ich habe Herrn Seydoux einmal gesagt, als er noch französischer Botschafter in Bonn war, wenn Ihnen ein Deutscher sagt, die Nation spiele keine Rolle mehr, dann seien Sie mißtrauisch."
"458","1973-11-02","Zeitung","Die Zeit, 02.11.1973","Außerdem gerieten die Vereinten Nationen durch das Kongo-Abenteuer an den Rand des finanziellen Ruins."
"459","1982-06-18","Zeitung","Die Zeit, 18.06.1982","Es bedurfte erst eines Erhard Eppler und seiner indignierten Rechthaberei, um den glaubwürdigen Eindruck der Pazifisten nachhaltig zu ruinieren; die neutrale Zukunft der Nation - ""ohne Amerikaner"" - die ihm vorschwebt, haben Gastwirte in Süddeutschland offensichtlich vorweggenommen: ""Off Limits""-Schilder, die amerikanischen Soldaten denZutritt in ihre Kneipen untersagen, werden sich dem Gedächtnis des amerikanischen TV-Publikums eingebrannt haben."
"460","1984-11-16","Zeitung","Die Zeit, 16.11.1984","Rund 120 Milliarden Mark wird der Staat in diesem Jahr an die Kostgänger der Nation verteilen."
"461","1981-02-27","Zeitung","Die Zeit, 27.02.1981","Die sozialistische Nation der Arbeiter bildet sich nach dieser These in der DDR heraus, während die kapitalistische Nation im Westen als ""Restnation"" weiterbesteht, aber langfristig zum Absterben verurteilt ist."
"462","1985-09-13","Zeitung","Die Zeit, 13.09.1985","Die Schüler stammen aus 16 verschiedenen Nationen, Diplomatenkinder sind darunter und Kinder, die vom Basler Sozialamt eingewiesen wurden."
"463","1982-09-17","Zeitung","Die Zeit, 17.09.1982","Genscher weiß grob, was der Regierungschef mit seinem Bericht zur ""Lage der Nation"" sagen will, aber er weiß es nicht ganz genau."
"464","1974-05-17","Zeitung","Die Zeit, 17.05.1974","Napoleon hat den ""General der Nation"", der Korsika unabhängig und demokratisch gemacht hatte, besiegt und vertrieben und die Insel Frankreich einverleibt."
"465","1979-05-04","Zeitung","Die Zeit, 04.05.1979","""Freiraum, Freiraum"", äfft das Echo der Festreden (wie die zur Eröffnung des ""Theaters der Nationen"" in Hamburg) von allen Putten und Logen; der wird offenbar mit ""Freistoß"" und Fußballerseligkeit verwechselt."
"466","1982-10-29","Zeitung","Die Zeit, 29.10.1982","Deutschland, Japan und Italien als totalitäre Nationen, die dem Christentum feindlich gesinnt waren, befanden sich auf Satans Seite... Warum kämpfte die Sowjetunion, eine Nation auf der satanischen Seite, im Zweiten Weltkrieg auf der himmlischen Seite mit?"
"467","1986-03-21","Zeitung","Die Zeit, 21.03.1986","Er wird nicht müde zu wiederholen, daß wir nicht Nationen mit Staaten verwechseln dürfen, die oft das den Nationen Verhaßte tun."
"468","1985-10-04","Zeitung","Die Zeit, 04.10.1985","Auch geniale Menschen können mit Blindheit geschlagen sein - das Verhängnis für die kommende Generation war nur, daß die geistige Elite im nationalen Interesse Kriegsschuld und Kriegsverbrechen leugnete und somit das Gewissen der Nation zerstörte."
"469","1984-03-02","Zeitung","Die Zeit, 02.03.1984","Aber die militärische Abhängigkeit von einer anderen Nation hat eine kumulative Wirkung."
"470","1973-04-13","Zeitung","Die Zeit, 13.04.1973","Im enggewordenen europäischen Raum - darin hatte Camus recht - ist das Erlebnis der Generation tatsächlich stärker gewesen als das der Nation."
"471","1986-08-15","Zeitung","Die Zeit, 15.08.1986","Wo V-Leute als Heroen der Nation fungieren, stehen jene, die (wären Grundgebote der Moral noch in Geltung) Vorbilder sein müßten, am Rande der Gesellschaft: Entwicklungshelfer, die um die Verantwortung gegenüber Menschen wissen, deren Existenz auf dem Spiel steht; Zivildienstleistende, denen es um die Betreuung, nicht nur die Versorgung von Hilflosen geht; Legionen von Samaritern, die wissen:"
"472","1975-07-18","Zeitung","Die Zeit, 18.07.1975","Da verpflichten sich die 35 Nationen, Gesuche von Bürgern, die Bürger eines anderen Staates heiraten wollen, wohlwollend auf der Grundlage humanitärer Erwägungen zu prüfen ..."""
"473","1987-05-15","Zeitung","Die Zeit, 15.05.1987","""Mehr als zwei Drittel dessen, was ich im Jahr verdiene"", klagte Alberto Moravia im Fernsehen und forderte nicht nur die Italiener, sondern vor allem die ""demokratischen Institutionen der Republik"" auf, sich um die bedürftigen Künstler der Nation - sprich Elsa Morante - zu kümmern."
"474","1989-05-26","Zeitung","Die Zeit, 26.05.1989","Die revolutionären Soldaten hielten der bestdisziplinierten Truppe der Zeit, der preußischen, stand, mit dem Ruf: ""Es lebe die Nation!"""
"475","1970-06-26","Zeitung","Die Zeit, 26.06.1970","Ein Historiker aus Erlangen verkündet den Tod der deutschen Nation."
"476","1974-03-08","Zeitung","Die Zeit, 08.03.1974","""Mit unseren gecharterten Intercitys fahren wir dann unter dem 2.-Klasse-Preis, und mit den Turnus-Sonderzügen im besonders billigen Di-Mi-Do-Verkehr sind wir fast der billige Jakob der Nation."""
"477","1989-03-17","Zeitung","Die Zeit, 17.03.1989","Jetzt zeigt sich, wie der Traditionsbezug und das Festhalten an ""unvergänglichen"" Werten der europäischen Zivilisation, die der polnischen Nation einst das Überleben sicherten, auch zur Lähmung führen können."
"478","1980-02-22","Zeitung","Die Zeit, 22.02.1980","[...] Wilde, prachtvoll aufreizende Plakate an allen Wänden forderten in Riesenbuchstaben, die wie Fackeln brannten, die Nation auf, endlich sich einzusetzen für die Menschen gegen die Maschinen, endlich die fetten, schöngekleideten, duftenden Reichen, die mit Hilfe der Maschinen das Fett aus den andern preßten, samt ihren großen, hustenden, böse knurrenden, teuflisch schnurrenden Automobilen totzuschlagen, endlich die Fabriken anzuzünden und die geschändete Erde ein wenig auszuräumen und zu entvölkern, damit wieder Gras wachsen, wieder aus der verstaubten Zementwelt etwas wie Wald, Wiese, Heide, Bach und Moor werden könne."" [...]"
"479","1977-11-18","Zeitung","Die Zeit, 18.11.1977","über die historischen, analytischen und vergleichenden Abrisse hinaus ist das Buch Krieles wegen der Sammlung einiger wichtiger Menschenrechtsdeklarationen nützlich - von der Menschenrechtserklärung der Vereinten Nationen über den Bürgerrechtspakt von 1976, den Sozialrechtspaket, die Proklamation von Teheran und ähnlichem."
"480","1978-10-06","Zeitung","Die Zeit, 06.10.1978","Der US-Botschafter auf Haiti, William B. Jores, deutete der Regierung Duvalier brieflich an, daß, wenn sich die Lebensbedingungen für das arme und unterdrückte Volk nicht besserten, nicht nur Amerika, sondern auch die anderen Nationen, also Frankreich, Kanada, Nationalchina, die Bundesrepublik, Israel, von einer weiteren Unterstützung Haitis absehen."
"481","1978-07-28","Zeitung","Die Zeit, 28.07.1978","Aber der 51jährige Mann zählt im DDR-Außenministerium zur Spitzengruppe, hat in den schwierigen Ostblockländern Rumänien und Polen Dienst getan und war zuletzt für die Vereinten Nationen und deren Zweigorganisationen zuständig, besitzt also auch West-Erfahrung."
"482","1972-06-16","Zeitung","Die Zeit, 16.06.1972","Nicht die Delegierung europäischer Interessen auf die einzelnen Nationen, nur der Verzicht der Nationen auf Einzelinteressen zugunsten der Gemeinschaft verspricht Westeuropa eine Zukunft."
"483","1977-06-17","Zeitung","Die Zeit, 17.06.1977","Die vom Senator Delaney eingeführte Bestimmung, die den Bürgern der USA so manches Unheil ersparte, das andere Nationen betroffen hat, ist eben noch nicht obsolet geworden - sofern man von dem Grundsatz ausgeht, daß im Zweifelsfall stets für die menschliche Gesundheit und gegen alle anderen Interessen zu entscheiden sei."
"484","1970-05-15","Zeitung","Die Zeit, 15.05.1970","Die politische Rolle des Völkerbundes hat die Organisation der Vereinten Nationen übernommen."
"485","1977-06-24","Zeitung","Die Zeit, 24.06.1977","Bundespräsident Scheel hat den Historikern die Aufgabe zugewiesen, das richtige Geschichtsbewußtsein zu wecken, und das heißt für ihn zuvörderst die Bewahrung der ""Deutschen Nation""."
"486","1971-09-24","Zeitung","Die Zeit, 24.09.1971","Welche Bedeutung die Mitgliedsstaaten den Vereinten Nationen zugestehen, wird sich erneut in den kommenden Wochen und Monaten zeigen."
"487","1981-11-13","Zeitung","Die Zeit, 13.11.1981","Er hat niemals von der Existenz zweier deutscher Nationen gesprochen."
"488","1988-03-04","Zeitung","Die Zeit, 04.03.1988","Hofmann wies die Bibliotheken auf einen deutschen Sonderweg, der in die Irre führte und uns auch mit Buch und Lesen zur verspäteten Nation werden ließ."
"489","1982-07-30","Zeitung","Die Zeit, 30.07.1982","Geschickt wurden Nationen, die den Walfang längst eingestellt oder nie betrieben hatten, für die Sache der größten Tiere aller Zeiten gewonnen."
"490","1979-05-25","Zeitung","Die Zeit, 25.05.1979","Wir alle, hat Helmut Schmidt in seinem ""Bericht zur Lage der Nation"" im Parlament bekannt, haben ""als Jungens in fremden Gärten Apfel geklaut""."
"491","1988-06-17","Zeitung","Die Zeit, 17.06.1988","In der ständigen Mahnung an die Isländer, die Identität der Nation zu bewahren, sieht sie ihre eigentliche Aufgabe."
"492","1983-06-17","Zeitung","Die Zeit, 17.06.1983","Nicht als Wundertäter tritt der Papst ans Krankenbett seiner Nation."
"493","1981-06-12","Zeitung","Die Zeit, 12.06.1981","Den auf der Insel residierenden Fremden mag der Chauvinismus schmerzen, der auf dem dürren Boden der Rezession so üppig gedeiht Doch neidvoll muß er anerkennen, mit welcher Nonchalance diese Nation sich in die eigene Nase zwickt, wenn andere Völker das Haupt ganz tief und unter Asche begraben tragen würden."
"494","1978-10-27","Zeitung","Die Zeit, 27.10.1978","Stoff zu solchem Sarkasmus hatte freilich Parteichef Gierek selber geliefert, als er den neuen Papst als Sohn einer Nation, ""die den Sozialismus aufbaut"", telegraphisch beglückwünschte und deshalb eine ebenbürtige Antwort Johannes Pauls II. einstecken mußte: daß diese Nation ""Seit tausend Jahren"" schon römisch-katholisch ist."
"495","1972-12-29","Zeitung","Die Zeit, 29.12.1972","Raddatz geht es darum, Mühen und Scheitern derer zu schildern, die - im weitesten Sinne - ""sozialistisch"" orientiert waren, die nicht an die Nation dachten oder an Führungselite oder an Standesehre oder geschichtliche Aufträge, sondern die ""das Volk"" im Auge hatten, und unter ihm verstanden sie vor allem jenen Volksteil, dessen Teil die Dürftigkeit, dessen Freiheit das Freisein von Privilegien war."
"496","1982-11-05","Zeitung","Die Zeit, 05.11.1982","Haltet den Kurs!"" hatte Ronald Reagan der amerikanischen Nation zugerufen."
"497","1979-07-20","Zeitung","Die Zeit, 20.07.1979","Denn in Südafrika stehen sich, insoweit mag dies Land der früheren Doppelmonarchie vergleichbar sein, heute verschiedene Nationen, nämlich die der schwarzen Südafrikaner und die, hier in über 300 Jahren gewachsene, der Weißafrikaner gegenüber."
"498","1983-08-05","Zeitung","Die Zeit, 05.08.1983","Hatten die Truppen Habrés nach der Einnahme der Stadt von 800 gegnerischen Toten und 1200 Gefangenen gesprochen, ließen Goukounis Anhänger über die libysche Nachrichtenagentur jetzt verkünden, Habré selbst sei bei der Bombardierung ums Leben gekommen - was die Regierung in Ndjamena energisch bestritt, die den Sicherheitsrat der Vereinten Nationen gegen das libysche Vorgehen anrief."
"499","1984-12-14","Zeitung","Die Zeit, 14.12.1984","Das größere politische Talent ist sicherlich Sheikh Hasina Wajed, die ebenfalls 38jährige Tochter des 1975 ermordeten ""Vaters der Nation"", Sheikh Mujibur Rahman."
"500","1982-11-19","Zeitung","Die Zeit, 19.11.1982","Der rechte Sozialdemokrat mag noch so streng als ""Sparminister"" durchgreifen - er ist und bleibt gleichwohl der Lieblingspolitiker der Nation."
