"No.","Date","Genre","Bibl","Hit"
"1","2005-12-29","Zeitung","Die Zeit, 29.12.2005","Seitdem streiten Völkerrechtler darüber, ob die UN gestärkt aus dem Konflikt mit der mächtigsten Nation der Welt hervorgingen oder ob sie selbst ein Opfer des Irak-Krieges wurden."
"2","2017-06-29","Zeitung","Die Zeit, 29.06.2017","Waren Deutsche da, sagte er immer: Oh, die Deutschen, sie haben Goethe, sie haben die Dichter, was für eine Nation."
"3","2009-01-15","Zeitung","Die Zeit, 15.01.2009","Hier lagert Futter für die Millionen Hühner, Rinder und Schweine des Mittelwestens, der die halbe Nation mit Eiern, Hühnerbeinen und Rindfleisch für Hamburger beliefert."
"4","2010-02-04","Zeitung","Die Zeit, 04.02.2010","Die deutschen Sonderschulen stehen vor einem gewaltigen Umbruch: 2009 ist auch hierzulande die Behindertenrechtskonvention der Vereinten Nationen in Kraft getreten (ZEIT Nr. 36/09)."
"5","2005-08-18","Zeitung","Die Zeit, 18.08.2005","Die Mullahs müssen dem Sicherheitsrat der Vereinten Nationen lediglich erklären, dass »eine Gefährdung der höchsten Interessen ihres Landes eingetreten ist«."
"6","2005-10-20","Zeitung","Die Zeit, 20.10.2005","Lammert: Ich halte die damalige sehr kurze und voreilig abgebrochene Debatte zum Thema Leitkultur für eine der spannendsten Phasen unter dem Gesichtspunkt einer Beleuchtung der geistigen Verfassung der Nation."
"7","2019-11-28","Zeitung","Die Zeit, 28.11.2019","Deutschland sollte den Antrag in die UN-Vollversammlung einbringen, dass kriegsführende Nationen ihren Sitz im Sicherheitsrat verlieren: sofort und für die Dauer der Kriegsführung."
"8","2016-07-07","Zeitung","Die Zeit, 07.07.2016","zeitgemäße Wirtschafts- und Außenpolitik mehr hervorbringen, und ""Nation"" oder ""Kultur"" sind"
"9","2012-09-13","Zeitung","Die Zeit, 13.09.2012","Charta der Vereinten Nationen."
"10","2014-09-11","Zeitung","Die Zeit, 11.09.2014","Die Nation debattiert über ein mehr oder weniger intimes"
"11","2013-10-17","Zeitung","Die Zeit, 17.10.2013","Malala wurde wieder ganz gesund und trat am 12. Juli 2013 vor die Generalversammlung der Vereinten Nationen, um eine Rede zu halten."
"12","2005-09-22","Zeitung","Die Zeit, 22.09.2005","Geredet wird ohne Weitschweifigkeit, aber nicht minder grundsätzlich, über Kolonialismus, Religion, Nation und deutsche Kultur."
"13","2024-12-05","Zeitung","Die Zeit, 05.12.2024","Zuvor kümmerte sie sich in Großbritannien bei einer kleineren Videoplattform unter anderem um die Zusammenarbeit mit der Kommission für Menschenrechtsverletzungen der Vereinten Nationen."
"14","2020-04-08","Zeitung","Die Zeit, 08.04.2020","Moskau entließ seine osteuropäischen Trabanten, auch den deutschen ohne eigene Nation."
"15","2007-12-27","Zeitung","Die Zeit, 27.12.2007","Das Gelände des Cern gehört zu keinem Staat, es ist exterritorial, ähnlich dem Areal der Vereinten Nationen in New York."
"16","2023-08-17","Zeitung","Die Zeit, 17.08.2023","[...] = gut, okay (span.) 23 HIRN 24 SITTEN 25 RAIN 27 ISEL in Re-isel-aune 28 LODEN 29 BORSTEN 31 TORF-rock, »Presslufthammer B-B-B-B-B-Bernhard« 33 NATION 35 ETAT 36 rheinaufwärts von Rees, lippeabwärts von Datteln: WESEL 37 KOLONNADEN 39 ZEILE beim Lesen 41 BUMERANG 42 ERGEBNISSE 43 MENSCHENKENNTNIS - Senkrecht 1 Gast + Ron (Wood) + Omen = GASTRONOMEN 2 Komponist Vincenzo BELLINI, venezian. Maler Gentile und Giovanni Bellini 3 ALU in s-alu-d 4 Comicserie »SUPERman« 5 KELVIN-Temperaturskala 6 CERES 7 BASILIKUM von basileus = königlich (griech.) 8 REUSE 9 KARTONAGEN aus O-K-G-a-r-a-n-t-e-n 10 BOR in Bor-kum 11 HELIOS 12 REDEFLUSS 14 SANDALEN 15 NOT 17 FENSTER 18 IAN in Var-ian-ten 21 BEREDEN 26 AETZEN in sch-ätzen 29 BONN in A-bonn-enten 30 TANGER, Marokko 31 TEINT 32 REES 34 das und der TOR 36 (worldwide) WEB 38 NACH-tisch, -speise 40 LINK [...]"
"17","2012-10-11","Zeitung","Die Zeit, 11.10.2012","Bei den Slowenen verschärfte sich der Eindruck, dass sie, ihr Besitz, ja ihre ganze Nation vogelfrei waren."
"18","2021-01-21","Zeitung","Die Zeit, 21.01.2021","Der Oberste Führer hat kürzlich den Import von Impfstoffen verboten, die in den USA oder in Großbritannien entwickelt oder produziert wurden: Sie könnten andere Nationen »kontaminieren«."
"19","2014-03-13","Zeitung","Die Zeit, 13.03.2014","Und regelmäßig signalisieren die Chavisten, die seit Jahren die Grenzen zwischen Präsident, Partei, Staat und Nation vermischen, den Oppositionspartien: Ihr könnt das Land gar nicht übernehmen."
"20","2021-06-10","Zeitung","Die Zeit, 10.06.2021","Das IKD ist nicht an einen bestimmten Verband oder eine Nation gebunden, sondern multiethnisch aufgestellt - ein wegweisender Ansatz."
"21","2008-10-16","Zeitung","Die Zeit, 16.10.2008","Er missversteht das Fernsehen als Bildungsanstalt der Nation, in der er der Unterschicht die Leviten liest."
"22","2020-04-23","Zeitung","Die Zeit, 23.04.2020","Mit der Selbstisolation der Nationen und der Schließung von Grenzen stellt sich die Frage nach Heimat neu."
"23","2010-12-16","Zeitung","Die Zeit, 16.12.2010","China ist inzwischen nach den USA die zweitwichtigste Nation auf diesem Forschungsfeld und das Land mit der sechstgrößten Anbaufläche für transgene Pflanzen."
"24","2005-12-01","Zeitung","Die Zeit, 01.12.2005","[...] Wie kam es zum Beispiel, dass die ersten Aufträge für den Wiederaufbau in New Orleans ohne Ausschreibung an die großen Sponsoren von Bushs Wahlkampf ergingen, die Firma Haliburton vorneweg?Und worin bestand eigentlich die Qualifikation des neuen Chefs der Homeland Security, eines Mannes, der sich bisher vor allem als Experte für Araberpferde und als Intimus Bushs einen Namen gemacht hatte?Wie soll sich eine Nation, fragt Goldman, auf die Wartung ihrer Brücken und Eisenbahnen, auf die Sicherung ihrer Grenzen und Häfen verlassen, wenn diese Aufgaben inzwischen von Leuten wahrgenommen werden, die sich vor allem durch Wahlkampfspenden, religiösen Eifer und ihre Freundschaft zum Präsidenten qualifiziert haben? [...]"
"25","2015-04-23","Zeitung","Die Zeit, 23.04.2015","Nahezu alle erwähnten Nationen waren einmal in der einen oder anderen Form unter westeuropäischer Herrschaft gewesen."
"26","2014-03-13","Zeitung","Die Zeit, 13.03.2014","Am 17. März wird eine Untersuchungskommission der Vereinten Nationen dem UN-Menschenrechtsrat in Genf einen Bericht vorlegen."
"27","2005-01-05","Zeitung","Die Zeit, 05.01.2005","So wurde in den vergangenen zwei Dekaden einfach zu wenig in die Rohstoffkapazitäten investiert, gleichzeitig treten mit China und Indien plötzlich große Nationen in die Weltwirtschaft ein und treiben die Preise für Stahl, Öl und Kupfer, aber auch für Agrarprodukte."
"28","2022-08-18","Zeitung","Die Zeit, 18.08.2022","Rund 5300 Menschen aus 45 Nationen evakuierte die Bundeswehr im August 2021 aus Kabul, dann zogen die Deutschen ab."
"29","2022-02-17","Zeitung","Die Zeit, 17.02.2022","Die Vorstellung, dass Nationen ihre Entscheidungen nicht frei treffen können, unterminiert die Souveränität der Nationen und die Sicherheit Europas."
"30","2013-10-31","Zeitung","Die Zeit, 31.10.2013","Die Präsidentin verschob einen Besuch bei Barack Obama auf unbestimmte Zeit, reiste aber zur Generalversammlung der Vereinten Nationen, um die Spionageaktivitäten zu geißeln."
"31","2008-05-29","Zeitung","Die Zeit, 29.05.2008","In diesen Krisentagen wird den Südafrikanern schmerzlich bewusst, wie sehr ihrer fragilen Nation die moralisch integren Staatsmänner fehlen, die Angehörigen der Mandela-Generation, die ihr Leben dem Freiheitskampf gewidmet und das Land in die Demokratie geführt haben."
"32","2015-11-12","Zeitung","Die Zeit, 12.11.2015","Bryant trat im US-Fernsehen auf und vor zwei Jahren auch bei einer Anhörung vor den Vereinten Nationen in New York."
"33","2005-09-22","Zeitung","Die Zeit, 22.09.2005","1985: Erörtern Sie die Wirksamkeit der Vereinten Nationen unter Berücksichtigung folgender Gesichtspunkte: Auswirkungen der weltpolitischen Situation auf die Gründung der UN - Ziele und Grundsätze der UN - Hauptorgane der UN zur Konfliktsicherung und Friedenssicherung - Grundsätzliche Schwierigkeiten und Probleme der UN bei der Verwirklichung ihrer Ziele und Grundsätze - Erfolg und Mißerfolg der UN, dargestellt und beurteilt am Beispiel der UN-Tätigkeit in einem konkreten Konfliktfall."
"34","2017-01-12","Zeitung","Die Zeit, 12.01.2017","Die Republikanerin Sarah Palin beschimpfte sie deshalb als ""Gouvernante"", die der Nation nun auch noch vorschreiben wolle, was auf dem wöchentlichen Menü-Plan stehen solle."
"35","2022-06-23","Zeitung","Die Zeit, 23.06.2022","Außerdem ist sie Intendantin des Bochumer Figurentheaters der Nationen, eines Festivals, bei dem Asir im Mai gerade einen ganzen Abend gestaltet hat."
"36","2024-05-04","Zeitung","Die Zeit, 04.05.2024","Trotzdem erforderte die Doppelstrategie, das heiße Eisen der Nation regional, europäisch und supranational zu umfahren, auch eine gewaltige Verdrängungsleistung, denn tatsächlich war es ja nach wie vor der Nationalstaat, der dort, wo es hart auf hart kam, die entscheidende Steuerungsinstanz darstellte - zeitgemäß formuliert: die meiste agency besaß."
"37","2011-11-10","Zeitung","Die Zeit, 10.11.2011","Zwar stimmten 2008 acht Prozent aller weißen und 30 Prozent der unter 30-jährigen Evangelikalen für Obama, aber in den Kongresswahlen von 2010 wählten sie zu 75 Prozent republikanisch und schwenkten wie der Rest der Nation nach rechts."
"38","2017-07-20","Zeitung","Die Zeit, 20.07.2017","Der heute 63-Jährige gab in Oberursel zu verstehen, dass er nicht so sehr über die Zukunft Europas reden wolle, sondern über Themen wie Volk und Nation."
"39","2011-05-19","Zeitung","Die Zeit, 19.05.2011","Ganze Nationen, die Griechen und die Portugiesen etwa, und erst recht die Franzosen, fragen sich jetzt, was wird."
"40","2006-05-11","Zeitung","Die Zeit, 11.05.2006","Ein Land spielt wie verrückt, eine Nation wird für vier Wochen zum Kind."
"41","2017-01-26","Zeitung","Die Zeit, 26.01.2017","erklären, die zur Bildung der neuen Nationen berufen schienen."
"42","2023-03-09","Zeitung","Die Zeit, 09.03.2023","Nach dem Abschluss der Dokumentation stellt Mohib Ullah die Daten internationalen Ermittlerteams der Vereinten Nationen und Menschenrechtsorganisationen zur Verfügung."
"43","2019-08-22","Zeitung","Die Zeit, 22.08.2019","Dass die Grünen die deutsche Nation, die sich in einem historischen Überraschungscoup vereint hatte, mehrheitlich für ein von der Geschichte überholtes, wenn nicht sogar fatales Gebilde hielten, half ihnen im Osten auch nicht."
"44","2018-11-29","Zeitung","Die Zeit, 29.11.2018","Am Morgen des 20. September 2016 betritt Frank-Walter Steinmeier, damals noch Außenminister, das Hauptquartier der Vereinten Nationen in New York."
"45","2015-12-17","Zeitung","Die Zeit, 17.12.2015","Doch nun erhebt die Nation ihr hässliches Haupt, Mauern werden gefordert, Grenzen verklärt."
"46","2015-10-08","Zeitung","Die Zeit, 08.10.2015","verstanden sich als Gewissen der Nation und mischten sich ein."
"47","2017-08-17","Zeitung","Die Zeit, 17.08.2017","Die Vereinten Nationen schätzen, dass Schleuser jedes Jahr zehn Milliarden Euro umsetzen - bei einer Gewinnmarge von 70 bis 80 Prozent pro Migrant."
"48","2009-03-26","Zeitung","Die Zeit, 26.03.2009","Sicher ist es kein Zufall, dass ihm der Präsident des »Kleinen Satans«, der israelische Präsident Schimon Peres, mit einer eigenen Neujahrsansprache an das »edle iranische Volk« zur Seite springt - die Iraner mögen »ihren berechtigten Platz unter den aufgeklärten Nationen der Welt« einnehmen."
"49","2007-10-04","Zeitung","Die Zeit, 04.10.2007","In den übrigen Zyklen zeigt sich ein Dichter, der fast nie in die Nähe des Plakativen gerät und dessen Pathos sich eher aus kleinen als großen Gegenständen nährt, ein Dichter, dem der Ort seiner Kindheit noch mehr zum Traum wird als der von einer freien Nation:"
"50","2018-03-22","Zeitung","Die Zeit, 22.03.2018","Sie führen zusammen mit Ihrem Bruder eine Firma mit 420 Mitarbeitern aus 16 Nationen. Aber"
"51","2005-05-12","Zeitung","Die Zeit, 12.05.2005","Da kommt der Jahresbericht der Lausanner Managerschule IMD zur Wettbewerbsfähigkeit der Nationen gerade recht."
"52","2009-11-12","Zeitung","Die Zeit, 12.11.2009","Dabei hatte sich die Weltgemeinschaft mit den Millenniumszielen der Vereinten Nationen feierlich darauf verpflichtet, bis zum Jahr 2015 die Zahl der Betroffenen um die Hälfte zu verringern, von rund 840 Millionen Menschen auf 420 Millionen."
"53","2016-02-04","Zeitung","Die Zeit, 04.02.2016","Für UNHCR, das Flüchtlingskommissariat der Vereinten Nationen, arbeitete er 25 Jahre lang in Krisenstaaten wie Pakistan, Sri Lanka, Uganda, Kongo und Ruanda."
"54","2005-02-24","Zeitung","Die Zeit, 24.02.2005","Wenn nun im deutschen Land für alle Wehrfähigen die Tore der Kasernen sich wieder öffnen werden, die bisher nur einer kleinen Zahl von auserlesenen Freiwilligen offen standen, so wird die Masse unserer Jugend wieder den Segen einer Pflicht verspüren, die vom Ganzen der Nation her dem Leben des einzelnen seinen Sinn gibt."
"55","2013-09-05","Zeitung","Die Zeit, 05.09.2013","Denn die Mutti der deutschen Nation wird die Wahl gewinnen, falls ihre Partei und ihr Minikoalitionspartner nicht einbrechen."
"56","2016-12-01","Zeitung","Die Zeit, 01.12.2016","1788 wechselt er als Bibliothekschef nach Mainz, an den Hof des Erzbischofs, des Kurfürsten und Kanzlers des Heiligen Römischen Reiches Deutscher Nation."
"57","2006-01-05","Zeitung","Die Zeit, 05.01.2006","Die Vereinten Nationen sind herzlich willkommen, mein Projekt zu übernehmen.«"
"58","2013-10-02","Zeitung","Die Zeit, 02.10.2013","Juden, indem er Nation mit rassisch begründeter Nationalität gleichsetzt; andere versuchen"
"59","2012-04-12","Zeitung","Die Zeit, 12.04.2012","Da trifft man auf eine »strikt perennialistische Auffassung« oder »primordialistische Bindungen«, »Invisibilisierungsstrategien«, »allochthone Nationen« oder »Enkulturation und Akkulturation«."
"60","2006-05-18","Zeitung","Die Zeit, 18.05.2006","Die Kirchenzeitungen in Polens nordöstlicher Region Lomza malten in den dreißiger Jahren Woche für Woche die Bedrohung der christlichen Nation an die Wand: »Jeder jüdische Hof ist ein Splitter im lebenden Fleisch der polnischen Bauern.«Als die Deutschen nach Hitlers Überfall auf die Sowjetunion 1941 in diesen traditionell nationalkatholischen Raum einmarschierten, halfen ihnen die Bewohner vieler ländlicher Flecken, die Juden zusammenzutreiben."
"61","2012-08-23","Zeitung","Die Zeit, 23.08.2012","Als im Jahr darauf sechs europäische Nationen die Römischen Verträge unterzeichnen und die Europäische Wirtschaftsgemeinschaft gründen, macht Baker & McKenzie ein Anwaltsbüro in Brüssel auf."
"62","2017-05-24","Zeitung","Die Zeit, 24.05.2017","Eine Nation feierte wie im Rausch, begann, an den Mythos ihrer Unbesiegbarkeit zu glauben, alles schien möglich für dieses gelobte, gedopte Land."
"63","2010-09-23","Zeitung","Die Zeit, 23.09.2010","Vor zehn Tagen versammelte sich die Nation vorm Fernseher, als die Türken im Weltmeisterschaftsfinale standen."
"64","2016-04-28","Zeitung","Die Zeit, 28.04.2016","Obama hatte der Nation den Rückzug verordnet - aus Afghanistan und dem Irak."
"65","2024-09-05","Zeitung","Die Zeit, 05.09.2024","Ja, bis zum Jahr 2030 werde Saudi-Arabien zur neuen Nation werden, die Nation der Zukunft!"
"66","2017-08-10","Zeitung","Die Zeit, 10.08.2017","Das Umweltprogramm der Vereinten Nationen hat vor drei Jahren einen alarmierenden Bericht veröffentlicht."
"67","2008-12-23","Zeitung","Die Zeit, 23.12.2008","Amerika wird auch unter Obama keine laizistische Nation werden."
"68","2014-11-13","Zeitung","Die Zeit, 13.11.2014","Vereinten Nationen werden 25 Jahre alt."
"69","2012-07-05","Zeitung","Die Zeit, 05.07.2012","Die Bevölkerung der europäischen Nationen zusammen wird in diesem Zeitraum auf ganze 7 Prozent der Menschheit absinken."
"70","2007-03-22","Zeitung","Die Zeit, 22.03.2007","Aber auch der falschen Bescheidenheit Ségolène Royals, die sich von der Krankenschwester der Nation allmählich zur verklärten Wunderheilerin entwickelt, trauen sie nicht mehr."
"71","2013-01-17","Zeitung","Die Zeit, 17.01.2013","Es gelte, ""die Möglichkeit einer Zwei-Staaten-Lösung offenzuhalten"", betonten die Außenminister Frankreichs, Großbritanniens und Deutschlands Ende letzten Jahres im Sicherheitsrat der Vereinten Nationen."
"72","2012-09-13","Zeitung","Die Zeit, 13.09.2012","Nach Zahlen der Vereinten Nationen haben 2,6 Milliarden Menschen keinen Zugang zur sanitären Grundversorgung, fast 40 Prozent der Weltbevölkerung."
"73","2007-05-10","Zeitung","Die Zeit, 10.05.2007","Wer vertritt die Nation?Die Elite?Die Armee?Die Konservativen?Jede Gruppe betrachtet sich als einzige Vertreterin des Staates, ohne zu bedenken, dass die Nation uns allen gehört."
"74","2006-09-14","Zeitung","Die Zeit, 14.09.2006","Und was die sudanesische Regierung vom Rettungsplan der Vereinten Nationen hält, hat sie durch den massiven Einsatz ihrer russischen Düsenjäger dokumentiert."
"75","2015-09-24","Zeitung","Die Zeit, 24.09.2015","Die Vereinten Nationen"
"76","2019-11-07","Zeitung","Die Zeit, 07.11.2019","Zum Beispiel betrifft die UN-Agenda 2030 mit ihren erweiterten Entwicklungszielen alle Staaten in den Vereinten Nationen, so auch die Bundesrepublik."
"77","2009-11-05","Zeitung","Die Zeit, 05.11.2009","Quellen: Human Development Index, Nasa, Vereinte Nationen, Plunkett Research, Welternährungsorganisation, Weltgesundheitsorganisation, Deutsche Stiftung Weltbevölkerung, Planet of Slums, Encarta, International Telecommunications Union, Unesco, Encyclopaedia Britannica, Progressive Policy Institute, Weltbank, Welthandelsorganisation, Sozialverband Deutschland, Heidelberger Institut für Internationale Konfliktforschung, Nielsen, International Labour Organization, International Energy Agency, eigene Berechnungen"
"78","2024-08-01","Zeitung","Die Zeit, 01.08.2024","Den Geisteszustand einer Nation verstehen zu wollen, mag vermessen sein."
"79","2017-10-05","Zeitung","Die Zeit, 05.10.2017","Für Deutschland, die verspätete Nation, gibt es nichts, was aktueller wäre als dieses Buch, das elf Jahre nach seinem Erscheinen endlich übersetzt ist."
"80","2005-09-01","Zeitung","Die Zeit, 01.09.2005","»Nation der Nationen« wurde Amerika nur in heftigsten Konflikten, das ist nicht zu vergessen, und mit Recht warnen Kenner der amerikanischen Immigrationsgeschichte vor der Illusion, die Integration sei jemals abgeschlossen oder rundum geglückt."
"81","2012-12-27","Zeitung","Die Zeit, 27.12.2012","Die Vereinten Nationen in New York Stau - ob es so was auf anderen Planeten wohl auch gibt?"
"82","2014-06-05","Zeitung","Die Zeit, 05.06.2014","Was unter diesen Umständen geschieht, wenn ein Anwärter schlappmacht, führte die Partei jetzt der ganzen Nation vor: UMP-Chef Jean-François Copé musste vergangene Woche seinen Hut nehmen, weil er den Wahlkampf von Sarkozy im Jahr 2012 illegal mit elf Millionen Euro Parteigeld finanzierte."
"83","2024-08-01","Zeitung","Die Zeit, 01.08.2024","[...] 22 Spitze von Schuhen - und da dringt er dann auch leicht ein 23 Sind das Gewusst-wie fürs Anders-als-gedacht 24 Nicht kam ihr Blau aufs Bild bei Micha, dem Farbfilmvergesser 26 Thema für Ferienhausbucher oder die ganze Nation 28 Bequemer Beruf, wie`s heißt, im Schoße des Geldadels 29 Stätte in Getränkenachschublieferkette 31 Solch Food kommt nicht in solche Bowl, solcher Mann nicht aus dem Markt 33 Nicht ganz die handliche Absicherung - Fußpunkt firmamentalen Jägers 35 Gefürchtet von Laien im IT-Bereich oder Turnunterricht 37 Bewegen sich am anderen Ende der Größenskala im Habitat der 8 senkrecht 38 Manch einen Gedanken wert vorm Schachbrett oder eingleisigen Streckenabschnitt 43 Macht den Urlaubern in bella Italia das vita besonders dolce 44 Mit Schluss: der zweite Apparat - ohne: wo man ihn fand 45 Partizipieller Zustand von Pause und Protest, Gang oder Gurke 46 Die vom Hemd komme mir nicht in den Punsch 47 Wie die Party der allzu Ungehemmten - à la Wildpferd? [...]"
"84","2014-01-09","Zeitung","Die Zeit, 09.01.2014","im vergangenen Herbst in den USA ins Kino kam, hinterfragte der Film das Selbstbild der Nation: Amerika, Hort der Freiheit und Demokratie?"
"85","2011-06-30","Zeitung","Die Zeit, 30.06.2011","Es muss nun heftig und genauso lustig darüber gestritten werden, ob die Jugend von Athen, anders als die Jugend anderer europäischer Nationen, kein natürliches Recht auf Statussymbole der Gegenwart wie das iPhone habe, weil Griechenland, anders als andere europäische Staaten, eben kein moderner Industriestaat sei."
"86","2016-04-07","Zeitung","Die Zeit, 07.04.2016","Denn es gibt Spielregeln, nach denen die Arktis aufzuteilen ist, festgelegt entlang naturwissenschaftlicher Kriterien von den Vereinten Nation."
"87","2009-08-13","Zeitung","Die Zeit, 13.08.2009","Anderseits möchten es sich viele Nationen, aber auch Konzerne, nicht mit den Chinesen verscherzen."
"88","2016-07-07","Zeitung","Die Zeit, 07.07.2016","Sie habe die Nationen"
"89","2016-10-06","Zeitung","Die Zeit, 06.10.2016","Flüchtlingshilfswerk der Vereinten Nationen schon im Tschad, in Kenia und an der Grenze zu"
"90","2019-11-21","Zeitung","Die Zeit, 21.11.2019","Eine wie sie kann nur gewählt werden, wenn die Nation ihr vertraut:"
"91","2010-03-31","Zeitung","Die Zeit, 31.03.2010","In seiner ersten Rede zur Lage der Nation Anfang Februar streifte Obama das Thema Immigration nur mit einem Satz."
"92","2007-12-06","Zeitung","Die Zeit, 06.12.2007","Ich hoffe, Ihre Aufzählung spiegelt lediglich die frühkindlichen Prägungen der Autoren und war keine absichtliche Aussparung der zweiten Hälfte der Nation."
"93","2011-04-07","Zeitung","Die Zeit, 07.04.2011","Keiner der fragilen Staaten hat eines der acht Millenniums-Entwicklungsziele der Vereinten Nationen erreicht."
"94","2011-03-10","Zeitung","Die Zeit, 10.03.2011","Zwar will diese Nation eigentlich wie keine zweite das Klima schützen, aber eben auch sorgenfrei mit Tempo 200 fahren."
"95","2022-03-24","Zeitung","Die Zeit, 24.03.2022","Städte verbergen viel und offenbaren viel, jede ist eine Einheit, jede eine Vielheit, jede hat mehr Zeit, als ein Berichterstatter, als ein Mensch, als eine Gruppe, als eine Nation."
"96","2022-06-30","Zeitung","Die Zeit, 30.06.2022","Wären SUV-Fahrer eine Nation, so hätten sie 2018 den siebten Platz unter den weltweit größten CO2-Emittenten belegt."
"97","2014-04-30","Zeitung","Die Zeit, 30.04.2014","und ihre Familien schockierte die Nation und brachte selbst hartgesottene Kapitalisten wie die"
"98","2019-02-28","Zeitung","Die Zeit, 28.02.2019","Tatsächlich sollen die First Nations durch einen von Staats wegen betriebenen Ethnozid als distinkte Ethnien kulturell ausgelöscht werden."
"99","2008-11-20","Zeitung","Die Zeit, 20.11.2008","Während er seine Reden von der »einen Nation« schwingt, fordert der Staatsanwalt ein Vierteljahrhundert Haft für 15-jährige kurdische Demonstranten."
"100","2016-04-28","Zeitung","Die Zeit, 28.04.2016","Wollte man nicht gemeinsam ans Licht, als eine Nation, eine Gemeinschaft?"
"101","2005-09-08","Zeitung","Die Zeit, 08.09.2005","Zurzeit erkundet er zusammen mit 30 Studenten die Karrierewege von Managern in vier Nationen."
"102","2023-07-06","Zeitung","Die Zeit, 06.07.2023","Er ist zu Gast bei den Vereinten Nationen in New York."
"103","2019-05-02","Zeitung","Die Zeit, 02.05.2019","Dem linken Universalismus aber waren die Menschen alle gleich, Nation und Nationalkultur galten nichts, auch die Klassen waren nur etwas, das überwunden werden musste, und erst recht die Geschlechteridentitäten sollten sich in rechtlicher, schließlich faktischer Gleichstellung, am Ende in weitgehender Angleichung der Lebensperspektiven auflösen."
"104","2021-09-30","Zeitung","Die Zeit, 30.09.2021","Aber warum sollte diese Gruppe unbedingt ein Land oder eine Nation sein?, fragen andere Kritiker des Patriotismus."
"105","2022-08-25","Zeitung","Die Zeit, 25.08.2022","Auf dem Entwicklungsindex der Vereinten Nationen steht Niger auf Platz 189 von 189 gelisteten Ländern."
"106","2007-06-28","Zeitung","Die Zeit, 28.06.2007","Ob Horses oder Daydream Nation, was der Klassik seit einem Jahrhundert teuer war, ist dem Pop nun billig."
"107","2006-04-27","Zeitung","Die Zeit, 27.04.2006","Dass die Nation im Zentrum der Frankfurter Buchmesse stehen soll, gleicht dem Versuch, die Literaturen Europas unter einen Hut zu bringen, wobei der indische Hut ein ganzes Stück größer ist."
"108","2022-10-20","Zeitung","Die Zeit, 20.10.2022","Seitdem war er davon überzeugt, dass die Vereinigten Staaten nur mit einer starken Zentralregierung zu einer Nation zusammenwachsen konnten."
"109","2010-09-09","Zeitung","Die Zeit, 09.09.2010","Chruschtschow wollte demonstrieren, dass er die Vereinten Nationen nur für eine nutzlose, von den kapitalistischen Ländern dominierte Quatschbude hielt."
"110","2009-12-17","Zeitung","Die Zeit, 17.12.2009","Und in dem Augenblick, da die Enthüllungen über Kundus die Nation aufwühlen, mokiert sich der Verteidigungsminister in einer Talkshow über unser »schüchternes« Verhältnis zu Waffen:"
"111","2011-07-07","Zeitung","Die Zeit, 07.07.2011","Sondermittel aus der europäischen Verpflichtung zur Entwicklungsfinanzierung - bis 2015 sollen es 0,7 Prozent des Nettoeinkommens der Nationen sein - kommen inzwischen zu einem Teil auch der Kulturarbeit zugute."
"112","2008-05-08","Zeitung","Die Zeit, 08.05.2008","Die Nation hat Durst, mehr als ihr wohl guttut."
"113","2005-02-03","Zeitung","Die Zeit, 03.02.2005","Pearse hatte 1916 die irische Nation aufgefordert, stets auf »die Stimmen der Toten« zu hören, selbst wenn sie verlangten, dass »eure Füße im Blute eurer Feinde waten«."
"114","2007-04-04","Zeitung","Die Zeit, 04.04.2007","Die Großherzigkeit einer großherzigen Nation."
"115","2020-04-02","Zeitung","Die Zeit, 02.04.2020","Doch das Land steht auch für den Erfolg mehrerer asiatischer Nationen, die gelernt haben, beides zu schützen: Gesundheit und Wirtschaft."
"116","2015-09-10","Zeitung","Die Zeit, 10.09.2015","""Bringen Sie unsere Landsleute nur auf die See, das wird der Nation und Ihrer Gesellschaft reiche Früchte tragen!"""
"117","2022-05-25","Zeitung","Die Zeit, 25.05.2022","Wer in ihr bestehen will, muss sich anpassen, ausweichen, wandern und seine Identität in jedem Moment auf den Prüfstand stellen; in diesem postapokalyptischen Kosmos zählen Tradition, Herkunft, Verwurzelung, Vergewisserungen auf Kollektive oder gar Nationen nichts mehr."
"118","2016-11-17","Zeitung","Die Zeit, 17.11.2016","Die Frage, ob sich seine Politik später in Form von Inflation oder einem Crash rächt, wenn die Schulden der hoch verschuldeten Nation neue Höhen erklimmen, stellt kaum jemand."
"119","2017-09-07","Zeitung","Die Zeit, 07.09.2017","Die Europäische Union verlor an Anziehungskraft, die bisher so selbstverständlich wirkende Gemeinsamkeit von Demokratie, Liberalismus und Rechtsstaatlichkeit lockerte sich, die Einwanderungen stellten das Konzept der Nationen als Willensgemeinschaft auf die Probe, die europäisch-amerikanischen Beziehungen knirschen, der Ton der Auseinandersetzung wird aggressiver, der Respekt vor der Politik und damit die Wahlbeteiligung sinken."
"120","2014-12-23","Zeitung","Die Zeit, 23.12.2014","Es ist der Geist der Einheit - einer Einheit von Kultur und Natur, von Himmel und Erde, von spiritueller und materieller Welt, von Gegenwart und Vergangenheit, von Mensch und Tier und über alledem: die Einheit der Nation."
"121","2008-06-26","Zeitung","Die Zeit, 26.06.2008","David Wark Griffiths berühmter Film »Geburt einer Nation« aus dem Jahr 1915"
"122","2005-09-15","Zeitung","Die Zeit, 15.09.2005","In der Bildung ist Deutschland bis heute eine verspätete Nation, die Sonderwege geht und Anachronismen verteidigt."
"123","2021-08-05","Zeitung","Die Zeit, 05.08.2021","Um die Hohe See besser zu schützen, laufen seit mehr als zehn Jahren Verhandlungen, seit drei Jahren unter dem Dach der Vereinten Nationen."
"124","2024-11-21","Zeitung","Die Zeit, 21.11.2024","Einst galt die Bundesrepublik als führende Nation, wenn es darum geht, neue Medikamente am Menschen zu erproben."
"125","2009-12-30","Zeitung","Die Zeit, 30.12.2009","Laut einer Studie des World Food Programme der Vereinten Nationen verursachen Sozialgeldtransfers nur halb so hohe Verwaltungskosten wie Nahrungsmittelhilfen."
"126","2009-01-22","Zeitung","Die Zeit, 22.01.2009","In den folgenden Jahren wächst er in der Erinnerung der Nation zum Mythos, allüberall im Land werden ihm Denkmäler errichtet."
"127","2006-10-05","Zeitung","Die Zeit, 05.10.2006","Ein Wissen übrigens, das vor der Illusion schützt, eine einzige Wahl im Konsens könne die Vereinten Nationen aus der Krise führen."
"128","2010-12-30","Zeitung","Die Zeit, 30.12.2010","Nun war er, nicht mehr ganz so jugendlich und mit Toupet, bereit für die Rolle des jugendlichen Liebhabers der Nation."
"129","2005-01-27","Zeitung","Die Zeit, 27.01.2005","Das Entwicklungsprogramm der Vereinten Nationen versucht seit einiger Zeit, die Situation der Frauen statistisch zu erfassen."
"130","2017-07-20","Zeitung","Die Zeit, 20.07.2017","Honduras, durch das ein Großteil der Kokainexporte in Richtung USA wandert, hat eine der höchsten Mordraten der Welt; nach einer Studie der Vereinten Nationen ist die Zahl der Morde in Ländern, durch die Kokainrouten führen, doppelt so hoch wie anderswo."
"131","2015-08-06","Zeitung","Die Zeit, 06.08.2015","Den Krieg unter diesen Umständen fortzusetzen würde nicht nur zur völligen Vernichtung unserer Nation führen, sondern zur Zerstörung der menschlichen Zivilisation."""
"132","2006-03-09","Zeitung","Die Zeit, 09.03.2006","Selbst Michael Ballack, von Natur aus eher treuer Trainervasall, hat sich nach dem 1 : 4 gegen Italien unters Kronzeugenschutzprogramm der ernüchterten Nation begeben und ausgesagt:"
"133","2012-12-06","Zeitung","Die Zeit, 06.12.2012","Nach Berechnungen der Vereinten Nationen müssten bis 2050 insgesamt 17 Millionen Arbeitskräfte gefunden werden, um die Renten zu finanzieren."
"134","2014-07-10","Zeitung","Die Zeit, 10.07.2014","Es hat sich herausgestellt, dass die ökonomische Krise vor allem der südeuropäischen Nationen nichts anderes ist als der Reflex jener unterschiedlichen politischen Institutionen und kulturellen Mentalitäten, die im beschriebenen Utopiebegriff fälschlicherweise aufgehoben wurden, und dass anstelle der Differenz Identität behauptet wurde."
"135","2012-07-12","Zeitung","Die Zeit, 12.07.2012","Das immerhin haben die europäischen Nationen gemeinsam."
"136","2006-03-23","Zeitung","Die Zeit, 23.03.2006","In seiner Rede zur Lage der Nation forderte er jüngst, mittels Alkohol die Abhängigkeit von arabischem Öl zu reduzieren."
"137","2024-12-12","Zeitung","Die Zeit, 12.12.2024","Jede Nation, sagt Gurtschiani, wähle sich eine Erzählung von Trauma und eine von Ruhm."
"138","2005-10-20","Zeitung","Die Zeit, 20.10.2005","Wo der ehemalige Außenminister de Villepin vor den Vereinten Nationen die Fahne des Völkerrechts hisste, signalisierte Sarkozy in Nahkampfeinsätzen an Brennpunkten im ganzen Land, dass für ihn Recht und Ordnung in der Nachbarschaft anfangen."
"139","2021-11-18","Zeitung","Die Zeit, 18.11.2021","In Libyen leben mehr als hundert Stämme, und die sind mächtig; was der Stamm möchte, ist für den Einzelnen im Zweifel wichtiger als das Wohl der Nation."
"140","2021-01-21","Zeitung","Die Zeit, 21.01.2021","Senat sitzt, der der Nation helfen kann, ihre Vergangenheit zu bewältigen."
"141","2008-02-07","Zeitung","Die Zeit, 07.02.2008","San Marino ist Mitglied der Vereinten Nationen, des Europarats, der Weltbank und des Internationalen Währungsfonds."
"142","2022-03-10","Zeitung","Die Zeit, 10.03.2022","Auch im Westen ist die Existenz einer ukrainischen Nation immer wieder bezweifelt worden."
"143","2012-09-13","Zeitung","Die Zeit, 13.09.2012","Seit dem sowjetischen Sputnik, der 1957 die Nation schockte, taucht es alle zehn Jahre wieder auf."
"144","2017-04-12","Zeitung","Die Zeit, 12.04.2017","Mithilfe der Vereinten Nationen gelang es 2015, ein Friedensabkommen zu schließen, aber die"
"145","2018-05-09","Zeitung","Die Zeit, 09.05.2018","Es sind die Königin und der beliebteste Naturfilmer der Nation, Sir David Attenborough."
"146","2023-02-23","Zeitung","Die Zeit, 23.02.2023","Er regierte eine Nation, die gut gerüstet und Teil eines abschreckungsfähigen Bündnisses war."
"147","2018-04-12","Zeitung","Die Zeit, 12.04.2018","Tansania steht weit abgeschlagen auf Rang 151 des Human Development Index der Vereinten Nationen."
"148","2010-10-21","Zeitung","Die Zeit, 21.10.2010","Denn es seien die parasitären Fremden, die das Boot nach unten zögen, es seien die Muslime, so sagt es Thilo Sarrazin, die durch ihre vererbte Dummheit die Überlebensfähigkeit der Nation aufs Spiel setzten."
"149","2016-12-15","Zeitung","Die Zeit, 15.12.2016","Vereinten Nationen mit seltener Klarheit erheben: dass syrische Regimetruppen Zivilisten"
"150","2016-05-19","Zeitung","Die Zeit, 19.05.2016","1943 entschied der Supreme Court, dass Studenten das Treuegelöbnis gegenüber Nation und Flagge nicht aufsagen müssen, wenn das gegen ihre religiöse Überzeugung oder Gewissensfreiheit geht."
"151","2014-05-22","Zeitung","Die Zeit, 22.05.2014","Vor wenigen Monaten protestierten die Vereinigten Staaten und andere westliche Nationen bei den UN in New York gegen die Unterdrückung der Presse-und Meinungsfreiheit in Ägypten."
"152","2016-03-10","Zeitung","Die Zeit, 10.03.2016","Wenn's klappt - ein großes Wenn - , darf die Nation sich auf die nächste Amtszeit Merkel freuen."
"153","2012-08-02","Zeitung","Die Zeit, 02.08.2012","Jetzt aber sei der Begriff Stolz in einem aufgeklärten Maße auch möglich in Bezug auf unsere Nation."
"154","2014-07-10","Zeitung","Die Zeit, 10.07.2014","Die heftige deutsche Reaktion gegen englische Europafeindschaft und die französische Distanz gegenüber Deutschland kommen aus der Unkenntnis oder dem Unverständnis, dass ein solches Selbstbewusstsein bei den führenden Nationen Westeuropas nach wie vor besteht."
"155","2006-08-10","Zeitung","Die Zeit, 10.08.2006","So wird kaum eine Nation ihre Verpflichtung aus dem Kyoto-Protokoll erfüllen."
"156","2016-12-01","Zeitung","Die Zeit, 01.12.2016","Vor allem sollte man nicht im Namen eines die Klassen und Nationen überschreitenden weiblichen Kollektivs sprechen, das es nicht mehr gibt - was man deshalb so gut weiß, weil man höchstselbst an seiner Zersetzung qua Hyperindividualisierung mitgewirkt hat."
"157","2009-11-12","Zeitung","Die Zeit, 12.11.2009","Die Literatur nahm eine Nation vorweg, die es nicht gab."
"158","2022-12-29","Zeitung","Die Zeit, 29.12.2022","Nun ist die Krankheit dank eines Hilfsprogramms, das unter anderem von der Weltgesundheitsorganisation und dem Kinderhilfswerk der Vereinten Nationen vorangetrieben wurde, von der Erde verschwunden."
"159","2014-01-02","Zeitung","Die Zeit, 02.01.2014","Was er im Sinn hat, ist ein ""modernes Theater der Nationen, das sich international ausrichtet, mit Regisseuren und Schauspielern aus unterschiedlichen Ländern arbeitet, das unterschiedliche Produktionsweisen und Ästhetiken entwickelt."
"160","2022-04-13","Zeitung","Die Zeit, 13.04.2022","Finanzminister Christian Lindner rät den hiesigen Unternehmen, bevorzugt mit den Nationen ins Geschäft zu kommen, »die nicht nur Handelspartner sind, sondern auch Wertepartner sein wollen«."
"161","2008-07-31","Zeitung","Die Zeit, 31.07.2008","Ich weiß, dass wir mit hohem Aufwand und großen Opfern seit mehr als zwei Jahrhunderten darum ringen, eine immer bessere Union zu bilden - dass wir gemeinsam mit anderen Nationen eine hoffnungsvollere Welt anstreben."
"162","2021-01-21","Zeitung","Die Zeit, 21.01.2021","Jetzt, am 11. März, als Trump seine Rede an die Nation hält, tagt regelmäßig eine Coronavirus-Task-Force, darin sitzen der Direktor der CDC und weitere Gesundheitsexperten."
"163","2006-07-06","Zeitung","Die Zeit, 06.07.2006","Die Nation erweiterte ihr Territorium beträchtlich, wie seit den Tagen Thomas Jeffersons nicht mehr (ZEIT Nr. 18/03)."
"164","2019-12-27","Zeitung","Die Zeit, 27.12.2019","Ich habe sorgfältig die Akten studiert, vor allem den umfangreichen Untersuchungsbericht der Vereinten Nationen."
"165","2014-06-05","Zeitung","Die Zeit, 05.06.2014","Er spricht davon, dass die Hoffnung auf ein Europa der freien, gleichberechtigten, konvergierenden Nationen tot sei."
"166","2021-01-07","Zeitung","Die Zeit, 07.01.2021","Die Vereinten Nationen entsandten eine 12.000 Mann starke Stabilisierungsmission."
"167","2016-12-01","Zeitung","Die Zeit, 01.12.2016","Trotz des Einsatzes der Nato und der Vereinten Nationen vergeht in"
"168","2014-12-17","Zeitung","Die Zeit, 17.12.2014","Der Bericht könne helfen, so Obamas Hoffnung, die Nation zu entgiften."
"169","2010-07-01","Zeitung","Die Zeit, 01.07.2010","Wen gibt es denn sonst noch auf der Welt?Die Vereinten Nationen sind dafür zu wenig glaubwürdig."
"170","2007-03-22","Zeitung","Die Zeit, 22.03.2007","Als auf Menschenrechte spezialisierter Jurist arbeitet er seit sieben Jahren als Richter am Internationalen Gerichtshof der Vereinten Nationen in Den Haag."
"171","2008-09-11","Zeitung","Die Zeit, 11.09.2008","Unser ideales Ziel wird sein, mit Baustein einer neuen Nation zu werden, die von den übrigen Vereinten Nationen als gleichwertiges Mitglied anerkannt werden wird.«"
"172","2022-05-25","Zeitung","Die Zeit, 25.05.2022","Der Westen zeigt sich geschlossen gegen Putin, weltweit jedoch ist das Bild ein anderes: Indien, das in wenigen Jahren China als bevölkerungsreichste Nation ablösen wird, bezieht, Stand Mai, gut zwanzigmal mehr Öl und Gas aus Russland als vor dem Überfall auf die Ukraine."
"173","2020-10-08","Zeitung","Die Zeit, 08.10.2020","verstärkten diese Tendenz zur Nation und förderten den Sinn für Gemeinschaft."
"174","2022-04-13","Zeitung","Die Zeit, 13.04.2022","Rink: Fatal war schon beim Krieg in Syrien und bei der Annexion der Krim, dass das Gewaltmonopol der Vereinten Nationen, in Konflikte einzugreifen und Blauhelme zu schicken, gelähmt wurde durch die Vetorechte im Sicherheitsrat."
"175","2006-03-02","Zeitung","Die Zeit, 02.03.2006","Die deutschen Universitätsstämme sind überlaufen, unterausgestattet, überlastet - und sollen an ihren Ratsfeuern dennoch mal rasch die Zukunft der Nation retten."
"176","2013-03-27","Zeitung","Die Zeit, 27.03.2013","78 Beinhaltet Ihr Katholizismus den Glauben, dass die USA die führende Nation auf"
"177","2020-02-20","Zeitung","Die Zeit, 20.02.2020","Das kann die polnische Geschichtslehrerin sein, die in einem deutschen Leistungskurs die gemeinsame leidvolle Geschichte beider Nationen vermittelt."
"178","2016-08-04","Zeitung","Die Zeit, 04.08.2016","7000 Journalisten, 4500 Sportler, 160 Nationen, 65 Stunden im Programm von ARD und ZDF, Gold für Markus Rehm."
"179","2007-06-06","Zeitung","Die Zeit, 06.06.2007","Ist das nur ein Bluff oder tatsächlich eine Wende in der US-Klimapolitik?Ist Klimaschutz unter der Regie der Vereinigten Staaten besser aufgehoben als unter der Regie der Vereinten Nationen?"
"180","2022-01-20","Zeitung","Die Zeit, 20.01.2022","Die Nato kann das Prinzip der »offenen Tür« nicht aufgeben, nach dem sich Nationen um Aufnahme bemühen können."
"181","2010-03-11","Zeitung","Die Zeit, 11.03.2010","Er bewies ein feines Gespür für die Befindlichkeit der Nation."
"182","2006-08-31","Zeitung","Die Zeit, 31.08.2006","»Es gibt zurzeit keine Nation, die sich Israel gegenüber freundschaftlicher verhält als Deutschland.«(SZ vom 4. August 2006)"
"183","2015-08-27","Zeitung","Die Zeit, 27.08.2015","Eine Reihe ambitionierter Nationen, ja ganze Weltregionen industrialisieren und entwickeln sich rapide."
"184","2010-09-09","Zeitung","Die Zeit, 09.09.2010","Plötzlich würden Begriffe wie »Nation« zum Ausschlusskriterium:"
"185","2018-09-27","Zeitung","Die Zeit, 27.09.2018","Sozialismus war die Höchstform des neuzeitlichen kognitiven und politischen Optimismus; er beruhte auf dem Glauben, man könne das Wirtschaftsleben einer Nation oder eines Aggregats aus Nationen von einem panoptischen, optimal informierten Zentralstandort aus regieren."
"186","2016-03-10","Zeitung","Die Zeit, 10.03.2016","Unsere Nation aber"
"187","2018-09-06","Zeitung","Die Zeit, 06.09.2018","schrieb Atatürk, die Türken seien bereits vor Übernahme des Islams eine große Nation gewesen."
"188","2019-01-31","Zeitung","Die Zeit, 31.01.2019","Diese Woche ist eine chinesische Delegation in Washington, um über den Handelsstreit zwischen den beiden Nationen zu verhandeln."
"189","2017-01-26","Zeitung","Die Zeit, 26.01.2017","""Wir werden unsere Leute (...) wieder zur Arbeit bringen, unsere Nation mit amerikanischen Händen und amerikanischer Arbeit wieder aufbauen."""
"190","2008-04-03","Zeitung","Die Zeit, 03.04.2008","Heute nun will die Nation am liebsten als ganz normal erscheinen, und das heißt: alles Sonderliche loswerden."
"191","2011-03-31","Zeitung","Die Zeit, 31.03.2011","Mitten im Einheitsprozess hatten sie Distanz zur Nation und Sorge ums Klima demonstriert, spontihaft sympathisch bis zur Selbstaufgabe."
"192","2024-04-04","Zeitung","Die Zeit, 04.04.2024","Als das Schach aus dem Orient nach Europa kam, führte eine Route durch den Kaukasus, und so zählen Armenien und Aserbaidschan heute zu den stärksten Nationen."
"193","2020-09-17","Zeitung","Die Zeit, 17.09.2020","»Wir als Nation haben den Wendepunkt erreicht«, schreibt Lukaschenkos Herausforderin Swetlana Tichanowskaja aus dem litauischen Asyl."
"194","2015-10-29","Zeitung","Die Zeit, 29.10.2015","Die Vereinten Nationen haben Slat vor einem Jahr als Global Champion ausgezeichnet."
"195","2010-06-24","Zeitung","Die Zeit, 24.06.2010","Noch einmal durchwandert Saramago seine karge Heimat und die melancholische Geschichte einer glücklosen Nation von Eroberern."
"196","2015-08-20","Zeitung","Die Zeit, 20.08.2015","Spielen ist sogar ein Kinderrecht, so steht es in einer Vereinbarung der Vereinten Nationen."
"197","2011-10-20","Zeitung","Die Zeit, 20.10.2011","Das alles sind wunderbare Charakteristika dieser Nation im Herzen Europas."
"198","2017-11-16","Zeitung","Die Zeit, 16.11.2017","Nicht eine Politik der gefühlten Nation, sondern nur eine Politik der begriffenen Klasse bringt die Menschheit weiter."
"199","2022-01-27","Zeitung","Die Zeit, 27.01.2022","Auch die Nation of Islam erstarkte, eine in Teilen offen antisemitische Organisation."
"200","2007-03-22","Zeitung","Die Zeit, 22.03.2007","Doch stachen in allen früheren Generationen Schriftsteller hervor wie Heinrich Heine oder Thomas Mann, Politiker wie Arnold Ruge oder Konrad Adenauer, für die Europa mehr war als die Butterbrotdosenverordnung, nämlich eine existenzielle Notwendigkeit: der Modus eines Zusammenlebens, durch den die Unterschiede der Ethnien, Sprachen, Religionen und Nationen nicht aufgehoben, aber politisch entschärft und vielleicht sogar als Reichtum anerkannt werden."
"201","2015-05-13","Zeitung","Die Zeit, 13.05.2015","Vor dem Start hatten sie skeptisch die sibirische Crew gemustert, die hier im Auftrag der Vereinten Nationen umherfliegt."
"202","2022-12-01","Zeitung","Die Zeit, 01.12.2022","Das Turnier wurde an eine Nation vergeben, die sich alles erkaufen konnte, ohne selbst irgendeine Fußballkultur zu haben."
"203","2016-09-15","Zeitung","Die Zeit, 15.09.2016","Europa Zurück zur Nation - führt dieser Weg aus der Krise? von Martin Höpner, Fritz Scharpf und Wolfgang Streeck 26"
"204","2005-04-21","Zeitung","Die Zeit, 21.04.2005","lesend in nichts nachsteht und die Gedichte schlichtweg groß und gut sind, braucht es keine Wortspenden zur Lage der Nation, um einen historischen Moment zu machen."
"205","2005-04-14","Zeitung","Die Zeit, 14.04.2005","Krauss-Maffei Wegmann (KMW), laut Eigenauskunft »Marktführer in Europa für gepanzerte Rad- und Kettenfahrzeuge«, verweist darauf, dass sich »weltweit die Streitkräfte von 25 Nationen« auf ihre Systeme verließen."
"206","2017-05-04","Zeitung","Die Zeit, 04.05.2017","Unsere Schulen seien leistungsfähig und gerecht, in jedem Fall besser als die anderer Staaten - davon war die Nation der Dichter und Denker überzeugt gewesen."
"207","2005-04-28","Zeitung","Die Zeit, 28.04.2005","Tatsächlich herrscht heute weniger Einigkeit über die geeigneten Mittel zur Wahrung und Schaffung von Frieden als zur Zeit der Gründung der Vereinten Nationen."
"208","2020-02-20","Zeitung","Die Zeit, 20.02.2020","Nation und Europa"
"209","2015-04-09","Zeitung","Die Zeit, 09.04.2015","Damit meinte er Länder, in denen Menschen schlecht behandelt werden und die andere Nationen bedrohen."
"210","2005-09-01","Zeitung","Die Zeit, 01.09.2005","Jeder Reishügel stand für eine Nation oder Gemeinschaft dieser Welt und jedes Reiskorn für eine Menschenseele."
"211","2020-11-19","Zeitung","Die Zeit, 19.11.2020","Im März haben die zehn Staaten des Verbandes Südostasiatischer Nationen (Asean) die Europäische Union als wichtigster Handelspartner Chinas überholt."
"212","2013-01-31","Zeitung","Die Zeit, 31.01.2013","bekommen die Franzosen Hilfe von den USA, und auch andere Nationen leisten logistische"
"213","2010-02-18","Zeitung","Die Zeit, 18.02.2010","Die Deutschen bleiben eine verführbare Nation - in höherem Maße verführbar als andere."
"214","2016-01-21","Zeitung","Die Zeit, 21.01.2016","Der Minister ist nach Deutschland gekommen, weil er nach Ideen sucht für die Aufgabe, die Barack Obama zwei Tage zuvor in seiner letzten Rede zur Lage der Nation formuliert hat: Technologie, sagte der Präsident, könne heute jeden Arbeitsplatz ersetzen, sie untergrabe die Position der Arbeitnehmer, sie könne zu stagnierenden Löhnen führen und zu noch mehr Ungleichheit."
"215","2018-04-19","Zeitung","Die Zeit, 19.04.2018","Deswegen ist es wichtig, ein Wir-Gefühl auf unsere freiheitliche und demokratische Tradition zu stützen, wie sie mit der Magna Charta 1215 ihren Anfang nahm, zwischen 1787 und 1791 ihren Ausdruck in der amerikanischen, französischen und - was oft vergessen wird - der polnischen Verfassung fand, mit der Allgemeinen Erklärung der Menschenrechte der Vereinten Nationen nach dem Zweiten Weltkrieg bekräftigt und im Grundgesetz der Bundesrepublik Deutschland verankert wurde."
"216","2005-02-03","Zeitung","Die Zeit, 03.02.2005","Denn von ihrer neu-alten Hauptstadt, von Ostdeutschland und den wackligen Perspektiven zwischen EU und Weltpolitik waren die Bundesbürger immer noch so irritiert, dass sie für das günstige Urteil eines Franzosen über ihr Land überaus empfänglich waren: Obwohl Deutschland, so sein Resümee, der einzige Staat in der EU sei, der sich nicht auf die Idee einer Nation, sondern auf eine politische Moral stütze, habe das Land eine Einigkeit über seine Grundwerte von Recht und Freiheit erreicht, die alle politischen Zerwürfnisse überstehe."
"217","2020-05-07","Zeitung","Die Zeit, 07.05.2020","Die DDR war ein Staat ohne Nation."
"218","2013-03-21","Zeitung","Die Zeit, 21.03.2013","verabschiedet vor sechs Jahren von den Vereinten Nationen."
"219","2023-02-09","Zeitung","Die Zeit, 09.02.2023","ZEIT: Vor rund zehn Jahren kam eine Studie im Auftrag der Vereinten Nationen zu dem Ergebnis, ein großes Erdbeben unterhalb des Marmarameeres könnte bis zu 90.000 Opfer fordern und ein Zehnfaches dieser Zahl an Menschen obdachlos machen."
"220","2009-06-18","Zeitung","Die Zeit, 18.06.2009","Nächste Woche fällt die Entscheidung der Vereinten Nationen."
"221","2015-02-26","Zeitung","Die Zeit, 26.02.2015","Im Rahmen des von den Vereinten Nationen vorgeschriebenen Rotationsprinzips werde ich für die Unicef wohl bald wieder in ein anderes Land gehen müssen."
"222","2013-01-03","Zeitung","Die Zeit, 03.01.2013","Das Kräfteungleichgewicht zwischen liberalen Zweiflern und konservativen Dogmatikern hat uns in den Vereinigten Staaten ein verlorenes politisches Jahrzehnt beschert: Verbot der embryonalen Stammzellforschung, Ausweichmanöver bei Abtreibung und Homo-Ehe, Forderungen nach einem Blasphemieverbot durch die Vereinten Nationen (das es den Bürgern von Mitgliedstaaten untersagen würde, Religionen zu kritisieren)."
"223","2013-05-02","Zeitung","Die Zeit, 02.05.2013","Im Februar war Andraka Ehrengast des US-Präsidenten bei dessen Rede zur Lage der Nation."
"224","2020-03-12","Zeitung","Die Zeit, 12.03.2020","Nach Schätzungen der Vereinten Nationen sind in Nigeria, freigesetzt durch die Kämpfe mit Boko Haram, 300 Millionen illegale Waffen im Umlauf."
"225","2024-07-04","Zeitung","Die Zeit, 04.07.2024","Und so ist es auch in der Nation."
"226","2016-02-04","Zeitung","Die Zeit, 04.02.2016","""Die Frage, ob der Staat oder die Nation an erster Stelle kommt, markierte das grundlegende Feld des Streits zwischen Pi sudski-Anhängern und Nationaldemokraten."
"227","2023-05-25","Zeitung","Die Zeit, 25.05.2023","Er hatte einen »ungebrochenen Spirit«, wie Zuma die Nation unverzüglich nach seiner Freilassung wissen ließ."
"228","2015-01-15","Zeitung","Die Zeit, 15.01.2015","Die große, die überwältigende Mehrheit der Menschen hat über alle Grenzen der Konfession, Nation und Ethnie hinweg das Gemeinsame über das Trennende gestellt."
"229","2014-01-23","Zeitung","Die Zeit, 23.01.2014","Dies wäre ein guter Anfang, der Anfang einer Digitalpolitik, die man von Berlin nach Brüssel tragen müsste, von Brüssel nach New York zu den Vereinten Nationen. Müsste."
"230","2014-12-30","Zeitung","Die Zeit, 30.12.2014","Die Nation habe etwas Abstraktes, Mythisches, ungut Berauschendes."
"231","2017-08-17","Zeitung","Die Zeit, 17.08.2017","Wenn aber die europäischen Regierungen, die Vereinten Nationen"
"232","2011-12-29","Zeitung","Die Zeit, 29.12.2011","der Fremdenlegion kommen aus über 130 Nationen, rund um die Uhr ist man"
"233","2016-07-14","Zeitung","Die Zeit, 14.07.2016","Den Briten ist nur noch die Nation geblieben."
"234","2009-11-19","Zeitung","Die Zeit, 19.11.2009","Seit dem Klimagipfel 2007 auf Bali diskutieren die Vereinten Nationen diese Option unter dem Namen REDD - Reducing Emissions from Deforestation and Forest Degradation."
"235","2016-07-21","Zeitung","Die Zeit, 21.07.2016","Deutschland aus dem Kreis der Nationen auszuschließen."
"236","2016-09-15","Zeitung","Die Zeit, 15.09.2016","Die Vereinten Nationen und die Europäische Kommission haben Programme zur Bekämpfung gestartet und organisieren regelmäßige Treffen."
"237","2012-11-29","Zeitung","Die Zeit, 29.11.2012","Palästinenserpräsident Mahmud Abbas hatte im vergangenen Jahr beschlossen, die Aufnahme seines Landes in die Vereinten Nationen zu beantragen."
"238","2017-04-20","Zeitung","Die Zeit, 20.04.2017","Er zählt zur Missbrauchsgeschichte der Sakralisierung von Nation und Krieg."
"239","2017-11-16","Zeitung","Die Zeit, 16.11.2017","Seine Rede vor den Vereinten Nationen begann er auf Nahuatl, der Sprache ebenjener aztekischen Vorfahren."
"240","2011-12-08","Zeitung","Die Zeit, 08.12.2011","Wir befinden uns beim 17. Weltklimagipfel der Vereinten Nationen, die Aussichten sind eher trüb - aber hier kommt eine frohe Botschaft für die Afrikaner:"
"241","2011-05-19","Zeitung","Die Zeit, 19.05.2011","Berater der Vereinten Nationen."
"242","2006-05-18","Zeitung","Die Zeit, 18.05.2006","Deshalb ist Europas christlichste Nation nach dem Tod Johannes Pauls II. vor einem Jahr politisch und kirchlich führungslos."
"243","2011-03-31","Zeitung","Die Zeit, 31.03.2011","Gefeiert wird hingegen das Ewige: die Nation, die immer war und immer sein wird."
"244","2009-10-08","Zeitung","Die Zeit, 08.10.2009","Wirbelstürme und andere wetterbedingte Katastrophen, die jetzt vor allem die ärmeren Nationen treffen (Grafik unten), werden aber neben den Küsten Asiens auch Nordamerika heimsuchen."
"245","2011-10-06","Zeitung","Die Zeit, 06.10.2011","Und müssen dann alle versuchen, chinaesk zu werden, Europa wird Nation, Brüssel wird Peking?"
"246","2018-11-29","Zeitung","Die Zeit, 29.11.2018","Vollversammlung der Vereinten Nationen befassen: Dem »Globalen Pakt für eine sichere,"
"247","2015-02-19","Zeitung","Die Zeit, 19.02.2015","Wir müssen uns die Frage stellen, was Deutschland tun muss, um seine Position als äußerst wettbewerbsfähige Nation zu erhalten."
"248","2017-11-30","Zeitung","Die Zeit, 30.11.2017","""Das ist nicht möglich in unserer Nation, bei der der Einzelne, auch der Beste, über den Dienst im Gliede und den politischen Fetischismus nicht hinauskommt."""
"249","2011-03-31","Zeitung","Die Zeit, 31.03.2011","»Wehe der Nation, die den wissenschaftlich-technischen Anschluss verpasst«, dröhnte Atomexperte Leo Brandt 1956 auf dem Parteitag der fortschrittsversessenen SPD."
"250","2006-06-14","Zeitung","Die Zeit, 14.06.2006","Die Zahl der Länder, die Menschenrechte uneingeschränkt achten, ist außerdem erheblich kleiner als die Gesamtzahl der in den Vereinten Nationen vertretenen Staaten."
"251","2009-03-26","Zeitung","Die Zeit, 26.03.2009","Vielleicht liegt das Zentrum der Nation an der Peripherie, an den Rändern, den Niederschlägen des Politischen."
"252","2013-03-27","Zeitung","Die Zeit, 27.03.2013","dem Mann der Vorsehung, der aus dem Nichts zurückkehrt, um die Nation zu"
"253","2015-11-05","Zeitung","Die Zeit, 05.11.2015","Und damit stand er im Gegensatz zu vielen anderen deutschen Publizisten des frühen 19. Jahrhunderts, die unter dem Eindruck der napoleonischen Besatzung weniger Staat und mehr Nation forderten."
"254","2023-07-20","Zeitung","Die Zeit, 20.07.2023","ZEIT: Und in dem Plastik-Abkommen der Vereinten Nationen könnte das stehen?"
"255","2023-03-30","Zeitung","Die Zeit, 30.03.2023","In Bayreuth wollten er und Wilhelm II. das Zentrum einer die Nation, ja die ganze »germanische Rasse« umfassenden Kunst etablieren."
"256","2013-07-11","Zeitung","Die Zeit, 11.07.2013","Großmächte, und erst wenn Monster aus dem Wasser steigen, begreifen die Nationen, dass sie an"
"257","2008-11-20","Zeitung","Die Zeit, 20.11.2008","Wie sollen die Nationen ihre Versorgung mit Energie sicherstellen?Öl wird knapp - und Deutschland und Europa müssen reagieren."
"258","2011-09-29","Zeitung","Die Zeit, 29.09.2011","Schuldbeladen und zerstört im Krieg, schnell und hässlich wieder aufgebaut - und umgeben von Nationen, die alle irgendetwas besser machten: die sozialen Skandinavier, die liberalen Niederländer, die lebensfrohen Italiener, die traditionsbewussten Briten, die Finnen mit ihren guten Schulen und die Franzosen mit ihrer vorbildlichen Familienpolitik."
"259","2019-12-27","Zeitung","Die Zeit, 27.12.2019","Statistische Zahlen zur Urbanisierung finden sich in einem Report der Vereinten Nationen:"
"260","2005-09-22","Zeitung","Die Zeit, 22.09.2005","Er betrifft die gemeinsame Überzeugung von Wahlvolk, Medien und Politikern, dass für das künftige Wohl der Nation vor allem, wenn nicht gar ausschließlich wirtschaftliche Fragen maßgeblich seien."
"261","2012-10-11","Zeitung","Die Zeit, 11.10.2012","Markus Notter beantwortet wöchentlich die Fragen der Leserinnen und Leser zur Lage der Nation."
"262","2007-03-29","Zeitung","Die Zeit, 29.03.2007","Die ganze Nation war so stolz auf ihren Koloss, dass er lange unangetastet und von Reformen verschont blieb obwohl die Versorgungsstandards über Jahrzehnte weit hinter denen von Deutschland und Frankreich zurückblieben."
"263","2018-01-18","Zeitung","Die Zeit, 18.01.2018","Während in den meisten westlichen Nationen die durchschnittliche Lebenserwartung steigt, sinkt sie in den Vereinigten Staaten."
"264","2021-12-30","Zeitung","Die Zeit, 30.12.2021","Zur Rezeption: Ich glaube, dass wir Journalisten unseren Beitrag dazu geleistet haben, dass es eine große Gruppe von Menschen gab und gibt, die sich in den Medien nicht mehr vertreten sehen - Menschen mit einem konservativen Wertekostüm in Religion, Familie, Nation."
"265","2017-01-26","Zeitung","Die Zeit, 26.01.2017","Es ist ein Nationalismus, der zwar einerseits - wie immer schon - Nation und Vaterland in unverfälschter Weise erhalten und stärken will, in jeder anderen Hinsicht aber längst selber transnational agiert und sein jeweiliges ""Volk"" nur mit transnationalen Themen erreichen kann."
"266","2020-11-19","Zeitung","Die Zeit, 19.11.2020","Betrachten Sie es als Ehre für eine Chefanklägerin, auf der Sanktionsliste der mächtigsten Nation der Welt zu stehen?"
"267","2008-03-13","Zeitung","Die Zeit, 13.03.2008","Während sich im 19. Jahrhundert das politische Gewicht vom Monarchen auf die Nation verschob, hielt der Trend zur Zentralisierung und Kontrolle weiter an."
"268","2021-01-07","Zeitung","Die Zeit, 07.01.2021","sich gegenüber anderen Nationen auf das Recht berufen."
"269","2023-05-04","Zeitung","Die Zeit, 04.05.2023","Der Deutsche Volker Perthes, 64, leitet die politische Mission der Vereinten Nationen im Sudan."
"270","2006-02-23","Zeitung","Die Zeit, 23.02.2006","Brandts Deutschlandpolitik wollte die Einheit der Nation wahren."
"271","2024-02-01","Zeitung","Die Zeit, 01.02.2024","Die Saudis sind spätestens seit den Abraham-Abkommen, also der Verständigung mehrerer arabischer Staaten mit Israel, eine Nation, die kein Öl mehr ins Feuer gießt."
"272","2020-11-26","Zeitung","Die Zeit, 26.11.2020","Na ja, zumindest wäre das nicht passiert, wenn man die ganze Nation mal geschlossen zur Weinprobe geschickt hätte, wenn sie gezwungen worden wäre, sich etwas über das"
"273","2008-05-15","Zeitung","Die Zeit, 15.05.2008","Würden die Deutschen nicht denken, dass die polnische Sprache völlig unverständlich ist vom Temperament her würden die beiden Nationen gut zusammenpassen."
"274","2009-06-18","Zeitung","Die Zeit, 18.06.2009","Die Vereinten Nationen wollen sich des Problems annehmen:"
"275","2006-05-11","Zeitung","Die Zeit, 11.05.2006","Als der 2004 in Athen auf einem kleinen Bötchen der Laser-Klasse olympisches Silber gewonnen hat, ging ein Ruck durch die Nation."
"276","2023-01-05","Zeitung","Die Zeit, 05.01.2023","Er solle sich an die Vereinten Nationen wenden."
"277","2012-06-21","Zeitung","Die Zeit, 21.06.2012","Es ist einfach so, dass wir um uns herum viele stark angeschlagene Nationen haben."
"278","2006-04-06","Zeitung","Die Zeit, 06.04.2006","Die Große Koalition ist die Rütli-Schule der Nation."
"279","2020-02-27","Zeitung","Die Zeit, 27.02.2020","Ich bin mit Seiner Exzellenz Ron Prosor verabredet, ehemaliger Botschafter Israels bei den Vereinten Nationen und in Großbritannien."
"280","2015-05-13","Zeitung","Die Zeit, 13.05.2015","Den Hygiene-Missstand bis 2015 weitgehend zu beheben war eines der sogenannten Millenniumsziele der Vereinten Nationen."
"281","2011-02-10","Zeitung","Die Zeit, 10.02.2011","»Jede Nation sollte auf ihre Art selig werden, solange sie die anderen nicht gefährdet.«"
"282","2016-07-28","Zeitung","Die Zeit, 28.07.2016","Seine NGO überwacht die Arbeit der Vereinten Nationen, und da erlebt er laufend große Stiftungen in Aktion."
"283","2010-03-11","Zeitung","Die Zeit, 11.03.2010","Die Tatsache, dass man Italiener, Türken und Angehörige anderer Nationen als Gastarbeiter nach Deutschland holte und holt, bedeutet für einen Gastgeber auch Pflichten."
"284","2008-04-17","Zeitung","Die Zeit, 17.04.2008","»Ein hungriger Mensch ist ein wütender Mensch«, erklärte vergangene Woche Brenda Barton, die Sprecherin des Welternährungsprogramms der Vereinten Nationen."
"285","2015-04-29","Zeitung","Die Zeit, 29.04.2015","Franzosen empfanden Frauen, die sich mit deutschen Soldaten eingelassen hatten, als Schande für die Nation, und kaum waren die Besatzer abgezogen, musste die ""horizontale Kollaboration"" bestraft werden:"
"286","2023-11-23","Zeitung","Die Zeit, 23.11.2023","In dem Sinne haben wir in den Vereinten Nationen mit Enthaltung gestimmt, so wie die Amerikaner sich im Übrigen bei der jüngsten Abstimmung im Sicherheitsrat ja auch enthalten haben."
"287","2021-03-11","Zeitung","Die Zeit, 11.03.2021","Wie gewann sie als Schwarze am Zug in der britischen 4 Nations Chess League 2018/19 gegen Sue Maroroa entscheidend Material?"
"288","2008-02-28","Zeitung","Die Zeit, 28.02.2008","Wenn wir mit unseren Projekten dazu beitragen, dass die Wirtschaft wächst, dann versetzen wir die Regierungen in die Lage, das Richtige für ihre Menschen und Nationen zu tun."
"289","2008-01-31","Zeitung","Die Zeit, 31.01.2008","Es war der Geist des 19. Jahrhunderts, der die Vorstellung einer homogenen Nation und einer sie beherrschenden kulturellen Identität hervorbrachte, wodurch nicht nur das Imperium der Habsburger zerschmettert wurde."
"290","2007-02-08","Zeitung","Die Zeit, 08.02.2007","Der neuste Umweltbericht der Vereinten Nationen liegt auf dem Tisch, er stellt eine dramatische Prognose:"
"291","2019-05-09","Zeitung","Die Zeit, 09.05.2019","Wer dagegen vorgibt, nicht über dieses Wissen zu verfügen, hat nun schlechtere Karten: Alles liegt klar gebündelt vor, erstellt im Auftrag der Vereinten Nationen, adressiert an die Regierungen der Welt und von 130 von ihnen unterzeichnet."
"292","2013-05-23","Zeitung","Die Zeit, 23.05.2013","Der Oberskifahrer der Nation war bislang dafür bekannt, dass er Politikern stets mit einem sehr selbstbewussten Credo gegenübertrat:"
"293","2012-04-04","Zeitung","Die Zeit, 04.04.2012","Anders als die Menschen anderer großer Nationen lieben sie die Freiheitsmänner und -frauen ihrer Geschichte nicht besonders, ja die meisten Deutschen kennen sie kaum, die Vorkämpfer unserer Republik im 18. und 19. Jahrhundert."
"294","2008-02-21","Zeitung","Die Zeit, 21.02.2008","Die Vereinten Nationen haben die Folter verboten, ausnahmslos und universell, auch die Europäische Menschenrechtskonvention untersagt sie, und wie in Stein gehauen steht am Anfang des Grundgesetzes als erster Satz von Artikel 1:"
"295","2008-01-10","Zeitung","Die Zeit, 10.01.2008","Seine Hauptstadt Nairobi beherbergt wichtige Filialen der Vereinten Nationen und entwickelte sich zu einer Drehscheibe der internationalen Hilfsindustrie."
"296","2005-01-13","Zeitung","Die Zeit, 13.01.2005","Dann aber, als sie endlich wach waren, begann ein karitativer Wettstreit, wie ihn die Menschheit nie erlebt hatte - ein Wettstreit unter den Nationen und mit den eigenen Bürgern, die auf die Fernsehbilder mit überwältigender Hilfsbereitschaft reagierten."
"297","2007-03-08","Zeitung","Die Zeit, 08.03.2007","Dort versammeln sich in der ersten Dezemberhälfte die Umweltminister von rund 190 Nationen, um über die Zukunft der globalen Klimapolitik zu verhandeln."
"298","2006-08-10","Zeitung","Die Zeit, 10.08.2006","Zusammen mit dem Kinderhilfswerk der Vereinten Nationen hat sie ein Programm aufgelegt, um türkischen Mädchen in ländlichen Regionen den Schulbesuch zu ermöglichen."
"299","2009-12-10","Zeitung","Die Zeit, 10.12.2009","Und was lag näher, als den Mythos der mestizaje zu feiern?In Mexiko beschwor Erziehungsminister José Vasconcelos in den zwanziger Jahren die fünfte, »die kosmische Rasse, die sich aus allen früheren Rassen zusammensetzt« - und damit die mestizische Nation."
"300","2020-05-28","Zeitung","Die Zeit, 28.05.2020","Serie Weltmacht Corona, Teil 2 Die Globalisierung war schon vor der Pandemie zu Ende - nun brauchen die Nationen neue Ideen für den Wohlstand der Zukunft von Uwe Jean Heuser A 6"
"301","2023-07-20","Zeitung","Die Zeit, 20.07.2023","Was die große französische Nation aber gar nicht braucht, sind kluge Ratschläge von anderswo."
"302","2005-06-02","Zeitung","Die Zeit, 02.06.2005","Die Debatten um die Zukunft der Vereinten Nationen gehen weiter und drehen sich nicht zuletzt um eine Verwirklichung ihrer so genannten Millenniums-Entwicklungsziele."
"303","2010-12-30","Zeitung","Die Zeit, 30.12.2010","ZEIT: Hört man Ihnen bei den Vereinten Nationen zu?"
"304","2008-01-24","Zeitung","Die Zeit, 24.01.2008","Doch wären die Nationen dann gehalten, eigene Verbote zu erlassen."
"305","2014-01-02","Zeitung","Die Zeit, 02.01.2014","Sammelbecken von verschiedenen Nationen mit einer entsetzlichen Gewaltgeschichte."
"306","2005-01-05","Zeitung","Die Zeit, 05.01.2005","Das der Fläche nach größte Land Europas ist hinter Moldau und Albanien die drittärmste Nation des Kontinents."
"307","2005-01-05","Zeitung","Die Zeit, 05.01.2005","Etliche Beobachter werteten die Erklärungen aus dem Weißen Haus als Misstrauensbekundung gegen die Vereinten Nationen - die ohnehin derzeit mit Korruptionsvorwürfen rings um das »Öl für Lebensmittel«-Programm im Irak zu kämpfen haben, mit einem Prostitutionsskandal der Blauhelme im Kongo, mit persönlichen Animositäten zwischen George W. Bush und Kofi Annan und einer ganzen Riege wortstarker Feinde im US-Kongress."
"308","2016-07-07","Zeitung","Die Zeit, 07.07.2016","Der Zauberlehrling wird immer mehr zum neuen Liebling der Nation - und seiner Mitspieler, die dem 25-Jährigen nach dem Torschuss den linken, genialen Fuß küssten."
"309","2019-07-11","Zeitung","Die Zeit, 11.07.2019","Land ist die vierte Nation, die erfolgreich auf dem Mond aufsetzt."
"310","2011-05-19","Zeitung","Die Zeit, 19.05.2011","Marx dachte nicht im Traum daran, der Sozialismus könnte sinnvoll dazu genutzt werden, bitter arme, wirtschaftlich rückständige Nationen in die Moderne zu katapultieren."
"311","2016-10-13","Zeitung","Die Zeit, 13.10.2016","Mary heißt eigentlich Maria; sie studiert Architektur und stammt aus einer regimetreuen Familie, in der Kirche und Nation hochgehalten werden - aber von dieser tristen Welt hat sie sich gründlich befreit."
"312","2013-09-19","Zeitung","Die Zeit, 19.09.2013","Heute denken weite Teile der deutschen Nation, nur der Ossi, kraft seiner Charaktermängel, sei diktaturfähig ..."
"313","2011-09-29","Zeitung","Die Zeit, 29.09.2011","Und doch kenne ich kaum eine Biografie, in der sich ein Lebenslauf und die Wege einer Nation auf derart innige und schmerzvolle Weise verschränken."
"314","2008-08-07","Zeitung","Die Zeit, 07.08.2008","Die Deutschen gehören zu den letzten Nationen, die ins Stadion einziehen werden als 197. Mannschaft von insgesamt 205."
"315","2016-12-01","Zeitung","Die Zeit, 01.12.2016","Trotz des Einsatzes der Nato und der Vereinten Nationen vergeht in Afghanistan kein Tag, an"
"316","2021-10-07","Zeitung","Die Zeit, 07.10.2021","Im April 2019 saß Amal Clooney gemeinsam mit ihrer Mandantin Murad vor dem Sicherheitsrat der Vereinten Nationen."
"317","2015-12-03","Zeitung","Die Zeit, 03.12.2015","Dabei fällt wiederum auf, dass auch die Übertragung der Souveränität vom Monarchen auf Nation"
"318","2023-08-03","Zeitung","Die Zeit, 03.08.2023","Kränkungen sind ihre Nahrung - und welche größere Kränkung könnte es geben als die Erkenntnis, dass der Erfolg der eigenen Nation nicht nur auf den Leistungen und Ideen der Vorväter aufbaut, sondern auch auf Unterdrückung und Gewalt?"
"319","2010-04-29","Zeitung","Die Zeit, 29.04.2010","Anstelle seines Zwillingsbruders Lech wird er auf Plakaten posieren, Reden an die Nation halten und sich im Wahlkampf aufreiben."
"320","2024-05-04","Zeitung","Die Zeit, 04.05.2024","Bei Fußball-WMs achteten Vertreter meiner Generation zwar weiterhin aus geschichtspolitischer Verantwortung darauf, dass ihr Herz nicht zu laut für die Heimat schlug, doch spätestens mit dem Hauptstadtbeschluss des Bundestags war Deutschland als Nation zurück auf der Bühne und wild entschlossen, sich von der rheinischen Republik zu emanzipieren."
"321","2007-08-02","Zeitung","Die Zeit, 02.08.2007","Die Bild-Zeitung feierte den israelischen Sieg gegen gleich drei arabische Nationen als gelungenen »Blitzkrieg« der israelische Kriegsheld Mosche Dajan wurde unversehens zu einem Meisterschüler von Wehrmachtsstrategen befördert."
"322","2006-04-20","Zeitung","Die Zeit, 20.04.2006","Das schafft Unsicherheit, die es leichter macht, den Menschen Angst einzujagen«, warnte George W. Bush in seiner jüngsten Rede zur Lage der Nation."
"323","2006-11-30","Zeitung","Die Zeit, 30.11.2006","die inteligencja treten gemeinsam gegen die Fremdherrschaft an, und nehmen diesmal ohne Blutvergießen die Rechte der Nation wahr."
"324","2020-12-03","Zeitung","Die Zeit, 03.12.2020","Natürlich hat Pierre de Meuron recht, wenn er sagt, dass der alte Roche-Turm »wie eine Mini-Kopie des Sitzes der Vereinten Nationen in New York« daherkomme."
"325","2014-04-30","Zeitung","Die Zeit, 30.04.2014","Ich wollte im Norden, Süden, Osten und Westen die wichtigsten Nationen"
"326","2008-11-20","Zeitung","Die Zeit, 20.11.2008","Wissen, was die Nation will"
"327","2014-03-20","Zeitung","Die Zeit, 20.03.2014","""Man kann selbstverständlich Sechzehnjährige einziehen, man kann einen Vorgriff auf Fünfzehnjährige machen - ich bin absolut dafür, daß wir das auch bei uns tun, wenn das Schicksal der Nation es einmal fordert."""
"328","2013-12-19","Zeitung","Die Zeit, 19.12.2013","Tatsächlich aber erklärten sich das Aufsehen, das Leutzes Werk erregte, und die enorme Popularität daraus, dass ""der tiefe Konflikt um die Sklaverei bereits das Land zerriss"" und man das Bild als Appell an die Einheit der Nation begriff."
"329","2017-01-19","Zeitung","Die Zeit, 19.01.2017","""Erwachsenwerden der Nation"", von deutscher ""Normalität""."
"330","2020-07-09","Zeitung","Die Zeit, 09.07.2020","Der New Yorker Professor Jeffrey Sachs hat unzählige Länder sowie die Vereinten Nationen"
"331","2024-04-25","Zeitung","Die Zeit, 25.04.2024","Sie sind die Brücke zur historischen Versöhnung zwischen den Nationen in der Region."
"332","2012-01-12","Zeitung","Die Zeit, 12.01.2012","Vor dem Fenster schimmern die grauen Gräber des Cedar Grove Cemetery im rötlichen Licht der Nachmittagssonne, Armenier liegen hier begraben, Kolumbianer, Russen und Chinesen, es ist ein nicht konfessioneller Friedhof für Menschen aller Nationen, so wie Amerika das Land der Einwanderer ist, der Glückssucher, der Flüchtlinge aus kriegsversehrten Ländern."
"333","2015-04-23","Zeitung","Die Zeit, 23.04.2015","Spaniens einstiger Vorzeige-Politiker und -Manager ist nun der Buhmann der Nation."
"334","2018-03-22","Zeitung","Die Zeit, 22.03.2018","Den Konflikt um die Frage, welches Recht Deutschland hat, eine ""selbstbewussten Nation"" zu sein."
"335","2013-04-18","Zeitung","Die Zeit, 18.04.2013","Die Nation verteidigt die Werte der freien und solidarischen Gesellschaft"
"336","2005-06-23","Zeitung","Die Zeit, 23.06.2005","Innere Bruchlinien der nationalen Geschichte, Kollaboration, Desertion, Antisemitismus werden ebenso verschwiegen wie Übergriffe und Verbrechen, die im Namen der eigenen Nation begangen wurden."
"337","2016-11-10","Zeitung","Die Zeit, 10.11.2016","Das ist die mittlere Prognose der Vereinten Nationen für die Weltbevölkerung am Ende des Jahrhunderts."
"338","2024-02-29","Zeitung","Die Zeit, 29.02.2024","Putin versucht uns einzureden, eine Nation sei das Produkt »historischer Kräfte«."
"339","2007-11-22","Zeitung","Die Zeit, 22.11.2007","Die Devise des 19. Jahrhunderts »Jede Nation ein Staat jeder Staat eine Nation« übt auch im 21. ihre Faszination aus."
"340","2008-11-13","Zeitung","Die Zeit, 13.11.2008","Daher könnte es in der Schweiz nie geschehen, dass ohne Befragung des Volks beispielsweise 20 neue Nationen in die Eidgenossenschaft aufgenommen werden."
"341","2021-03-11","Zeitung","Die Zeit, 11.03.2021","familiäre Unglück unterhält eine Nation in schrillen, billigen Talkshows. Die"
"342","2017-06-22","Zeitung","Die Zeit, 22.06.2017","Nicht Globalisierung, sondern Nation."
"343","2012-12-19","Zeitung","Die Zeit, 19.12.2012","Weil die Vereinten Nationen an Konventionen zur Regulierung des Handels mit Kleinwaffen arbeiten, gelten auch sie für die National Rifle Association (NRA) als Feinde des vermeintlichen Bürgerrechts, wonach sich jedermann ausstatten darf wie ein Scharfschütze."
"344","2013-12-05","Zeitung","Die Zeit, 05.12.2013","Eine Mannschaft eint die Nation, zumindest für 90 Minuten."
"345","2008-09-11","Zeitung","Die Zeit, 11.09.2008","Europa ist auch nicht das Heilige Römische Reich Deutscher Nation, dessen Einheit eine Illusion war und das von innen her kollabierte."
"346","2024-10-17","Zeitung","Die Zeit, 17.10.2024","Zugleich aber fand ich, dass der Generalsekretär der Vereinten Nationen Antonio Guterres das Richtige gesagt hat, als er zu bedenken gab, dieses fürchterliche Ereignis habe »nicht im luftleeren Raum« stattgefunden."
"347","2017-02-23","Zeitung","Die Zeit, 23.02.2017","Zum ersten Mal haben wir uns 1976 getroffen, da war er Mitte zwanzig, und der Anlass war ein triumphaler für die Nation und ein sehr trauriger für die Familie."
"348","2015-07-30","Zeitung","Die Zeit, 30.07.2015","Keine Fluglinie wächst so rasant, expandiert so aggressiv, steuert so viele Nationen an wie die halbstaatliche Gesellschaft vom Bosporus."
"349","2018-05-24","Zeitung","Die Zeit, 24.05.2018","Bei wiederholtem Abhören der knarzigen Ansage stellt sich Iom als IOM heraus, als Internationale Organisation für Migration, Teil der Vereinten Nationen."
"350","2018-05-17","Zeitung","Die Zeit, 17.05.2018","Der ehemalige Erdölminister und PDVSA-Präsident Rafael Ramírez habe gemeinsam mit seinem Komplizen Bernard Mommer, einem in Deutschland geborenen Ölexperten, die venezolanische Nation um die unglaubliche Summe von 4,8 Milliarden Dollar betrogen."
"351","2012-02-02","Zeitung","Die Zeit, 02.02.2012","Sie könnten versuchen, das Ölembargo auf der Ebene des Sicherheitsrates der Vereinten Nationen durchzusetzen."
"352","2005-02-03","Zeitung","Die Zeit, 03.02.2005","Mythen der Nationen kommt nicht als Eventschau daher, auch nicht als treue Präsentation geschichtswissenschaftlicher Erkenntnisse."
"353","2011-07-07","Zeitung","Die Zeit, 07.07.2011","Erst um die Jahrhundertwende bekam die dreigeteilte Nation neue international beachtete Repräsentanten."
"354","2007-04-12","Zeitung","Die Zeit, 12.04.2007","Dazu kommen, grob geschätzt, ein Dutzend Zusatztätigkeiten: Sie ist Beraterin von EU-Präsident José Manuel Barroso und Bundeswirtschaftsminister Michael Glos, Expertin für Weltbank und Vereinte Nationen und Gutachterin für das Intergovernmental Panel of Climate Change (IPCC), das vor wenigen Tagen seinen jüngsten Bericht zur Klimaveränderung vorstellte."
"355","2013-02-07","Zeitung","Die Zeit, 07.02.2013","Immerhin gehöre diese ""Art von Staat"" zu den aggressivsten Nationen der vergangenen 60 Jahre, habe Kriegsvölkerrecht verletzt, geheime Gefängnisse unterhalten und unterhalte ""in geradezu atemberaubender Doppelmoral"" Offshore-Oasen riesigen Ausmaßes."
"356","2006-08-24","Zeitung","Die Zeit, 24.08.2006","Nie zeigten sich sein Geist und seine großen Fähigkeiten in einem so glänzenden Lichte, als in dieser Nacht, die, anstatt seinen Ruhm zu schwächen, ihn vielmehr außerordentlich erhöhete.«Es sei erstaunlich, wie »der bei Hochkirch überfallene, geschlagene, aber dennoch nicht besiegte König, wie er seine schlafenden Krieger zusammenrafft und sie einem tapfern und weit stärkeren Feinde entgegen stellt, der mit allen Vorteilen versehen sich schon mitten im Lager befindet [] ein solcher Fürst erzwingt die Bewunderung aller Nationen und aller Zeitalter.«"
"357","2009-05-28","Zeitung","Die Zeit, 28.05.2009","Schon warnen die Vereinten Nationen vor sozialen Unruhen infolge der wachsenden Armut."
"358","2021-12-30","Zeitung","Die Zeit, 30.12.2021","Südafrikas »Gewissen der Nation« ist im Alter von 90 Jahren"
"359","2005-07-28","Zeitung","Die Zeit, 28.07.2005","Tag für Tag, Jahr für Jahr werden unsere Kinder dazu erzogen, andere Menschen anderen Glaubens und anderer Nationen zu verachten.«"
"360","2011-09-08","Zeitung","Die Zeit, 08.09.2011","Selbst wenn sich der Rat damit im Rahmen seiner eigenen Pflichten gemäß der Charta der Vereinten Nationen gehalten hätte - was er nicht hat -, nähme die Bedenkenlosigkeit, mit der sich die Intervenienten über die ihnen in der Resolution noch gezogenen Grenzen hinweggesetzt haben, ihrem Gewaltakt jede Rechtfertigung."
"361","2014-11-27","Zeitung","Die Zeit, 27.11.2014","Endlich würde auf der Ebene der Vereinten Nationen festgelegt, wie stark die Staaten der Welt ihre Emissionen in Zukunft senken wollen und wie sich die Last auf die einzelnen Länder verteilt."
"362","2007-10-25","Zeitung","Die Zeit, 25.10.2007","Sie reden vom Krieg, vom Vaterland und der Freiheit, die man verteidigen müsse als Bürger dieser besten aller Nationen »Gods own country«, wie man hier gern sagt, »Gottes eigenes Land«."
"363","2008-10-23","Zeitung","Die Zeit, 23.10.2008","Aus G7 wird G14, vielleicht G20, die Vetomächte im Sicherheitsrat werden vermutlich sehr bald den Tisch für andere Nationen ausziehen, der IWF wird sehr viel mehr Platz für China und Indien schaffen müssen."
"364","2009-09-10","Zeitung","Die Zeit, 10.09.2009","Daran ändert auch das schlechte Schauspiel nichts, das nach den Landtagswahlen in Sachsen, Thüringen und im Saarland in den Fernsehstudios der Nation inszeniert wird."
"365","2014-10-01","Zeitung","Die Zeit, 01.10.2014","festhalten, dass das Bruttosozialprodukt unmittelbar etwas über den Wohlstand der Nation"
"366","2006-09-14","Zeitung","Die Zeit, 14.09.2006","Kann Deutschland mithalten, oder wird es untergehen?Nur diejenigen Nationen, die Atomanlagen exportieren, postulierte Strauß im Einklang mit vielen Wissenschaftlern und Politikern, könnten sich »in der vordersten Reihe der Industrienationen behaupten«."
"367","2014-11-20","Zeitung","Die Zeit, 20.11.2014","das typische Machtstreben aufsteigender Nationen."
"368","2007-06-06","Zeitung","Die Zeit, 06.06.2007","[...] Niger so breit ist wie ein Ozean und wo die Nacht über alles wie ein schwarzes Tuch fällt, konnte es gelingen, eine Gruppe zusammenzuschweißen, die vom einbeinigen Ex-Chauffeur über den senegalesischen Rap-Sänger bis hin zum arbeitslosen Personalberater aus Togo reicht der sich die langen Abende nach den Proben damit verkürzte, das Ensemble zahlenmäßig zu erfassen: 71,54 Prozent sind Analphabeten, nur 6,17 Prozent verfügen über eine Musikausbildung, gesungene Sprachen der Sahel-Oper: 4 (malisches Bambara, senegalesisches Wolof, Moré aus Burkina Faso und Créole aus Guinea-Bissau), im Ensemble vertretene afrikanische Nationen: [...]"
"369","2024-12-19","Zeitung","Die Zeit, 19.12.2024","Das Problem ist Amerika selbst, sein Selbstverständnis als Nation."
"370","2019-03-28","Zeitung","Die Zeit, 28.03.2019","der Behindertenrechtskonvention der Vereinten Nationen beitritt - und sich völkerrechtlich"
"371","2014-10-16","Zeitung","Die Zeit, 16.10.2014","Auf Facebook und Twitter stöhnen sie, dass offenbar nicht nur Banker geldgierige Lügner seien, sondern auch die Manager beim Lieblingsladen der Nation."
"372","2007-09-20","Zeitung","Die Zeit, 20.09.2007","Und während die amerikanische Nation um Beginn und Ausmaß eines Truppenrückzugs ringt, sendet die Regierung Bush leise, aber beharrlich Signale aus, die größte Gefahr drohe der Region aus Teheran."
"373","2011-07-28","Zeitung","Die Zeit, 28.07.2011","Die Alpen, dieser sperrige Gebirgsriegel inmitten Europas, der Nationen getrennt und zusammengebracht hat - er ist zum Gegenstand von Freizeitgestaltung und Weltanschauung geworden."
"374","2011-01-20","Zeitung","Die Zeit, 20.01.2011","Erst wenn wir diese Konzeption der homogenen Nation aufgeben, können wir uns Hoffnung machen, dass die Staatsbürgerschaft neuer Gruppen voll und ganz akzeptiert wird."
"375","2005-12-21","Zeitung","Die Zeit, 21.12.2005","Menschen aus 120 Nationen arbeiten heute im Unternehmen."
"376","2007-01-25","Zeitung","Die Zeit, 25.01.2007","Die Nation hat in Polens Bewusstsein immer den Platz der Zivilgesellschaft eingenommen."
"377","2017-01-26","Zeitung","Die Zeit, 26.01.2017","Nur besteht das Kunststück nun darin, aus einer Nation von Fußballfans eine mit eifrigen Spielern zu machen."
"378","2013-11-07","Zeitung","Die Zeit, 07.11.2013","Geburtstag der iranischen Nation"" feiern ließ."
"379","2023-12-14","Zeitung","Die Zeit, 14.12.2023","Auch das Entwicklungsprogramm der Vereinten Nationen hat die Energiewende in Zhuangshang schon gelobt."
"380","2007-11-22","Zeitung","Die Zeit, 22.11.2007","Mit ihrem Sieg setzten die Nordstaaten die Einheit der Nation durch und hoben die Sklaverei auf."
"381","2022-04-07","Zeitung","Die Zeit, 07.04.2022","Unvorstellbar wäre, wenn Special Forces der Vereinten Nationen alle völkerrechtswidrig agierenden Diktatoren einkassieren und vor den Internationalen Gerichtshof in Den Haag bringen."
"382","2005-05-25","Zeitung","Die Zeit, 25.05.2005","In Schweden sah man die eigene Nation dagegen als die Nummer eins und den Nachbarn eher als Juniorpartner."
"383","2015-10-15","Zeitung","Die Zeit, 15.10.2015","Überall stehen Millionen von gesichtslosen Gewinnern, die das Bessere billiger kriegen oder einfacher in neue Märkte eindringen können, wohlorganisierten Minderheiten gegenüber, die ihre Interessen unter der Flagge der Nation oder des Verbraucherschutzes durchzusetzen wissen."
"384","2011-02-17","Zeitung","Die Zeit, 17.02.2011","Wer kennt solche Menschen - Menschen, die im Geiste Marion Dönhoffs handeln?Die zum Beispiel mit kulturellen oder sozialen Projekten, mit der regelmäßigen Begegnung von Jugendlichen aus verschiedenen Nationen oder mit anderen Vorhaben ein respektvolles und aufrichtiges Miteinander der Völker fördern?"
"385","2022-05-25","Zeitung","Die Zeit, 25.05.2022","Die ärmeren Nationen wiederum - angeführt von der indischen Premierministerin Indira Gandhi - fürchteten, das neue Umweltbewusstsein solle dazu dienen, ihnen den materiellen Fortschritt zu verwehren."
"386","2023-10-12","Zeitung","Die Zeit, 12.10.2023","Die Nationen werden sich künftig um fünf Machtzentren gruppieren."
"387","2009-05-14","Zeitung","Die Zeit, 14.05.2009","Ende 1972 wurde der Grundlagenvertrag unterschrieben, der beiden Staaten die Mitgliedschaft bei den Vereinten Nationen ermöglichte."
"388","2024-02-01","Zeitung","Die Zeit, 01.02.2024","Die Deutschen entstehen, wie andere Nationen, als »vorgestellte Gemeinschaft«, so hat es der Politikwissenschaftler Benedict Anderson genannt."
"389","2022-02-17","Zeitung","Die Zeit, 17.02.2022","Das Qualifikationssystem sei nicht fair, die Reisebeschränkungen während der vergangenen beiden Jahre hätten es Athletinnen aus kleinen Nationen unmöglich gemacht, genug Punkte zu sammeln."
"390","2011-03-17","Zeitung","Die Zeit, 17.03.2011","Die Japaner und die Deutschen - sie waren Anfang des 20. Jahrhunderts zerstörte wie zerstörerische Nationen."
"391","2017-11-09","Zeitung","Die Zeit, 09.11.2017","und trugen dazu bei, die Vereinten Nationen zum Handeln zu bewegen."
"392","2005-10-13","Zeitung","Die Zeit, 13.10.2005","»Wir sind mehr als nur eine mittlere Nation, eine mittlere Kultur zwischen Land und Meer, China und Japan."
"393","2017-03-09","Zeitung","Die Zeit, 09.03.2017","In einer Krypta trauerte man um die Gefallenen, dann wurde in einer Ruhmeshalle der Kräfte und Tugenden der eigenen Nation gedacht, schließlich durfte man sich, beim Ausblick von oben, auf die Zukunft besinnen."
"394","2022-12-15","Zeitung","Die Zeit, 15.12.2022","Die Außenseiter haben große europäische Nationen aus dem Turnier geworfen: Belgien in der Vorrunde, Spanien im Achtelfinale und Portugal im Viertelfinale."
"395","2015-04-23","Zeitung","Die Zeit, 23.04.2015","Auch zeigte der Vietnamkrieg den sehr begrenzten geopolitischen Einfluss afrikanischer und asiatischer Nationen."
"396","2011-07-14","Zeitung","Die Zeit, 14.07.2011","Dass sich die Jury mit Guttenberg (2010) ein wenig geirrt hat, war menschlich: Damals war »KT« noch kein Plagiator, sondern Liebling der Nation."
"397","2019-11-28","Zeitung","Die Zeit, 28.11.2019","Aber die Tories bauen darauf, dass es diesmal genau umgekehrt läuft, dass sie mit ihrer Botschaft »Lasst uns den Brexit durchziehen« und mit der Aussicht, »es« endlich zu beenden, als Kraft des Aufbruchs und der Erneuerung durchgehen, als Rebellen gegen ein parlamentarisches Establishment, das nicht nur den Austritt aus der EU blockiert, sondern damit die ganze Nation in einen verrückt machenden Stillstand gezwungen hat."
"398","2010-11-04","Zeitung","Die Zeit, 04.11.2010","»Life in harmony« lautete das Motto der Umweltorganisation der Vereinten Nationen (Unep) für ihre zweiwöchige Weltkonferenz über Erhalt und Nutzung der Biodiversität, die bis Ende Oktober im japanischen Nagoya stattfand."
"399","2011-03-03","Zeitung","Die Zeit, 03.03.2011","Es vergeht kein Tag, an dem die Leitartikler der Nation Clintons Projekt nicht geißeln, und bisweilen hört man den Ruf, dass China es den USA ebenso heimzahlen sollte."
"400","2009-12-10","Zeitung","Die Zeit, 10.12.2009","Je weiter die Globalisierung fortschreite, desto mehr »Zugehörigkeit« brauche der Mensch, und die gebe es nur in zwei Geschmacksrichtungen: Gruppe (schlecht) oder Nation (gut)."
"401","2007-03-22","Zeitung","Die Zeit, 22.03.2007","Die Schüler der Nation, die braven Bürger in Uniform, die netten Abiturienten im Dienste des Vaterlands sie haben mit der professionellen deutschen Armee, deren Soldaten in Afghanistan gelegentlich mit Totenschädeln posieren, schon heute nicht mehr viel zu tun."
"402","2011-09-22","Zeitung","Die Zeit, 22.09.2011","Ich war ja gerade in Japan und habe gesehen, wie sich eine ganze Nation solidarisch engagiert, um die Folgen der Naturkatastrophe zu bewältigen."
"403","2005-01-20","Zeitung","Die Zeit, 20.01.2005","Das Postnationale, weil es ein Zurück in die purgierte Nation nicht gibt."
"404","2015-03-12","Zeitung","Die Zeit, 12.03.2015","850 Millionen Tonnen Öl sollten im Boden bleiben, und ein Treuhandfonds der UN sollte mit Geld der reichen Nationen gefüllt werden, um Ecuador für diesen Schutz des Urwalds zu entschädigen."
"405","2016-10-20","Zeitung","Die Zeit, 20.10.2016","Man wird den wütenden Einwohnern von sozialen Brennpunkten in westdeutschen Städten wie Duisburg, die einer konfliktreichen Armutszuwanderung ausgesetzt sind, kaum mit dem Argument zu Leibe rücken können, sie hätten eine nostalgische ""Phantasie der gemeinsamen Zugehörigkeit"" oder lebten in der irrigen Annahme von ""organischer Einheitlichkeit"" einer Nation, Gesellschaft oder ihres Stadtviertels."
"406","2011-06-22","Zeitung","Die Zeit, 22.06.2011","Damals entstand das Diktum von der »ideologischen Missgeburt«, welche der Begriff der österreichischen Nation darstelle."
"407","2018-02-22","Zeitung","Die Zeit, 22.02.2018","Geld trennt die Nationen, die Gesellschaft ..."
"408","2006-02-09","Zeitung","Die Zeit, 09.02.2006","»Die Erinnerung einer Nation kann nicht einfach ausgelöscht werden.«"
"409","2018-05-17","Zeitung","Die Zeit, 17.05.2018","Die Frage, welche Nationen überhaupt die Finger vom Doping lassen, ist einstweilen wieder vertagt."
"410","2021-07-22","Zeitung","Die Zeit, 22.07.2021","Besonders betroffen ist die Bevölkerung ärmerer Nationen, weil diese Staaten nicht genug schützende Infrastruktur bauen können oder weil es in Zeiten knapper Ressourcen zu Verteilungskämpfen kommt."
"411","2007-12-19","Zeitung","Die Zeit, 19.12.2007","Man akzeptiert die einheitliche Freund-Feind-Abgrenzungslogik für Nation wie für Religion und schließt infolgedessen die Alternativen transnationaler und interreligiöser Toleranz aus dem Horizont des Möglichen aus."
"412","2019-10-17","Zeitung","Die Zeit, 17.10.2019","Alles, den ganzen Planeten, überziehe der Westen mit seiner »beschissenen Realzeit« und zwinge den Nationen ein Leben auf, das nicht mehr das ihre sei."
"413","2011-03-17","Zeitung","Die Zeit, 17.03.2011","Großmann: Wir sind die einzige Nation, die das Thema auf diese Weise diskutiert."
"414","2009-07-02","Zeitung","Die Zeit, 02.07.2009","Das stellt eine Untersuchung der Vereinten Nationen fest, die sich mit dem Nachwuchs für den Arbeitsmarkt bis 2025 befasst."
"415","2009-02-12","Zeitung","Die Zeit, 12.02.2009","Besonders sichtbar wird das im Kampf der Nationen um ihre Autoindustrien."
"416","2011-11-17","Zeitung","Die Zeit, 17.11.2011","Zu verdanken hat die Nation dies ihrem Staatspräsidenten Giorgio Napolitano."
"417","2019-09-12","Zeitung","Die Zeit, 12.09.2019","der Vereinten Nationen:"
"418","2008-04-24","Zeitung","Die Zeit, 24.04.2008","Selbst in der Innenstadt ist für jeden etwas dabei«, sagt Wagner und schwärmt von Mirabellen im Mauerpark und Esskastanien auf dem Platz der Vereinten Nationen."
"419","2014-02-13","Zeitung","Die Zeit, 13.02.2014","Ist die bisherige Form von europäischer Integration, die das Fernziel verfolgt, die Nation zu ""überwinden"", noch die richtige?"
"420","2020-03-05","Zeitung","Die Zeit, 05.03.2020","Über zwölf Billionen Dollar hätten die steigenden Kurse zum nationalen Vermögen beigetragen, sagte er etwa in seiner Rede zur Lage der Nation Anfang Februar."
"421","2013-06-27","Zeitung","Die Zeit, 27.06.2013","Und die sollen jetzt über das Maracanã verfügen, das Stadion des Volkes, das Symbol der Nation, das gerade frisch mit Steuergeldern renoviert wurde?"
"422","2005-08-18","Zeitung","Die Zeit, 18.08.2005","Zum ersten Mal in der Geschichte der Menschheit bekannten sich alle Nationen zu ihrer planetarischen Verantwortung."
"423","2012-09-27","Zeitung","Die Zeit, 27.09.2012","In der JVA Remscheid sitzen derzeit 561 Inhaftierte im geschlossenen Vollzug und 260 im offenen Vollzug, erwachsene Männer aus 36 Nationen."
"424","2012-04-04","Zeitung","Die Zeit, 04.04.2012","Dennoch könnte das Getöse an den Stammtischen der Nation kaum größer sein."
"425","2017-11-16","Zeitung","Die Zeit, 16.11.2017","Seit vergangener Woche verhandeln die Vertreter der Vereinten Nationen auf der Klimakonferenz in Bonn, wie sie die Erderwärmung aufhalten können."
"426","2012-02-09","Zeitung","Die Zeit, 09.02.2012","Doch Indien sei Software-Supermacht, das Callcenter der Welt, die größte Englisch sprechende Nation, deren Bevölkerungszahl die Chinas bald übertreffen werde."
"427","2018-12-19","Zeitung","Die Zeit, 19.12.2018","Das »Dasein dieser Nation« muss verteidigt werden!"
"428","2008-11-20","Zeitung","Die Zeit, 20.11.2008","»Wir sagen: eine Nation, eine Flagge, ein Land, ein Staat."
"429","2005-08-18","Zeitung","Die Zeit, 18.08.2005","Zur Wahl stehen die Vereinten Nationen, die Nato, eine Reihe regionaler Organisationen und die G8.«Richard Haass, Erfinder des Wortes von der »Koalition der Willigen«, kann sich aber auch Ad-hoc-Bündnisse nach Art der Sechsergespräche über Nordkorea oder des Nahost-Quartetts vorstellen."
"430","2011-11-24","Zeitung","Die Zeit, 24.11.2011","Und es stehen, schon bald, in Sachen Euro hochpolitische Entscheidungen an, Urteile, die zu Schicksalfragen für die Berliner Akteure, vielleicht sogar für die Nation werden können."
"431","2010-09-16","Zeitung","Die Zeit, 16.09.2010","Sie werden zugleich über die Zukunft der Vereinten Nationen entscheiden, damit auch über den Wert multilateraler Zusammenarbeit und kollektiver, politischer Versprechen."
"432","2008-10-01","Zeitung","Die Zeit, 01.10.2008","In oft herzerhebender, manchmal nervender Weise ist das Seelenleben der Nation auf Optimismus gestellt, von einer Schulerziehung, bei der ständig gelobt wird, bis zum unausrottbaren Glauben an den wissenschaftlich-technologischen Fortschritt."
"433","2019-12-05","Zeitung","Die Zeit, 05.12.2019","Es sind die Werte, die andere Nationen erst dazu gebracht haben, der Nato und der EU beitreten zu wollen."
"434","2008-05-21","Zeitung","Die Zeit, 21.05.2008","40 Prozent des italienischen Olivenöls stammen aus Apulien, das zugleich der größte Weinlieferant der Nation ist."
"435","2011-03-24","Zeitung","Die Zeit, 24.03.2011","In China, wo 150 Millionen Menschen unterhalb der von den Vereinten Nationen definierten Armutsgrenze leben und mehr Milliardäre als in den USA, ist (in einigen großen Städten) die Plakatwerbung für Luxusgüter verboten worden, gemäß der Einsicht des Konfuzius:"
"436","2006-08-31","Zeitung","Die Zeit, 31.08.2006","Der mit »Blut und Eisen« von Bismarck aus der Taufe gehobene kleindeutsche Nationalstaat von 1871 war in allem der Gegenentwurf zum Heiligen Römischen Reich Deutscher Nation, und er ist, wie man weiß, den Deutschen und der Welt schlecht bekommen."
"437","2021-07-01","Zeitung","Die Zeit, 01.07.2021","An der noch laufenden Mission »Resolute Support« nehmen insgesamt 36 Nationen teil"
"438","2010-01-14","Zeitung","Die Zeit, 14.01.2010","Nach einer Meinungsumfrage für den Fernsehsender NBC und das Wall Street Journal vom Ende des vergangenen Jahres erwarteten 39 Prozent der Befragten, dass in 20 Jahren China die führende Nation auf dem Globus sein werde; nur 37 Prozent prophezeiten diese Rolle weiterhin den USA."
"439","2007-12-27","Zeitung","Die Zeit, 27.12.2007","20 Nationen haben zusammengelegt, um fast vier Milliarden Euro für die Teilchenschleuder aufzubringen."
"440","2010-10-14","Zeitung","Die Zeit, 14.10.2010","Man hat sich wieder in guter alter Tradition auf die Suche nach einer »tieferen« Begründung dieser Nation gemacht."
"441","2019-06-06","Zeitung","Die Zeit, 06.06.2019","Länderglücksrangliste, die die Vereinten Nationen jedes Jahr herausgeben."
"442","2012-02-09","Zeitung","Die Zeit, 09.02.2012","Sparen ist die Vokabel geworden, die den deprimierten Seelenzustand einer ratlosen Nation beschreibt."
"443","2019-06-13","Zeitung","Die Zeit, 13.06.2019","Wenn das zentralisierte China sich einmal irrt, dann ist die gesamte Nation betroffen - während in Europa verschiedene Modelle nebeneinander existieren und entwickelt werden."
"444","2009-02-26","Zeitung","Die Zeit, 26.02.2009","Begründung: Wenn die Nation schon in die roten Zahlen rast, soll das auch den eigenen Bürgern nutzen."
"445","2006-09-28","Zeitung","Die Zeit, 28.09.2006","Imre Nagy ging als ein Mensch in die Geschichte ein, der sich von einem Diener des Bösen zum Märtyrer der Nation und des Freiheitskampfes geläutert hatte."
"446","2023-11-09","Zeitung","Die Zeit, 09.11.2023","Die Nazis, sagt er, hätten die Juden loswerden wollen, weil sie glaubten, dass sie dadurch zur größten Nation der Welt würden."
"447","2012-10-25","Zeitung","Die Zeit, 25.10.2012","Das Forscherteam um Harvard-Professor Ricardo Hausmann hat dafür riesige Datenmengen ausgewertet - etwa des Entwicklungsprogramms der Vereinten Nationen, der Weltgesundheitsorganisation und der Internationalen Arbeitsorganisation - und für jedes Land einen Index gebildet."
"448","2014-12-04","Zeitung","Die Zeit, 04.12.2014","Weil es prinzipiell nicht gelingen kann, denn Nationen sind wechselvolle Gebilde, sie geben sich immer wieder neue Prinzipien."
"449","2020-01-09","Zeitung","Die Zeit, 09.01.2020","Kommende Woche wollen die beiden Nationen ein Abkommen unterzeichnen."
"450","2011-12-08","Zeitung","Die Zeit, 08.12.2011","Blohm + Voss und HDW gehören dem Stahlriesen ThyssenKrupp, der seit 1980 mehr als 160 Überwasser-Kriegsschiffe im Auftrag von 20 Nationen ausgeliefert hat."
"451","2008-03-27","Zeitung","Die Zeit, 27.03.2008","Wir stammen aus zehn verschiedenen Nationen und haben ständig mit den Delegierten der 30 OECD-Länder zu tun."
"452","2022-12-15","Zeitung","Die Zeit, 15.12.2022","Infantino aber fängt gerade erst an: an künftigen Weltmeisterschaften sollen statt 32 Nationen 48 teilnehmen, das Geschäft wird unermesslich sein."
"453","2024-05-04","Zeitung","Die Zeit, 04.05.2024","Mit Deutschland als Nation wollte man nichts mehr zu tun haben, damit hatte man einmal Schiffbruch erlitten, das sollte einem nicht ein zweites Mal passieren."
"454","2024-07-04","Zeitung","Die Zeit, 04.07.2024","Zwei Nationen, die zentral sind für das Projekt des Westens, für Freiheit, Demokratie und Rechtsstaatlichkeit, sind weitgehend aus dem Spiel genommen."
"455","2017-03-16","Zeitung","Die Zeit, 16.03.2017","""Auch wenn die Nation sich über die Größe"
"456","2012-11-08","Zeitung","Die Zeit, 08.11.2012","Wenn jede Nation sich in ihre Schale verkriecht, sind Gleichgültigkeit und Egoismus programmiert."
"457","2019-10-17","Zeitung","Die Zeit, 17.10.2019","Deutschland ist eine führende Nation, aber natürlich nicht perfekt. Sie"
"458","2010-11-25","Zeitung","Die Zeit, 25.11.2010","Der Begriff »Nation« in der Präambel des Statuts, so die Verfassungsrichter, habe keinen rechtlichen Wert."
"459","2013-12-19","Zeitung","Die Zeit, 19.12.2013","Und dass von einer Einheit der Nation oder gar einer Republik keine Rede sein kann."
"460","2006-06-22","Zeitung","Die Zeit, 22.06.2006","Oft wird der deutsche Länder-Kult damit gerechtfertigt, dass dort der politische Nachwuchs der Nation wachsen würde."
"461","2019-12-05","Zeitung","Die Zeit, 05.12.2019","Keine dieser Ausreden ist einer Nation würdig, die 70 Jahre lang bewiesen hat, dass sie eine liberale Demokratie mit hohen moralischen Standards ist und die Europas größte Volkswirtschaft aufgebaut hat."
"462","2007-09-06","Zeitung","Die Zeit, 06.09.2007","Vorab stimmt der Verband der Automobilindustrie (VDA) die Nation mit einer massiven Werbekampagne auf die Leistungen seiner Mitglieder ein."
"463","2018-12-13","Zeitung","Die Zeit, 13.12.2018","Bei uns arbeiten Menschen aus 15 Nationen."
"464","2014-01-23","Zeitung","Die Zeit, 23.01.2014","hat und dafür zum Bobbele der Nation wurde."
"465","2017-01-05","Zeitung","Die Zeit, 05.01.2017","Zusammen bilden die mehr als 3000 Container eine Händlerstadt, in der Menschen aus 32 Nationen arbeiten."
"466","2008-02-07","Zeitung","Die Zeit, 07.02.2008","Er ist alles andere als eine US-Abart der hiesigen Sozialdemokratie, aber doch ein Grenzgänger, der Balsam für die Seele einer Nation verheißt, die sich in den Bush-Jahren immer stärker polarisiert hat und sich nun nach einem Brückenbauer sehnt."
"467","2018-08-30","Zeitung","Die Zeit, 30.08.2018","Statt die Nation zu einen, betreibt er genussvoll die Spaltung."
"468","2007-08-09","Zeitung","Die Zeit, 09.08.2007","Doch immerhin erklärten sich Israel und der Libanon einverstanden damit, die seit 1978 stationierten Puffertruppen der Vereinten Nationen in der Region gehörig zu verstärken."
"469","2015-06-25","Zeitung","Die Zeit, 25.06.2015","Vereinten Nationen auf indischen Vorschlag eingeführt haben und der heute zum ersten Mal"
"470","2010-06-10","Zeitung","Die Zeit, 10.06.2010","Wie es von uns erwartet wird, schweigen wir in scheinbar nachdenklicher Ohnmacht, wenn die Soziologen der Nation uns ihre grauenhaften Prognosen mit erhobenem Zeigefinger aufzählen."
"471","2019-02-28","Zeitung","Die Zeit, 28.02.2019","Lange vor der Ankunft der ersten Franzosen, Niederländer und Engländer haben sich Mohawk, Oneida, Onondaga, Cayuga und Seneca hier zur Konföderation der Five Nations vereinigt; 1722 treten als sechstes Mitglied die Tuscarora bei."
"472","2012-10-18","Zeitung","Die Zeit, 18.10.2012","» Es ist ein Traum«, fährt King fort, »der seine Wurzel tief im Amerikanischen Traum hat, dass sich diese Nation eines Tages erheben wird und der wahren Bedeutung des Glaubensbekenntnisses gerecht wird, dass alle Menschen gleich geschaffen sind.«"
"473","2023-02-02","Zeitung","Die Zeit, 02.02.2023","Lebensmittelabfälle zu reduzieren ist ein Nachhaltigkeitsziel der Vereinten Nationen wie auch das Ziel der EU-Abfallrahmenrichtlinie, die Deutschland vorschreibt, bis 2030 den Abfall in Einzelhandel, Gastronomie und Privathaushalten im Vergleich zu 2020 zu halbieren."
"474","2024-07-04","Zeitung","Die Zeit, 04.07.2024","Zu unserem großen Bedauern wird es einige Zeit brauchen, bis die gesamte Nation dies anerkennt."
"475","2014-05-08","Zeitung","Die Zeit, 08.05.2014","Sollte nun auch der 29. November 2008 sowie die Vergabe der 900 Millionen Euro juristisch aufgearbeitet werden müssen, stehen in Deutschland jedenfalls zwei prominente Banker der Nation am Pranger."
"476","2007-02-22","Zeitung","Die Zeit, 22.02.2007","Als würde Meinungsfreiheit auf diesem Gebiet zu Spaltung und Zerfall der Nation führen."
"477","2019-10-17","Zeitung","Die Zeit, 17.10.2019","»Bomber der Nation« wurde er genannt."
"478","2019-05-16","Zeitung","Die Zeit, 16.05.2019","Als der ehrgeizige und zum Zuschauen verurteilte Oliver Kahn seinem Rivalen vor dem Elfmeterschießen im WM-Viertelfinale gegen Argentinien viel Glück wünschte, war die Nation gerührt."
"479","2007-08-30","Zeitung","Die Zeit, 30.08.2007","Die Diskriminierung der deutschen Nation durch die Alliierten und die unberechtigte Diskriminierung der Geisteswissenschaften durch die Republik sowie eine auf wirtschaftliche Verwertbarkeit orientierte Gesellschaft wurden als Parallelen und Symptome des Verfalls angesehen."
"480","2011-01-27","Zeitung","Die Zeit, 27.01.2011","Im verhallenden Froschkonzert endet das »Jahr der Biodiversität 2010« der Vereinten Nationen, und es beginnt die neue »UN-Dekade der Biodiversität 2011-2020«."
"481","2012-10-31","Zeitung","Die Zeit, 31.10.2012","Gott spaltet die Nation"
"482","2011-12-29","Zeitung","Die Zeit, 29.12.2011","Frage über Fragen, aber dieser Mann weiß auf alle eine Antwort, die Nation zitterte gespannt, ob er nach Gottschalk zum GröMoZ (größter Moderator aller Zeiten) wird, aber erleichtert atmeten wir auf, atmeten die frische gute deutsche Herbst-und Winterluft, während die Lichtjahre weiter in unseren Millionen Haushalten flackern."
"483","2012-05-31","Zeitung","Die Zeit, 31.05.2012","Vor zwei Jahren türmten die Aktivisten 16744 Schuhe vor dem Brandenburger Tor auf, um an die Toten von Srebrenica während des Bosnienkrieges zu erinnern - und an das Versagen der Vereinten Nationen, die das Massaker nicht verhindern konnten."
"484","2005-05-12","Zeitung","Die Zeit, 12.05.2005","Das Konzept hat sich mit dem Beitritt dieser Nationen zur EU auch nicht erledigt, sondern sollte vernünftigerweise aufs Baltikum, auf Rumänien, Bulgarien und die Ukraine erweitert werden."
"485","2021-12-30","Zeitung","Die Zeit, 30.12.2021","Helden der Nation?"
"486","2016-04-14","Zeitung","Die Zeit, 14.04.2016","Jede Nation ist kollektiv verantwortlich für die"
"487","2005-09-15","Zeitung","Die Zeit, 15.09.2005","Die Vereinten Nationen feiern ihren 60. Geburtstag."
"488","2014-11-13","Zeitung","Die Zeit, 13.11.2014","Es gibt jetzt Dinge, die beide Nationen gemeinsam haben."
"489","2023-04-27","Zeitung","Die Zeit, 27.04.2023","Was bleibt von der russischen Nation, wenn selbst die »guten Russen« keine »guten Russen« sind, sondern nur mehr oder weniger verkappte Imperialisten?"
"490","2010-08-19","Zeitung","Die Zeit, 19.08.2010","»Ich freue mich, wenn die Vereinten Nationen Al-Khidmat und den anderen islamischen Gruppen keine Lebensmittel geben."
"491","2024-03-07","Zeitung","Die Zeit, 07.03.2024","Weil unser eigentliches Ziel keine eigenständige Nation ist, sondern ein demokratischer, föderaler und säkularer Sudan, der in der Vielfalt einen Reichtum sieht."
"492","2023-01-26","Zeitung","Die Zeit, 26.01.2023","Für seinen hybriden Krieg gegen die EU opfert Putin die Klimaziele und Gazprom, das fossile Flaggschiff der Nation."
"493","2021-05-20","Zeitung","Die Zeit, 20.05.2021","forderten die Vereinten Nationen die Emirate auf, zu beweisen, dass Latifa noch am Leben ist."
"494","2018-04-05","Zeitung","Die Zeit, 05.04.2018","dem 11. September 2001 eine traumatisierte Nation, die sich bedroht fühlte wie nie. Die"
"495","2009-04-02","Zeitung","Die Zeit, 02.04.2009","Im Moment seines Rücktritts wird offenbar, wie unersetzlich der Bahnchef für die emotionale Balance der Nation war."
"496","2009-06-04","Zeitung","Die Zeit, 04.06.2009","Was mag in dem Körperteil, der dem Betrachter vorenthalten bleibt, vor sich gehen?Welch geniale Strategien plant der ehemalige Umfärber der Nation für Brüssel?Wird er nun seine Spezln auch in die wichtigsten Ämter der Gemeinschaft hieven können?Daran zweifelt niemand."
"497","2014-11-27","Zeitung","Die Zeit, 27.11.2014","ist ein Ball der Nationen, ein großes Rollenspiel, in dem jeder Zuschauer das Land verkörpert, das ihm zugelost worden ist: Der ""Nordamerikaner"" hat die sinistre Autorität des Klimasünders, der ""Ecuadorianer"" krümmt sich vor Bedeutungslosigkeit."
"498","2006-08-31","Zeitung","Die Zeit, 31.08.2006","Auch ich finde das Verhalten von Günter Grass nicht akzeptabel er hat die Schelte der ganzen Nation für sein feiges Verschweigen wahrlich verdient."
"499","2007-01-18","Zeitung","Die Zeit, 18.01.2007","Er hat damit zwar den Hass einer ganzen Nation auf sich gezogen, aber er hats einfach geblickt und durchgezogen."
"500","2009-05-20","Zeitung","Die Zeit, 20.05.2009","Deutschland werde den Milliardendeal »nicht alleine schultern«, sei aber keineswegs nur Mitläufer: »Deutschland ist lead nation in diesem Projekt."
