"No.","Date","Genre","Bibl","Hit"
"1","1998-04-02","Zeitung","Die Zeit, 02.04.1998","""Unser Staat interessiert sich doch nur für die Großen."""
"2","1991-08-09","Zeitung","Die Zeit, 09.08.1991","Der angehende Staatsmann entwickelte daraufhin sofort und im nahtlosen Anschluß an die baden-württembergische CDU unter ihrem damaligen Ministerpräsidenten Lothar Späth ein bundesweites Ordo-Konzept: Durch einen Verfassungszusatz sollte die Bundesregierung ermächtigt werden, diejenigen Staaten zu benennen, ""in denen nach allgemeiner Überzeugung keine Verfolgung stattfindet""."
"3","1998-06-25","Zeitung","Die Zeit, 25.06.1998","Undenkbar noch vor einem Jahr, daß die Vereinigten Staaten nach fast zwei Jahrzehnten bitterer Animositäten die Versöhnung suchen."
"4","2000-08-17","Zeitung","Die Zeit, 17.08.2000","Es ist heute am Staat, Konsequenzen folgen zu lassen."
"5","1998-09-17","Zeitung","Die Zeit, 17.09.1998","Beispiel Demokratieforschung: Wie läßt sich die Demokratie beleben, wie können Volksvertreter angesichts globalisierter Märkte und Mächte neuen Einfluß gewinnen?Was bedeutet die Computervernetzung für die Demokratie?Das sind lebenswichtige Fragen - doch die Demokratieforschung ist in Deutschland erstaunlich unterbelichtet, anders als zum Beispiel in den Vereinigten Staaten."
"6","1994-02-11","Zeitung","Die Zeit, 11.02.1994","Er arbeitete weiter an seinem Kommentar, hielt Vorlesungen über den freiheitlichen Staat und galt fortan als jemand, der zwar ein Nazi-Protagonist gewesen war, aber längst zur Demokratie bekehrt und gründlich gewandelt, gerade deshalb ein maßgeblicher Interpret der Verfassung."
"7","1992-04-03","Zeitung","Die Zeit, 03.04.1992","Friedrich Schorlemmer ist entsetzt über ""die hier und da massiv zutage tretende Rachementalität, wobei wiederum vom Staat erwartet wird, daß er das tut, was der einzelne nicht tun will."
"8","2003-08-14","Zeitung","Die Zeit, 14.08.2003","Doch ihre Idee, dass Steuern die ""Freiheit"" einschränken und dass dem Staat die Flügel so weit wie möglich gestutzt werden sollten, fällt in Amerika auf so fruchtbaren Boden wie fast nirgendwo sonst."
"9","1991-03-22","Zeitung","Die Zeit, 22.03.1991","Erstens bezahle auch im Westen der Staat für die Messen."
"10","1998-07-23","Zeitung","Die Zeit, 23.07.1998","""In einer öffentlichen Schule muß eine Lehrerin als erzieherisches Vorbild, als Repräsentantin des Staates und seiner Werte und Normen wirken."
"11","1992-09-18","Zeitung","Die Zeit, 18.09.1992","Nur der schlanke, graumelierte Tschurkin gab sich so westlich, daß man meinte, sein Land bewerbe sich nicht um Mitgliedschaft im Europarat, sondern in der Organisation amerikanischer Staaten."
"12","1996-08-16","Zeitung","Die Zeit, 16.08.1996","Die offiziellen Atommächte - die Vereinigten Staaten, Rußland, Frankreich, Großbritannien und China - hatten sich feierlich verpflichtet, bis Ende dieses Jahres die Verhandlungen zu einem guten Ende zu führen."
"13","1991-01-18","Zeitung","Die Zeit, 18.01.1991","Eine vom Staat in Auftrag gegebene Studie belegt, daß in dem von zwölf Millionen Menschen bewohnten Land 700000 Seropositive leben, das sind mehr als in ganz Europa oder Asien - die Weltgesundheitsorganisation (WHO) schätzt die Zahl der Infizierten dort auf jeweils 500000."
"14","2002-06-06","Zeitung","Die Zeit, 06.06.2002","Im Dorotheum wurde für 20740 Euro eine Sitzmaschine B 25 (gefertigt um 1939) von Marcel Breuer in die Staaten abgesetzt."
"15","2001-10-11","Zeitung","Die Zeit, 11.10.2001","Sollte Amerika gegen all diejenigen ins Feld ziehen, die es zu terroristischen oder den Terror unterstützenden Staaten erklärt hat, selbst wenn ihre Verbindungen zu bin Laden hypothetisch oder zumindest zweifelhaft sind?Das betrifft Länder, die Washington Hilfe zugesagt haben, wie Syrien und Sudan, aber auch alte Feinde wie Irak oder Iran."
"16","1991-07-12","Zeitung","Die Zeit, 12.07.1991","Die arabischen Staaten müssen direkt in den Friedensprozeß eingebunden werden."
"17","1990-06-01","Zeitung","Die Zeit, 01.06.1990","Gute Nachricht brachte Stefan Rosiny Fachmann für Co-Com-Fragen beim Zentralverband Elektrotechnik- und Elektronikindustrie (ZVEI) von seiner jüngsten Erkundungsreise in die Vereinigten Staaten mit zuruck Washington ist jetzt bereit, die Embargo-Listen, die den Export heikler Techniken in Lander des ehemaligen Ostblocks beschränken, wesentlich zu liberalisieren."
"18","2000-07-27","Zeitung","Die Zeit, 27.07.2000","Der Friedenspionier Uri Avneri, der seit Jahren dafür wirbt, dass Jerusalem Hauptstadt von zwei Staaten wird, ist ganz anderer Meinung:"
"19","1992-07-24","Zeitung","Die Zeit, 24.07.1992","Manche Eltern behaupten allerdings, der Staat wolle nur die Kosten für Sonderschulen sparen."
"20","1991-05-31","Zeitung","Die Zeit, 31.05.1991","Nun ist Deutschlands Normalität nicht die anderer Staaten."
"21","1997-09-12","Zeitung","Die Zeit, 12.09.1997","Vielleicht gibt es bei mir eine liberale Grundhaltung, weil ich keinen Bock habe, daß der Staat mir alles vorschreibt.""Sie ist über die Ökologiebewegung 1983 zu den Grünen gestoßen und wohnt noch heute im nordfränkischen Rottenberg in einem schnuckeligen Häuschen mit Garten, das ganz dem Klischee vom Glück im grünen Biotop zu entsprechen scheint - bis man feststellt, daß die Gemüsebeete doch ziemlich ungepflegt sind."
"22","1990-06-29","Zeitung","Die Zeit, 29.06.1990","Jedenfalls sind es viele; besondere Mühe hat sich der Staat gegeben, das Buch zu den Menschen zu bringen: bei dem weit ausgefingerten System der Gemeinde- und Gewerkschaftsbibliotheken"
"23","1999-04-29","Zeitung","Die Zeit, 29.04.1999","Außerdem sagen Sie, daß der Staat sich nicht dort zurückziehen solle, wo der Bürger von sich aus aktiv wird - damit verteidigen Sie ein System, das den Faktor Arbeit teuer macht."
"24","1992-04-10","Zeitung","Die Zeit, 10.04.1992","Zu ""achtzig Prozent"" hat sich der bayerische Autohersteller BMW dafür entschieden, in den Vereinigten Staaten ein neues Werk zu errichten - so steht es in einem Memorandum des US-Generalkonsuls Andrew G."
"25","1993-01-29","Zeitung","Die Zeit, 29.01.1993","Diese heute fast nur in den Vereinigten Staaten wirkenden ""Austro-Misesians"" unterscheiden sich von früheren Generationen durch ihre im Ausbildungssystem begründete enge Spezialisierung."
"26","1997-06-06","Zeitung","Die Zeit, 06.06.1997","Im Vergleich zu anderen Staaten des Mittleren Ostens und Nordafrikas hält das Land eine Reihe bedenklicher Rekorde:"
"27","1990-01-05","Zeitung","Die Zeit, 05.01.1990","Die Vereinigten Staaten haben schon nach dem Zweiten Weltkrieg einschlägige Erfahrungen mit der Rüstungskonversion gesammelt."
"28","2004-03-11","Zeitung","Die Zeit, 11.03.2004","Doch schließlich, 1803, konnte er Napoleon Louisiana abkaufen und »das Territorium der Vereinigten Staaten mittels einer einfachen Unterschrift mit meinem präsidialen Füllfederhalter verdoppeln«."
"29","2000-05-18","Zeitung","Die Zeit, 18.05.2000","Der Staat mache genau dasselbe, was er den Steuerzahlern ständig vorwirft, ärgert sich Dieter Lau, der Vizepräsident des Bundes der Steuerzahler."
"30","1997-01-24","Zeitung","Die Zeit, 24.01.1997","""Ich habe mir überlegt, daß nach mehr als einem Jahrzehnt die Zeit gekommen ist, die wichtigste Funktion im Staate für Jüngere freizumachen."""
"31","1998-11-05","Zeitung","Die Zeit, 05.11.1998","Muß man vor allem den von außen kommenden Druck der ökonomischen Kräfte oder gerade im Gegenteil den inneren Druck der unverzichtbaren sozialen Kräfte stärken, um den Staat gegen die finanzielle Weltunordnung widerstandsfähig zu machen?Die zweite Lösung entspricht immer mehr der gegenwärtigen Lage."
"32","1992-07-17","Zeitung","Die Zeit, 17.07.1992","Wider Erwarten ist es den Außenministern gelungen, die Politik der drei Staaten in allen wichtigen Sachfragen und das Vorgehen in allen bedeutenden internationalen Gremien weitgehend in Einklang zu bringen."
"33","2002-12-05","Zeitung","Die Zeit, 05.12.2002","Margaret Thatcher wollte weniger Staat und mehr Eigenverantwortung."
"34","1994-06-03","Zeitung","Die Zeit, 03.06.1994","So prangern die Vereinigten Staaten lautstark fehlende Sozialstandards in Malaysia und Indonesien an."
"35","1996-01-26","Zeitung","Die Zeit, 26.01.1996","/ Es sinkt dein Licht, schutzloses Laub.""Daraufhin gab der Staat den Befehl, Huchel zum Rücktritt von seinem Posten als Chefredakteur zu zwingen und ""zur Kontrolle des H. operative Hilfsmittel"" einzusetzen:"
"36","1999-11-18","Zeitung","Die Zeit, 18.11.1999","Der Staat, sagen Juristen, habe einen ""Strafanspruch"" gegen den Täter, weil der allgemeine Rechtsfrieden gestört ist und nicht, weil individuelle Rechte des Opfers verletzt wurden."
"37","2002-01-31","Zeitung","Die Zeit, 31.01.2002","Grzesinski war neben Otto Braun, dem langjährigen preußischen Ministerpräsidenten, und seinem Innenminister Carl Severing der Dritte im Bunde der ""roten Preußen"", die wesentlich dazu beitrugen, aus dem Staat der Hohenzollern ein Bollwerk der Weimarer Demokratie zu machen."
"38","1990-07-27","Zeitung","Die Zeit, 27.07.1990","Den Unternehmen geht es finanziell besser denn je, eine steuerliche Mehlbelastung gegenüber ausländischer Konkurrenz ist nicht eindeutig festzustellen, der Staat kann auf Einnahmen in zweistelliger Milliardenhöhe angesichts der Kosten der deutschen Einigung nicht verzichten."
"39","2001-01-11","Zeitung","Die Zeit, 11.01.2001","Die Mitverantwortung von Familie und Staat für das Kind äußert sich nicht nur im elterlichen und schulischen Erziehungsauftrag, sondern besonders in der rechtlichen und finanziellen Verantwortlichkeit von Staat und Gesellschaft für ihre gemeinsame Zukunft."
"40","2000-02-17","Zeitung","Die Zeit, 17.02.2000","Bei seinen Mitgliedern kann man sich direkt einmischen, bei anderen Staaten nicht."
"41","1996-01-12","Zeitung","Die Zeit, 12.01.1996","Spitzenpositionen im Staat sollten ähnlich wie in der Wirtschaft nur noch auf Zeit besetzt werden."
"42","1996-08-02","Zeitung","Die Zeit, 02.08.1996","Da gab es zwar auch Rüstungen einzelner Staaten gegeneinander, unter denen der deutsche Flottenbau gegen Großbritannien hervorsticht, aber sie hielten sich doch insgesamt in einem vergleichbar geringen Rahmen."
"43","1991-08-02","Zeitung","Die Zeit, 02.08.1991","Dazu gehört das Recht eines jeden Bürgers, den eigenen Staat ebenso wie die Institutionen der Gemeinschaft auf die Erfüllung ihrer in den Gemeinschaftsverträgen übernommenen Pflichten in Anspruch zu nehmen."
"44","1992-01-31","Zeitung","Die Zeit, 31.01.1992","6) Schaffung eines Gegengewichts gegenüber der ansonsten unerreichbaren finanzwirtschaftlichen, ökonomischen und strategischen Übermacht der uns befreundet und verbündet bleibenden Vereinigten Staaten."
"45","2001-08-23","Zeitung","Die Zeit, 23.08.2001","In Joschka Fischers an Kontinuitäten eher armen Biografie bilden die Auseinandersetzung mit dem Holocaust und die Sympathie für den Staat Israel eine der wenigen ungebrochenen Linien."
"46","2004-03-04","Zeitung","Die Zeit, 04.03.2004","Sicher ist jedoch, dass immer mehr Natur- und Ingenieurwissenschaftler über ihre Promotion hinaus in den Vereinigten Staaten bleiben."
"47","2003-04-24","Zeitung","Die Zeit, 24.04.2003","Todd: Wenn es keine Gegenmacht zum amerikanischen Militarismus gibt, wird - das wissen die Europäer aus ihren eigenen Kriegen am besten - der kriegführende Staat den nächsten Krieg beginnen."
"48","2004-04-29","Zeitung","Die Zeit, 29.04.2004","Über der Präambel steht: ""Die Verfassung, die wir haben ... heißt Demokratie, weil der Staat nicht auf wenige Bürger, sondern auf die Mehrheit ausgerichtet ist."""
"49","1996-04-05","Zeitung","Die Zeit, 05.04.1996","Wer kommt nach ihm?Das Gesetz schreibt vor, daß beim Tod des Präsidenten der Parteivorsitzende das höchste Amt im Staate übernimmt."
"50","1997-10-31","Zeitung","Die Zeit, 31.10.1997","Heute beugen sich bereits 132 Staaten den Regeln der WTO - und versuchen so, ökonomische Kriege zu vermeiden."
"51","1994-06-24","Zeitung","Die Zeit, 24.06.1994","Aus der Dritten Welt kam nur eine Handvoll souveräner Staaten."
"52","2004-09-02","Zeitung","Die Zeit, 02.09.2004","Die Vereinigten Staaten hängen auf:"
"53","2003-09-18","Zeitung","Die Zeit, 18.09.2003","""Der Konzern gehört einem Parasiten.""Er meint den saudischen Staat."
"54","2001-11-15","Zeitung","Die Zeit, 15.11.2001","Noch zu Lebzeiten des Generals de Gaulle hatte ich verstanden, dass die Einigung der europäischen Staaten nur möglich ist, wenn und soweit Frankreich diese Einigung will und sie zu seiner eigenen Sache macht."
"55","1991-11-08","Zeitung","Die Zeit, 08.11.1991","Ein Exilrusse aus den Vereinigten Staaten hat hier Erfindungsgeist bewiesen."
"56","1996-11-15","Zeitung","Die Zeit, 15.11.1996","Wenn der internationale Wettbewerb weiterhin regellos wuchert und staatenlose Marktkräfte die Souveränität der zivilisierten Staaten nach und nach aushöhlen, dann drohen den westlichen Gesellschaften nicht nur Verluste am wirtschaftlichen Besitzstand."
"57","2004-05-06","Zeitung","Die Zeit, 06.05.2004","Dieser Restitutionsausschluss, zu dem sich die Regierungen der beiden deutschen Staaten erstmals in ihrer ""Gemeinsamen Erklärung"" vom 15. Juni 1990 bekannten, wurde in den Einigungsvertrag vom 31. August 1990 übernommen und durch die Aufnahme des Artikels 143 in das Grundgesetz verfassungsrechtlich legalisiert."
"58","1993-07-16","Zeitung","Die Zeit, 16.07.1993","Politik und Staat zeigen sich nicht von ihrer besten Seite."
"59","1997-10-31","Zeitung","Die Zeit, 31.10.1997","Überfällige Korrektur Seit Jahren boomen die Aktienmärkte in den Vereinigten Staaten und in Europa."
"60","1995-01-27","Zeitung","Die Zeit, 27.01.1995","Hat der Staat geschlafen?"
"61","1995-10-20","Zeitung","Die Zeit, 20.10.1995","- Drei Viertel des ordentlichen Haushalts (mit ihm werden vor allem die Verwaltungsausgaben der Uno-Zentrale sowie der Sonderorganisationen finanziert) begleichen die fünfzehn reichsten Staaten; die Vereinigten Staaten zahlen mit 25 Prozent den höchsten Satz, Deutschland steht mit 8,94 Prozent nach Japan an dritter Stelle."
"62","1997-10-24","Zeitung","Die Zeit, 24.10.1997","Dann erklärte er mit überraschender Offenheit, die finanziellen Mittel des Staates seien erschöpft, niemand solle von einer SPD-Regierung kostentreibende Ausgabeprogramme erwarten."
"63","1995-02-24","Zeitung","Die Zeit, 24.02.1995","Ihre eigene Biographie wird für sie zum Maßstab, die Flexibilität der Studiengestaltung in den Vereinigten Staaten ist ihr Vorbild."
"64","1995-03-31","Zeitung","Die Zeit, 31.03.1995","Wichtigste Handelspartner sind nach den USA (68 Prozent) die Staaten der Europäischen Union (13 Prozent)."
"65","2001-07-05","Zeitung","Die Zeit, 05.07.2001","Während es eine Ermittlung mit vier anderen europäischen Staaten zu koordinieren gälte (Frankreich, Luxemburg, Liechtenstein, Schweiz), verzetteln sich die Deutschen im Klein-Klein-Streit zwischen ihren justiziellen Duodezfürstentümern."
"66","1999-01-07","Zeitung","Die Zeit, 07.01.1999","Doch ob eine Berufsarmee zum ""Staat im Staate"" wird, darüber entscheiden nicht zuletzt die politische Kultur, der sie dient, und die politischen Institutionen, die sie kontrollieren."
"67","1992-01-03","Zeitung","Die Zeit, 03.01.1992","Es war der größte Auslandsschuldner der Welt; und die wichtigsten Modernisierungsschübe kamen vom Staat - für den militärischen Bedarf."
"68","1996-11-01","Zeitung","Die Zeit, 01.11.1996","Ein vereintes Westeuropa, wurde argumentiert, könnte ohne weiteres die jetzt viel geringeren Kosten seiner eigenen Verteidigung selbst aufbringen und zudem die ehemaligen kommunistischen Staaten des Ostblocks, einschließlich eines sich demokratisierenden Rußland, in eine erweiterte europäische Gemeinschaft einbeziehen."
"69","1990-12-28","Zeitung","Die Zeit, 28.12.1990","Besonders seitdem in den Vereinigten Staaten und anderen rezessionsgefährdeten Ländern die Zinsen nachgeben, ziehen die Anleihekäufer nach Deutschland."
"70","1999-11-25","Zeitung","Die Zeit, 25.11.1999","Das herrschende nationale Verständnis von Demokratie, Staat, politischer Gemeinschaft, Souveränität, Gewaltmonopol, Steuerhoheit, Föderalismus, Gemeinde, Öffentlichkeit, Parlament, Bürgerrechten und Bürgern hat eine territoriale Prämisse."
"71","2001-05-31","Zeitung","Die Zeit, 31.05.2001","Was kann da der Staat schon mit den Mitteln des Strafrechts ausrichten?Jetzt geht es um die Frage:"
"72","1993-05-07","Zeitung","Die Zeit, 07.05.1993","So habe Marsilius von Padua, der Berater des deutschen Königs Ludwig des Bayern, in seiner staatstheoretischen Schrift ""Defensor pacis"" (1324) das Reich, also den Staat, als Stadt beschrieben: civitas aut regnum."
"73","1998-04-16","Zeitung","Die Zeit, 16.04.1998","Auf dem Parteitag in Leipzig will er bereits erste Schwerpunkte deutlich machen: eine neue Partnerschaft von Staat und Wirtschaft ein noch höheres Maß an Flexibilität - auch für jeden einzelnen und den Euro, für ihn eine ""kränkelnde Frühgeburt"", die nur mit sozialdemokratischer Nachsorge zu einem Erfolg werden könne."
"74","1996-06-21","Zeitung","Die Zeit, 21.06.1996","Annex 3 des Friedensabkommens von Dayton sieht vor, bis spätestens zum 14. September freie, faire und demokratische Wahlen in dem krisengeschüttelten Staat abzuhalten."
"75","1991-04-26","Zeitung","Die Zeit, 26.04.1991","Bitterkeit über die Gegenwart hat sich in solchen Lebensgeschichten abgelagert und Unverständnis gegenüber den Jüngeren in der DDR, die kühl kalkulierend ihr Engagement für Staat und Gesellschaft von den Freiräumen im Privaten abhängig machten."
"76","2004-03-25","Zeitung","Die Zeit, 25.03.2004","Muss man auch auf polnischer Seite eine TÜV-Genehmigung für den Truck des Hochseilartisten am 1. Mai haben?Herr SpecjaIski sagt, er könne diese Genehmigung gleich erteilen, er repräsentiere in diesem Fall ja den Staat."
"77","1999-11-25","Zeitung","Die Zeit, 25.11.1999","Eine geringere Quote weisen in der EU nur wenige Staaten auf."
"78","1990-01-05","Zeitung","Die Zeit, 05.01.1990","Wie im Dornröschenschlaf schlummert dieser reichste Staat der Erde in moslemischer Abgeschiedenheit."
"79","2004-05-06","Zeitung","Die Zeit, 06.05.2004","Sie kommt zum Ergebnis, dass der Staat im Durchschnitt etwa ein Drittel der Kosten für Kinder finanziere."
"80","1990-02-23","Zeitung","Die Zeit, 23.02.1990","Wie der Anspruch des totalen Staates sich mit der Autonomie der Hochschulen vereinbaren ließ, wird am Beispiel von Theodor Litts Aufsatz von 1933 ""Die Stellung der Geisteswissenschaften im nationalsozialistischen Staate"" entwickelt."
"81","2004-04-15","Zeitung","Die Zeit, 15.04.2004","Das Problem des in der Historiografie intensiv debattierten Mittel-Ziel-Strategems der deutschen England- und Russlandpolitik im Jahr 1940/41 ist ebenso wenig angemessen berücksichtigt, wie die Interpretation der Hitlerschen Kriegserklärung an die Vereinigten Staaten von Amerika vom Dezember 1941 als Akt einer "",psychologischen' Notwendigkeit des uneingeschränkten Kampfes"" an sich kaum haltbar sein dürfte:"
"82","1990-12-07","Zeitung","Die Zeit, 07.12.1990","Während der achtziger Jahre expandierte das Geschäft japanischer Banken mit den Schulden allein in den Vereinigten Staaten um jährlich bis zu zwanzig Prozent."
"83","2000-05-11","Zeitung","Die Zeit, 11.05.2000","Diesmal steht mehr auf dem Spiel, viel mehr: Ausgerechnet bei der Aufnahme der zehn postkommunistischen Staaten schlägt, frei nach dem alten Marx, die schiere Quantität der Aspiranten in eine neue Qualität für die EU um."
"84","1990-12-28","Zeitung","Die Zeit, 28.12.1990","Ihre harten Dinare und Dollar besserten die Devisenkassen der Staaten auf."
"85","1992-09-25","Zeitung","Die Zeit, 25.09.1992","Kaum ist die Bundesrepublik größer und mächtiger geworden nach dem holterdiepolter vollzogenen Anschluß des zweiten deutschen Staates, hat sich der organisierte, früher penetrant verharmloste Neofaschismus wie ein Flächenbrand übers Land ausgedehnt."
"86","1998-03-12","Zeitung","Die Zeit, 12.03.1998","Damit schufen sie ihren eigenen, erklärt gewaltfreien Staat im gewalttätigen Staate Jugoslawien."
"87","1997-03-28","Zeitung","Die Zeit, 28.03.1997","Die staatsvergessene Gesellschaft verwandelt sich in eine unpolitische Gemeinschaft, in eine blühende Landschaft aus Vereinen, die keine Ansprüche stellen an den Staat, höchstens an sich selbst."
"88","2000-08-31","Zeitung","Die Zeit, 31.08.2000","Die völlige Vernichtung des polnischen Staates und seiner Führungsschicht waren beschlossene Sache."
"89","1998-05-14","Zeitung","Die Zeit, 14.05.1998","Lange Zeit war es Brauch, daß konservative Geister den Staat gegen seine linken Kritiker verteidigten."
"90","2001-07-26","Zeitung","Die Zeit, 26.07.2001","""Auf der Grundlage einer einheitlichen staatlichen Politik in Übereinstimmung mit der Konzeption der nationalen Sicherheit der Russischen Föderation"" wird der Staat die entsprechenden Maßnahmen treffen für die Ausbildung geistig-patriotischer Werte, Wissen und Treue gegenüber der Verfassungs- und Militärpflicht."
"91","2001-02-01","Zeitung","Die Zeit, 01.02.2001","Wer diese Frage bejaht, muss eingestehen, dass es nur von geringer Bedeutung ist, ob der Staat aus einem Einparteiensystem besteht (Hauptsache, alle sind irgendwie beteiligt)."
"92","2000-01-13","Zeitung","Die Zeit, 13.01.2000","Das Fiat, durch das der Leviathan, der ""künstliche Mensch"" des Staates, geschaffen wird, denkt Hobbes rein immanent:"
"93","1992-10-23","Zeitung","Die Zeit, 23.10.1992","Der feindlose könnte eine Metamorphose zum ökologischen Staat durchlaufen."
"94","2003-09-25","Zeitung","Die Zeit, 25.09.2003","Angenommen, der deutsche Staat würde die in Frankreich und in den USA vorhandene Trennung von Kirche und Staat tatsächlich einhalten, stünde einem Verbot des Kopftuch- beziehungsweise Kippa- oder Kruzifixtragens nichts im Wege."
"95","2003-02-06","Zeitung","Die Zeit, 06.02.2003","Mehr als 50 Prozent der Beschäftigten werden nach wie vor vom Staat bezahlt."
"96","1996-03-15","Zeitung","Die Zeit, 15.03.1996","Der Titel lautet Verunglimpfung des Staates und seiner Symbole bis zur Störpropaganda gegen die Bundeswehr."
"97","1998-08-20","Zeitung","Die Zeit, 20.08.1998","Steht denn dahinter nicht die Unterstellung und Anprangerung jeder Muslimin, die freiwillig ein Kopftuch trägt, daß sie dadurch angeblich die rechtliche und soziale Diskriminierung von Frauen in sämtlichen mehrheitlich muslimischen Staaten zumindest passiv mittrage, wenn nicht sogar aktiv unterstütze?"
"98","1992-01-31","Zeitung","Die Zeit, 31.01.1992","Im Gegensatz zu Wilson gehörte sein Außenminister Robert Lansing zu der Minderheit amerikanischer Politiker, die seit langem einen Kriegseintritt der Vereinigten Staaten befürworteten."
"99","1990-06-15","Zeitung","Die Zeit, 15.06.1990","Nicht nur ohne Gedächtnis, sondern - verzichtete sie auf Symbole - auch ohne Stil und ohne Glanz, ein Staat von grauer Monotonie, der die Herzen nicht erwärmt und nicht zum freiwilligen Dienen einlädt."
"100","1997-05-30","Zeitung","Die Zeit, 30.05.1997","""Schmidt befindet sich in einer politischen, gesundheitlichen und persönlichen Krise von bisher nicht bekanntem Ausmaß.""Ost-Berlin habe er vor einem Angriffskrieg der Nato gewarnt und in einem geheimen Papier behauptet, die CIA verstreue den Bazillus eines möglichen Krieges zwischen den beiden deutschen Staaten."
"101","2002-05-08","Zeitung","Die Zeit, 08.05.2002","Die vereinfachte und unausweichliche Steuerlast hat für den Staat den Vorteil, dass sein Steueraufkommen verstetigt und damit die Verlässlichkeit seiner Finanzplanungen erhöht wird."
"102","2003-10-16","Zeitung","Die Zeit, 16.10.2003","Wer mehr für die beschäftigungswirksamen Ausgaben des Staates tun will, muss tiefer, noch viel tiefer als hier in die Sozialleistungen reinschneiden."""
"103","1992-02-07","Zeitung","Die Zeit, 07.02.1992","Der postkoloniale Gegensatz zwischen Staat und Gesellschaft ist längst nicht überwunden."
"104","2003-08-21","Zeitung","Die Zeit, 21.08.2003","In 119 Staaten gilt heute das allgemeine Wahlrecht."
"105","1997-05-30","Zeitung","Die Zeit, 30.05.1997","Die Sehnsucht der Bevölkerung nach einem Aufbruch schaffte sich Ausdruck gegen das Selbstverständnis der religiösen Machthaber, die sich als Statthalter Gottes auf Erden wähnen die iranische Verfassung veleiht ihnen schließlich eine geradezu sakrosankte Kontrolle über Staat und Gesellschaft."
"106","2004-05-13","Zeitung","Die Zeit, 13.05.2004","In Schweden, Finnland und Dänemark nahm der Staat in den vergangenen Jahren jeweils mehr Geld ein, als er ausgab."
"107","2001-07-26","Zeitung","Die Zeit, 26.07.2001","Nichts hat die deutschen Staaten bis 1972 so tief und bitter verfeindet wie die Hallstein-Doktrin."
"108","2002-04-18","Zeitung","Die Zeit, 18.04.2002","Sie skizzieren einen Typ Mensch, der zum Leben keine Arbeit braucht und sich im Wettstreit mit dem Staat sieht, wer wen besser abzockt."
"109","1991-06-28","Zeitung","Die Zeit, 28.06.1991","Die neue Pflegeversicherung darf den Staat keinen Pfennig kosten."
"110","1991-04-05","Zeitung","Die Zeit, 05.04.1991","Gegenüber dem als aufgezwungen und fremd empfundenen kommunistischen Staat vertrat sie den ""Glauben der Väter"", der neben den religiösen Inhalten auch eine patriotische Verpflichtung enthielt."
"111","2004-04-29","Zeitung","Die Zeit, 29.04.2004","Sie wird dennoch nicht in Konkurrenz zu den Vereinigten Staaten treten."
"112","1998-08-13","Zeitung","Die Zeit, 13.08.1998","In den Vereinigten Staaten haben manche Ökonomen und Politiker den Rückschlag fast herbeigesehnt:"
"113","1990-03-02","Zeitung","Die Zeit, 02.03.1990","Die Vereinigten Staaten sind denn auch drauf und dran, eine neue Kuba-Krise vom Zaune zu brechen."
"114","2002-02-14","Zeitung","Die Zeit, 14.02.2002","""Ich habe oft mit irritierender Bewunderung und Neid feststellen müssen"", schrieb Richter Giovanni Falcone kurz vor seiner Ermordung, ""wie ungemein funktional und effizient die Ehrenwerte Gesellschaft im Vergleich zu unserem Staat funktioniert.""Zwischen 1988 und 1998 ging über die Hälfte der gesamten Unterhaltsarbeiten für Siziliens Straßen an die Mafia."
"115","1990-12-28","Zeitung","Die Zeit, 28.12.1990","Viele Milliarden Dollar kostet die Golfkrise die bankrotten Staaten Südasiens."
"116","1992-05-29","Zeitung","Die Zeit, 29.05.1992","Die Finanzmärkte, Finanziers und Investoren entscheiden oft anders, als sich das die Repräsentanten des Staates wünschen und vorstellen."""
"117","2003-04-24","Zeitung","Die Zeit, 24.04.2003","Der Staat kann nicht für fairen Wettbewerb sorgen wollen und es gleichzeitig den Kontrollierten überlassen, sich Spielregeln dafür auszudenken."
"118","1992-01-10","Zeitung","Die Zeit, 10.01.1992","Aber die Bonner Diplomaten müßten wohl erst auf der Landkarte nachschauen, wo der neue Staat überhaupt liegt. ill"
"119","1994-04-22","Zeitung","Die Zeit, 22.04.1994","Bulgarien ist ein ""Land im Wandel"", ein Staat auf der Suche nach seiner neuen Identität."
"120","1995-12-15","Zeitung","Die Zeit, 15.12.1995","Europa und die Vereinigten Staaten wären einer neuen, diesmal stärkeren nuklearen Gefahr ausgesetzt, denn die russischen Militärs sehen unter den veränderten Kräfteverhältnissen in den neuen Massenvernichtungsmitteln das wirksamste Argument im Streit mit der Nato."
"121","1996-11-15","Zeitung","Die Zeit, 15.11.1996","""Das ist neu in der Geschichte dieses Staates"", schreibt Heym, ein Protest, der sich über den Umweg über den Westen direkt DDR-Öffentlichkeit schafft."
"122","1993-06-18","Zeitung","Die Zeit, 18.06.1993","Später können ein Verfall der Autorität der Partei und des Staates (vor allem der zentralen Behörden in Peking) und möglicherweise auch ein Anstieg der Korruption hinzukommen."
"123","1990-10-19","Zeitung","Die Zeit, 19.10.1990","Wie soll sich von hier aus der Übergang zur Demokratie vollziehen, wie kann von hier aus schließlich auch eine vom Staat unabhängige ""bürgerliche Gesellschaft"" entstehen?"
"124","2001-03-01","Zeitung","Die Zeit, 01.03.2001","Gewiss sind die Vereinigten Staaten nach wie vor ein unerlässlicher Bundesgenosse, und es wäre fatal, wenn das Verhältnis zu Washington in säuerliche Gleichgültigkeit abstürzte."
"125","1991-11-22","Zeitung","Die Zeit, 22.11.1991","Besonders an der Entstehung des Staates Baden-Württemberg habe er entscheidenden Anteil."
"126","1990-11-16","Zeitung","Die Zeit, 16.11.1990","Auf Nationalhymne und Nationalflagge, beides umstrittene Symbole eines Staates, der mit seiner Vergangenheit keineswegs im reinen ist, wurde beim Krönungsfest verzichtet."
"127","2001-04-05","Zeitung","Die Zeit, 05.04.2001","Wenn der Staat überleben soll, darf keiner unberührbar sein.""Jovial klopfte der Premier dem Präsidenten auf die Schuler."
"128","1991-05-17","Zeitung","Die Zeit, 17.05.1991","In den Vereinigten Staaten begann der Übergang von der Industrie- zur Informationsgesellschaft."
"129","2001-12-06","Zeitung","Die Zeit, 06.12.2001","Failed states, ""gescheiterte Staaten"", bedürfen des Schutzes der Starken, die Stabilität und Freiheit ""exportieren"" müssten, wenn nötig durch ein Programm des nation building."
"130","1990-11-16","Zeitung","Die Zeit, 16.11.1990","Rund 33000 Werbeeinblendungen sieht ein Durchschnittsamerikaner im Fernsehen der Vereinigten Staaten pro Jahr."
"131","2001-11-15","Zeitung","Die Zeit, 15.11.2001","Die Geschäftsidee nahm er mit in seine Heimat, kaufte 1987 die Firma Starbucks mit fünf Läden in Seattle und eroberte von dort aus die Vereinigten Staaten."
"132","2003-11-13","Zeitung","Die Zeit, 13.11.2003","Auf diese Weise gewann im April der Staat Utah das Recht, auf riesigen Ländereien in der Nähe des Monument Valley nach Öl bohren zu lassen."
"133","1994-07-01","Zeitung","Die Zeit, 01.07.1994","Nicht daß die Verschwörer keine moralischen Maßstäbe besessen hätten, aber als Anhänger einer rigorosen christlich-konservativen Ethik hielten sie in alter Tradition den Staat selber für eine moralische Institution, der selbstverständlich anderen Maßstäben zu folgen hatte als Privatpersonen."
"134","1991-02-01","Zeitung","Die Zeit, 01.02.1991","Die Vereinigten Staaten und die anderen Westmächte sind in blutige, keineswegs schon entschiedene Auseinandersetzungen mit dem hochgerüsteten, gewissenlos regierten Irak verwickelt."
"135","2001-10-11","Zeitung","Die Zeit, 11.10.2001","Ein Jahrzehnt verwiesen sie mit ihrer Forderung nach weniger Staat auf die Vereinigten Staaten - und jetzt?Sie hatten da etwas verkannt."
"136","1999-11-18","Zeitung","Die Zeit, 18.11.1999","54 Staaten schlossen sich den Russen an (darunter China und Frankreich), 73 enthielten sich der Stimme (darunter die Deutschen und die Briten), 4 stimmten dagegen: Vereinigte Staaten, Israel, Lettland und Mikronesien."
"137","2002-10-17","Zeitung","Die Zeit, 17.10.2002","Schon einmal, bei einer ausweglosen Zuspitzung der Krise zwischen Nordkorea und den Vereinigten Staaten 1994, brachte er just das zuwege:"
"138","1990-04-20","Zeitung","Die Zeit, 20.04.1990","Dies wird auch daran deutlich, daß de Klerk im Mai der erste südafrikanische Staatschef seit vielen Jahren sein wird, der eine Rundreise durch Europa macht; sie wird ihn in die Metropolen von sieben Staaten führen."
"139","2003-05-08","Zeitung","Die Zeit, 08.05.2003","Diese Geisteshaltung, die sich fatalistisch auf den Patron Staat verlässt, muss aufgebrochen werden."
"140","1993-12-31","Zeitung","Die Zeit, 31.12.1993","Die Gärten entstammen dem Wüstenboden; und was immer diese Kultur entwickelt hatte - Städte, Höfe, Paläste, Staaten - trägt die Merkmale dieser Kunstfertigkeit: die durchbrochenen Balustraden, die marmornen Pavillons, die filegranen Fenster, die Fayencen mit den floralen Motiven, die Muster der Teppiche."
"141","2002-07-25","Zeitung","Die Zeit, 25.07.2002","Ausgerechnet in politisch schwierigen Zeiten fehlt dem State Department Personal, das bereit wäre, amerikanische Interessen in Staaten wie Pakistan und Afghanistan zivil zu vertreten."
"142","1994-07-01","Zeitung","Die Zeit, 01.07.1994","Der Fleischhandel ist heute ein europaweites Geschäft, dem sich ein einzelner Staat nicht entziehen kann."
"143","2000-08-10","Zeitung","Die Zeit, 10.08.2000","In den Vereinigten Staaten, wo berufliche Mobilität als normal gilt, ziehen die Menschen nach den offiziellen Statistiken nicht häufiger um als vor zwei oder drei Jahrzehnten."
"144","2004-11-18","Zeitung","Die Zeit, 18.11.2004","Ich sehe jetzt die große Chance, klarzumachen, dass man ein Israel in sicheren Grenzen und ohne Attacken von Terroristen will und auf der anderen Seite einen Staat der Palästinenser, der diesen Namen wirklich verdient."
"145","1990-12-21","Zeitung","Die Zeit, 21.12.1990","Indem Partei und Staat, in homöopathischen Dosen, sich von außen menschenwürdiger machen ließen, wurden die Menschen stärker, beide zu überwinden."
"146","1990-11-16","Zeitung","Die Zeit, 16.11.1990","Es berichtet über alle Aspekte amerikanischer und internationaler Wirtschaft, von der Arbeit der Werbeagenturen bis zum Haushaltsdefizit der Vereinigten Staaten."
"147","2004-01-22","Zeitung","Die Zeit, 22.01.2004","Ich wäre für den Staat nur ein bisschen teurer."
"148","1998-07-09","Zeitung","Die Zeit, 09.07.1998","Weil viele Eltern nicht mehr in der Lage seien, für ihre Kinder zu sorgen, müsse der Staat die Erziehung durch Ganztagsbetreuung von Kleinkindern und Schulkindern ersetzen."
"149","1994-12-09","Zeitung","Die Zeit, 09.12.1994","Weder könnte der Westen dulden, daß ein Gremium von 53 Staaten seiner Nato vorgeschaltet wird."
"150","1991-03-29","Zeitung","Die Zeit, 29.03.1991","""Die Kapitalmärkte antizipieren ein baldiges Ende des Konjunkturabschwungs in den Vereinigten Staaten"", meint Morgan-Ökonom Milton Hudson."
"151","1996-05-17","Zeitung","Die Zeit, 17.05.1996","Nicht jeder Staat vertreibt über zwei Millionen Menschen aus ihrer Heimat."
"152","2001-11-15","Zeitung","Die Zeit, 15.11.2001","Die Tatsache, dass England, Schweden und Dänemark ihre nationale Währung beibehalten wollen, und dazu der vorhersehbare Umstand, dass einstweilen auch keiner der zwölf auf Beitritt zur EU wartenden Staaten am Euro teilhaben wird, kann Euroland zu einem inneren Kreis der EU werden lassen"
"153","1999-04-22","Zeitung","Die Zeit, 22.04.1999","Es gibt zudem gut fundierte Berichte, daß Milosevic vorgeschlagen habe, das Gebiet des eben gegründeten Staates Mazedonien zwischen Griechenland und Serbien aufzuteilen."
"154","1991-05-17","Zeitung","Die Zeit, 17.05.1991","Daß die wirtschaftliche Entwicklung gefördert und nicht behindert wird, daß Verbrecher gefangen und Terroristen bekämpft werden, daß der Staat die innere und äußere Sicherheit seiner Bürger gewährleistet, dies und vieles andere mehr gehört gleichsam zu den Normalerwartungen der Bürger an die Politik, deren Erfüllung aber, obwohl keineswegs selbstverständlich, außer in politischen Krisenzeiten keine besonderen Prämien abwirft."
"155","1993-12-03","Zeitung","Die Zeit, 03.12.1993","[...] Während die Alliierten in ihrer Londoner Sechsmächtekonferenz empfohlen hatten, die Verfassung des neuen westdeutschen Staates der ""Bevölkerung in den betreffenden Staaten zur Ratifizierung"" vorzulegen, sagten die Ministerpräsidenten der deutschen Länder auf ihrer Konferenz vom Juli 1948 in einem ersten Erklärungsentwurf noch ganz offen, weshalb sie diese Verfassungsreferenden ablehnten: ""Weite Teile des deutschen Volkes (würden) ihre Stimme nicht aus sachlichen Gründen abgeben, sondern um ihrem Bedürfnis nach einem sichtbaren Protest gegen die Zeitverhältnisse (Ausdruck) zu verleihen, schlechthin gegen die von den verantwortlichen politischen Parteien vorgeschlagenen Lösungen stimmen."" [...]"
"156","1993-09-24","Zeitung","Die Zeit, 24.09.1993","Sie bedrohen nicht nur Georgiens Wirtschaft (vier von fünf Fabriken stehen still), sondern vor allem die Einheit des Staates."
"157","2000-04-20","Zeitung","Die Zeit, 20.04.2000","In den Vereinigten Staaten müsste man befürchten, dass das Gericht vor lauter Befangenheitsanträgen und Verfahrensstreitereien nie wirklich zur Sache gekommen wäre."
"158","1997-10-17","Zeitung","Die Zeit, 17.10.1997","Daß der Kulturkampf - der Kampf um die Zurückdrängung des kirchlichen Einflusses auf Schule, Staat und Gesellschaft - von Juden entfesselt worden sei, war eine beliebte Anklage katholischer Publizisten, Politiker und Kirchenführer."
"159","1997-06-27","Zeitung","Die Zeit, 27.06.1997","Alles, was die öffentliche Sicherheit, den Monarchen, den Staat und den Bürger unangetastet ließ oder sonst nicht ausdrücklich verboten war, das war erlaubt, wenigstens nach dem Verständnis des Kammergerichtsrates Hoffmann."
"160","1995-01-20","Zeitung","Die Zeit, 20.01.1995","Doch gegen die subventionierten Agrarprodukte der Vereinigten Staaten und Europas hat das Land mit Soja, Mais und Bohnengemüse keine Chance."
"161","2001-06-28","Zeitung","Die Zeit, 28.06.2001","Der Staat hält sich heraus aus religiösen Bekenntnissen, die Kirchen üben keine Herrschaft aus, weder über den Staat noch über Schüler."
"162","1992-12-18","Zeitung","Die Zeit, 18.12.1992","Wenn jetzt auch noch der Staat, wie gefordert, bei den Ausgaben kräftig auf die Bremse tritt, würgt er die Konjunktur vollends ab."
"163","1999-12-09","Zeitung","Die Zeit, 09.12.1999","Es gibt eine weltweite Menschenrechtsbewegung, und diese bedarf der Unterstützung, gerade aus jenen Staaten, in denen die Menschenrechtsidee besser verwirklicht ist."
"164","1993-08-13","Zeitung","Die Zeit, 13.08.1993","Im Jahre 1961 warnte John F. Kennedy seine Landsleute, die Vereinigten Staaten seien weder allmächtig noch allwissend, sie könnten nicht jegliches Unrecht tilgen oder jegliche Unbill ins Gegenteil verkehren; es könne nicht für jedes Weltproblem eine amerikanische Lösung geben."
"165","1996-11-15","Zeitung","Die Zeit, 15.11.1996","""Fragen an den Premier"" hat in den Vereinigten Staaten Kultstatus als Fernsehunterhaltung."
"166","1995-01-20","Zeitung","Die Zeit, 20.01.1995","""Die Gewissensfreiheit kann zudem - in einer Demokratie - ohnehin nur einer Minderheit dienen, da die Gesetze der Mehrheit kaum zu einem Gewissensaufstand vieler führen werden . . . Das ist weder die Auflösung jeder Ordnung, noch ist die Funktionsfähigkeit dieses so strukturierten Staates ernstlich bedroht; denn gewissensbedingten Ungehorsam leisten nach aller Erfahrung nur wenige Beamte."
"167","1990-03-23","Zeitung","Die Zeit, 23.03.1990","Aber wenn der Staat darüber Nachrichten sammelt, erhält das negative Urteil, das damit verbunden ist, auch noch amtliches Gewicht."
"168","1990-07-06","Zeitung","Die Zeit, 06.07.1990","Jeder radikale Schritt würde unweigerlich den Lebensstandard in den privilegierten Staaten senken, die Menschen der Dritten Welt aber müßten die Hoffnung aufgeben, das krasse Wohlstandsgefälle zwischen Nord und Süd zu verringern."
"169","1992-10-16","Zeitung","Die Zeit, 16.10.1992","Obwohl der Staat damals verbotenerweise immer wieder heimlich seine Ohren aufsperrte, hatte der große Lauschangriff keine Chance."
"170","1997-01-31","Zeitung","Die Zeit, 31.01.1997","Tansu çiller schockte die Türken, als sie über den von Interpol gesuchten Catli sagte: ""Wir werden jedem Menschen die gebührende Achtung erweisen, der für das Wohl des Staates seine Pistole zieht."""
"171","1996-11-15","Zeitung","Die Zeit, 15.11.1996","Welchen Platz hat Großforschung heute in der Forschungslandschaft der Bundesrepublik?Sicherlich ist die Zeit vorbei, als der Staat ein Ziel formulierte, den Forschern einen Batzen Geld zur Verfügung stellte und dann nach einigen Jahren sich freundlich nach dem Erfolg erkundigte."
"172","1994-03-11","Zeitung","Die Zeit, 11.03.1994","Als der rote Gast aus Rom klarstellte, daß ""zur Verwirklichung der Gerechtigkeitsideale kein massiver Eingriff des Staates in die Wirtschaft notwendig ist"", nickten ihm Banker und Unternehmer, von Rothschild bis Rolls-Royce, freundlich zu."
"173","1993-07-30","Zeitung","Die Zeit, 30.07.1993","""Es gibt keinen Staat mehr in Brasilien, oder besser gesagt: der Staat ist entkräftet und hinfällig"", klagt das angesehene Jornal do Brasil."
"174","1995-12-08","Zeitung","Die Zeit, 08.12.1995","Allerdings müsse der Staat endlich die Voraussetzungen für unternehmerisches Handeln schaffen: Steuersenkungen und Rechtssicherheit, ohne die viele Menschen den Schritt in die Selbständigkeit nicht wagen."
"175","2004-10-28","Zeitung","Die Zeit, 28.10.2004","Ganz anders sieht es mit dem Legitimitätsanspruch der Vereinigten Staaten aus, als Führungsmacht ohnegleichen für Sicherheit und Ordnung in der Welt zu sorgen."
"176","2003-10-09","Zeitung","Die Zeit, 09.10.2003","Doch im Vergleich zu Ländern wie den Vereinigten Staaten, Kanada oder Australien müssen Behinderte in Deutschland immer noch um Anerkennung kämpfen."
"177","2002-10-17","Zeitung","Die Zeit, 17.10.2002","Zur Zeit der Abfassung der UN-Charta 1945 hat keiner an die Möglichkeit gedacht, dass ein Staat als Anstifter, durch Beihilfe oder in ""mittelbarer Täterschaft"" an Terroristen-Aktionen gegen einen anderen Staat aktiv wird."
"178","1995-11-24","Zeitung","Die Zeit, 24.11.1995","""Wenn ich sage, wir wollen die zwischen Staaten üblichen . . .""Kohl fiel ihm ins Wort: ""Dann meinen Sie damit völkerrechtliche Beziehungen und formulieren es nur aus Gründen der Kosmetik anders?""Bahrs Antwort laut SED-Niederschrift:"
"179","2000-05-25","Zeitung","Die Zeit, 25.05.2000","Das bringt eine relative Vernachlässigung wichtiger Staaten auf beiden Seiten, insbesondere von Großbritannien, Frankreich und Spanien im Westen und Russland im Osten, mit sich."
"180","2002-03-27","Zeitung","Die Zeit, 27.03.2002","Die Regierung hat sich dieser unterlassenen Hilfeleistung schuldig gemacht und damit den Staat in Verruf gebracht."
"181","1999-05-12","Zeitung","Die Zeit, 12.05.1999","""Das haben ja die Pazifisten und die Militaristen gewöhnlich gemeinsam, daß ihnen die Gestaltung des Friedens als Gestaltung des Staates zur Demokratie und der Demokratie zur sozialen Demokratie, wenn nur erst ,abgerüstet' bzw."
"182","1998-03-05","Zeitung","Die Zeit, 05.03.1998","Bei einer Konferenz über das Wasser des Blauen Nil ging es im vergangenen Jahr zwischen den beiden Staaten bereits ""ziemlich hoch her"", berichtet der Berner Friedensforscher Bächler."
"183","1992-06-19","Zeitung","Die Zeit, 19.06.1992","""Gebührt dem Staat das Herz der Stadt?"" fragte der Stadtplaner Dieter Hoffmann-Axthelm vor drei Wochen an dieser Stelle."
"184","2003-02-20","Zeitung","Die Zeit, 20.02.2003","Denn: ""Russland und die unabhängigen Staaten der einstigen Sowjetunion sind Amerikas größte Hoffnung."""
"185","2001-03-15","Zeitung","Die Zeit, 15.03.2001","Das vorliegende Ergebnis jedenfalls wird kaum Auswirkungen haben - man kann nachweisen, dass es nur in einem winzigen Bruchteil der theoretisch denkbaren Abstimmungen zu einem anderen Resultat führt als das alte, jedenfalls was die Machtverhältnisse der großen Staaten angeht."
"186","1993-08-27","Zeitung","Die Zeit, 27.08.1993","Eigentum ist Diebstahl, hatten die Kommunisten einst proklamiert und dem Staat, ihrem Staat, allen Besitz überschrieben."
"187","2004-07-22","Zeitung","Die Zeit, 22.07.2004","Von der Weltbank wurde die Investitionsbremse »Staat« jüngst wieder in Zahlen gefasst:"
"188","1991-01-18","Zeitung","Die Zeit, 18.01.1991","Gleich wie es am Golf nunmehr weitergeht, ein Verlierer steht schon fest: die Organisation der Erdöl exportierenden Staaten (Opec)."
"189","1992-05-01","Zeitung","Die Zeit, 01.05.1992","Wirtschaftsgeschichte: Mit dem Investitionshilfegesetz von 1952 verteilte der Staat massiv Gewinne um."
"190","2003-04-10","Zeitung","Die Zeit, 10.04.2003","Die Welt braucht heute ein Völkerrecht, das die Völker mehr schützt als die Staaten, die Unterdrückten besser als die Unterdrücker."
"191","1996-04-05","Zeitung","Die Zeit, 05.04.1996","Im Vertrauen auf den Staat und seinen Chef Lech Walçsa wurde die Gelegenheit für einen umfangreichen Kredit der Weltbank für die Modernisierung der Werft regelrecht verschlafen."
"192","2002-01-10","Zeitung","Die Zeit, 10.01.2002","Im demokratischen Staat besteht immer ein Spannungsverhältnis zwischen Persönlichkeitsschutz und Wissenschaftsfreiheit."
"193","1991-09-13","Zeitung","Die Zeit, 13.09.1991","Es war ein weißrussischer Staat, und Weißrussisch war die Amtssprache; weißrussisch war auch das Recht."
"194","1998-12-22","Zeitung","Die Zeit, 22.12.1998","Das altpreußische Amalgam von Staat und Protestantismus wurde für die Kirche in dem Augenblick hochtoxisch, in dem der Staat aus der Kirche austrat."
"195","1995-11-03","Zeitung","Die Zeit, 03.11.1995","Zum Schluß entsandten nur Frankreich, Deutschland und afrikanische Organisationen oder Staaten Wahlbeobachter."
"196","1995-08-25","Zeitung","Die Zeit, 25.08.1995","- Parteien und Staat in den Aufsichtsgremien zurückzudrängen; - den Parteienproporz in den Anstalten zu beseitigen;"
"197","1993-05-21","Zeitung","Die Zeit, 21.05.1993","Daraufhin hat der Staat das Erscheinen der Kirchenzeitungen zu diesem Wochenende unterbunden."
"198","1991-05-24","Zeitung","Die Zeit, 24.05.1991","1989 investierte Japan erstmalig mehr Geld in den Bau und Ausbau von Fabriken als die Vereinigten Staaten."
"199","1992-03-13","Zeitung","Die Zeit, 13.03.1992","Sie haben einander in diesem Sinne anerkannt, und jeder Staat mit allen Strukturen des Staates war legitim im völkerrechtlichen Sinne."
"200","2003-03-06","Zeitung","Die Zeit, 06.03.2003","Der Papst hatte keinerlei Hemmungen, seine Politik mit den Vereinigten Staaten zu koordinieren."
"201","2000-02-10","Zeitung","Die Zeit, 10.02.2000","14 europäische Staaten unterstreichen meine Privatmeinung."
"202","1990-04-20","Zeitung","Die Zeit, 20.04.1990","Aber auch hier setzte der Staat die Preisschraube an: Vier Lei durfte Marin für das Kilogramm fordern."
"203","1994-05-06","Zeitung","Die Zeit, 06.05.1994","Zu der Zeit, als die Zeitung dieses harsche Urteil fällte, wähnten sich die Vereinigten Staaten in einer der schlimmsten Wirtschaftskrisen ihrer Geschichte."
"204","1991-10-04","Zeitung","Die Zeit, 04.10.1991","Das Gebot aus Artikel 1 des Grundgesetzes, die Würde des Menschen nicht anzutasten, gilt nicht nur für den Staat, es gilt für jedermann - auch für Presse und Fernsehen, auch für Politiker."
"205","2002-01-31","Zeitung","Die Zeit, 31.01.2002","Betrieb der Staat DDR nicht Selbstsabotage?"
"206","2002-10-17","Zeitung","Die Zeit, 17.10.2002","Wähler in den muslimischen Staaten entscheiden sich nicht automatisch für islamistische Parteien, wenn Washington seine Kriegsmaschine anwirft."
"207","2002-02-14","Zeitung","Die Zeit, 14.02.2002","Die Cosa Nostra bekämpft den Staat nicht mehr, sondern geht in ihm auf"
"208","1992-04-03","Zeitung","Die Zeit, 03.04.1992","Die Stasi-Abrechnung entbindet ja nicht von der Frage: Was sind die gemeinsamen Grundlagen der deutschen Staaten, die historischen Voraussetzungen für einen Staat, der keine Widersprüche in sich duldet."""
"209","1992-01-10","Zeitung","Die Zeit, 10.01.1992","Als Sohn eines wohlhabenden Versicherungsdirektors aus West Virginia, als Absolvent elitärer Schulen und Universitäten, als in vielen Regierungsfunktionen erfahrener Veteran gilt er inzwischen jedoch als eine Verkörperung des Ostküsten-Establishments, dem die Vereinigten Staaten besonders in der internationalen Politik viel verdanken."
"210","1992-12-11","Zeitung","Die Zeit, 11.12.1992","Die Sachsen, das war selbst im sozialistischen Staat unumstritten, waren schon immer etwas Besonderes."
"211","2000-10-19","Zeitung","Die Zeit, 19.10.2000","Die zehn kleineren Staaten verlangen nach wie vor ihren eigenen Kommissar in Brüssel - was der EU bis Ende des Jahrzehnts ein Kollegium von 27 oder mehr Europäern bescheren könnte."
"212","1997-08-22","Zeitung","Die Zeit, 22.08.1997","Deutsch wäre um ein Haar offizielle Sprache der Vereinigten Staaten von Amerika geworden, es unterlag bei der Abstimmung mit nur einer Stimme Unterschied"
"213","2003-06-26","Zeitung","Die Zeit, 26.06.2003","Wir sind der Staat!"
"214","1992-09-04","Zeitung","Die Zeit, 04.09.1992","Wie verhalten sich die beiden Kriegsgegner, die beide beanspruchen, Völkerrechtssubjekt zu sein, gegenüber fremden Staaten?"
"215","2004-06-24","Zeitung","Die Zeit, 24.06.2004","Staat und Studentenwerk legen noch mal 2,89 Euro drauf, als Subvention sozusagen."
"216","2004-04-22","Zeitung","Die Zeit, 22.04.2004","Sodann reformiert sich der palästinensische Staat und hält freie Wahlen ab."
"217","1991-05-24","Zeitung","Die Zeit, 24.05.1991","Daß der Basileus - ein tüchtiger Soldat, der pausenlos die arabischen Staaten im östlichen Mittelmeerraum bekämpfte - Liudprand als Spion bezeichnete und sich zu keinem Heiratsgeschäft mit den Ottonen bequemen wollte, lag daran, daß er über das militärische Vordringen der Deutschen in Unteritalien erbost war und ihre Arrangements mit den Fürsten von Capua und Benevent, die er ""seine Knechte"" nannte, für unrechtmäßig und kriegstreiberisch hielt."
"218","1994-04-15","Zeitung","Die Zeit, 15.04.1994","Einmal noch gewannen sie die Goldmedaille in der Mannschaftswertung, wenn auch nicht mehr für die UdSSR, sondern für die gleichfalls bereits in Auflösung begriffene Gemeinschaft Unabhängiger Staaten (GUS)."
"219","1995-06-16","Zeitung","Die Zeit, 16.06.1995","Aserbajdschan gehört weder zur Organisation erdölexportierender Länder (Opec) noch zur Organisation der entwickelten Staaten (OECD)."
"220","1990-09-14","Zeitung","Die Zeit, 14.09.1990","Sie wurden jedoch oft verdrängt; wir sahen nur das, was wir sehen wollten, auch weil wir annahmen, daß die da ""draußen"", die Führer von Partei und Staat, es schon packen würden."
"221","2003-05-15","Zeitung","Die Zeit, 15.05.2003","Nach der Kapitulation des deutsch-italienischen Afrikakorps unter Generaloberst Jürgen von Arnim - Generalfeldmarschall Rommel war schon im März nach Europa zurückgekehrt - wurde Libyen im Mai 1943 unter britische und französische Militärverwaltung gestellt, bevor es 1951 als erster saharischer Staat unabhängig wurde."
"222","2000-08-17","Zeitung","Die Zeit, 17.08.2000","Zustiftungen, Geld von Sponsoren sind nun leichter zu bekommen, weil Privatleute lieber mit einem eigenständigen Unternehmen als mit dem Staat Verträge schließen."
"223","1990-07-20","Zeitung","Die Zeit, 20.07.1990","Doppelt schmerzlich ist es nun für Margaret Thatcher, die glühende Verfechterin der ""besonderen anglo-amerikanischen Beziehungen"", daß auch die Vereinigten Staaten so wenig Rücksicht auf britische Empfindsamkeit nahmen."
"224","1992-05-29","Zeitung","Die Zeit, 29.05.1992","Der Physiker gilt in den Vereinigten Staaten als der Hohepriester der sanften Energie, als Mr. energy efficiency."
"225","1992-04-10","Zeitung","Die Zeit, 10.04.1992","Seit der Vereinigung der deutschen Staaten ist deshalb eine feste Einbindung unseres Landes und unserer Wirtschaft in die Europäische Gemeinschaft noch wichtiger geworden als vorher."
"226","2003-11-20","Zeitung","Die Zeit, 20.11.2003","Sie erst erklärt den Ehrgeiz, mit dem Sony später die Vereinigten Staaten erobert und dort bis heute die Marke ist, die den Amerikanern Umfragen zufolge das größte Vertrauen einflößt."
"227","1995-09-01","Zeitung","Die Zeit, 01.09.1995","Können die beiden Flüchtlinge zum Sturz des irakischen Diktators, ihres Schwiegervaters, beitragen?Jedenfalls veranlaßte diese Vorstellung die Vereinigten Staaten dazu, Hussein Kamal den Übertritt nach Jordanien schmackhaft zu machen, als er im vergangenen Jahr zu einer Tumoroperation nach Amman kam."
"228","2002-03-21","Zeitung","Die Zeit, 21.03.2002","Achtzehn Monate nach Ausbruch des Krieges sind die Israelis im Grunde immer noch sprachlos vor Schreck über das Gemetzel zwischen ihrem Staat und den Palästinensern."
"229","1998-05-14","Zeitung","Die Zeit, 14.05.1998","Diese vaterlandslosen Aktiengesellschaften finden immer einen Weg, nationale Bestimmungen auszuhebeln und einen Staat gegen den anderen auszuspielen."
"230","1991-10-11","Zeitung","Die Zeit, 11.10.1991","Ist es die Schuld der Wähler, wenn Begriffe wie Souveränität und Eigenständigkeit im gemeinsamen Staat ein- und dasselbe bedeuten?"
"231","1995-10-13","Zeitung","Die Zeit, 13.10.1995","Seine Geschichte ist die Geschichte Hunderttausender Kurden, die Atatürks Staat seit Jahren systematisch aus ihrer angestammten südostanatolischen Heimat vertreibt."
"232","1995-12-15","Zeitung","Die Zeit, 15.12.1995","Freiheit sei heute nur noch durch und nicht mehr gegen den Staat zu sichern."
"233","1993-12-17","Zeitung","Die Zeit, 17.12.1993","Kostenvorteile durch weitergereichte Steuerersparnisse des Leasingunternehmens könne es nicht geben, weil der Staat selbst der Steuergläubiger ist."
"234","2001-05-03","Zeitung","Die Zeit, 03.05.2001","Denn dem Staat verdankt der Mensch das Leben ganz sicher nicht, und die Berufung auf eine überirdische Autorität kann in einem Staat mit Religionsfreiheit keine rechtlich erzwungene Allgemeinverbindlichkeit beanspruchen."
"235","1997-06-20","Zeitung","Die Zeit, 20.06.1997","Wäre es nicht an der ZEIT, diesen derzeit zu einigen Hoffnungen berechtigenden demokratischen Staat auch kultur- und reisejournalistisch nicht hauptsächlich auf Blutsauger und ihre Wiedergänger zu reduzieren."
"236","2004-04-22","Zeitung","Die Zeit, 22.04.2004","Wir bieten Aus- und Weiterbildungen für Menschen an, die in den Sektoren Staat, Wirtschaft und Zivilgesellschaft an politischen Steuerungsprozessen arbeiten möchten."
"237","1994-04-08","Zeitung","Die Zeit, 08.04.1994","Ich bin der festen Überzeugung, die Wirtschaft bedarf der Unterstützung des Staates."
"238","1999-02-11","Zeitung","Die Zeit, 11.02.1999","Botschafter vertreten bekanntlich die offizielle Position ihres Staates."
"239","2002-01-17","Zeitung","Die Zeit, 17.01.2002","Das ""schwarze Netzwerk"" arbeitet mit Methoden, die nur der Staat im pakistanischen Staat beherrschte: der ISI."
"240","1991-12-06","Zeitung","Die Zeit, 06.12.1991","Natürlich die Regierung - auch im Beistandsfall nach den Artikeln 5 und 6 des Nato-Vertrags: Ein Angriff auf einen ist ein Angriff auf alle; doch über Art und Umfang der Beistandsleistungen entscheidet jeder Staat souverän."
"241","1995-03-17","Zeitung","Die Zeit, 17.03.1995","Zu wirklichen Durchbrüchen hätten die 117 Regierungschefs aus 189 Staaten schlicht mehr gemeinsame Kraft aufwenden müssen."
"242","1991-02-15","Zeitung","Die Zeit, 15.02.1991","In Amerika und England richtete man sich; auf eine längere Rezession ein, in Deutschland bereitete die hohe Neuverschuldung des Staates Sorgen."
"243","1990-04-06","Zeitung","Die Zeit, 06.04.1990","In der Tageszeitung Gazeta Wyborcza dachte er öffentlich darüber nach, die Ost-West-Achse durch eine Nord-Süd-Achse zu ersetzen: Polen, die Baltischen Staaten und Skandinavien würden demnach den einen, Ungarn, Tschechen, Slowaken mit den Jugoslawen, Österreichern und Italienern den anderen Pol bilden."
"244","2001-02-22","Zeitung","Die Zeit, 22.02.2001","Wenn in drei, vier Jahren ein halbes Dutzend mitteleuropäischer Staaten Mitglieder in der EU werden, erwerben sie das Recht auf Freizügigkeit."
"245","1990-06-15","Zeitung","Die Zeit, 15.06.1990","Auch würde es unsere Nachbarn in Ost und West beruhigen, wenn schon im Namen des Staates deutlich wird, daß nicht eine Wiederbelebung des alten Einheitsstaates zur Debatte steht."
"246","1992-01-31","Zeitung","Die Zeit, 31.01.1992","Erst am vergangenen Montag empfing der japanische Außenminister den amerikanischen Botschafter und sagte seine Bereitschaft zu, mit den Vereinigten Staaten über Lohnerhöhungen und Arbeitszeitverkürzungen in Japan zu verhandeln."
"247","1992-06-19","Zeitung","Die Zeit, 19.06.1992","Der neue Staat ist, mit seinem frisch gedruckten kroatischen Dinar, unfaßbar preiswert."
"248","1997-04-18","Zeitung","Die Zeit, 18.04.1997","Die Vereinigten Staaten sollten ""ernsthaft erwägen"", sagte er im Fernsehen, ""gewisse wichtige Ziele im Iran"" mit militärischen Mitteln zu zerstören."
"249","1990-03-09","Zeitung","Die Zeit, 09.03.1990","Nicht die Bürger sind für den Staat da, sondern dieser für die Bürger, meint Fang."
"250","2001-09-06","Zeitung","Die Zeit, 06.09.2001","Seit 1996 hatten die Vereinigten Staaten nicht weniger als 40 Prozent des weltweiten Wachstums erwirtschaftet, schätzt Stephen Roach, Chefökonom der Investmentbank Morgan Stanley - entweder im eigenen Land oder durch Importe aus Übersee, die sich in den neunziger Jahren verdoppelten."
"251","1999-04-29","Zeitung","Die Zeit, 29.04.1999","Vielmehr ist es die Erosion der staatlichen Autorität, sind es Bürgerkriege und ethnische Konflikte innerhalb zerfallender oder autoritär zusammengehaltener Staaten, die Interventionen auf den Plan rufen - nicht nur in Somalia und Ruanda, sondern auch in Bosnien und nun im Kosovo."
"252","1990-11-09","Zeitung","Die Zeit, 09.11.1990","Jetzt machen die Vereinigten Staaten einen neuen Anlauf in der Umweltpolitik:"
"253","1997-04-25","Zeitung","Die Zeit, 25.04.1997","Ein Staat."
"254","2000-08-03","Zeitung","Die Zeit, 03.08.2000","Als er 1984 auswanderte in die Vereinigten Staaten, wo er zunächst für Daimler jobbte, dann eine Firma sanierte und in der Francisco Bay eine Einzelhandelskette kaufte, lernte Gloge die Amerikaner bewundern."
"255","1993-12-03","Zeitung","Die Zeit, 03.12.1993","Als Mitte der achtziger Jahre der kommunistische Block zu wanken begann, schließlich die Phalanx der sozialistischen Staaten wie eine Reihe von Dominosteinen zusammenfiel, sprachen westliche Ökonomen schnell von der Freisetzung eines riesigen ökonomischen Potentials, von neuen Märkten direkt vor unserer Haustür."
"256","1992-10-30","Zeitung","Die Zeit, 30.10.1992","""Sie hatten die Universität als Brutstätte für Sezessionsideen mißbraucht, die Reaktion des Staats ist reiner Selbstschutz."""
"257","1999-12-02","Zeitung","Die Zeit, 02.12.1999","Die Eier-Auktion zeigt einmal mehr: Online-Versteigerungen sind in den Vereinigten Staaten zum Volkssport geworden."
"258","1994-11-25","Zeitung","Die Zeit, 25.11.1994","Neben einem Umsatz von jährlich 366 Millionen Dollar (1993) sicherten sich die Leverkusener ihre während des Ersten Weltkrieges in den Vereinigten Staaten beschlagnahmten Namensrechte."
"259","1993-07-30","Zeitung","Die Zeit, 30.07.1993","Der ehemalige KZ-Häftling fordert in einem dramatischen Appell an Präsident Bill Clinton, die Vereinigten Staaten sollten Lebensmittel über Bosniens Hauptstadt abwerfen:"
"260","1995-04-28","Zeitung","Die Zeit, 28.04.1995","Militias und ihre Parteigänger qualifizieren den Massenmord in Oklahoma jetzt sogar als eine Verschwörungstat der Regierung, um gegen die Milizen und ihre Allianzen bei Ku-Klux-Klan und Neonazis, vor allem im Nordwesten der Vereinigten Staaten vorgehen zu können."
"261","1991-02-01","Zeitung","Die Zeit, 01.02.1991","Dies sieht eine gemeinsame Erklärung der Regierung beider deutscher Staaten vom Juni 1990 vor."
"262","1993-02-12","Zeitung","Die Zeit, 12.02.1993","Wir diskutierten über die Unterschiede der gesellschaftlichen Traditionen zwischen den Vereinigten Staaten und Deutschland."
"263","1992-12-04","Zeitung","Die Zeit, 04.12.1992","Wenn von geschätzten dreißig Millionen Kurden zwischen fünfzehn und zwanzig Millionen in der Türkei leben, die anderen im Iran, Irak und Syrien siedeln, dann fehlt nicht nur der Künstler, der ein Kurde sein müßte vom Kaliber Atatürks, sondern die Zustimmung der souveränen Staaten, die den Rahmen für Kurdistan zu bestimmen hätten."
"264","1991-11-29","Zeitung","Die Zeit, 29.11.1991","Um so sorgfältiger, transparenter und weniger summarisch, vielleicht sogar ein wenig menschlich (außer im Irren) müßte es zugehen, wo der Staat seine Bediensteten nun scharenweise verabschiedet."
"265","2002-12-05","Zeitung","Die Zeit, 05.12.2002","Selbst jene Staaten, die uns im Augenblick nicht gerade zur Seite stehen, werden dann eilig ihre Nachkriegsinteressen in der Region sichern wollen."
"266","1995-10-13","Zeitung","Die Zeit, 13.10.1995","""An der französischen Schule in London werden Kinder aus sechzig Staaten unterrichtet, auch mehrere Deutsche."
"267","1990-03-16","Zeitung","Die Zeit, 16.03.1990","Bonn zweigeteilt, hier und dort, das ist die Lage, und so wird sie wohl auf lange Zeit bleiben - die Bonner noch im eigenen Staat und zugleich im anderen, der schon kein anderer mehr ist."
"268","1991-08-30","Zeitung","Die Zeit, 30.08.1991","Der großserbisch orientierte Flügel in der Bundesarmee um Generalstabschef Blagoje Adzic setzt augenblicklich alles daran, die Vision von MiloseviÄ von einem Staat für alle Serben zum Fait accompli werden zu lassen."
"269","2001-09-06","Zeitung","Die Zeit, 06.09.2001","Es ist wenig bekannt (oder wird gern übersehen), dass viele Länder heute viel extremer verschuldet sind als die lateinamerikanischen Staaten während der großen Schuldenkrise der achtziger Jahre - und damals galt deren Schuldenlast allenthalben als untragbar."
"270","2004-09-23","Zeitung","Die Zeit, 23.09.2004","Der entfesselte Staat"
"271","1997-12-19","Zeitung","Die Zeit, 19.12.1997","Anstatt nun ihrerseits den politischen Bruch nachzuvollziehen und damit die Türkei vollends in die Arme der USA oder islamischer Staaten zu treiben, sollte die EU der Türkei im Frühjahr ankündigen, daß man mit Beitrittsverhandlungen genauso wie mit den elf mittel- und osteuropäischen Staaten beginnen wird."
"272","2003-12-22","Zeitung","Die Zeit, 22.12.2003","""Daß wir Tote nicht verhindern konnten, zähle ich zur negativen, gescheiterten Seite meiner Lebensbilanz.""Diese Äußerung ließ hoffen, Krenz möge akzeptieren, in welcher Eigenschaft er vor seinen Richtern stand: nicht als Privattotschläger K., sondern als Machthaber eines Staates, der sich ein Recht anmaßte, das keinem Staat gebührt, nämlich Menschen zu töten, die ihn verlassen wollen."
"273","1994-05-20","Zeitung","Die Zeit, 20.05.1994","""Vor sechs Monaten war die Pressefreiheit in diesem Land das Hauptproblem"", bemerkt ein Kollege von Zhupa, ""heute müssen wir die Journalisten vor dem Staat schützen """
"274","1990-10-19","Zeitung","Die Zeit, 19.10.1990","Freilich haben die westlichen Demokratien mit Ausnahme Schwedens die Annexion der baltischen Staaten nicht anerkannt, auch die Bundesrepublik nicht."
"275","2000-06-15","Zeitung","Die Zeit, 15.06.2000","""Die einen sind die Nichtregierungsorganisationen (NGO) - und die anderen sind das internationale Business.""Die Konzerne haben selber kein Interesse am Faustrecht und bieten den Staaten daher bereitwillig ihre Hilfe an."
"276","1995-09-08","Zeitung","Die Zeit, 08.09.1995","Die Mururoa-Entscheidung, die mit dem Gedenken an den 50. Jahrestag von Hiroshima und Nagasaki zusammenfiel, wurde durch das Asean-Forum verurteilt - ein Votum, an dem sich auch noch die Vereinigten Staaten und Rußland beteiligten."
"277","2000-05-31","Zeitung","Die Zeit, 31.05.2000","Fest steht, dass in rund zehn Jahren das Gros der dann übrig gebliebenen Ölvorräte im Boden weniger Staaten des Nahen Ostens lagern wird, deren Marktmacht also wächst."
"278","1993-04-30","Zeitung","Die Zeit, 30.04.1993","""Bei einem Krieg gegen Jugoslawien werden die Bürger der Vereinigten Staaten und anderer Nato-Länder hier vor dem Volkszorn nicht mehr sicher sein."""
"279","1999-01-21","Zeitung","Die Zeit, 21.01.1999","Im cozy capitalism, dem Gemauschel zwischen Staat und Wirtschaft, sieht Zhu den Grund für die Asienkrise."
"280","2002-11-14","Zeitung","Die Zeit, 14.11.2002","Kann das gelingen, für ein Ganzes mit 27 Teilen und 450 Millionen Menschen, wo in Philadelphia nur 13 Teile für vier Millionen standen, in Bonn elf Länder rund 47 Millionen Menschen vertraten?Die Antwort gab einst der vierte Präsident der Vereinigten Staaten."
"281","1994-12-16","Zeitung","Die Zeit, 16.12.1994","In allen Staaten, die bisher Aufnahmekontingente für Mandatsflüchtlinge des UN-Flüchtlingskommissariats bereitgestellt haben, ist es das UNHCR, das Vorschläge unterbreitet, die endgültige Entscheidung treffen jedoch die nationalen Behörden."
"282","1998-05-20","Zeitung","Die Zeit, 20.05.1998","Dabei gibt es ausgerechnet in den Ländern, in denen es bereits Tabakwerbeverbote gibt, Tabakmonopole durch den Staat - eine große Scheinheiligkeit."
"283","1997-09-12","Zeitung","Die Zeit, 12.09.1997","Gründe für diese Gelassenheit finden sich erstens in den Zahlen selbst.Der Preissprung vom August wurde ausschließlich vom Ausland und vom Staat gemacht.Der teure Dollar treibt die Preise von Heizöl und Benzin in die Höhe, Horst Seehofer die Rezeptgebühren und andere Gesundheitskosten.Im übrigen stehen die Zeichen eher auf Deflation:"
"284","2002-02-28","Zeitung","Die Zeit, 28.02.2002","Die Kontrolle der Konzerne darf nicht die Sache einzelner Staaten bleiben"
"285","1995-03-10","Zeitung","Die Zeit, 10.03.1995","Die Gründung der Direct Anlage Bank - kurz DAB - sorgte für viel Unruhe in der deutschen Bankenszene.Was es bisher lediglich in den Vereinigten Staaten gab, fand aber auch hierzulande schnell Anklang: Wertpapiergeschäfte ohne Beratung - zum Billigtarif.Seit Gründung der DAB Mitte 1994 konnte die weißblaue Bank bereits mehr als 10000 Kunden aus allen Teilen der Republik gewinnen."
"286","1994-07-01","Zeitung","Die Zeit, 01.07.1994","Der neue Staat wurde zum Schmelztiegel der Hoffnung:"
"287","1992-10-30","Zeitung","Die Zeit, 30.10.1992","Die allmächtige und im Volk beliebte Armee hat sich zwar während der Flutkatastrophe im September und in ihrem Kampf gegen die ausufernde Kriminalität im Sindh als einzig funktionierende Institution im Staate empfohlen."
"288","1991-03-22","Zeitung","Die Zeit, 22.03.1991","Doch die anderen arabischen Staaten schlossen sich in einer ""Ablehnungsfront"" zusammen, einer losen Koalition gegen den Friedensvertrag mit dem kleinsten gemeinsamen Nenner: kein Friede mit Israel."
"289","2000-11-02","Zeitung","Die Zeit, 02.11.2000","Der Provinz sollten die Rechte eines Staates zuerkannt werden."
"290","1991-05-17","Zeitung","Die Zeit, 17.05.1991","In vielen Bereichen sind die Vereinigten Staaten diesem Rezept nicht gefolgt und verlieren deshalb ihre Wettbewerbsfähigkeit."
"291","1997-01-17","Zeitung","Die Zeit, 17.01.1997","Die Wähler können am Ende nicht besser aufgelegt sein als die Parteien, auch nicht in den Vereinigten Staaten."
"292","2000-04-06","Zeitung","Die Zeit, 06.04.2000","Die Bundesakademie für Sicherheit hatte im Januar auf die Rosenburg bei Bonn geladen, um über ein brisantes Thema zu beraten: Wirtschaftsspionage durch befreundete Staaten."
"293","2000-09-14","Zeitung","Die Zeit, 14.09.2000","Diese zumindest kurzfristige ""Inelastizität"" ist ein wunderbares Geschenk für den Staat."
"294","1996-03-22","Zeitung","Die Zeit, 22.03.1996","Doch haben wir mit der Bundesrepublik keineswegs ""einen Staat, der wie kein anderer . . . Verfolgten und Flüchtlingen hilft"" - man sehe sich die Asylgesetzgebung an."
"295","1992-12-04","Zeitung","Die Zeit, 04.12.1992","Der Erfolg der Bundesanwaltschaft beweist auch, daß dieser Staat den Anschlägen von rechts nicht hilflos ausgeliefert ist."
"296","1991-03-15","Zeitung","Die Zeit, 15.03.1991","Achtzig Prozent des Holzes, das hierzulande in Form von Papier konsumiert wird, kommt aus dem Ausland und wird vor allem in Kanada, Schweden und den Vereinigten Staaten geschlagen."
"297","2003-05-08","Zeitung","Die Zeit, 08.05.2003","Hinzu kommt, dass die Vereinigten Staaten strategisches Interesse an ökonomischer und politischer Stabilität im Nahen Osten haben müssen."
"298","1994-05-20","Zeitung","Die Zeit, 20.05.1994","Für jedes Kind gewährt der Staat den Eltern einen monatlichen Zuschuß, solange es in der Ausbildung ist und nicht mehr als 750 Mark pro Monat verdient."
"299","1998-11-05","Zeitung","Die Zeit, 05.11.1998","Es geht seinen eigenen Weg - und der könnte zu Problemen führen für die Vereinigten Staaten."
"300","1991-01-25","Zeitung","Die Zeit, 25.01.1991","Heute muß eine Wohnung in München vom Staat mit 150000 bis 200000 Mark bezuschußt werden, damit die Mietbelastung für den Bewohner erträglich wird."
"301","1995-11-10","Zeitung","Die Zeit, 10.11.1995","Mehr als 170 Staaten haben es bisher unterzeichnet, darunter auch die Vereinigten Staaten (die es bisher noch nicht ratifizierten)."
"302","2000-05-18","Zeitung","Die Zeit, 18.05.2000","Allerdings neigte die staatliche Elite - die Spitzen der Zivil- und Militärbürokratie - in der Vergangenheit dazu, Reformen nur äußerlich durchzuführen, faktisch aber die dominante Stellung des Staates über die Gesellschaft beizubehalten."
"303","1997-12-05","Zeitung","Die Zeit, 05.12.1997","ZEIT: Diese Regelung soll alles umfassen - den künftigen Status Jerusalems, die Grenzen und den Status eines palästinensischen Staates oder einer palästinensischen ""Entität""?"
"304","1990-03-09","Zeitung","Die Zeit, 09.03.1990","In mehreren Reden sagte er kürzlich unter anderem: ""Deutschland hat als Staat niemals aufgehört zu existieren."
"305","2001-04-11","Zeitung","Die Zeit, 11.04.2001","Deweys Definition der ""Öffentlichkeit"" liegt weit entfernt von dem, was wir Staat nennen, insbesondere vom Hegelschen Staat."
"306","2002-07-04","Zeitung","Die Zeit, 04.07.2002","Die westlichen Staaten waren Teil des Oslo-Prozesses."
"307","1991-08-30","Zeitung","Die Zeit, 30.08.1991","Die Balkankrise ist der vorerst letzte Akt im Auflösungsprozeß des österreichisch-ungarischen Vielvölkerreiches wie der Entwicklung zu nationalen und ethnischen Staaten, die Versailles geplant und zur Hälfte durchgesetzt hatte."
"308","2000-11-16","Zeitung","Die Zeit, 16.11.2000","So könnten, wie in einigen Staaten der USA, Patienten Ausnahmegenehmigungen für den Cannabis-Selbstanbau erhalten oder das Rauchkraut vom Staat beziehen."
"309","1997-06-06","Zeitung","Die Zeit, 06.06.1997","[...] in der Tat weltweit das Polizeiregister von Mord und Totschlag an.Das höchste Risiko herrscht in Kolumbien, dort kommen jährlich rund neunzig Personen von 100000 durch ein Gewaltverbrechen um - die häufigste Todesursache von Männern im Alter zwischen zwanzig und dreißig Jahren Jamaica und Brasilien folgen mit Abstand in der Gruselstatistik, Argentinien, Uruguay und Chile gelten als vergleichsweise sicher.Doch in allen Ländern ist die Kriminalität in den vergangenen drei Jahrzehnten geradezu explodiert.""Die Anzahl der Morde hat sich in Südamerika binnen einer Dekade verdoppelt"", konstatierte der Generalsekretär der Organisation Amerikanischer Staaten (OAS), Cesar Gaviria. [...]"
"310","1991-04-12","Zeitung","Die Zeit, 12.04.1991","Der Staat ist daher auch heute noch der weitaus größte Unternehmer in Frankreich:"
"311","1992-08-28","Zeitung","Die Zeit, 28.08.1992","Aber wenn die Regierungskriminalität in der DDR, dieses Um-sich-Schlagen einer zum Tod verurteilten Administration an den Grenzen ihres Staates und ihrer Handlungsmöglichkeiten, schon allen Ernstes eine Analogie zu jener prinzipiellen Kriegserklärung an die Grundlagen der Zivilisation abwerfen soll, dann ist es rechtlich fehlerhaft, den politischen Hintergrund zu ignorieren."
"312","1991-10-18","Zeitung","Die Zeit, 18.10.1991","die DDR-Altschulden des Staats, der Betriebe und der Wohnungswirtschaft; einen Teil des Defizits der Treuhandanstalt; die vom Staat übernommenen Risiken der ehemaligen DDR-Versicherung; die Entschädigungen an die enteigneten Grundeigentümer; die Umweltaltlasten; die unterschätzten Kosten einer Sanierung der Reichsbahn; der Umzug von Bonn nach Berlin; höhere Zuschüsse des Bundes an die neuen Länder und möglicherweise auch an die Arbeitslosenkasse; weitere Hilfen an Osteuropa."
"313","1996-02-09","Zeitung","Die Zeit, 09.02.1996","Schon wegen der süddeutschen Staaten mußte der Schwarze Peter Paris zugeschoben werden, wo Napoleon krank und die Kaiserin Eugenie kriegslustig war."
"314","1997-09-26","Zeitung","Die Zeit, 26.09.1997","Wie heute ein Staat aussehen sollte?""Was ist denn heute der Staat?"""
"315","1997-05-16","Zeitung","Die Zeit, 16.05.1997","Der ist zwar auch in den Vereinigten Staaten verboten, anderswo aber nicht, also gibt es Lücken."
"316","1999-08-12","Zeitung","Die Zeit, 12.08.1999","Neunzehn Dienstherren aus neunzehn Staaten übten Druck auf Wesley Clark aus."
"317","1994-02-18","Zeitung","Die Zeit, 18.02.1994","Die radikal-patriotische Zeitung Slovensky närod (""Slowakisches Volk"") hat Mitte Januar die Mitschuldigen an der wirtschaftlichen Misere des Staates ausgemacht:"
"318","2004-09-02","Zeitung","Die Zeit, 02.09.2004","»Wenn die Eltern jetzt ordentlich mitmischen, belohnen sie den Staat auch noch für sein Nichtstun.«"
"319","1994-05-20","Zeitung","Die Zeit, 20.05.1994","Ruanda hatte zwar (im Gegensatz zu den meisten anderen Staaten Afrikas) eine uralte nationalstaatliche Geschichte, aber das Nationalbewußtsein war durch die Kolonialherrschaft gründlich zerstört worden."
"320","1991-03-22","Zeitung","Die Zeit, 22.03.1991","Alle obersten Organe eines Staates ziehen aus freien Stücken um, mit Sack und Pack, mit Kind und Kegel - Präsident, Regierung, Parlament, zweite Kammer, Politiker und Beamten?"
"321","1993-07-09","Zeitung","Die Zeit, 09.07.1993","Das richtige Signal hätte jemand setzen können, der die Illusion nicht noch bestätigt, der starke Staat sei die Antwort auf eine komplexe und brüchige Gesellschaft und eine Politik, die ihrer selbst nicht mehr sicher ist."
"322","1994-01-28","Zeitung","Die Zeit, 28.01.1994","Allzuviel Geld würde der Staat damit aber noch nicht sparen, denn die Mehrheit der berechtigten Sozialmieter kostete ihn soviel wie ehedem."
"323","1999-02-11","Zeitung","Die Zeit, 11.02.1999","Der russische Staat zahlt ihr als Rente monatlich 450 Rubel, die in der Inflation auf derzeit 34 Mark zusammengeschmolzen sind."
"324","1994-10-14","Zeitung","Die Zeit, 14.10.1994","Die Antwort der Vereinigten Staaten auf diesen Befund lautet dennoch: nicht umdenken, sondern weitermachen."
"325","1992-01-24","Zeitung","Die Zeit, 24.01.1992","Für den Gouverneur des Staates Amazonas, Gilberto Mestrinho, ist die Rio-Konferenz ein ""Anschlag auf die Souveränität Brasiliens"" und eine Veranstaltung von Traumtänzern:"
"326","1991-02-15","Zeitung","Die Zeit, 15.02.1991","Noch im Januar 1990 zahlte der Staat fast eine Milliarde Dollar an den Irak."
"327","1992-08-28","Zeitung","Die Zeit, 28.08.1992","EG-Präsident und UN-Generalsekretär, zwölf EG-Mitglieder, dazu China, Rußland, Vereinigte Staaten (UN-Sicherheitsrat), Japan und Kanada (G-7), die in Auflösung begriffene Tschechoslowakei als KSZE-Vorsitzende, Indonesien als Vorsitzer der Blockfreien, ferner die Türkei, Saudi-Arabien und die Organisation Islamischer Staaten, schließlich alle Nachbarstaaten und alle Nachfolgestaaten Jugoslawiens -"
"328","1997-12-05","Zeitung","Die Zeit, 05.12.1997","Solange die Ausübung demokratischer Freiheit privilegierten Schichten vorbehalten bleibt, steht die Verfassungswirklichkeit im Widerspruch zur demokratischen Grundordnung unseres Staates."""
"329","2001-11-15","Zeitung","Die Zeit, 15.11.2001","vom Staat nur Geld zu fordern, das sei doch sozialistische Versorgungsmentalität."
"330","1991-12-06","Zeitung","Die Zeit, 06.12.1991","Oder der Lohn ist so hoch, daß die Unternehmen nicht investieren, dann zahlt der Staat die Arbeitslosen, bis sie letztlich doch noch abwandern."
"331","1997-12-05","Zeitung","Die Zeit, 05.12.1997","Sicher, der Staat sollte sich dann mehr zurückhalten und nicht gleich beim ersten Anruf zur Stelle sein."
"332","1990-09-07","Zeitung","Die Zeit, 07.09.1990","Die sechstgrößte Metropole der Vereinigten Staaten gilt nicht mehr als Synonym der Industriemacht - für viele ist Detroit eher Symbol des industriellen Abstiegs der USA."
"333","1993-06-04","Zeitung","Die Zeit, 04.06.1993","Bayer sollte in den Vereinigten Staaten ohnehin nicht viel Freude an seiner Erfindung haben."
"334","2001-08-02","Zeitung","Die Zeit, 02.08.2001","Thomas Fischermann: ""Der Staat bleibt stark"", ZEIT Nr. 30"
"335","1995-03-17","Zeitung","Die Zeit, 17.03.1995","Wen soll ich denn verklagen, wenn ich arbeitslos bin?Einklagbare Grundrechte können nur solche sein, die vom Staat oder den Mitbürgern lediglich Unterlassung verlangen."
"336","1993-06-18","Zeitung","Die Zeit, 18.06.1993","Nach den Studium an der London School of Economics stieg er in den Vereinet en Staaten in das Investmentgeschäft ein."
"337","2000-12-20","Zeitung","Die Zeit, 20.12.2000","Er war Buchhalter, bevor er in die Politik ging, glaubte an den Staat, bevor er sah, wie staatsgläubige Politiker das Land dem Ruin entgegentrieben."
"338","1992-12-04","Zeitung","Die Zeit, 04.12.1992","Richelieu und Ludwig XIII. waren die beiden einzigen Menschen, die in ihrer Zeit davon überzeugt und besessen waren, daß Frankreich ein einheitlicher Staat, eine unabhängige Nation und die Vormacht Europas werden müsse."
"339","1992-09-04","Zeitung","Die Zeit, 04.09.1992","Militärische Waffen wolle man nicht herstellen, wohl aber das Sortiment um Faustfeuerwaffen und Repetiergewehre erweitern; die sollen vor allem in den Vereinigten Staaten, Kanada, Südafrika und Namibia Käufer finden."
"340","1994-03-11","Zeitung","Die Zeit, 11.03.1994","Die drei Unternehmen, die seit der Postreform I von 1989 bereits mehr oder weniger selbständig nach betriebswirtschaftlichen Prinzipien agieren, sollen ganz aus der Obhut des Staates entlassen werden und analog zur Bahn AG ihre Zukunft als Aktiengesellschaften meistern."
"341","1991-02-01","Zeitung","Die Zeit, 01.02.1991","Hinzu kam schließlich noch die Entspannung zwischen den Vereinigten Staaten und der Sowjetunion."
"342","2000-01-13","Zeitung","Die Zeit, 13.01.2000","Das andere Element besteht darin, den Staat als das Resultat der freiwilligen vertragsförmigen Vereinigung der Individuen zu beschreiben:"
"343","1998-12-10","Zeitung","Die Zeit, 10.12.1998","Die Staaten, die Regierungen, wollten sich nicht völkerrechtlich verpflichtende Fesseln anlegen lassen?"
"344","2002-03-21","Zeitung","Die Zeit, 21.03.2002","Die möglichen Mehreinnahmen des Staates lägen dabei über den Kosten für die Förderung von Integration, Sprachkenntnissen und Bildung."
"345","2004-02-12","Zeitung","Die Zeit, 12.02.2004","Einem Strategen wie Aslam Beg dürfte indes nicht entgangen sein, dass die Beziehungen der muslimischen Staaten zueinander instabil waren."
"346","1997-09-12","Zeitung","Die Zeit, 12.09.1997","Bei so viel Selbstzufriedenheit war es nur eine Frage der Zeit, daß sich eine Gegenbewegung formiert.Daß John Kenneth Galbraith, Aushängeschild der linken Ökonomen in den Vereinigten Staaten, diesen Angriff seiner Erzrivalen kontern muß, ist klar.Der ungehemmte Markt dreiteile die Gesellschaft, schimpft er in Artikeln und Interviews: die an den Rand gedrückten Armen, die Mittelklasse, die den Großteil der Steuerlast trägt, und die Reichen, die den Mittelstand vorschicken, wenn der Staat weiter zurückgedrängt werden soll."
"347","1993-02-12","Zeitung","Die Zeit, 12.02.1993","Flugblätter gegen den nationalsozialistischen Staat, mitten im Krieg, ein todeswürdiges Vergehen."
"348","1992-07-10","Zeitung","Die Zeit, 10.07.1992","Dort, in einem noblen Privathaus an der Rue Masseran, gehen seit geraumer Zeit die Würdenträger des schwarzafrikanischen Staates ein und aus."
"349","2002-08-15","Zeitung","Die Zeit, 15.08.2002","Sie setzen die Möglichkeit der freien Bewegung zwischen den Staaten als selbstverständlich voraus."
"350","2003-06-05","Zeitung","Die Zeit, 05.06.2003","Tausende Arbeitslose müssen ihre Lebensversicherungen verkaufen, um Hilfe vom Staat zu bekommen"
"351","1998-12-30","Zeitung","Die Zeit, 30.12.1998","Es gibt tatsächlich keine ""Idee vom Staat"" mehr, die den Horizont der Fragestellung überschreiten würde, ""wieviel Staat"" der Freiheit der Gesellschaft zuträglich sei."
"352","1998-09-10","Zeitung","Die Zeit, 10.09.1998","Die Zahlen sind eindeutig: 1,5 Milliarden Dollar werden pro Jahr vom Staat investiert, um das Amazonasgebiet wirtschaftlich stärker zu erschließen."
"353","1995-06-16","Zeitung","Die Zeit, 16.06.1995","Telekommunikation: Können auch auf einem liberalisierten Markt alle Bürger mit modernen Dienstleistungen versorgt werden?In den Vereinigten Staaten läuft die Debatte schon seit längerem"
"354","1996-12-20","Zeitung","Die Zeit, 20.12.1996","Boeing wird in Zukunft auch die Nummer zwei im lukrativen amerikanischen Rüstungssektor sein - ein Haus- und Hoflieferant des Washingtoner Verteidigungsministers, der an praktisch jedem in den Vereinigten Staaten gebauten Militärflugzeug beteiligt ist."
"355","1999-04-29","Zeitung","Die Zeit, 29.04.1999","Wie der Historiker Theodor Schieder in seinen begriffsgeschichtlichen Studien herausfand, wurde die Idee vom ethnisch ""reinen"" Staat offensichtlich von Heinrich Luden (1780-1847) schon im Jahre 1814 in seiner Schrift Das Vaterland oder Volk und Staat formuliert."
"356","2001-08-23","Zeitung","Die Zeit, 23.08.2001","Aber in welchem?Zählt das Opfer zum Betriebsgeheimnis des Staates?Würde der Staat ohne Opfer gar nicht funktionieren?"
"357","2001-07-26","Zeitung","Die Zeit, 26.07.2001","Sie selbst beschreiben die Bundesrepublik als liberalen und säkularen Staat."
"358","1998-11-05","Zeitung","Die Zeit, 05.11.1998","Die Intensität, mit der er später - nun in politischen Schlüsselpositionen - in der 1951 wiedergegründeten Sozialistischen Internationale wie im von Jean Monnet 1955 ins Leben gerufenen Aktionskomitee für die Vereinigten Staaten von Europa mitgearbeitet hat, macht zugleich deutlich, daß er spätestens seither die ""Arbeiterbewegung"" als Teil einer universalen Bewegung für Freiheit und Frieden und damit Fortsetzerin der großen nationalen und sozialen Freiheitsbewegungen der Geschichte verstand."
"359","1997-09-12","Zeitung","Die Zeit, 12.09.1997","Obwohl sie aus fünfzig Staaten bestehen, sprechen ihre Bürger ganz überwiegend dieselbe Sprache, sehen dieselben Fernsehprogramme und Filme, haben die Möglichkeit, frei von einem Landesteil in einen anderen überzusiedeln, und machen davon auch Gebrauch."
"360","1994-04-15","Zeitung","Die Zeit, 15.04.1994","ZEIT: Um die Staatsaufträge an die Rüstungsindustrie zu bezahlen, müßte der Staat fünfmal soviel Mittel aufbringen, wie im Haushaltsentwurf für 1994 vorgegeben."
"361","2004-05-13","Zeitung","Die Zeit, 13.05.2004","Dass es vorrangig Besserverdienende sind, die dem Staat ihre Ersparnisse als Kredit anvertrauen."
"362","1995-12-29","Zeitung","Die Zeit, 29.12.1995","Auch die ostasiatischen und südostasiatischen Staaten machen starke Fortschritte, die ich bewundere."
"363","1996-10-04","Zeitung","Die Zeit, 04.10.1996","Er gibt jedoch den von unverdächtigen Zeitgenossen wie Eugen Kogon und Dolf Sternberger geäußerten Ansichten von der politischen Notwendigkeit, auch die alten Nazis in den neuen Staat zu integrieren, meines Erachtens zu wenig Gewicht."
"364","1994-05-20","Zeitung","Die Zeit, 20.05.1994","Ihre Lehrer sind Angestellte, sie liegen dem Staat nicht als Beamte auf der Tasche."
"365","1996-10-18","Zeitung","Die Zeit, 18.10.1996","Denn allein in den Vereinigten Staaten haben schon 35 Millionen Menschen ohne weitere Hilfe gelernt, den Computer zu benutzen."
"366","1993-08-13","Zeitung","Die Zeit, 13.08.1993","- der Pressemann im Hauptquartier des Staates Herceg-Bosna im Staate Bosnien zuckt mit den Schultern."
"367","1991-10-18","Zeitung","Die Zeit, 18.10.1991","All die Diskussionen um die Kriegerdenkmale früherer Zeiten haben nicht behauptet, daß diese die Menschen mit militärischem Geist infizierten; es ging allein darum, ob und in welchem Sinn der Staat durch seine Monumente vergangener Kriege gedenken soll."
"368","1991-05-31","Zeitung","Die Zeit, 31.05.1991","Andere von ihnen träumen schon von einem eigenen Staat Khalistan."
"369","2002-10-24","Zeitung","Die Zeit, 24.10.2002","Gerade in Deutschland haben wir genügend Erfahrungen mit einem ""Leviathan"" gemacht, der zum autoritären Staat, zum Polizeistaat, zum Staat der Diktatur geworden ist."
"370","1991-01-25","Zeitung","Die Zeit, 25.01.1991","George Bush hat sie im vorigen Herbst vor dem amerikanischen Kongreß ausgemalt als ""ein Zeitalter, in dem die Staaten der Welt, Ost und West, Nord und Süd, in Harmonie gedeihen und leben können""."
"371","1991-02-15","Zeitung","Die Zeit, 15.02.1991","Richtig ist ganz gewiß, daß zumal die kleinen Staaten in Osteuropa oft vergeblich an das Münchner Abkommen von 1938 erinnerten, wenn in der Bundesrepublik von Entspannungspolitik die Rede war."
"372","2000-09-21","Zeitung","Die Zeit, 21.09.2000","Aber gerade wenn der traurige Zorn von Hans Eichel berechtigt ist, mit dem er Merz in die Parade fuhr, mutet folgende Tatsache umso merkwürdiger an: Des zehnten Jahrestags des Einigungsvertrages gedachte die CDU, des zehnten Jahrestages des Zwei-plus-Vier-Vertrages die FDP - gerade so, als gehörten diese zwei maßgeblichen Grundlagenverträge einzelnen Parteien, nicht dem Staat und damit allen."
"373","1991-02-08","Zeitung","Die Zeit, 08.02.1991","Säkularismus, also die strikte Trennung von Religion und Staat, war eines der Gründungsprinzipien des indischen Staates."
"374","1991-12-06","Zeitung","Die Zeit, 06.12.1991","Es nützt auch gar nichts, wenn er einwendet, daß in jenem Tribunal nicht der Staat, sondern die ""gesellschaftlichen Kräfte"" oder angesehene Persönlichkeiten des öffentlichen Lebens beurteilen sollen."
"375","1992-10-16","Zeitung","Die Zeit, 16.10.1992","Und das bisher vom Staat getragene Renten- und Krankenversicherungssystem wird Schritt für Schritt privatisiert."
"376","1999-04-22","Zeitung","Die Zeit, 22.04.1999","Dabei ist ungewiß, ob nicht die öffentliche Meinung in den intervenierenden Staaten angesichts der eigenen Menschenverluste schon vorher den Abbruch der militärischen Operation herbeiführen wird."
"377","2004-01-08","Zeitung","Die Zeit, 08.01.2004","Handelt es sich um einen Geschäftsreisenden?Um einen harmlosen Urlauber oder einen heimlichen Immigranten?In Staaten wie dem Kongo sind die Beamten hoffnungslos überfordert, weil das ""Aussortieren"" längst unmöglich geworden ist."
"378","2003-09-04","Zeitung","Die Zeit, 04.09.2003","Sicher, kommunistischer Staat und katholische Kirche arbeiteten in Polen unbewusst lange Jahre Hand in Hand, wenn es galt, opportunistisch antisemitische Klischees zu bedienen."
"379","1993-07-02","Zeitung","Die Zeit, 02.07.1993","Die Klopfzeichen der Kumpel signalisierten Gefahr für den jungen Staat."
"380","1997-05-23","Zeitung","Die Zeit, 23.05.1997","Nur eine einzige Straße verbindet Donegal mit dem Staat, zu dem es gehört - der kürzeste Weg von der Hauptstadt Dublin nach Donegal führt durch das britische Nordirland."
"381","1993-06-18","Zeitung","Die Zeit, 18.06.1993","Erst als er am Rednerpult steht, erhebt sich das Publikum, um dem Präsidenten der Vereinigten Staaten Reverenz zu erweisen."
"382","2002-09-05","Zeitung","Die Zeit, 05.09.2002","Wie lösen wir also dieses Dilemma?!Wir rufen nach dem Staat!Aber gerade wegen der Überpräsenz des Staates im Sozialsystem haben sich deutsche Unternehmen bislang kaum Gedanken darum machen müssen, wie das Zusammenspiel von Arbeits- und Privatleben für ihre Mitarbeiter zu organisieren ist, damit sie belastbare Arbeitskräfte und gut ausgebildeten Nachwuchs erhalten."
"383","1996-08-09","Zeitung","Die Zeit, 09.08.1996","Die aus den Vereinigten Staaten stammende These vom Ende des Normalarbeitsverhältnisses faßte ein Experte in den kühlen Spruch:"
"384","1992-08-07","Zeitung","Die Zeit, 07.08.1992","Nur wenn die Firma pleite geht oder der Staat gesetzlich den Notzustand für die ganze Branche erklärt, sind Massenentlassungen zulässig, doch dann retten jahrelange Übergangsregelungen vor dem sozialen Abstieg."
"385","2000-11-02","Zeitung","Die Zeit, 02.11.2000","Der Grund: ein zur Jahreswende wieder anziehendes Wachstum und eine sich beschleunigende Inflation vor allem im Dienstleistungssektor, auf den mehr als 70 Prozent der gesamten Wirtschaftsleistung der Vereinigten Staaten entfallen."
"386","1997-11-21","Zeitung","Die Zeit, 21.11.1997","Die Menschen selbst und nichtstaatliche Organisationen in diesen Staaten sehen das ganz anders."
"387","1990-05-04","Zeitung","Die Zeit, 04.05.1990","Und da ist in erster Linie die Politik der Notenbanken in den Vereinigten Staaten, Japan und in der Bundesrepublik zu nennen."
"388","2002-10-02","Zeitung","Die Zeit, 02.10.2002","»Day Spas sind nicht mehr den Reichen vorbehalten«, sagt Hannelore R. Leavy, Präsidentin und Leiterin der Day Spa Association (DSA) mit Sitz im Staat New York."
"389","1995-02-10","Zeitung","Die Zeit, 10.02.1995","Statt der Galanterien, die der maitre de plaisir vermittelt, setzt der Staat die budgetgeregelte Subvention ein."
"390","2000-09-07","Zeitung","Die Zeit, 07.09.2000","Flüchtete nach Gussinskij auch Beresowskij aus dem Land, verbliebe in Russland nur noch ein potenter Medienunternehmer: der Staat. M.T."
"391","1991-04-26","Zeitung","Die Zeit, 26.04.1991","Sie zersetzt und nagt an den Banden, die Menschen unabhängig vom Staat miteinander verknüpfen."
"392","1998-12-16","Zeitung","Die Zeit, 16.12.1998","Zum einen nennen sie die Umstände, in denen Staaten legitimerweise Rechte einschränken können."
"393","2004-05-19","Zeitung","Die Zeit, 19.05.2004","Grundsätzlich hat der Staat bei Fusionen nichts verloren."
"394","2001-08-23","Zeitung","Die Zeit, 23.08.2001","1500 ""Arbeitsscheuen"" hat man in Kiel die Unterstützung gestrichen, denn die Instrumente des Staates, seine Möglichkeiten zur sanften Repression, sind durchaus eindrucksvoll."
"395","1997-10-02","Zeitung","Die Zeit, 02.10.1997","New Labour folgt einer schlichten Philosophie: Privatisierung, selbst jene unerwünschten Entstaatlichungen unter Margaret Thatcher, befreie den Staat von der Bürde des Eigentums."
"396","1991-11-22","Zeitung","Die Zeit, 22.11.1991","Alle drei baltischen Staaten wollen nach skandinavischem Muster die Institution eines Ombudsmanns einrichten, wobei jeweils ein nordisches Land einer Baltenrepublik hilft."
"397","1995-09-08","Zeitung","Die Zeit, 08.09.1995","Für einen, der den Glauben ernst nimmt, ist es absurd, ihn sich oder seinen Kindern vom Staat aufnötigen zu lassen."
"398","2004-10-07","Zeitung","Die Zeit, 07.10.2004","Es ist den Vereinigten Staaten im Bunde mit Frankreich (und Russland) entgegengetreten."
"399","2000-01-20","Zeitung","Die Zeit, 20.01.2000","Das ohnehin empörte Volk erregt sich doppelt und dreifach: über das Unrecht, das ihm als einfaches Volk wie als Staat angetan wird (""Der Staat, das sind wir alle!""), über den durchsichtig-platten Versuch, davon abzulenken, über die Verderbtheit der politischen Klasse insgesamt und über die in der Retourkutsche enthaltene Unterstellung, dass dies alles normal sei:"
"400","1999-12-09","Zeitung","Die Zeit, 09.12.1999","Aber siedele nicht Literatur an zwei Grenzen?Jenseits der einen liege die empirische, erfahrene Geschichte, jenseits der anderen Grenze ""ein Staat unsichtbarer Dinge (...), ein geheimnisvoller Staat von Fragen ohne Antwort, eine Region geheimnisvollen Lichts."
"401","1993-09-17","Zeitung","Die Zeit, 17.09.1993","Laut Eekhoff wäre es günstiger, wenn der Staat Belegungsrechte an bestehenden Wohnungen kaufte, anstatt kostspieligen Neubau hoch zu subventionieren."
"402","1990-01-26","Zeitung","Die Zeit, 26.01.1990","Marion Barry ist ein Afroamerikaner mit prominenten Referenzen aus der Zeit der Bürgerrechtskämpfe und Bürgermeister der Hauptstadt der Vereinigten Staaten, des Verwaltungsbezirkes für Regierung und Kongreß, der sich District of Columbia nennt."
"403","1996-11-01","Zeitung","Die Zeit, 01.11.1996","""Die Zeiten, in denen man von Wirtschaftswachstum und den Möglichkeiten zusätzlicher staatlicher Leistungen ausgehen konnte, sind nun wirklich vorbei"", meint Eberhard Diepgen, ""deshalb sind wir gezwungen, neu zu definieren, was wir uns leisten können, und wir müssen uns auf die Kernbereiche staatlichen Handelns konzentrieren.""Der Staat müsse ""soziale Sicherheit, sozialen Frieden, innere Sicherheit und die Standortbedingungen für Lebensqualität"" schaffen, nicht aber ""die Selbstverwirklichung aller Minderheiten finanzieren""."
"404","2004-04-29","Zeitung","Die Zeit, 29.04.2004","Nicht zuletzt dürften die heute 40-Jährigen aufgrund ihrer Möglichkeiten in den kommenden Dekaden genügend Reichtum anhäufen - Ansprüche an den Staat, Eigentum, Netzwerke und Erfahrung."
"405","1991-06-07","Zeitung","Die Zeit, 07.06.1991","Einig war man sich über die erhöhte Verantwortung der kapitalhungrigen Vereinigten Staaten sowie Deutschlands, dessen Bedeutung als Exporteur von Kapital und als internationaler Finanzier schwindet."
"406","1990-08-17","Zeitung","Die Zeit, 17.08.1990","In fünf Jahren würde ich damit rechnen, daß der Irak als ein zentralisierter, volkreicher und ölreicher Staat ganz natürlich eine Vormachtrolle spielen wird."
"407","1997-08-29","Zeitung","Die Zeit, 29.08.1997","In allen Industrienationen steigen die Scheidungsraten, aber nirgendwo so schnell wie in den Vereinigten Staaten."
"408","1996-09-20","Zeitung","Die Zeit, 20.09.1996","Die Inflationsrate wird nach über 5000 Prozent 1994 in diesem Jahr voraussichtlich unter 20 Prozent betragen, und seit 1995 wächst die Wirtschaft so schnell wie in keiner anderen Republik in der Gemeinschaft unabhängiger Staaten (GUS)."
"409","1999-10-28","Zeitung","Die Zeit, 28.10.1999","Da ist der Staat plötzlich nur noch Vater Staat, als habe es nicht mehrere Revolutionen gegeben, um solchem Paternalismus abzuhelfen, übrigens nicht nur in Deutschland, keineswegs erst 1968, aber alle mit dem Ziel, der Staat möge ein kluges Instrument des Volkes sein."
"410","1991-03-01","Zeitung","Die Zeit, 01.03.1991","Der von der SED total beherrschte Staat forderte zwar die totale Identifikation des Bürgers mit ihm, mußte sich aber angesichts der Sogwirkung des westlichen Einflusses damit abfinden, daß es bei der Mehrzahl der Bürger nicht über eine äußerliche, antrainierte, höchst halbherzige Anpassung hinausging."
"411","1995-08-18","Zeitung","Die Zeit, 18.08.1995","Das allerdings hat etwas mit der Verfassung unseres seit der Weimarer Republik weltanschaulich neutralen Staates und mit dem Zustand unserer heutigen Gesellschaft zu tun, die keine Fortschreibung vordemokratischer Verfassungsverhältnisse erlauben."
"412","2000-08-31","Zeitung","Die Zeit, 31.08.2000","Nicht nur die Baupläne, sondern auch die Finanzierung von großen Projekten müsse der Staat prüfen, forderten sie."
"413","1993-09-17","Zeitung","Die Zeit, 17.09.1993","Keiner stellte damals die Frage nach den Kosten, obwohl der Haushalt der sich als Staat konstituierenden Kolonie überhaupt erst geschaffen werden mußte."
"414","1996-03-08","Zeitung","Die Zeit, 08.03.1996","Staat."
"415","1990-02-16","Zeitung","Die Zeit, 16.02.1990","Letzten Montag prangerte er jene in der Bundesrepublik an, die ""nicht das Zusammenwachsen beider Staaten im Auge haben, sondern die Verschärfung der Probleme in der DDR"", indem sie die Kreditwürdigkeit des Landes bezweifeln."
"416","1994-08-26","Zeitung","Die Zeit, 26.08.1994","Aus Furcht vor einer unkontrollierten Einreisewelle verweigerte die Bundesrepublik die zuvor versprochene Visumfreiheit für Reisende aus den drei baltischen Staaten."
"417","1997-06-13","Zeitung","Die Zeit, 13.06.1997","Sie sind keine Fremden, die ihr Gastrecht mißbraucht haben, sondern Bürger unseres Staates."
"418","1992-11-27","Zeitung","Die Zeit, 27.11.1992","Hetzblätter, lokale Kabelstationen und Telephondienste verkünden seine Botschaft von der Unterdrückung der Weißen durch die minderwertigen Nichtarier in den Vereinigten Staaten, die er konsequent die ""Verjudeten Staaten"" nennt."
"419","1995-09-22","Zeitung","Die Zeit, 22.09.1995","Im alten Corpsgeist bilden sie einen Staat im Staate, in den sie die schwarzen Kameraden einbürgerten."
"420","2002-07-11","Zeitung","Die Zeit, 11.07.2002","Wer kennt deren Risiken besser als ein Deutscher oder Franzose?Wie der deutsche Außenminister Joschka Fischer in einer Rede an der Berliner Humboldt-Universität im Mai 2000 gesagt hat, ""ist der Kern des Europagedankens nach 1945 die Absage an das Prinzip des europäischen Gleichgewichtssystems und des Hegemonialstrebens einzelner Staaten, wie es nach dem Westfälischen Frieden von 1648 entstanden war""."
"421","2002-04-18","Zeitung","Die Zeit, 18.04.2002","Oder denkt jemand im Ernst daran, die Zweistaatlichkeit, von der alle wissen, dass sie die einzige Lösung ist, könne in ethnisch oder religiös homogene Staaten münden?Von Exjugoslawien könnten wir gelernt haben, dass die Bürgerkriege nicht enden, solange sich die Nachfolgestaaten ethnisch definieren."
"422","2004-07-29","Zeitung","Die Zeit, 29.07.2004","Da beanspruchen Kanzler und Außenminister für Deutschland einen ständigen Sitz im Sicherheitsrat der UN und wollen auch sonst »auf gleicher Augenhöhe« mit anderen großen Staaten verkehren."
"423","1997-12-12","Zeitung","Die Zeit, 12.12.1997","Da ein Staat nicht nur Wirtschaftsbetrieb ist, gibt es in der Tat kulturelle Loyalitätskonflikte, gerade im Blick auf Länder wie die Türkei, wo die Unterscheidung von Religion und politischem Staat, zu schweigen von Religion und Kultur, noch weniger eingeübt ist als bei uns."
"424","1990-02-09","Zeitung","Die Zeit, 09.02.1990","Alle europäischen Staaten und die Vereinigten Staaten schließen einen Vertrag, der jeden gegen jeden schützt und alle verpflichtet, dem Opfer eines Angriffes beizustehen."
"425","2000-11-09","Zeitung","Die Zeit, 09.11.2000","Muss der Staat auch stärker eingreifen, um Urheberrechte und intellektuelles Eigentum zu schützen?"
"426","2002-08-15","Zeitung","Die Zeit, 15.08.2002","Auf diese Weise löst ein Staat vielleicht seine Finanzprobleme, aber er macht sich käuflich."
"427","1996-06-07","Zeitung","Die Zeit, 07.06.1996","Läßt man es zu, daß die Exekutive vollendete Tatsachen schaffen kann, bevor der Rechtsweg ausgeschöpft ist, dann schafft man einen Freibrief zugunsten des Staates, der ihm de facto ermöglicht, gegen einzelne rechtswidrig zu handeln, ohne ihnen eine effektive Schutzmöglichkeit zu geben."
"428","1998-01-23","Zeitung","Die Zeit, 23.01.1998","Analysten wie der New Yorker Wolfgang Demisch fürchten, daß unter dem Währungsverfall und der in vielen Staaten Asiens drohenden Rezession sowohl der innerasiatische wie auch der globale Reiseverkehr leiden werden."
"429","1990-12-07","Zeitung","Die Zeit, 07.12.1990","Andererseits scheinen mir Eingriffe des Staates in Ein- und Ausfuhren ebenso angebracht wie eine Beeinflussung der Devisenströme."
"430","1993-09-17","Zeitung","Die Zeit, 17.09.1993","Ihm ist der Minderheitenstatus zur Gewohnheit geworden, Einrichtungen für den Staat zu betreiben, hält er für eine Fehleinschätzung der kirchlichen Lage."
"431","1996-02-23","Zeitung","Die Zeit, 23.02.1996","(. . .)Es geht um das Leben: das Überleben des Staates, den wir brauchen, und um unser eigenes."
"432","1992-04-17","Zeitung","Die Zeit, 17.04.1992","Ich habe ein außerordentliches Interesse daran, daß dieser Punkt noch weiter verfolgt und geklärt wird - nicht nur um da entlastet zu werden, sondern auch um herauszufinden, wie es eigentlich gehandhabt wurde und wie weit tatsächlich Staat und Partei auf kirchlichen Veranstaltungen Einfluß genommen haben."
"433","1999-02-25","Zeitung","Die Zeit, 25.02.1999","Geißele mancher auch vehement die Menschenrechtsverletzungen des türkischen Staates, so drücke er angesichts der kriminellen Methoden der PKK ein Auge zu."
"434","1996-01-12","Zeitung","Die Zeit, 12.01.1996","Damals war den meisten das Land als der arme, etwas altmodische und freundliche Staat am Rande Europas präsent, die Geschichte vom Armenhaus Europas machte die Runde."
"435","2000-01-27","Zeitung","Die Zeit, 27.01.2000","Der Staat sollte chancenreiche Initiativen fördern, nicht marode Unternehmen mit Geld retten, das dann an anderer Ecke fehlt."
"436","2004-02-26","Zeitung","Die Zeit, 26.02.2004","Welche Interessen könnten sie dennoch dazu bewegen, diesen Staat in den Rahmen einer irakischen Nation einzubringen?"
"437","1998-06-18","Zeitung","Die Zeit, 18.06.1998","In den Vereinigten Staaten trat man aus dem Klub der Klimafrevler namens Global Climate Coalition aus, in Deutschland berief man den früheren Hamburger Umweltsenator Fritz Vahrenholt in den Vorstand, und Anfang Juni legte Shell-Chef Laufs in Gelsenkirchen den Grundstein für die weltweit größte Solarzellenfabrik."
"438","1995-08-25","Zeitung","Die Zeit, 25.08.1995","Auch wenn nur 2,7 Prozent dieser Beschwerden Erfolg hatten, so haben doch die Entscheidungen darüber das Verhältnis zwischen Bürger und Staat ganz wesentlich definiert - zuletzt im Kruzifix-Streit."
"439","1992-01-24","Zeitung","Die Zeit, 24.01.1992","""Der Tod der Königin von Preußen ist der härteste Schlag, der diesen Staat jetzt noch treffen konnte."
"440","1991-04-26","Zeitung","Die Zeit, 26.04.1991","Ohne das Engagement von großen Staaten aber - ohne ihre Bereitschaft, den Weg vorzuzeichnen, Koalitionen zu schmieden, die Kleinen mitzuziehen, die Kosten zu tragen - sind Fortschritte weder im Zusammenhalt Westeuropas noch in der Zusammenarbeit Gesamteuropas, weder im europäisch-amerikanischen Verhältnis, noch in den Vereinten Nationen zu erwarten."
"441","1990-08-31","Zeitung","Die Zeit, 31.08.1990","Für einen Bundesstaat gilt, daß die Länder die Säulen des Staates sind."
"442","2001-10-31","Zeitung","Die Zeit, 31.10.2001","Ideologische Gewinnerin ist dabei die Religion, da sie im Angesicht des Todes Trost zu spenden vermag, wohingegen der Staat keinen Schutz vor der Tötung mehr garantieren kann."
"443","1991-11-29","Zeitung","Die Zeit, 29.11.1991","Eigentlich haben sich ja bereits im Vorfeld meiner Nominierung nur Großbritannien und die Vereinigten Staaten nicht gerade enthusiastisch gezeigt."
"444","2000-09-14","Zeitung","Die Zeit, 14.09.2000","In der Wärmezone des Staates soll ein deutsches ""Institut für Menschenrechte"" gegründet werden"
"445","1996-05-31","Zeitung","Die Zeit, 31.05.1996","Weit über Europa hinaus gehen die Touren von Zellmer-Reisen, die neben Kanada und den Vereinigten Staaten auch Australien, Malaysia und Südafrika umfassen."
"446","1991-02-15","Zeitung","Die Zeit, 15.02.1991","In jenen Jahren stand die Polizei westlicher Staaten immer wieder vor namenlosen Leichen in dunklen Gegenden der großen Städte."
"447","2004-07-29","Zeitung","Die Zeit, 29.07.2004","Sie haben das römische Prinzip uti possidetis übernommen, alle bestehenden Staaten und Grenzen anzuerkennen, selbst wenn sie der regionalen Wirklichkeit nicht gerecht werden."
"448","2001-03-15","Zeitung","Die Zeit, 15.03.2001","Der Staat darf nicht alle Männer (warum nicht auch Frauen? - auch die morden dann und wann und nicht zu selten) zum Objekt der Fahndung und zu hypothetischen Straftätern machen, wenn er nur nach wenigen Schuldigen sucht."
"449","1991-06-07","Zeitung","Die Zeit, 07.06.1991","Die von den großen und mächtigen Volkswirtschaften ausgehende Globalisierung des Finanzmarkts hat den wirtschafts- und währungspolitischen Handlungsspielraum der schwächeren Staaten im Westen und der ganz schwachen im Osten wie im Süden weiter eingeengt."
"450","1994-04-29","Zeitung","Die Zeit, 29.04.1994","Diese Entscheidungen sind, wie diffizil ihre Gründe auch sein mögen, beim Streit um ""rechts und rechtsaußen"" wichtig: allein deshalb, weil sie im Staat, seinen Hilfs- und Verfolgungsorganen Rechtskraft und nicht nur bei politischen Meinungsbildnern Vorstellungskraft bewirken könnten."
"451","1993-07-30","Zeitung","Die Zeit, 30.07.1993","Vereinigte Staaten: Disney legt Hundertjährige auf Ostdeutschland: Verlängerte Ferien im CD-Werk Frankreich: Tod des legendären BetonbaronsBouygues"
"452","1992-06-12","Zeitung","Die Zeit, 12.06.1992","Wenn es dann beim Vetorecht der einzelnen Staaten bleibt, wird die Gemeinschaft konstitutionell entwicklungsunfähig werden."""
"453","1996-08-16","Zeitung","Die Zeit, 16.08.1996","Der liberale Staat nämlich gründet sich auf die bürgerlichen Tugenden, deren zentrale die Arbeit ist."
"454","1995-02-03","Zeitung","Die Zeit, 03.02.1995","Amerikas Konservative wollen den Staat radikal stutzen."
"455","1992-06-12","Zeitung","Die Zeit, 12.06.1992","Dann machte der ""Tschechoslowakismus"" Tomás Masaryks nach dem Ersten Weltkrieg ""aus zwei Stämmen eine Nation"": einen letztlich tschechisch dominierten Staat, in dem es mehr Deutsche als Slowaken gab."
"456","1993-04-30","Zeitung","Die Zeit, 30.04.1993","Seit dem Tod des Diktators Franco war in Spanien mit rechter Politik kein Staat mehr zu machen."
"457","1991-10-25","Zeitung","Die Zeit, 25.10.1991","Gus Hall ist Vorsitzender der Kommunistischen Partei der Vereinigten Staaten."
"458","2004-03-25","Zeitung","Die Zeit, 25.03.2004","Konfessionelle Wertdissense bestimmen den laizistischen Staat, religiöse Gruppierungen und Verbände übernehmen die Rolle zivilgesellschaftlicher Akteure, der Bedarf nach populären Ersatzmythologien von Harry Potter bis zum Herrn der Ringe wächst an."
"459","1999-02-25","Zeitung","Die Zeit, 25.02.1999","Im Gegenzug wird der Staat den wirklich Bedürftigen stärker unter die Arme greifen."
"460","1992-10-23","Zeitung","Die Zeit, 23.10.1992","Die Schwächung des Staates geht einher mit einer Stärkung anderer gesellschaftlicher Akteure: zum Beispiel der Massenmedien, aber auch der Verbände, der Berufsgruppen, Bürgerinitiativen und so weiter."
"461","1996-02-02","Zeitung","Die Zeit, 02.02.1996","Die Weltbank schätzt, daß im Jahre 2020 unter den zehn führenden Wirtschaftsmächten sieben asiatische sein werden, mit China auf dem ersten Platz vor den Vereinigten Staaten."
"462","1990-03-16","Zeitung","Die Zeit, 16.03.1990","Und nach Meinung des Diktators wurde der Staat am Wochenende besenrein an Patricio Aylwin übergeben."
"463","1995-08-04","Zeitung","Die Zeit, 04.08.1995","Deren Übergewicht gegenüber anderen Staaten, aber auch das Ungleichgewicht der Atommächte untereinander werden den Atomwaffensperrvertrag und das angekündigte Atomtestverbot wohl immer wieder in Frage stellen."
"464","1992-08-28","Zeitung","Die Zeit, 28.08.1992","""Der Staat hat die östlichen Provinzen ökonomisch stark vernachlässigt."""
"465","1994-04-08","Zeitung","Die Zeit, 08.04.1994","Dabei sollte Reisen, Reden und Debatten kreuz und quer die beinahe achtzigjährige, aber quickleben- durch den Staat."
"466","1999-03-18","Zeitung","Die Zeit, 18.03.1999","Auch heute, so schätzen Insider, wird der Staat die Airline, an der er noch immer maßgeblich beteiligt ist, nicht im Regen stehenlassen - zumal demnächst auch wieder eine Tranche veräußert werden soll."
"467","1992-07-24","Zeitung","Die Zeit, 24.07.1992","Käsereien in einigen europäischen Ländern, in den Vereinigten Staaten und Australien verwenden bereits das Mikroben-Chymosin in der Produktion von Hartkäse."
"468","1991-11-08","Zeitung","Die Zeit, 08.11.1991","Anfangs wollten sie es vor allem sich selber recht machen und einen Staat retten, der nicht mehr zu retten war."
"469","2000-06-15","Zeitung","Die Zeit, 15.06.2000","In den Vereinigten Staaten enthält beispielsweise schon jedes zweite Gesetz, das dem Kongress zur Verabschiedung vorgelegt wird, einen starken wissenschaftlichen Anteil, der die Kompetenzen der Abgeordneten oft übersteigt."
"470","2000-07-13","Zeitung","Die Zeit, 13.07.2000","Die Staaten müssen sparen, die transnationalen Konzerne dagegen verwalten immer gewaltigere Geldmengen - weil sie sich zusammenschließen."
"471","2001-05-23","Zeitung","Die Zeit, 23.05.2001","Doch wenn der Staat diesen Mord rechtfertigen will, muss er ihn auch coram publico begehen"
"472","2001-01-04","Zeitung","Die Zeit, 04.01.2001","Für einige hunderttausend Automobilarbeiter in den Vereinigten Staaten beginnt das neue Jahr wenig erfreulich."
"473","2004-12-02","Zeitung","Die Zeit, 02.12.2004","In diesem Jahr fanden in allen vier Staaten Präsidentenwahlen statt, in Russland, in Kasachstan, schließlich ein Referendum über die Amtszeit des Präsidenten in Belarus und nun die Wahlen in der Ukraine."
"474","1991-03-08","Zeitung","Die Zeit, 08.03.1991","Highway 101 und Highway 1, so lautet die offizielle Straßenbezeichnung für die rund 3000 Kilometer, auf denen sich diese Route von der kanadischen Grenze durch die Staaten Washington, Oregon und Kalifornien bis nach Mexiko zieht."
"475","1994-04-22","Zeitung","Die Zeit, 22.04.1994","Und je mehr die Versorgung der Ärmsten zur selbstverständlichen Aufgabe des Staates wuchs, desto mehr erklärte die Obrigkeit Betteln zum Synonym für Betrug und moralischen Schmutz."
"476","2003-02-20","Zeitung","Die Zeit, 20.02.2003","Sie akzeptierten die Disziplin der Weltmacht, die nicht nur Normen schafft, sondern sich selbst den Regeln unterwirft, die eine erträgliche Koexistenz der Staaten und Systeme garantieren."
"477","2001-03-15","Zeitung","Die Zeit, 15.03.2001","So sah der außenpolitische Rahmen des neuen Staates aus."
"478","1991-03-08","Zeitung","Die Zeit, 08.03.1991","Der Staat und vor allem die Parteiapparate wollen die Kontrolle über die Konzerne nicht verlieren."
"479","2002-05-16","Zeitung","Die Zeit, 16.05.2002","Das Frustrierende aber ist, dass nichts getan werden kann, obwohl im Grunde genommen jeder weiß, wie die Lösung aussehen sollte - nämlich zwei Staaten, Israel und Palästina"
"480","1997-09-05","Zeitung","Die Zeit, 05.09.1997","Nichts ist jedoch für eine funktionierende Demokratie wichtiger als der Wechsel in der politischen Führung des Staates."
"481","1999-11-18","Zeitung","Die Zeit, 18.11.1999","Gent bündelte sein Mobilfunkgeschäft in den Vereinigten Staaten mit der zuvor ausgestochenen Bell Atlantic."
"482","2000-03-16","Zeitung","Die Zeit, 16.03.2000","Der Staat solle Aufgaben zugunsten von unverbindlichen privaten Initiativen reduzieren."
"483","1994-07-15","Zeitung","Die Zeit, 15.07.1994","Nur soviel sei klar: ""Die PDS will eine starke Rolle des Staates über eine interventionistische Politik."""
"484","1997-03-14","Zeitung","Die Zeit, 14.03.1997","Der Libanon ist in jeder Beziehung ein unabhängiger Staat."
"485","1995-07-14","Zeitung","Die Zeit, 14.07.1995","Daß man ein abstraktes Thema wie das Verhältnis von Kirche zu Staat durchaus konkret erlebbar machen kann, hat der Berliner Künstler Peter Tucholski bewiesen."
"486","1997-03-14","Zeitung","Die Zeit, 14.03.1997","Wenn wir uns der unangenehmen Einsicht stellen würden, daß es so, wie wir es machen, nicht funktioniert wenn sich der Staat aus der Forschungs- und Innovationsförderung noch viel weiter zurückzöge und das eingesparte Geld dazu verwendete, privates Risiko in diesem Bereich wieder lohnend zu machen, dann wäre das ein dramatischer Wechsel."
"487","1996-11-08","Zeitung","Die Zeit, 08.11.1996","Die Staaten rücken wirtschaftlich zwar enger zusammen, dafür haben aber die sozialen Spannungen im Inneren zugenommen."
"488","1994-09-09","Zeitung","Die Zeit, 09.09.1994","Kein DDR-Verlag hat sich bereichert, aber Honeckers Staat."
"489","1991-02-22","Zeitung","Die Zeit, 22.02.1991","Denn fast ein Viertel der weltweiten Kohlendioxidmenge stammt aus den Vereinigten Staaten."
"490","1993-01-29","Zeitung","Die Zeit, 29.01.1993","Lassen wir mal außen vor, was es weiland mit der väterlichen Bitte des Bundespräsidenten beim damaligen DDR-Repräsentanten Wolfgang Vogel auf sich hatte, es möchten sich auch im anderen deutschen Staat Gesprächspartner für Beatrice von Weizsäcker bei ihren Recherchen über die Städtepartnerschaften im geteilten Land finden."
"491","1994-05-06","Zeitung","Die Zeit, 06.05.1994","Die Vereinigten Staaten haben ihre führende Rolle in den Hochtechnologien zurückerobert."
"492","1996-01-12","Zeitung","Die Zeit, 12.01.1996","Am Montag, als einer der größten Schneestürme des Jahrhunderts Städte und Staaten entlang der Ostküste lahmlegte, waren sich beide Seiten näher als je zuvor."
"493","1998-07-23","Zeitung","Die Zeit, 23.07.1998","Washington weiß um das Gewicht des größten zentralasiatischen Staates."
"494","1993-04-02","Zeitung","Die Zeit, 02.04.1993","""Die Vereinigten Staaten selbst sind im Grunde das größte Gedicht"" und der hier bittere Antwort erfährt:"
"495","2002-12-18","Zeitung","Die Zeit, 18.12.2002","Unsere Nachbarn interpretierten den Staat und die Gesellschaft stets aus den Lehren der Großen Revolution - spätestens seit dem Jahr 1847, in dem nahezu gleichzeitig die ersten Bände von drei großen Erzählungen und Interpretationen der Revolutionsgeschichte erschienen."
"496","1990-04-20","Zeitung","Die Zeit, 20.04.1990","Die evangelischen Lutheraner verfechten das Recht der Familie auf Selbstbestimmung, während sich der Staat Missouri für die ""Unantastbarkeit des Lebens"" stark macht."
"497","2003-04-16","Zeitung","Die Zeit, 16.04.2003","Es wird sich jedoch eine rechtliche Weltordnung nicht herausbilden lassen ohne die Ressourcen an Überzeugungsglauben und Durchsetzungskraft, über die derzeit allein die Vereinigten Staaten gebieten."
"498","1993-08-13","Zeitung","Die Zeit, 13.08.1993","Auch wollen sie die Vereinigten Staaten nicht als Papiertiger abqualifiziert sehen."
"499","1990-04-20","Zeitung","Die Zeit, 20.04.1990","Als nach der Unabhängigkeit Indiens der damalige Maharadscha von Kaschmir nach langem Zögern seinen Staat in die Indische Union einbrachte, nahm Premierminister Nehru den Beitritt nur unter der Bedingung an, daß eine Volksabstimmung in dem ehemaligen Fürstentum abgehalten werde."
"500","2002-01-17","Zeitung","Die Zeit, 17.01.2002","In der Tat hat ja Carl Schmitt mit dem Heraufziehen der Demokratie die Epoche der Staatlichkeit untergehen sehen, bezeichnete seine Rede vom totalen Staat ursprünglich den pluralistisch-demokratischen Un-Staat, der, weil er naturnotwendig ins Chaos abgleite, durch Hitlers Führer-Staat wieder ""ins Recht"" zu setzen sei."
