"No.","Date","Genre","Bibl","Hit"
"1","1975-01-03","Zeitung","Die Zeit, 03.01.1975","Er trat mutig für die Abschaffung den Sklaverei ein, und als er eines Tages verhaftet wurde, weil er die Wahlsteuer, welche er für eine ungerechte Einrichtung hielt, nicht bezahlen wollte, schrieb er seinen berühmten Essay ""Über die Pflicht zum Ungehorsam gegen den Staat"", ein Protest gegen."
"2","1971-01-29","Zeitung","Die Zeit, 29.01.1971","Die Antinikotin-Fronde in England und den USA hat auch in unserem Land denjenigen Auftrieb gegeben, die das Werbetrommeln der Tabakkonzerne seit langem der einschränkenden Kontrolle des Staates unterwerfen wollen."
"3","1989-12-29","Zeitung","Die Zeit, 29.12.1989","Das ist kein Begriff, der irgend jemanden außerhalb der Grenzen der Vereinigten Staaten von Amerika sonderlich begeistern kann."
"4","1984-08-03","Zeitung","Die Zeit, 03.08.1984","""Man braucht offensichtlich, wenn man sich als Staat herausbildet, eine Zeit der Reife auch zur eigenen Geschichte."
"5","1985-04-26","Zeitung","Die Zeit, 26.04.1985","Ein Sprecher verlas eine Erklärung, in der die Vereinigten Staaten der fortgesetzten Einmischung in die Verhältnisse bezichtigt wurden."
"6","1983-04-08","Zeitung","Die Zeit, 08.04.1983","In das Land und zu den Menschen zu reisen, die man liebt, und zwar nicht unter dem kalten Blick des Staates?"""
"7","1984-02-24","Zeitung","Die Zeit, 24.02.1984","Es wird gemeinsam finanziert von den vier skandinavischen Staaten und von Island."
"8","1978-07-21","Zeitung","Die Zeit, 21.07.1978","Statt dessen sucht China offensichtlich auch eine Brücke zu den Staaten der Nato und zu den Westeuropäern zu schlagen, die in der albanischen Wertschätzung ungefähr bei den Sowjets rangieren."
"9","1981-10-23","Zeitung","Die Zeit, 23.10.1981","Erst, bitte sehr, käme der Staat und dann das Gewissen, erst die Behörde und der Minister, gegen die ein Beamter gefälligst nicht aufzutreten habe."
"10","1987-08-21","Zeitung","Die Zeit, 21.08.1987","Das Tun der Untermieter im Polizeirevier 2 zu Salzgitter verstoße gegen ""Geist und Buchstaben"" dieses Abkommens (die Hoheitsgewalt jedes der beiden Staaten beschränkt sich auf ein Staatsgebiet), wetterte der Ostberliner Strafrechtsprofessor Hans Weber vor zwei Jahren."
"11","1977-09-30","Zeitung","Die Zeit, 30.09.1977","Nicht nur auf Freiheit und Rechte als bloß formale Garantien des Bürgers gegenüber dem Staat, sondern als soziale Chancen in der alltäglichen Wirklichkeit der Gesellschaft kommt es an."""
"12","1975-10-10","Zeitung","Die Zeit, 10.10.1975","Das Wesen des Staates ist die Regierung und die Opposition."""
"13","1973-03-23","Zeitung","Die Zeit, 23.03.1973","Dieses Lebenswerk ist ein Teil der Geschichte dieser Partei, die er mitgestaltet hat: von der fast hoffnungslos abgehängten Opposition der fünfziger Jahre zur machtvollen Regierungspartei von heute, von jenen Tagen, da die Mehrheit der Bürger in diesem Lande glaubte, dieser SPD dürfe man den Staat nicht anvertrauen, bis ins Jahr 1973, da die Überzeugung herrscht, die SPD sei die führende politische Kraft in diesem Lande."
"14","1978-10-20","Zeitung","Die Zeit, 20.10.1978","Zu Beginn des 19. Jahrhunderts waren 55 Prozent der Erdoberfläche von Europa und von Staaten, die aus europäischen Kolonien hervorgegangen sind, abhängig."
"15","1985-02-08","Zeitung","Die Zeit, 08.02.1985","Auf Dauer gegen seine Zeit zu handeln, ist aber unmöglich - wie es unmöglich gewesen wäre, wenn in der dynastischen Periode des 17. und 18. Jahrhunderts ein europäischer Staat sich in eine Demokratie verwandelt hätte."
"16","1974-12-27","Zeitung","Die Zeit, 27.12.1974","Das ist mehr, als andere Staaten von sich sagen können."
"17","1989-05-19","Zeitung","Die Zeit, 19.05.1989","Eigentlich sind es 26 Staaten, doch in Italien wurde 1988 kein Atomstrom ins öffentliche Versorgungsnetz eingespeist."
"18","1981-05-15","Zeitung","Die Zeit, 15.05.1981","Selbst wenn die bisherigen Finanzpläne erfüllt werden können, wird bis 1984 der Anteil der Sachinvestitionen an den Gesamtausgaben des Staates ""den niedrigsten Stand in der Geschichte der Bundesrepeublik erreichen"", klagt das Deutsche Institut für Wirtschaftsforschung."
"19","1977-06-03","Zeitung","Die Zeit, 03.06.1977","Erstens: Die Vereinigten Staaten wollen nicht als erste in eine bestimmte Region hochmoderne Waffen einführen."
"20","1983-04-29","Zeitung","Die Zeit, 29.04.1983","Die Regierung in Managua will mit dem nördlichen Nachbarland Honduras nur verhandeln, wenn Washington daran beteiligt wird, weil - so behaupten die Sandinisten - Honduras und die Vereinigten Staaten gemeinsam die ins Land eingedrungenen Contras ausbilden und versorgen."
"21","1971-07-23","Zeitung","Die Zeit, 23.07.1971","In den Vereinigten Staaten wird mittlerweile die dritte Auflage ausgeliefert."
"22","1986-11-07","Zeitung","Die Zeit, 07.11.1986","Innerhalb kurzer Zeit gedachten die Deutschen in Ost und West, in der Bundesrepublik Deutschland und in der DDR, zweier herausragender geschichtlicher Persönlichkeiten, die das Gesicht Deutschlands, Europas, ja, der Welt verändert haben: 1983 begingen beide deutschen Staaten den 500. Geburtstag des Reformators Martin Luther; 1986 erinnern wir uns in Ost und West des 200. Todestages Friedrichs des Großen."
"23","1974-02-22","Zeitung","Die Zeit, 22.02.1974","Gewiß ist ihm zuzustimmen, wenn er sagt, der Einigkeitsgrad der Europäischen Gemeinschaft dürfe nicht an ihrer Distanz zu den Vereinigten Staaten gemessen werden."
"24","1981-10-23","Zeitung","Die Zeit, 23.10.1981","Ekelerregend, zum Speien ist die dem Staat gegenüber unterwürfige Haltung, in der der Oberkirchenrat den Gottesmann Vollmer, seinen Bruder in Christo, fallenläßt:"
"25","1982-11-19","Zeitung","Die Zeit, 19.11.1982","Wenn es mit unserem Staat und der Gesellschaft wieder aufwärtsgehen soll, ist dies nur mit eiserner Disziplin und Selbstzucht möglich."
"26","1984-03-16","Zeitung","Die Zeit, 16.03.1984","Der Präsident, der sich vor sechseinhalb Jahren an die Macht putschte, betrachtet sich nämlich als ein Werkzeug Allahs, gesandt, um aus Pakistan einen vollislamischen Staat zu machen."
"27","1980-11-14","Zeitung","Die Zeit, 14.11.1980","Führung ist das ziemlich mühsame Geschäft, mit Verbündeten, deren politische Methoden, und Interessen keineswegs völlig identisch mit denen der Vereinigten Staaten sind und die ein kräftiges Gefühl des Eigenwerts entwickelt haben, zu einer einvernehmlichen Strategie zu gelangen."
"28","1978-09-22","Zeitung","Die Zeit, 22.09.1978","In den Vereinigten Staaten gehen die Kinder bis zum achtzehnten Lebensjahr gemeinsam auf eine Schule, die High School; in Polen und in der DDR bis zum sechzehnten, in Israel, der Tschechoslowakei, Japan und der Sowjetunion bis zum fünfzehnten Lebensjahr (siehe Graphik)."
"29","1973-06-29","Zeitung","Die Zeit, 29.06.1973","Es gibt ja kaum einen Staat dieser Erde, in dem Orden nicht verliehen werden."
"30","1983-03-11","Zeitung","Die Zeit, 11.03.1983","Aber sind das noch die Bürger der fünfziger Jahre, ist es noch der Staat von damals?"
"31","1985-05-17","Zeitung","Die Zeit, 17.05.1985","Das Außenministerium der Vereinigten Staaten, das Epizentrum des internationalen Drogenkartells, behauptet in einem Bericht:"
"32","1973-08-31","Zeitung","Die Zeit, 31.08.1973","Sie wurde zunächst zahlreichen Museen in den Vereinigten Staaten zur Ausstellung angeboten, von jedem Museum aber abgelehnt."
"33","1984-11-02","Zeitung","Die Zeit, 02.11.1984","Keine Elterninitiative könne auf Dauer die Versorgungsaufgaben des Staates übernehmen, sagten die Elternvertreter bei der Podiumsdiskussion in Bad Godesberg."
"34","1972-10-13","Zeitung","Die Zeit, 13.10.1972","Denn die Terroristen müßten die arabischen Staaten in einen Krieg gegen Israel ziehen, die Großmächte zum Eingreifen zwingen, den Staat Israel liquidieren und König Husseins Jordanien zurückerobern - um an ihr Ziel, den Staat Palästina, zu kommen."
"35","1974-09-13","Zeitung","Die Zeit, 13.09.1974","Auch kleine Staaten haben diesmal ihre Chance."
"36","1975-03-14","Zeitung","Die Zeit, 14.03.1975","Wir müssen sagen, die SPD und FDP überlassen diesen Staat kriminellen und politischen Gangstern."""
"37","1985-10-25","Zeitung","Die Zeit, 25.10.1985","Außerdem lassen sie sich vom Staat subventionieren, ebenso wie die Gewerkschaften, die nicht müde werden, das Beamtentum für alle zu fordern."
"38","1975-05-30","Zeitung","Die Zeit, 30.05.1975","In'den westdeutschen Staat sei wie in die anderen krisengezeichneten kapitalistischen Staaten die Gewalt in das System eingebaut."
"39","1981-01-30","Zeitung","Die Zeit, 30.01.1981","Wir haben für unabsehbare Zeit von dem Faktum zweier unabhängiger deutscher Staaten auszugehen, und wir können dieses Faktum in seinen zum Teil tragischen Folgen nur mildern, Wenn wir es wirklich als Faktum nehmen."
"40","1986-12-05","Zeitung","Die Zeit, 05.12.1986","In den Vereinigten Staaten ist die Unempfindlichkeit gegenüber der internationalen Meinung geradezu zum Prinzip geworden."
"41","1989-01-13","Zeitung","Die Zeit, 13.01.1989","1987 kamen US Analysen zu dem Schluß, daß inzwischen IS, bald 22 Staaten C Waffen besitzen oder demnächst einsetzen können:"
"42","1980-05-16","Zeitung","Die Zeit, 16.05.1980","Zum erstenmal in der Geschichte der Vereinigten Staaten wird eine Generation materiell Vereinigten Staaten sein als die vorhergehende."
"43","1988-11-11","Zeitung","Die Zeit, 11.11.1988","Aber da zugleich davon die Rede ist, der Staat dürfe sich ""nicht selbst aus seiner Verantwortung entlassen"", warten wir in Bonn nun täglich darauf, wie Stoibers Parteifreund im Bundesinnenministerium reagiert."
"44","1973-10-05","Zeitung","Die Zeit, 05.10.1973","Der Staat, der Mittel und Möglichkeiten zur Rettung gehabt hätte, setzte diese ein, um unser Land vor einem imaginären Feind aus dem Osten zu schützen, während eben dieses Land vor unseren Augen ermordet wurde."
"45","1984-03-23","Zeitung","Die Zeit, 23.03.1984","Auch die drei Millionen Bewohner der karibischen Insel Puerto Rico, des autonomen Staates unter amerikanischer Oberhoheit, sollten den Präsidentschaftskandidaten der Demokraten mitwählen."
"46","1983-11-18","Zeitung","Die Zeit, 18.11.1983","Jedenfalls kann die Kirche nicht länger mehr mit Martin Luther locken, sich nicht auf die Anerkennung des Reformators durch den Staat berufen. nur weil sich dieser Staat als Oberhaupt des ""Mutterlandes der Reformation"" für ein paar Monate der wahren und wahrhaftigen Erbwalterschaft rühmte."
"47","1979-04-27","Zeitung","Die Zeit, 27.04.1979","Beides ist deshalb ungewöhnlich zu nennen, weil die Praxis in kommunistischen Staaten weit verbreitet ist, über Gewalttätigkeit nicht und über Vorfälle, bei denen womöglich Politik im Spiel ist, erst mit einiger Verspätung zu berichten."
"48","1971-08-20","Zeitung","Die Zeit, 20.08.1971","Unter Berücksichtigung dieser Punkte klingt es wie blanker Hohn, daß der Anleger ""bei einer Anzahlung, von 50 Prozent oder mehr... zu einem achttägigen, kostenlosen Besuch in die Vereinigten Staaten eingeladen"" wird."
"49","1979-11-23","Zeitung","Die Zeit, 23.11.1979","Und bestünde die Arbeit, die das autoritäre oder paternalistische ""Väterchen Staat"" seinen Untertanen gibt, darin, Sand von der einen Ecke des Fabrikhofes in die andere zu karren, oder, will es freundlich sein, Blumen hinzuschütten."
"50","1989-11-10","Zeitung","Die Zeit, 10.11.1989","Allerdings können die Selbsthilfeorganisationen nicht das Versagen des Staates auffangen."
"51","1989-03-17","Zeitung","Die Zeit, 17.03.1989","Und dabei sprach er etwas aus, was nicht nur bei amerikanischen Regierungsvertretern bisher auf dem Index stand: ein Schuldenerlaß der Gläubiger für die am höchsten verschuldeten Staaten, insbesondere jene in Lateinamerika."
"52","1975-12-12","Zeitung","Die Zeit, 12.12.1975","Die Umweltschutzbehörde des Staates New York hat sich in dieser Sache schon mit dem Elektrogiganten General Electric angelegt, dessen Wasserkraftwerke zuviel PCB in den Hudson sickern lassen."
"53","1983-10-07","Zeitung","Die Zeit, 07.10.1983","In Berlin soll der Staat nicht als passiver Zuschauer, aber auch nicht als Reparaturbetrieb des Kapitalismus in Erscheinung treten."
"54","1986-10-17","Zeitung","Die Zeit, 17.10.1986","Die wachsenden Einkommenstransfers werden den Staat mit Sicherheit überfordern."
"55","1977-03-11","Zeitung","Die Zeit, 11.03.1977","Auch früher, unter David Ben Gurion etwa, gab es Affären, die den jungen Staat in seinen noch schütteren Grundfesten erzittern ließen; kam es zu wirtschaftlicher Depression, die katastrophale Ausmaße anzunehmen drohte."
"56","1989-02-24","Zeitung","Die Zeit, 24.02.1989","Der Autor folgert aus all dem, daß die Sicherheitsinteressen Großbritanniens immer noch am besten bei den Vereinigten Staaten aufgehoben seien, nicht bei Europa - wovon die meisten Angehörigen der britischen politischen Klasse ohnehin überzeugt sind."
"57","1970-08-07","Zeitung","Die Zeit, 07.08.1970","Sie sagen ""Ja"" zu ihrem Staat"
"58","1980-07-11","Zeitung","Die Zeit, 11.07.1980","Stellt ein Staat 100 demokratische Delegierte und hat Carter 60 Prozent der Stimmen bekommen, Kennedy 40 Prozent, dann kriegt Carter 60 Delegierte, Kennedy 40."
"59","1985-02-08","Zeitung","Die Zeit, 08.02.1985","Zwischen der tyrannischen Machtentfaltung des Staates und der apathischen Ohnmacht der Bürger, zwischen Marschmusik und achselzuckendem Sich-Abfinden und Fügen, einsam und isoliert, im Schlamm der ungepflasterten Straße, das leidenschaftliche Gespräch der Philosophen, der berühmtesten ihrer Zeit."
"60","1988-12-30","Zeitung","Die Zeit, 30.12.1988","Wer hatte zu hoffen gewagt, daß alles so vergleichsweise friktionslos ablaufen würde in dem neuen Staat?"
"61","1983-10-21","Zeitung","Die Zeit, 21.10.1983","Noch herrscht der Eindruck vor, dem Staat gehe es doch mehr um seinen Beitrag in einer Intensivstation für künstliche Lebensverlängerung als um Geburtshilfe für neue Technologien, Märkte und auch junge Unternehmer."
"62","1986-09-12","Zeitung","Die Zeit, 12.09.1986","Verwunderlich wäre das nicht, denn diese Exporte sind erstens verlustreich und schaffen zweitens zunehmend Ärger mit dem größten Agrarexporteur der Welt, den Vereinigten Staaten."
"63","1987-11-27","Zeitung","Die Zeit, 27.11.1987","Aber auch diese Länder haben ihre Probleme, die sich sogar weltweit auswirken, wie zur Zeit ausgelöst durch die hohe Staatsverschuldung in den Vereinigten Staaten."
"64","1975-06-06","Zeitung","Die Zeit, 06.06.1975","Wird ein modernes Krankenhaus gebaut, dann muß der saudische Dekan der Medizinischen Fakultät in die Vereinigten Staaten reisen, um dort die erforderlichen Ärzte und Assistenten anzuwerben."
"65","1984-04-27","Zeitung","Die Zeit, 27.04.1984","Nach zwei Jahrzehnten erbitterter Feindschaft schien die Annäherung zwischen dem mächtigsten und dem bevölkerungreichsten Staat der Erde das weltpolitische Koordinatensystem von Grund auf zu verschieben."
"66","1971-10-22","Zeitung","Die Zeit, 22.10.1971","Gegenwärtig unterhält von allen lateinamerikanischen Staaten nur Chile volle diplomatische Beziehungen zu Kuba; Mexiko und Jamaika haben noch konsularische Beziehungen."
"67","1985-10-11","Zeitung","Die Zeit, 11.10.1985","Die Theorie der ""invisible hand"" gehört Adam Smith; und es war gerade die geistige Leistung der Ordo-Liberalen, an ihre Stelle die sichtbare Hand des Staates, die von ihm zu gewährleistende und ständig zu überwachende Ordnung des veranstalteten Wettbewerbs zu setzen."
"68","1989-04-07","Zeitung","Die Zeit, 07.04.1989","Vieles an der Schelte ist berechtigt, zumal vor dem Hintergrund der Veränderungen in anderen osteuropäischen Staaten."
"69","1985-11-08","Zeitung","Die Zeit, 08.11.1985","Spitzt sich die Lage zu, und er ist gezwungen, zwischen seiner religiösen Gruppe und dem Staat zu wählen, so verliert im allgemeinen der Staat."""
"70","1988-11-11","Zeitung","Die Zeit, 11.11.1988","Wissenschaftler aus Ost und West, aus Rotchina, Taiwan, Singapur, aus den Vereinigten Staaten und aus der Bundesrepublik trafen sich und diskutierten über ""Konfuzianismus und die Modernisierung Chinas""."
"71","1988-08-05","Zeitung","Die Zeit, 05.08.1988","Die Staaten auf dem Isthmus haben die selbstgesetzten Bedingungen nicht erfüllt"
"72","1975-06-27","Zeitung","Die Zeit, 27.06.1975","Wie sie die Rolle des Staates sehen, was sie sich unter einem Sozialstaat vorstellen, welchen Rang sie dem wirtschaftlichen Wohlergehen einräumen, welchen der inneren und der äußeren Sicherheit - da gibt es, bei nur geringfügigen Abweichungen nach links und rechts, Gemeinsamkeit."
"73","1980-05-30","Zeitung","Die Zeit, 30.05.1980","Den neuen Staat auf der politischen Landkarte Nordamerikas, den sich René Levesque und seine ""Parti Quebecois"" erträumten, einen Staat von der Größe Westeuropas, französischer Sprache und Kultur, mit eigener Außen- und Bündnispolitik, wird es vorläufig nicht geben."
"74","1977-08-05","Zeitung","Die Zeit, 05.08.1977","Die Boykottliste war von der Arabischen Liga bereits 1946 aufgestellt worden, zwei Jahre vor Gründung des jüdischen Staates."
"75","1987-06-05","Zeitung","Die Zeit, 05.06.1987","Aber viele von Frau Thatchers Kritikern erkennen an, daß das Land nicht auf seinen alten Wegen weitergehen konnte und etwas gegen die ""britischen Krankheiten"" Gewerkschaftsmacht und träges Management, personelle Überbesetzung und Verlaß auf den Staat unternehmen mußte."
"76","1989-12-29","Zeitung","Die Zeit, 29.12.1989","Viele Staaten der Welt hatten eine Kriegswirtschaft, die weitgehend eine Kommandowirtschaft war, in dem einen Land mehr, in dem anderen Land weniger."
"77","1971-06-04","Zeitung","Die Zeit, 04.06.1971","Er entwickelt darin eine Reihe von Denkmodellen zur vergleichenden Analyse der auswärtigen Beziehungen souveräner Staaten."
"78","1977-09-23","Zeitung","Die Zeit, 23.09.1977","Dennoch: Bei alledem - so der Berlin BraHdenburgische Bischof Albrecht Schönherr, der zugleich Vorsitzender des DDR Kirchenbundes ist - muß die Kirche darauf achten, daß das gebqtene Maß an Loyalität dem Staat gegenüber nicht verletzt wird, zugleich aber auch nicht zugelassen werden darf, daß dabei jenes Maß an Freiheit nicht über Gebühr strapaziert wird, das der Kirche zugestanden wird und das sie beansprucht."
"79","1976-07-30","Zeitung","Die Zeit, 30.07.1976","Die Vereinigten Staaten allein haben hinsichtlich der wirtschaftlichen Struktur den letzten Schritt hin zu einem echten Sozialismus getan, bei dem (um die marxistische Terminologie zu gebrauchen) die ""Arbeit"" als die ""Quelle allen Reichtums"" alle Früchte des produktiven Prozesses erntet."
"80","1987-01-09","Zeitung","Die Zeit, 09.01.1987","Das Flaggenproblem stellte sich erneut, als man sich 1948 anschickte, zwei deutsche Staaten zu gründen."
"81","1984-11-02","Zeitung","Die Zeit, 02.11.1984","Wie Erbsenzählerei nimmt es sich aus, wenn das eine Mal aus einer Studie der New Yorker Organisation ""American Watch"" ""höchstens siebzig"" tote Indianer zitiert werden und das andere Mal in Berufung auf eine Untersuchung der OAS (Organisation amerikanischer Staaten) es ""unter zweihundert"" Tote gewesen sein sollen."
"82","1986-01-17","Zeitung","Die Zeit, 17.01.1986","Der Staat gab einen Großteil der Preise frei."
"83","1987-09-11","Zeitung","Die Zeit, 11.09.1987","ZEIT: Die Sowjetunion hat sieben Jahre gebraucht, um den Vorschlag der Vereinigten Staaten vom November 1981 über eine globale Null-Lösung bei den Mittelstreckenraketen zu akzeptieren."
"84","1978-09-29","Zeitung","Die Zeit, 29.09.1978","Insgeheim aber, so hat sich nun herausgestellt, floß selbst das kostbarste Gut, das die Kronrebellen benötigten, direkt von der ehemaligen Mutterinsel auf dem See- und Landweg in den neuen Staat: Öl."
"85","1980-09-26","Zeitung","Die Zeit, 26.09.1980","Heute aber sei das ""soziale Klima... kälter, die Gesellschaft anonymer, der Staat bürokratischer, seinen Bürgern fremder geworden""."
"86","1981-10-30","Zeitung","Die Zeit, 30.10.1981","Gegen den Umfang der Wiedergutmachung von Staat zu Staat ist nichts einzuwenden."
"87","1973-06-29","Zeitung","Die Zeit, 29.06.1973","Die Vertragsparteien vereinbaren gemäß Artikel I und zur Verwirklichung des in diesem Artikel erklärten Zieles, von der Prämisse auszugehen, daß jede der Vertragsparteien sich der Androhung oder Anwendung von Gewalt gegen die andere Vertragspartei, gegen die Verbündeten der anderen Vertragspartei sowie gegen andere Staaten in Situationen enthält, die den internationalen Frieden und die Sicherheit gefährden können ..."
"88","1977-09-09","Zeitung","Die Zeit, 09.09.1977","Bei Siemens erhalten die Eigentümer nur 5,8 Prozent der Wertschöpfung (tatsächlich ausgezahlt als Dividende werden 2,8 Prozent), der Staat dagegen kassiert allein an Ertragssteuern 7,5 Prozent, und den Arbeitnehmern fließen 84 Prozent der Wertschöpfung zu."
"89","1983-03-04","Zeitung","Die Zeit, 04.03.1983","Was passiert, wenn wegen der zurückgehenden Öleinnahmen Staaten wie Kuwait, Saudi-Arabien oder die Vereinigten Arabischen Emirate ihre Geldanlagen bei den westlichen Banken abziehen?"
"90","1983-04-15","Zeitung","Die Zeit, 15.04.1983","In den Unionsparteien scheint die Überzeugung zu herrschen, man könne über die Kommunisten herziehen wie ehedem und zugleich mit ihnen die besten Verträge schließen; man könne gute Nachbarschaft zu einem Staat entwickeln, dessen Abschaffung man bei jeder Gelegenheit als höchstes Ziel proklamiert (nichts anderes bedeutet die Forderung nach staatlicher Einheit)."
"91","1974-05-03","Zeitung","Die Zeit, 03.05.1974","In erster Linie sollten von dem Regional Rail Organisation Act, so der offizielle Name des Hilfsgesetzes, die Eisenbahngesellschaften profitieren, die im Güterverkehr in 17 Bundesstaaten des Nordostens der Vereinigten Staaten tätig sind."
"92","1983-12-02","Zeitung","Die Zeit, 02.12.1983","Das bestehende Vertragssystem bleibt auch weiterhin eine gute Grundlage für die Entwicklung friedlicher Beziehungen zwischen den Staaten."
"93","1982-02-26","Zeitung","Die Zeit, 26.02.1982","Ein Buch verändert die Welt - zumindest in den Vereinigten Staaten, zumindest für die größere Hälfte der Bevölkerung:"
"94","1989-03-24","Zeitung","Die Zeit, 24.03.1989","Mitten durch beide Staaten hindurch verläuft der Eiserne Vorhang, und die intransigente Politik der sowjetischen Besatzungsmacht hat hier ausgezeichnete Möglichkeiten, um im Auftrage Moskaus ein unheilvolles Spiel zu treiben."
"95","1984-05-18","Zeitung","Die Zeit, 18.05.1984","Da das Unrecht, das Zimmerman erlitten hat, himmelschreiend ist, muß der Übeltäter ganz oben zu finden sein, nicht in der Justiz oder Verwaltung des Staates New York, sondern - je nachdem, ob Billy Graham oder Hollywood stärker gewirkt haben - beim lieben Gott, der sich einen garstigen Fehltritt geleistet hat, oder wenigstens doch bei dem übermächtigen Bösewicht einer ganzen B-Film-Serie."
"96","1988-11-11","Zeitung","Die Zeit, 11.11.1988","Denn wie man auf der einen Seite den Staat immer stärker in Anspruch nimmt, so werden die staatliche Hoheit und die Macht der Regierungen zugleich auf vielfache Weise unterhöhlt, überlagert, eingeschränkt."
"97","1981-12-18","Zeitung","Die Zeit, 18.12.1981","Wenn der Staat Nevada seinen europäischen Interessenten mehr Natur zeigte, die Attraktionen nicht nur nach seinem Geschmack aussuchte, wenn er die Begeisterung mehr den Reisenden überließe, dann könnte er ein lohnendes Reiseziel werden."
"98","1982-02-12","Zeitung","Die Zeit, 12.02.1982","Warum ließen Sie sich in dem vom Bürgerkriegschaos heimgesuchten und von harten Militärs regierten Staat zum Aushängepräsidenten küren?"
"99","1984-02-24","Zeitung","Die Zeit, 24.02.1984","Verluste sind aber auch in allernächster Nähe zum Staat angesiedelt:"
"100","1986-03-14","Zeitung","Die Zeit, 14.03.1986","Die Ware wird in US-Dollar notiert, aber der britische Staat erhält seine Einnahmen in Pfund."
"101","1980-11-07","Zeitung","Die Zeit, 07.11.1980","Dieses zentralistische Finanzierungssystem gerät zunehmend in Kollision mit einem Schulwesen, dessen Vielfalt von Schulangeboten nicht nur von einem Träger, dem Staat, sondern vom Staat und zusätzlichen gesellschaftlichen Trägern verwirklicht wird."
"102","1987-11-20","Zeitung","Die Zeit, 20.11.1987","Für die Kritiker der Marktwirtschaft - mehr Staat, mehr Solidarität, mehr soziale Verantwortung - ist das Buch ein erneuter Appell, auf dem Fundament der von Kapp entwickelten Gedankengänge und unter Vermeidung der in ihnen enthaltenen Irrtümer und Fehlurteile sich ein Konzept einfallen zu lassen, das dem Markt gibt, was des Marktes ist, und dem Staat, was der Markt zu leisten nicht vermag."
"103","1989-09-22","Zeitung","Die Zeit, 22.09.1989","Schluß müsse jetzt sein mit der Politik der kleinen Schritte, eine ""Perspektive"" müsse an deren Stelle treten; die bisher praktizierte Politik der Normalisierung zwischen den beiden Staaten müsse durch eine operative Wiedervereinigungspolitik ersetzt werden, wie sie die CDU voriges Jahr in ihrem Deutschlandprogramm als ""vordringlichste Aufgabe"" definiert hat."
"104","1985-07-19","Zeitung","Die Zeit, 19.07.1985","Die Reformer in Peking streben bessere Beziehungen auch zur Sowjetunion und den osteuropäischen Staaten an."
"105","1977-10-14","Zeitung","Die Zeit, 14.10.1977","Vom ""verräterischen und feigen Verhalten"" der drei Pfarrer sprach Defort; von ihrer ""sehr schwierigen Situation"" die Ost-Berliner Kirchenoberen; von der ""faulsten Ausrede"", die sie je gehört habe, die West-Berliner CDU-Abgeordnete Ursula Besser; von ""Dienern Gottes, die sich zum Handlanger des Staates"" gemacht hätten, das Berliner Massenblatt BZ; von der ""Notwendigkeit ihrer Entlassung die ""Arbeitsgemeinschaft 13. August""."
"106","1985-10-25","Zeitung","Die Zeit, 25.10.1985","Schafft mehr Wettbewerb, öffnet den Himmel über Europa, so wie es die Amerikaner in den Vereinigten Staaten getan haben."
"107","1975-02-07","Zeitung","Die Zeit, 07.02.1975","Aber auch die anderen Neutralen kommen nicht gut weg: Frankreich, innerlich zerrissen und defätistisch, wartete nur darauf, das Handtuch zu werfen, war nach der Niederlage durchaus zur ""Collaboration"" mit Hitler bereit; Italien sah Friedensinitiativen nur unter dem Gesichtspunkt der eigenen Machtausdehnung und Konsolidierung; die skandinavischen Staaten wurden von der Angst vor Deutschland, Spanien in der Hoffnung auf eine bevorzugte Stellung in Hitlers ""Neuem Europa"" zu halbherzigen, eigensüchtigen, erfolglosen Friedensbemühungen veranlaßt."
"108","1976-08-27","Zeitung","Die Zeit, 27.08.1976","Staat und Kirche"
"109","1988-11-11","Zeitung","Die Zeit, 11.11.1988","Dort verlief diese Wand zwischen dem Staat und seinen Bürgern, hier mauern sich die Leute selbst ein."
"110","1989-04-28","Zeitung","Die Zeit, 28.04.1989","Ist nicht auch der hochindustrielle Staat namens DDR am Ende des 20. Jahrhunderts ""verspätet""?"
"111","1984-12-21","Zeitung","Die Zeit, 21.12.1984","Der Staat und der Hauptaktionär ließen die Dinge treiben."
"112","1980-04-25","Zeitung","Die Zeit, 25.04.1980","Die Ost-Berliner Vertretung in Bonn hält diese Überwachung für eine schwerwiegende Verletzung des Post- und Fernmeldeabkommens zwischen beiden Staaten, in dessen Präambel das Bestreben zum Ausdruck gebracht werde, die Entwicklung gutnachbarlicher Beziehungen zwischen der Bundesrepublik und der DDR zu fördern."
"113","1986-01-24","Zeitung","Die Zeit, 24.01.1986","Und wie eigentlich sollen China und Staaten wie Israel, Indien, Südafrika - Atomstaaten oder Beinahe-Atomstaaten - zum Mitmachen gebracht werden?"
"114","1977-12-02","Zeitung","Die Zeit, 02.12.1977","Eigentlich wollte man am 4. Juli 1876 die hundertste Wiederkehr des Unabhängigkeitstages feiern, aber eine Nachricht aus dem fernen Westen der Staaten sorgte für einen bitteren Wermutstropfen:"
"115","1987-11-13","Zeitung","Die Zeit, 13.11.1987","Dann ""sparte der Staat Milliarden, die der gesetzlichen Rentenversicherung zugute kommen könnten""."
"116","1977-02-11","Zeitung","Die Zeit, 11.02.1977","Die Reibungsfläche wird bleiben - und dies im gleichen Augenblick, da auch in den Vereinigten Staaten der Unmut über Japans Verkaufserfolge wieder wächst."
"117","1989-06-09","Zeitung","Die Zeit, 09.06.1989","Aber wir wollen keineswegs den Staat abschaffen, wir sind schließlich keine Anarchisten."
"118","1972-02-18","Zeitung","Die Zeit, 18.02.1972","Eine größere Gruppe plädiert für den Anschluß an Griechenland; ein kleinerer Teil forderte dagegen Makarios mehrmals auf, Zypern als selbständigen Staat ""auf jeden Fall"" zu erhalten.."
"119","1985-07-12","Zeitung","Die Zeit, 12.07.1985","Von den über 300 staatlichen Betrieben werden viele schließen müssen, wenn die Verluste nicht mehr vom Staat ausgeglichen werden - ein Volk, das jahrelang über seine Verhältnisse gelebt hat, muß nun die Zeche bezahlen."
"120","1970-03-13","Zeitung","Die Zeit, 13.03.1970","Er warf der Regierungskoalition vor, sie billige ""das an einseitigen Machtmißbrauch und Willkür grenzende Verhalten"" des Kanzleramtschefs, und er malte in düsteren Farben die Gefahren für die Demokratie, wenn eine Partei in den Staat hineinregiere."
"121","1983-05-27","Zeitung","Die Zeit, 27.05.1983","Sodann erinnert Sokrates mehrfach daran, daß dies ein zur Veranschaulichung erdachter Staat sei, den es irgendwo ""im Himmel"" geben mag, aber nicht auf dieser Erde."
"122","1972-06-23","Zeitung","Die Zeit, 23.06.1972","Die Öffnung von Grenzen, und sei sie auch noch so einseitig und unzulänglich, stellt Staaten wie die DDR vor nahezu unlösbare Probleme."
"123","1975-09-26","Zeitung","Die Zeit, 26.09.1975","Steuervergünstigungen oder Subventionen sind hier der Zucker, mit dem der Staat zögernde Unternehmer lockt - die im übrigen aber weiterhin das Risiko für Fellinvestitionen tragen (Paradebeispiel:. Eigentumswohnungen)."
"124","1981-11-13","Zeitung","Die Zeit, 13.11.1981","Gleichzeitig sollten die Vereinigten Staaten aus einer Position der Stärke mit den Russen verhandeln."
"125","1986-02-28","Zeitung","Die Zeit, 28.02.1986","ZEIT: Gibt es Ihrem Urteil nach in der Industrie eine Bereitschaft, sowohl an dem Altlasten- wie an dem Neulastenproblem intensiv mitzuarbeiten oder wartet man darauf, daß der Staat Vorschriften erläßt?"
"126","1986-04-18","Zeitung","Die Zeit, 18.04.1986","Vor der Revolution hatten die Vereinigten Staaten eine beherrschende Stellung in Libyen eingenommen."
"127","1983-02-25","Zeitung","Die Zeit, 25.02.1983","Aber inzwischen hat das Unglück hoher internationaler Verschuldung und drohender Insolvenz die Geschäftsbanken der industriellen Staaten eingeholt."
"128","1985-07-12","Zeitung","Die Zeit, 12.07.1985","1970 begann auch der Ost-West-Tourismus, 2,4 Millionen Menschen aus sozialistischen Ländern besuchten westliche Staaten."
"129","1971-09-24","Zeitung","Die Zeit, 24.09.1971","Die vom Staat New York bezahlten Seelsorger mochten wissen, warum sie sich in die Front der Reformgegner einreihten."
"130","1979-01-12","Zeitung","Die Zeit, 12.01.1979","Danach werden die Schiffbauer in den kommenden drei Jahren 660 Millionen Mark in bar vom Staat kassieren, um ihre Schiffe entsprechend billiger anbieten zu können - und zwar Reedern im In- und im Ausland."
"131","1989-03-24","Zeitung","Die Zeit, 24.03.1989","Eine internationale Truppe soll den Übergang des ehemaligen Deutsch-Südwest in einen selbständigen Staat sichern"
"132","1987-05-29","Zeitung","Die Zeit, 29.05.1987","Überraschend stark war das Wirschaftswachstum in den Vereinigten Staaten im ersten Quartal dieses Jahres."
"133","1989-03-03","Zeitung","Die Zeit, 03.03.1989","""Wir heißen in unserer Mitte auch die Vertreter jener großen Staaten und Völker als Freunde und Kameraden willkommen, mit denen wir noch vor kurzem in erbittertem Kampf gestanden haben."""
"134","1980-11-28","Zeitung","Die Zeit, 28.11.1980","Rückkehr aus den Staaten am Freitag, dem 21. November, gegen Mitternacht; mit revidiertem Text sofort ins Kanzleramt; dort Abschrift und Verteilung rechtzeitig vor der Kabinettssondersitzung am Samstagmittag, deshalb bitte zusätzliche Schreibkräfte bereitstellen; erhöhte Bereitschaft auch für Hausdruckerei und Fahrdienst; Bitte an Abteilungsleiter, notfalls telephonisch erreichbar zu sein."
"135","1981-11-13","Zeitung","Die Zeit, 13.11.1981","Holtz: Respektierung der Menschenrechte, Einhaltung der Meßlatte für eine Demokratie, wie sie auch in der Menschenrechtskonvention des Europarates zum Ausdruck kommt; bislang gehört die Türkei als Staat ihm nun einmal an."
"136","1973-11-09","Zeitung","Die Zeit, 09.11.1973","Forcierung der im Sommer beschlossenen Landreform (vom Staat aufgekauftes Land soll gegen billige Kredite an Kleinbauern verteilt werden), das Genossenschaftswesen (bei dessen Aufbau Ecevit auf starke deutsche Hilfe hofft) soll gängige agrarische Organisationsform werden."
"137","1988-10-21","Zeitung","Die Zeit, 21.10.1988","Der Kalte Krieg brach aus, in Deutschland bildeten sich zwei Staaten heraus, jeder eingebunden in eines der beiden feindlichen Weltsysteme."
"138","1983-07-08","Zeitung","Die Zeit, 08.07.1983","Selbst die Verkürzung der wöchentlichen Arbeitszeit ohne Lohnausgleich müßte die Stückkosten der Unternehmen allgemein erhöhen; eine Senkung der flexiblen Altersgrenze würde Staat und Rentenversicherung selbst dann belasten, wenn sie mit sogenannten versicherungsmathematischen Abschlägen verbunden wäre."
"139","1975-11-28","Zeitung","Die Zeit, 28.11.1975","Freilich bestimmt sie auch nicht mehr, wie noch vor zehn Jahren, Dialog und Diplomatie zwischen den beiden Staaten."
"140","1978-04-14","Zeitung","Die Zeit, 14.04.1978","Diese Länder plädieren am heftigsten für die Brüsseler Maßnahmen, ist doch bei ihnen der Staat inzwischen Eigentümer oder zumindest der eigentlich Verantwortliche für die Stahlindustrie geworden."
"141","1970-05-29","Zeitung","Die Zeit, 29.05.1970","Sie freuten sich über die Grüße von Kiesinger und Strauß, der die Stiftung als ""unentbehrliches Gegengewicht gegen jene Kräfte"" lobte, ""die die Grundlagen des Staates zielbewußt unterminieren""."
"142","1972-06-16","Zeitung","Die Zeit, 16.06.1972","Die größten Pariser Zeitungen sind im Besitz von Industriellen, von Banken oder vom Staat."
"143","1980-04-11","Zeitung","Die Zeit, 11.04.1980","So fordert der Staat zum Beispiel als Bund-Länder-Gemeinschaft dazu auf, Studentenwohnheime zu bauen und schreibt dafür sehr knappe Kostenrichtwerte vor; als Liegenschaft - ein händereibender Geschäftsmann - verkauft er Grundstücke; als Aufsichtsinstanz bemängelt er, daß diese Grundstücke zu teuer gekauft sind, und als Stadtplaner - ganz Künstler mit weichem Filz - verlangt er schöne teure Fassaden und erklärt, daß Kostenrichtwerte ihm egal sind."
"144","1971-03-05","Zeitung","Die Zeit, 05.03.1971","Der Iran ist - abgesehen von Nato-Verbündeten - der einzige nichtafrikanische Staat, der eine substantielle deutsche militärische Hilfe erhält."
"145","1983-11-11","Zeitung","Die Zeit, 11.11.1983","Die Sandinisten kontern, die Kirche wolle die Gläubigen gegen den Staat aufbringen und mische sich in die Politik ein."
"146","1985-09-27","Zeitung","Die Zeit, 27.09.1985","Genscher: Ich habe keine Zweifel, daß die Regierung der Vereinigten Staaten sich streng an das halten wird, was am 8. Januar 1985 zwischen den Außenministern Shultz und Gromyko vereinbart wurde."
"147","1980-04-04","Zeitung","Die Zeit, 04.04.1980","Ihnen stehen eine Million Auslandsaçoreanos in den Vereinigten Staaten gegenüber."
"148","1971-02-26","Zeitung","Die Zeit, 26.02.1971","Europa ist zu klein - und zugleich zu potent, als daß seine Staaten es sich auf die Dauer leisten könnten, in feindseliger oder auch nur gleichgültiger Abgrenzung statt in nachbarlichem Einvernehmen zu leben."
"149","1973-07-13","Zeitung","Die Zeit, 13.07.1973","Aber es wird wahrscheinlich die Zeit kommen, in der eine kleine, aber effektive britisch französische Abschreckungsmacht mit einer mit den Partnern in der Europäischen Gemeinschaft abgesprochenen Rolle und nur als Ergänzung zu der atomaren Garantie der Vereinigten Staaten, die ihrerseits hierzu Unterstützung liefern, vorteilhaft und erforderlich sein könnte."
"150","1974-10-18","Zeitung","Die Zeit, 18.10.1974","Mit der Erkenntnis, daß die Gemeinschaft der neun europäischen Staaten für das Buchgeschäft ohne jede Bedeutung ist, brach sine solche Vorstellung zusammen."
"151","1983-04-01","Zeitung","Die Zeit, 01.04.1983","Jakob Burckhardt hat es im Artifiziellen, im Bewußtsein der Künstlichkeit und Gestaltbarkeit gesehen: Staat, Landschaft und Lebensführung wurden nicht mehr als von Gott oder Natur vorgegeben, sondern als künstlich geschaffen, darum veränderbar erfahren."
"152","1984-07-27","Zeitung","Die Zeit, 27.07.1984","Weder Inland noch Ausland seien die beiden deutschen Staaten füreinander, sagte einst Herbert Wehner."
"153","1986-01-31","Zeitung","Die Zeit, 31.01.1986","Auch die USA haben damit nichts gewonnen, weil in der Welt von heute für alle Staaten gilt, daß mehr Waffen nicht mehr, sondern weniger Sicherheit bedeuten."
"154","1972-12-08","Zeitung","Die Zeit, 08.12.1972","Die Versicherten haben nichts - der Staat und die Verbände alles zu sagen"
"155","1970-06-26","Zeitung","Die Zeit, 26.06.1970","Und: ""Wie können wir Vertrauen in eure angeblich neue Politik haben, wenn ihr den Alleinvertretungsanspruch nicht aufgebt und weder die Existenz eines zweiten deutschen Staates noch die polnische Westgrenze anerkennt?"""
"156","1987-11-27","Zeitung","Die Zeit, 27.11.1987","In einer Rede vor dem Wirtschaftsrat der CDU machte er klar, daß Volkswagen in den Vereinigten Staaten einer neuen, offenbar überlegenen Allianz weicht, die international aus drei Staaten zusammenarbeitet: USA, Japan und Korea."
"157","1987-04-24","Zeitung","Die Zeit, 24.04.1987","Ich erinnere mich sehr genau daran, daß man auf deutscher Seite sehr begrüßt hat, daß Frankreich diese Position gegenüber den Vereinigten Staaten eingenommen hat, die Verhandlungen nur zwischen dem Warschauer und dem Nordatlantik-Pakt wollten."
"158","1988-09-16","Zeitung","Die Zeit, 16.09.1988","Und könnte ein Israel, das das Erwachen erbitterter Feindschaft an seinen Grenzen mit ansieht und gezwungen ist, als Satellitenstaat einer Großmacht und mit immer schlechteren Aussichten den unausweichlichen Weg eines verzweifelten Überlebens zu gehen, könnte dieses Israel wirklich eine Nation sein, ein Staat, der seine überragende Stellung in den Künsten, in der Forschung und der Wissenschaft und der eigentlichen Führung der Welt behauptet?"
"159","1972-06-16","Zeitung","Die Zeit, 16.06.1972","Der Beamte verweist in diesem Zusammenhang auf das Organisationskomitee für die Spiele der XX. Olympiade München 1972, in dem Sport und Staat paritätisch vertreten sind."
"160","1977-01-21","Zeitung","Die Zeit, 21.01.1977","In den Vereinigten Staaten haben im letzten Jahr sieben Volksabstimmungen über den Bau von Atomkraftwerken stattgefunden."
"161","1985-11-29","Zeitung","Die Zeit, 29.11.1985","[...] Stefan Zell, Architekt mäßigen Erfolgs in einer mäßigen österreichischen Staat, macht Urlaub in Italien, getrennt von Hanna, die ein Kind von ihm erwartet, das er nicht will, geschieden von Lina, die ein Kind von ihm hat, das er kaum sieht, und mitten in diesen eher mäßigen Ferientagen, deren einziger Lichtblick eine schöne Nacht mit einer gewissen Julia zu sein scheint, erhält er die Nachricht vom Unfalltod beider Eltern, setzt sich ins Auto, fährt pausenlos nach Norden, absolviert übernächtigt und wie betäubt das Begräbnis, verläßt den unerträglichen Leichenschmaus, fährt hinaus aufs Land, verirrt sich in ein Dorfgasthaus, gerät in eine gespenstische, alkoholische, geile, total schräge Gesellschaft, betrinkt sich, schläft mit einer Frau, die er für Julia hält, und das Karussell, das sich in seinem Kopf zu drehen angefangen hat, rast immer schneller, bis Zell zusammenbricht und in der Nervenklinik aufwacht. [...]"
"162","1985-09-13","Zeitung","Die Zeit, 13.09.1985","Und natürlich soll vor allem der Staat helfen."
"163","1982-04-02","Zeitung","Die Zeit, 02.04.1982","Verteidigten sie indessen den Versuch, zu einem geregelten Neben- und Miteinander zwischen den westlichen Staaten und dem sowjetischen Block zu kommen, wie dies Havemann, Bahro oder die meisten Intellektuellen in der Tschechoslowakei getan haben, so fielen sie oft den innenpolitischen Streitigkeiten um diese Politik zumal in der Bundesrepublik zum Opfer."
"164","1973-06-22","Zeitung","Die Zeit, 22.06.1973","Die Führung des ostdeutschen Staates ist zweifellos selbstbewußter geworden, aber sie zieht ihr Selbstbewußtsein nicht nur aus der wachsenden internationalen Anerkennung, sondern auch aus einer immer engeren Anlehnung an die Politik und die Ideologie der sowjetischen Führungsmacht."
"165","1981-01-02","Zeitung","Die Zeit, 02.01.1981","Statt die Wagen mit hohem Verlust gegenüber dem Anschaffungspreis zu verkaufen, lassen so manche Besitzer, ihre Karossen jenseits der nächsten Bundesstaatsgrenze irgendwo stehen und melden den Wagen in ihrem Staate als gestohlen:"
"166","1974-06-14","Zeitung","Die Zeit, 14.06.1974","Quintessenz des Ganzen: ""Verglichen mit früheren deutschen Regierungs- und Gesellschaftssystemen, verglichen auch gerade mit der DDR, ist dies ein Staat und eine Gesellschaft, deren Vorzüge die Mängel bei weitem überwiegen"" (Schwarz)."
"167","1980-07-11","Zeitung","Die Zeit, 11.07.1980","Er sagte allerdings nicht, daß in allen afrikanischen Staaten der Rüstungsanteil im Haushalt besonders hoch ist."
"168","1982-02-19","Zeitung","Die Zeit, 19.02.1982","Sie bewerten das fast als eine Verschwörung, inspiriert natürlich von den Vereinigten Staaten, aber vollen Herzens unterstützt von der Bundesrepublik und Großbritannien."
"169","1986-03-21","Zeitung","Die Zeit, 21.03.1986","Und in der Regierung streitet man noch darüber, ob die Preissenkung weitergegeben oder für den Staat in Form von Steuererhöhungen eingesammelt werden soll."
"170","1989-06-16","Zeitung","Die Zeit, 16.06.1989","Bender aber widmet sich ganz und gar dem systematischen Zusammenhang, in dem jene beiden Staaten stehen, die da 1949 nacheinander aus der Taufe gehoben werden, und aus dem heraus sie am besten zu verstehen sind."
"171","1985-04-05","Zeitung","Die Zeit, 05.04.1985","Dies trifft aber nicht zu bei unserer Vorstellung, daß zwei deutsche Staaten bestehen bleiben mit unterschiedlichen Gesellschaftssystemen, in unterschiedliche Wirtschaftsgemeinschaften eingebunden und mit dem völligen Abbau offensiver Waffensysteme und ganz erheblich reduzierten Streitkräften."
"172","1989-05-19","Zeitung","Die Zeit, 19.05.1989","Unter dem Tagesordnungspunkt ""Ausschmückung des Ratssaales"" steht noch in einem Protokoll vom August 1988, der Bürgermeister ""verweist in diesem Zusammenhang auf die Wertneutralität des Staates""."
"173","1973-11-09","Zeitung","Die Zeit, 09.11.1973","Geeignete Gesetze wären vorzubereiten, Kredite an ölproduzierende Staaten einer Genehmigungspflicht zu unterwerfen, arabische Guthaben einzufrieren."
"174","1973-05-04","Zeitung","Die Zeit, 04.05.1973","So sind zum Beispiel die Programme der schon seit einigen Jahren arbeitenden staatlichen ""Television-Educativa"" in den USA ausgearbeitet worden, das für die Produktion der Sendungen verantwortliche kolumbianische Personal wurde in den Staaten geschult."
"175","1986-06-27","Zeitung","Die Zeit, 27.06.1986","Auf der anderen Seite aber ist die von Gorbatschow vorgeschlagene Einbeziehung der neutralen Staaten in die Verhandlungsprozedur nicht unproblematisch."
"176","1987-10-16","Zeitung","Die Zeit, 16.10.1987","Entweder gehört ihr zum Staat oder zu den Freiheitskämpfern."
"177","1971-07-23","Zeitung","Die Zeit, 23.07.1971","Wenn heute die Warschauer Tageszeitung Zycie Warszawy den Münchner Sender ein Instrument der Kriegführung gegen die sozialistischen Staaten nennt, so spiegeln sich in diesem Vorwurf tiefsitzende kommunistische Entspannungsängste."
"178","1984-08-31","Zeitung","Die Zeit, 31.08.1984","Will man den Umfragen trauen, dann warten die Bundesbürger sogar darauf, daß der Staat mehr tut, schärfere Grenzwerte, kürzere Fristen setzt und härter durchgreift."
"179","1979-08-31","Zeitung","Die Zeit, 31.08.1979","Eine Arbeitsbeschaffung durch die Vorverlegung des Pensionierungszeitpunktes würde weniger die Wirtschaft als den Staat treffen."
"180","1986-12-19","Zeitung","Die Zeit, 19.12.1986","Er ist fest dávon überzeugt, daß es wieder zu institutionalisierten Gesprächen zwischen Gewerkschaften, Arbeitgebern und Staat (weil der Gesetzgeber gebraucht wird) kommen wird."
"181","1989-01-20","Zeitung","Die Zeit, 20.01.1989","Mehr als die Hälfte des brasilianischen Sozialprodukts wird auf öffentlichen Konten verbucht, denn der Staat ist auf allen Ebenen der bei weitem größte Unternehmer."
"182","1988-03-25","Zeitung","Die Zeit, 25.03.1988","Auch für den Fall ist vorgesorgt, denn festgeschrieben worden sind nur die Zuschüsse des Staates - die Mutter ÖIAG darf durchaus noch etwas dazulegen."
"183","1981-09-11","Zeitung","Die Zeit, 11.09.1981","In den untergründigen Wirtschaftskreisläufen entsteht eine gigantische Wertschöpfung, von der der Staat doch nie eine Lira Mehrwertsteuer mitbekommt."
"184","1984-06-01","Zeitung","Die Zeit, 01.06.1984","Die angestrebte Normalisierung, manifestiert durch ein Vertragsgeflecht wie unter Staaten üblich, ist jedoch auf eine bezeichnende Weise eingeschränkt."
"185","1981-12-25","Zeitung","Die Zeit, 25.12.1981","Wo junge Christen, wie in der DDR, die Kirche damit beauftragen, dem Staat gegenüber ihren Wunsch nach einem ""sozialen Friedensdienst"" als Ersatz für militärische Ausbildung zu vertreten, wird sie ""politische Anstalt"", Fürsprecherin einer Minderheit im tagespolitischen Raum."
"186","1977-01-28","Zeitung","Die Zeit, 28.01.1977","ZEIT: Wir sollten uns der Gefahr zuwenden, daß der privatwirtschaftliche Verkauf nuklearer Anlagen immer mehr Staaten ermöglicht, sich Kernwaffen zuzulegen."
"187","1981-08-28","Zeitung","Die Zeit, 28.08.1981","Ein Staat, in dem ein Typ, eine Flatsche wie Baldur von Schirach über die gesamte Jugend verfügte!"
"188","1985-03-08","Zeitung","Die Zeit, 08.03.1985","Die Formel ""Zwei Staaten in Deutschland (Willy Brandt) würde dann mit Deutschland nur noch die deutsche Nation ansprechen; wäre noch weniger gemeint, dann bliebe Deutschland nur noch eine Leerformel."
"189","1980-06-20","Zeitung","Die Zeit, 20.06.1980","Gleich zu Beginn der Krise hätten die Vereinigten Staaten einen Untersuchungsausschuß einsetzen können."
"190","1981-07-17","Zeitung","Die Zeit, 17.07.1981","Nie und nimmer hätte es ja auch, zu Zeiten der barbarischen Übermacht des Staates, irgend etwas wenden können."
"191","1988-08-26","Zeitung","Die Zeit, 26.08.1988","Das andere Lager schüttelt kollektiv den Kopf vor Entsetzen und fragt pikiert, seit wann der Staat den Auftrag habe, die Bevölkerung mit Opium zu versorgen, sie also auch zu ruinieren."
"192","1989-04-28","Zeitung","Die Zeit, 28.04.1989","Deutlich verändert hat sich der Markt auch in den Vereinigten Staaten, zweitgrößter Ölproduzent der Welt, aber auch größter Verbraucher."
"193","1985-09-20","Zeitung","Die Zeit, 20.09.1985","Wer all diese Ziele bejaht, muß die derzeitige Handlungsschwäche des Staates, die zu einem massiven Staatsversagen im Umweltschutz geführt hat, beheben; aber er darf sich nicht in die Illusion verstricken, daß der Staat die Modernisierung selbst vollziehen könnte."
"194","1983-09-09","Zeitung","Die Zeit, 09.09.1983","Ungeklärt ist bisher auch, ob das Gewaltverbot der UN-Satzung, das seinem Wortlaut nach nur Gewalt gegen die ""territoriale Unversehrtheit oder die politische Unabhängigkeit irgendeines Staates"" verbietet, auch für einen Angriff auf ein einzelnes Schiff oder Flugzeug gilt."
"195","1987-09-25","Zeitung","Die Zeit, 25.09.1987","Da der gemächliche Schienenbus aber nur Verluste einfuhr, beschloß der Staat 1968, seine Finanzspritzen einzustellen."
"196","1986-10-03","Zeitung","Die Zeit, 03.10.1986","In der letzten Ausgabe der ZEIT wurde berichtet (""Keine Entwarnung für Berlin""), daß die DDR visafreien Reiseverkehr mit allen Staaten des Warschauer Paktes sowie mit Jugoslawien, China, Vietnam, Korea und Kuba vereinbart habe."
"197","1975-10-17","Zeitung","Die Zeit, 17.10.1975","""Huldigen nicht manche Bürger der Bundesrepublik dem Staat mehr als dem Recht und erleben die freiheitlich-demokratische Grundordnung (nur) als eine Abwandlung der staatlichen Ordnung, die ihren Vätern oder ihnen selbst, im Kaiserreich oder sogar im totalen Staat, den täglichen Frieden sicherte?"""
"198","1983-11-11","Zeitung","Die Zeit, 11.11.1983","Das letzte Angebot von Andropow lautet, die Sowjetunion wende sich mit 140 Abschußrampen begnügen, sofern die Vereinigten Staaten darauf verzichteten, die Pershing II und die Cruise Missiles aufzustellen."
"199","1974-10-18","Zeitung","Die Zeit, 18.10.1974","Die Gewerkschaften verfolgen dabei das Ziel, Fiat für den Staat verkaufsreif zu machen."
"200","1972-09-29","Zeitung","Die Zeit, 29.09.1972","[...] Daß unsere Kinder in einer für sie feindlichen Umwelt leben, wird immer wieder geschildert, und spätestens seit dem Report von Hans Peter Bleuel ""Kinder in Deutschland"", Hanser Verlag, 1971) liegen die Fakten gesammelt vor: höchste Säuglingssterblichkeit unter allen Staaten in Westeuropa; 25000 Spielplätze zu wenig; jährlich sterben 2000 Kinder auf dem Schulweg, 50000 werden verletzt; eine Million besitzen kein eigenes Bett; von drei Kindern findet nur eines Platz im Kindergarten, und in den Wohnungen bekommen sie stets die kleinsten Zimmer, von den überfüllten Klassen einmal nicht zu sprechen... [...]"
"201","1974-08-02","Zeitung","Die Zeit, 02.08.1974","Die Vereinigten Staaten hatten sich rasch als Land der unbegrenzter."
"202","1979-04-13","Zeitung","Die Zeit, 13.04.1979","Pakistan ist an das andere Ende jener instabilen islamischen Staaten geraten, die sich von der Türkei, über den Iran und Afghanistan wie ein Halbmond um die Südflanke der Sowjetunion legen."
"203","1978-03-03","Zeitung","Die Zeit, 03.03.1978","Als keine Geste und kein Wort ein Einschwenken erhoffen ließen, schwante erstmals einem Teil der westlichen Staaten, daß die Sowjets auch, meinen, was sie. sagen, Sie produzierten zwar im Februar drei Variationen ihres Njet, doch war es nur mit Luft aufgeblasen."
"204","1976-01-09","Zeitung","Die Zeit, 09.01.1976","Seit mehr als einem Jahr bin ich ein amerikanischer Lehrer an einer deutschen Schule und kann mir keine bessere Lösung für die von ihren Abi-Noten terrorisierten Schüler denken als eine deutsche Übersetzung des ""amerikanischen"", d. h. vom Staate und von der Schule unabhängigen Prüfungssystems."
"205","1977-03-25","Zeitung","Die Zeit, 25.03.1977","""Immer mehr Staat, immer mehr Rechte für die Funktionäre der gesetzlichen Krankenversicherung."""
"206","1973-11-23","Zeitung","Die Zeit, 23.11.1973","Das Ergebnis des ""Gipfeltreffens"" mit allein sechs afrikanischen Staatspräsidenten war zunächst rhetorisch eine Bestätigung des Willens zum Zusammenhalt; die beteiligten Staaten wollen ihn künftig alljährlich durch eine Tagung dieser Art und durch eine Begegnung der Wirtschafts- und Finanzminister unterstreichen."
"207","1982-03-19","Zeitung","Die Zeit, 19.03.1982","Kein Problem für Mitterrand, denn der französische Staat ist seit langem einer der Hauptaktionäre von CLT."
"208","1982-08-06","Zeitung","Die Zeit, 06.08.1982","Er wird nicht zuletzt von der künftigen Haltung der Regierung sowie auch davon abhängen, ob sich der politische Druck der industriereichen, auf laxe Emissionsgrenzwerte eingeschworenen Staaten des Mittleren Westens gegen den hinhaltenden Widerstand der stark immissionsgeschädigten und daher auch auf eine strikte Emissionskontrolle drängenden Neuengland-Staaten durchzusetzen weiß, deren Anliegen durch die kanadischen Proteste wider grenzüberschreitende Emissionen bestärkt wird."
"209","1985-05-31","Zeitung","Die Zeit, 31.05.1985","Lebensmittelwarenhilfe (dazu gehören neben Weizen auch Dünge- und Pflanzenschutzmittel) finanzieren 50 Prozent des Staatshaushalts, weil der Staat sie weiterverkauft."
"210","1971-03-12","Zeitung","Die Zeit, 12.03.1971","Da sich das mit den unternehmerischen Interessen der Lehrherren meist nicht vereinbart, plädiert Wolfgang Lempert dafür, das Lehrlingswesen stärker aus dem ökonomischen Konkurrenzkampf herauszunehmen und statt dessen mehr den Staat dafür verantwortlich zu machen, einen Staat allerdings, den es in der heutigen Form nicht mehr geben dürfte."
"211","1973-11-23","Zeitung","Die Zeit, 23.11.1973","Aber nicht nur viele Familien versagen demnach, sondern auch der Staat."
"212","1986-03-07","Zeitung","Die Zeit, 07.03.1986","Selbst für ein Land wie die Vereinigten Staaten, in dem mit kaum zu überbietender Leidenschaft Rechtsstreitigkeiten ausgetragen werden, ist dies ein höchst ungewöhnliches Prozeßbegehren:"
"213","1970-10-09","Zeitung","Die Zeit, 09.10.1970","Und wenn die Organisation ausreicht, sind all jene Schwierigkeiten zu überwinden, die in der kulturellen und religiösen Tradition oder auch in der Konkurrenz und dem Argwohn zwischen einzelnen Stämmen oder Staaten ihre Wurzel haben."
"214","1974-01-18","Zeitung","Die Zeit, 18.01.1974","Der Hamburger Staat dagegen behandelt sie immer entschiedener als Beamte mit Pflichten, nicht nur mit Privilegien."
"215","1983-06-17","Zeitung","Die Zeit, 17.06.1983","Ein Industrieller, der Fabriken in Frankreich und in der Bundesrepublik betreibt, setzt hinzu: ""In allen Bereichen, in denen der Staat oder die verstaatlichten Industrien kein Monopol haben, kann man heute leichter mit unseren Gewerkschaften verhandeln als mit dem DGB."""
"216","1978-11-03","Zeitung","Die Zeit, 03.11.1978","Aber als wirtschaftlich und währungspolitisch stärkster Staat der Neun kann die Bundesrepublik sich nicht damit zufriedengeben, in Europa eine Oase von beachtlicher Stabilität zu repräsentieren."
"217","1982-03-26","Zeitung","Die Zeit, 26.03.1982","Eine verstärkte Investitionsgüter-Nachfrage von Seiten der Konsumgüter-Industrien und des Staates sowie eine verstärkte private Bautätigkeit würden dann längerfristig auch die Investitionstätigkeit im Bereich der Investitionsgüter-Industrien stimulieren."
"218","1979-04-06","Zeitung","Die Zeit, 06.04.1979","Der Staat verteilt Berufs- und Lebenschancen."
"219","1979-02-23","Zeitung","Die Zeit, 23.02.1979","Überdies vertraut Präsident Lopez Portillo amerikanischen Journalisten seine Besorgnis an, das weltpolitische Zuständigkeitsbewußtsein der Vereinigten Staaten stecke noch immer in der ""Nulltsunde"" nach Vietnam."
"220","1987-02-06","Zeitung","Die Zeit, 06.02.1987","Aber ich möchte nicht wissen, was passiert wäre, wenn wir gewußt hätten, daß die betreffende Zeitschrift dem japanischen Staat gehörte und von einem parlamentarischen Ausschuß kontrolliert wurde?"
"221","1984-02-17","Zeitung","Die Zeit, 17.02.1984","Teilweise wegen der Rüstungspolitik Reagans, aber vor allem wegen der inneren Probleme der Sowjetunion hat sich das ""internationale Kräfteverhältnis"", wie die Sowjets es nennen, zugunsten der Vereinigten Staaten verlagert."
"222","1974-06-21","Zeitung","Die Zeit, 21.06.1974","Zu gleicher Zeit erkennt Sadat aber in diesem Dokument an, daß jeder Staat in diesem Gebiet - gemeint ist Israel - ein Lebensrecht habe."
"223","1974-05-10","Zeitung","Die Zeit, 10.05.1974","Die Aufgaben, die auf den Staat und die Gesellschaft zukommen, erfordern eine flexible Staatsspitze."
"224","1989-01-06","Zeitung","Die Zeit, 06.01.1989","Gelingt dem Sohn, was die Mutter nicht vermochte, der Tochter, was dem Vater versagt blieb - zwischen ihren seit vier Jahrzehnten verfeindeten Staaten einen dauerhaften Frieden zu begründen?"
"225","1976-09-17","Zeitung","Die Zeit, 17.09.1976","Der Kandidat, der in einem Staat die Mehrheit der Wahlmännerstimmen hat, bekommt sie alle."
"226","1976-07-09","Zeitung","Die Zeit, 09.07.1976","Besteht seine Politik am Ende bloß aus Taktik, um einen sozialdemokratisch geführten Staat zu ermöglichen?"
"227","1981-05-08","Zeitung","Die Zeit, 08.05.1981","Fast die Hälfte (48,9 Prozent) fordert, daß Polizei und Justiz mit aller Strenge gegen Hausbesetzer vorgehen, die andere Hälfte (49,8 Prozent) zieht eine eher zurückhaltende und geschmeidige Haltung des Staates vor."
"228","1983-09-09","Zeitung","Die Zeit, 09.09.1983","Sein Antritt als Ministerpräsident wäre zugleich ein Abschied - der Abscnied jener Männer, die einmal Taufzeugen des Staates Israel gewesen sind."
"229","1989-12-22","Zeitung","Die Zeit, 22.12.1989","Sie recherchierten in 52 Staaten, sammelten 14000 Aussagen und 35000 Photos."
"230","1979-09-21","Zeitung","Die Zeit, 21.09.1979","Die Deutschen vertrauen gern darauf, der Staat werde die Grundrechte des Bürgers schon verteidigen, aber auf die Idee, daß die Bürger unter Umständen die Grundrechte auch gegen den Staat verteidigen müssen, kommen sie gar nicht."
"231","1975-04-25","Zeitung","Die Zeit, 25.04.1975","Auch andere Staaten zögern."
"232","1978-12-08","Zeitung","Die Zeit, 08.12.1978","Statt um mehr Demokratie geht es bei uns heute um mehr Sicherheits und dies auch mit Hilfe des Extremistenbeschlusses, auch mit Hilfe eines nur in den östlichen Staaten wiederzufindenden Strafrechtsparagraphen gegen Staatsverunglimpfung, mit dem Gerichte heute die für demokratisches Leben wie für die Wissenschaft unentbehrliche Kritikfreiheit nach ihrem Gusto eingrenzen, ohne daß die deutsche Professorenschaft - mögen ihr nun der Kollege Peter Brückner und die Kollegen, die den Buback-Nachruf ediert haben, sympathisch sein oder nicht - sich dagegen wie ein Mann erhoben hätte."
"233","1982-12-31","Zeitung","Die Zeit, 31.12.1982","Bisher hatte sich der italienische Staat mit diesen Kurzläufern (BOT) so massiv bei Banken und Publikum finanziert, daß amerikanische Bankiers die Italiener scherzhaft als ""BOT-People"" bezeichnen."
"234","1976-08-20","Zeitung","Die Zeit, 20.08.1976","In diesem Zusammenhang wird auch deutlich, warum in kapitalistischen Staaten die Träger von Innovationen an Sportgeräten im weitesten Sinne, nämlich die einzelnen Firmen, die Werbung für ihre Produkte so zielstrebig und entschlossen einsetzen können."
"235","1981-03-13","Zeitung","Die Zeit, 13.03.1981","Ein Staat, der so rücksichtslos zuschlägt wie in Nürnberg, der züchtet ganze Generationen neuer Terroristen."
"236","1980-07-11","Zeitung","Die Zeit, 11.07.1980","Ein Scheitern des großen historischen Experiments der Schaffung des jüdischen Staates würde einen moralischen und psychologischen Zusammenbruch des jüdischen Vplkes mit sich bringen, init katastrophaleren Auswirkungen sogar als Auschwitz, denn es würde die Seele des Volkes vernichten."
"237","1980-10-17","Zeitung","Die Zeit, 17.10.1980","Die DDR-Rentner aber, denen bei Westreisen für ein 30-Tage-Visum 15 Mark in Westgeld umgetauscht werden - 50 Pfennig täglich! -, die müßten bei der angeblich schwindenden Kaufkraft der Westmark von ihrem Staat mehr Westmark erhalten als bisher."
"238","1978-09-08","Zeitung","Die Zeit, 08.09.1978","Fast alle Staaten der Dritten Welt sind in gleichem Maße von importierter Energie - in erster Linie vom Erdöl - abhängig wie die industrialisierten Verbraucherländer Japan oder die Bundesrepublik Deutschland."
"239","1970-01-30","Zeitung","Die Zeit, 30.01.1970","Senator Burda ist außerdem mit Augstein und Gruner + Jahr an der Zeitschriften-Funk-Union GmbH beteiligt (Erwerb von Rundfunkbeteiligungen); er besitzt einen Pressegroß vertrieb in Österreich und investiert neuerdings in Nordamerika; In Lynchburg im Staate Virginia baut er mit seinem amerikanischen Partner eine Tiefdruckanstalt."
"240","1980-03-07","Zeitung","Die Zeit, 07.03.1980","Washington hatte erwartet, daß sie deutlicher und schneller an die Seite der Vereinigten Staaten treten."
"241","1978-06-16","Zeitung","Die Zeit, 16.06.1978","Der Staat stellte noch vor zwei Jahren rund 60 Prozent der Jungakademiker ein, in Zukunft will er nur 15 Prozent aufnehmen."
"242","1976-06-18","Zeitung","Die Zeit, 18.06.1976","Ich wurde aufgefordert, mit einem Wohnwagen, Trailer genannt (die offizielle Bezeichnung lautet ""House Vehicle""), zwecks Information und Vergnügen durch amerikanische Staaten zu fahren, von Dayton in Ohio nach Süden, durch Tennessee und Georgia nach Florida, wieder nach Georgia, durch North Carolina und Virginia nach Washington."
"243","1986-04-04","Zeitung","Die Zeit, 04.04.1986","Jordanien habe erreicht, ""was für unmöglich gehalten wurde"": die amerikanische Zustimmung für eine internationale Friedenskonferenz mit sowjetischer Beteiligung, für eine Teilnahme der PLO an dieser Konferenz sowie für die sofortige Aufnahme eines Dialogs zwischen den Vereinigten Staaten und der PLO."
"244","1975-09-05","Zeitung","Die Zeit, 05.09.1975","Und unter therapeutischem Aspekt: ""Der Staat kann nicht jedem, der mit seinem Fehlverhalten, seiner Anspruchshaltung und seiner Verantwortungsangst kommt, sagen: 'Ich heile alle eure Neurosen, indem ich euch gewähre...' Damit werden Neurosen nicht geheilt."
"245","1972-09-15","Zeitung","Die Zeit, 15.09.1972","An den Grenzen zu beiden Staaten sind Truppen und Panzer aufmarschiert - nach Alfons Worten hat eine ""neue Phase im Kampf gegen die Terroristen"" begonnen."
"246","1971-07-23","Zeitung","Die Zeit, 23.07.1971","Die Sowjetunion hat ihr Ziel nicht aufgegeben, aus West-Berlin ein besonderes Völkerrechtssubjekt zu machen, einen dritten Staat auf deutschem Boden."
"247","1978-06-16","Zeitung","Die Zeit, 16.06.1978","Eine internationale Zaire-Konferenz, die Bedingungen einer Wirtschaftlichen und finanziellen Sanierung des zentralafrikanischen Staates untersuchen soll, hat in Brüssel begonnen."
"248","1974-03-22","Zeitung","Die Zeit, 22.03.1974","Sie stärkten die Rolle des Staates als Planer, nicht aber den Wettbewerb."
"249","1980-09-12","Zeitung","Die Zeit, 12.09.1980","Am 22. August hatte Brown auf einer Pressekonferenz einen ""wichtigen technologischen Fortschritt von größter militärischer Bedeutung"" verkündet und bekanntgegeben, daß die Vereinigten Staaten mit Hilfe der sogenannten ""Stealth""-Technologie in der Lage seien, Flügzeuge und Flugkörper zu bauen, die von keinem der bestehenden Luftverteidigungssysteme abgefangen werden können."
"250","1974-06-21","Zeitung","Die Zeit, 21.06.1974","Frankreich, der Sowjetunion und den Vereinigten Staaten:"
"251","1981-01-16","Zeitung","Die Zeit, 16.01.1981","Zur Verblüffung des Publikums lassen sie die Unterscheidung zwischen guten und schlechten Defiziten wieder auferstehen - verwenden nun aber andere Bewertungsmaßstäbe: Schlechte Defizite - das ist dann, wenn der Staat Geld verschwendet und sich einmischt in Dinge, die ihn nichts angehen."
"252","1975-05-16","Zeitung","Die Zeit, 16.05.1975","Pat Moynihan wittert dahinter nicht kommunistische Drahtzieherei, vielmehr diagnostiziert er den Triumph des britischen Sozialismus, wie er vor dem Zweiten Weltkrieg den Studenten aus den Kolonien an der London School of Economics gelehrt wurde - 47 der 87 Staaten, die seit 1945 den Vereinten Nationen beigetreten sind, sind schließlich Teil des Empire gewesen."
"253","1970-03-06","Zeitung","Die Zeit, 06.03.1970","Panetta mußte resignieren, als zweideutige Stellungnahmen aus dem Weißen Haus dazu beitrugen, daß im Senat die vom Führer des konservativen demokratischen Südstaatenblocks, Senator John Stennis, eingebrachte Entschließung mit großer Mehrheit gutgeheißen wurde, nach der die Integration der öffentlichen Schulen Amerikas ""gleichmäßig in allen Gebieten der Vereinigten Staaten, unbeschadet der Ursachen der Segregation"" zu verwirklichen sei."
"254","1978-03-31","Zeitung","Die Zeit, 31.03.1978","Einige politische Gruppen fördern eine vollständige Trennung von Dänemark und die Proklamierung eines selbständigen Staates."
"255","1972-08-25","Zeitung","Die Zeit, 25.08.1972","Noch in der Vorwoche hatte Brundage allen Staaten mit Sanktionen gedroht, die diese Absprachen in Frage stellten."
"256","1979-09-07","Zeitung","Die Zeit, 07.09.1979","Die Stuttgarter Autobauer zahlten sowohl absolut als auch im Verhältnis zur Werkschöpfung die höchsten Steuern vom Ertrag und Vermögen - ein gutes Viertel der gesamten Wertschöpfung kassierte Vater Staat."
"257","1981-01-09","Zeitung","Die Zeit, 09.01.1981","Im übrigen bedeuten die grundgesetzlichen Auflagen keineswegs, es ließen sich nicht ""im Einklang mit dem Grundgesetz für die Staatsangehörigkeit Lösungen und Verhaltensweisen finden, die nicht immer wieder neue politische Konflikte zwischen den beiden Staaten heraufbeschwören"" - so formulierte Staatssekretär Gaus schon vor vier Jahren."
"258","1973-11-09","Zeitung","Die Zeit, 09.11.1973","Nach anderer Version soll Breschnjew gedroht haben, notfalls den Staat Israel zu zerstören."
"259","1982-10-15","Zeitung","Die Zeit, 15.10.1982","""Die Idee einer Teihing - der Wiederaufsplitterung des Landes in eine Vielzahl kleiner souveräner Staaten, erschien mir inzwischen wirklichkeitsfremd dann mußte man sich in Deutschland und in Europa der Mittel der Zukunft bedienen Nur im festen Gefüge eines geeinten Europas würde ein geeintes Deutschland erträglich sein """
"260","1981-07-24","Zeitung","Die Zeit, 24.07.1981","Zum Beispiel gibt es einen großen öffentlichen Sektor, in dem die Einkommen vom Staat bestimmt werden."
"261","1982-05-28","Zeitung","Die Zeit, 28.05.1982","Der moderne Staat bietet aber durch das vielfältige Instrumentarium zur Förderung der Wirtschaft auch für die unternehmerische Bestätigung häufig eine Abfederung, die der sozialen Sicherung ansatzweise vergleichbar ist."
"262","1984-04-06","Zeitung","Die Zeit, 06.04.1984","Bis jetzt haben Baustoffhersteller aus den Vereinigten Staaten, Japan, Australien, Neuseeland, der Sowjetunion, Finnland, Norwegen und Spanien in Braunschweig vorgesprochen, Die Firma Bison aus Springe hat eine Lizenz zum Bau der Produktionsanlagen erworben."
"263","1977-04-01","Zeitung","Die Zeit, 01.04.1977","Das ist ein kühner Satz - mit einem epochemachenden Klang, zumal wenn ihn der Präsident der Vereinigten Staaten vor der Weltorganisation in New York spricht."
"264","1975-11-14","Zeitung","Die Zeit, 14.11.1975","3. Das wirksamste Instrumentarium, mit dessen Hilfe Amerika die Sowjetunion zu größerer außenpolitischer Zurückhaltung ermutigen kann, wäre eine bescheidene und gesteuerte Ausweitung der Wirtschaftsbeziehungen zwischen beiden Staaten."
"265","1980-02-01","Zeitung","Die Zeit, 01.02.1980","Eine Vereisung zwischen den beiden deutschen Staaten - kein Sportverkehr, kein Kulturaustausch, weniger Begegnungen im Falle eines zweiten Kalten Krieges - rührte an die Substanz der gemeinsamen Nation."
"266","1978-04-28","Zeitung","Die Zeit, 28.04.1978","Dabei ist seine Absage an die törichte Gleichung, die Bundesrepublik sei ein faschistischer Staat (in dem Buch ""Staatsfeinde"") so deutlich wie sein tiefes Erschrecken vor der Hinrichtung des Anarchisten Ulrich Schmücker durch die eigenen Genossen:"
"267","1988-01-15","Zeitung","Die Zeit, 15.01.1988","Die Vereinigten Staaten haben im Golfgebiet eine Armada von dreißig Kriegsschiffen konzentriert."
"268","1980-04-11","Zeitung","Die Zeit, 11.04.1980","Und es wird einprogrammiert, wann die Computer des Staates ""vergessen"" müssen."
"269","1973-06-01","Zeitung","Die Zeit, 01.06.1973","Jetzt allerdings sah es eine Zeitlang so aus, als hätten die Offiziere sich ein für allemal die Macht im Staat gesichert."
"270","1985-04-05","Zeitung","Die Zeit, 05.04.1985","Einstein war bewußt a-national, gehörte keinem Staate an, aber Anklänge an eine deutsche Geisteswelt, an eine deutsche Stimmung, sind in diesen Worten Einsteins aus den fünfziger Jahren unüberhörbar."
"271","1970-04-24","Zeitung","Die Zeit, 24.04.1970","Die amerikanischen Schwarzen haben im stillen eine Befreiungsarmee gegründet und kämpfen - mit afrikanischen Geldern und Waffen - für einen eigenen Staat."
"272","1977-06-10","Zeitung","Die Zeit, 10.06.1977","Nur bewiesene, tatsächliche Versuche zum gewalttätigen Sturz der bestehenden Gesellschaft oder zur ""privaten"" Aufhebung des Gemeineigentums werden bestraft werden - wie analoge Straftaten auch im bürgerlichen Staat verfolgt werden."
"273","1981-06-05","Zeitung","Die Zeit, 05.06.1981","Religion und Nation, Kirche und Staat, ja Partei schienen an der Bahre des Kardinalprimas Stefan Wyszynski enger denn je zusammenzurücken - und sei es nur im Bewußtsein der gemeinsamen Gefährdung."
"274","1977-03-04","Zeitung","Die Zeit, 04.03.1977","""Er hat seinen Staat beschmutzt, und deshalb kann er keine Rücksichtnahme erwarten."""
"275","1973-09-14","Zeitung","Die Zeit, 14.09.1973","Boumedienne wollte die zum Teil ja nicht einmal mehr bündnisfreien Staaten - Indiens Pakt mit Moskau ist nur ein Beispiel - wenigstens auf den kleinsten gemeinsamen Nenner bringen."
"276","1984-02-10","Zeitung","Die Zeit, 10.02.1984","So etwas kommt in den Vereinigten Staaten häufiger vor; selbst US-Arbeitsminister Donavan, früher Manager eines Unternehmens, wurde letztens solcher Machenschaften beschuldigt."
"277","1988-10-07","Zeitung","Die Zeit, 07.10.1988","Schmidt ist aber kein unkritischer Bewunderer der Vereinigten Staaten."
"278","1978-11-17","Zeitung","Die Zeit, 17.11.1978","1700 Homosexuellen-Organisationen gibt es heute in den Vereinigten Staaten."
"279","1987-03-13","Zeitung","Die Zeit, 13.03.1987","Perle: Egon Bahr sagt, die Vereinigten Staaten stellen Gorbatschow nicht auf die Probe."
"280","1980-11-21","Zeitung","Die Zeit, 21.11.1980","Der Druck von außen traf sich mit zwei Oppositionsströmungen, nämlich gegen die Moskau-Orientierung des gestürzten Staatspräsidenten Luis Cabral und seine Pläne, Bissau mit den Kapverdischen Inseln zu einem Staat zu verschmelzen."
"281","1987-12-11","Zeitung","Die Zeit, 11.12.1987","Im Verhältnis zu den europäischen Partnern (und auch den Staaten des Commonwealth) bricht dagegen immer wieder nationaler Egoismus durch."
"282","1981-06-26","Zeitung","Die Zeit, 26.06.1981","Moshe Dayan, dem alten Haudegen, schwant Schlimmes: die ""Vulgarisierung des öffentlichen Lebens""; er sieht bereits den ""Staat im Rollstuhl""."
"283","1975-08-01","Zeitung","Die Zeit, 01.08.1975","Staat und Politik sind ihnen weitgehend gleichgültig."
"284","1978-09-08","Zeitung","Die Zeit, 08.09.1978","Die Ökonomie muß freilich schon sehr stark geworden sein, bevor sich der Staat diesen Vertrauensbruch leisten kann."
"285","1989-08-25","Zeitung","Die Zeit, 25.08.1989","Die Aktion gegen die Mafia - wenn sie denn mehr ist als Augenwischerei - hat Auswirkungen auf ganz Lateinamerika und auf die Vereinigten Staaten."
"286","1975-03-14","Zeitung","Die Zeit, 14.03.1975","Eingehende Untersuchungen in zahlreichen Ländern in allen Erdteilen haben ergeben, daß in den Staaten, die die Todesstrafe abgeschafft haben, die Kapitalverbrechen nicht stärker zugenommen haben als in Ländern, die die Todesstrafe noch verhängen."
"287","1972-08-18","Zeitung","Die Zeit, 18.08.1972","Beide Staaten haben ihre Botschafter zu Konsultationen zurückgerufen."
"288","1983-11-11","Zeitung","Die Zeit, 11.11.1983","In keinem Staat der östlichen Karibik sah ich eine derart gut bestückte Schule."
"289","1977-11-11","Zeitung","Die Zeit, 11.11.1977","Vertraut mit der Empfindsamkeit dieses Staates, stieg ich aus der Stadtbahn in Westberlin an jenem Tag des Juli 1959, da in einer westdeutschen Druckerei mein Name auf das Titelblatt von ""Mutmaßungen über Jakob"" gesetzt wurde."
"290","1988-10-07","Zeitung","Die Zeit, 07.10.1988","Das Ob hat Wurzeln in der Staatlichkeit und daher ein Maß an Selbstverständlichkeit; das Zusammenleben der Staaten insgesamt ist eben nicht ohne Gefahren."
"291","1973-10-05","Zeitung","Die Zeit, 05.10.1973","Mehr als ein Dutzend Staaten haben eine afrikanische Republik anerkannt, die einstweilen erst als Willenserklärung einer Freiheitsbewegung existiert: Guinea-Bissau."
"292","1974-08-30","Zeitung","Die Zeit, 30.08.1974","Er war ein Träger des kapitalistischen und absolutistischen Staates zugleich."
"293","1973-09-07","Zeitung","Die Zeit, 07.09.1973","Der Staaten den wir eingefallen waren, um ihn zu vernichten, der zwanzig Millionen Tote - darunter drei bis vier Millionen in deutschen Lagern umgekommene Kriegsgefangene! - zu beklagen hatte, dazu den Verlust von etwa 50 Prozent seiner industriellen und landwirtschaftlichen Produktionskapazität, dieser Staat bot uns Wiedervereinigung in Frieden und Freiheit an und verlangte nicht mehr dafür als den Verzicht auf offene Feindschaft."
"294","1979-03-16","Zeitung","Die Zeit, 16.03.1979","Und das bedeutet, daß die arabischen Staaten mit ihnen keine Geschäfte machen sollen."
"295","1982-03-12","Zeitung","Die Zeit, 12.03.1982","Auch wenn sich die Lage auf dem Auto-Markt in den nächsten Monaten wieder einpendelt, bleibt die Erkenntnis zurück, daß Volkswagens Position in den Vereinigten Staaten weit wackeliger ist, als allgemein vermutet."
"296","1982-02-19","Zeitung","Die Zeit, 19.02.1982","Es ist für ihn selbstverständlich, daß er sich da ""nicht in die vier Wände einschloß und aus der Distanz schrieb"", sondern auf die Straßen ging und beobachtete, wie der Staat mit seinen jüngeren Bürgern fertig zu werden versuchte - statt Dialogbereitschaft Polizeihundertschaften, Gummiknüppel, Tränengas und Plastikgeschosse."
"297","1973-06-29","Zeitung","Die Zeit, 29.06.1973","Wenn die Beziehungen zwischen den Vertragsparteien oder einer Vertragspartei und anderen Staaten zu irgendeinem Zeitpunkt die Gefahr eines nuklearen Konflikts mit sich bringen oder wenn die Beziehungen zwischen Staaten, die nicht Unterzeichner dieses Abkommens sind, die Gefahr eines Atomkrieges zwischen den Vereinigten Staaten von Amerika und der Union der Sozialistischen Sowjetrepubliken oder zwischen einer Vertragspartei und anderen Staaten hervorzurufen scheinen, dann werden die Vereinigten Staaten und die Sowjetunion gemäß den Bestimmungen dieses Abkommens unverzüglich dringende Verhandlungen miteinander beginnen und alles unternehmen, um diese Gefahr abzuwenden..."""
"298","1981-02-13","Zeitung","Die Zeit, 13.02.1981","Wenn der Staat sich als Aktion när betätigt, müssen ihm auch alle Aktionärsrechte und-pflichten zustehen."
"299","1989-10-06","Zeitung","Die Zeit, 06.10.1989","Berechnungen des Magazins Economist zufolge verliert der Staat dadurch insgesamt fünf bis sechs Milliarden Mark."
"300","1970-11-27","Zeitung","Die Zeit, 27.11.1970","Nein, riefen die anderen; sie fürchteten, ein Staat, der die überlieferten Normen abschaffe, mache sich zum Zuhälter des Abstiegs und degradiere das Recht zu einer Prostituierten des Zeitgeistes."
"301","1980-07-18","Zeitung","Die Zeit, 18.07.1980","Dabei wird gedanklich eine weitere, gefährliche Beschleunigung des Verschuldungstempos des Staates in Kauf genommen."
"302","1977-11-04","Zeitung","Die Zeit, 04.11.1977","Aber er ist auch jetzt noch in den Staaten eine Berühmtheit."
"303","1976-07-02","Zeitung","Die Zeit, 02.07.1976","Die Vereinigten Staaten begehen ihre Zweihundertjahrfeier."
"304","1988-09-30","Zeitung","Die Zeit, 30.09.1988","Im Verlaufe der Entwicklung, vor allen Dingen der sich verändernden Beziehungen zwischen den beiden deutschen Staaten - woran beide Seiten ihren positiven Anteil haben -, hat sich die Lage verändert, und wir haben viele Vorkehrungen und Sicherheitsmaßnahmen, die wir sowohl nach Berlin-West wie auch zur BRD hatten, im Prinzip absolut beseitigt, absolut."
"305","1973-08-10","Zeitung","Die Zeit, 10.08.1973","Es betont, der Grundvertrag sei ""kein vereinbarter 'modus vivendi', der in absehbarer Zeit durch eine andere grundsätzliche Neubestimmung des Verhältnisses zwischen diesen beiden Staaten abgelöst werden soll."""
"306","1971-01-29","Zeitung","Die Zeit, 29.01.1971","Die mangelnde Deckungsgleichheit beider Staaten und die Unmöglichkeit, sie zur Deckung zu bringen."
"307","1977-10-21","Zeitung","Die Zeit, 21.10.1977","Die Republik ist in Gefahr, nicht bloß der Staat."
"308","1983-10-14","Zeitung","Die Zeit, 14.10.1983","Bald konstatiert zu Recht, daß die preußische Heerestradition nicht mehr als Vorbild für ein tragfähiges Verhältnis von Armee, Staat und Gesellschaft taugt."
"309","1986-06-27","Zeitung","Die Zeit, 27.06.1986","Sie wollen ihren Staat auch ökonomisch schneller vorwärts bringen - wie zum Beispiel der neunundfünfzigjährige Bezirkssekretär Ernst Timm, der Typ eines erdverbundenen Landesvaters, dem man Vertrauen entgegenbringen kann."
"310","1983-12-02","Zeitung","Die Zeit, 02.12.1983","Das Urteil gegen ihn - neun Monate Gefängnis ohne Bewährung plus 206000 Franken Schadensersatz - soll ruhig bestehen bleiben ""als Dokument dafür, wie ein Staat mit seinen Bürgern umhgeht""."
"311","1977-09-02","Zeitung","Die Zeit, 02.09.1977","Gerade jetzt, da er unter den Hochschulabsolventen die Besten für sich gewinnen könnte, muß der Staat oftmals passen."
"312","1989-08-25","Zeitung","Die Zeit, 25.08.1989","Business Week ermittelte, daß lediglich in vier von 67 Industriezweigen der Vereinigten Staaten die größten Unternehmen auch die ertragreichsten sind."
"313","1976-12-03","Zeitung","Die Zeit, 03.12.1976","""Wer sich auf die Seite des Klassengegners stellt, schlägt selbst hinter sich die Tür zu unserem Staate zu"", und darauf als drittes:"
"314","1976-11-26","Zeitung","Die Zeit, 26.11.1976","Zwischen den Regierungen in Bonn und Ost-Berlin besteht an sich Einvernehmen darüber, daß Korrespondenten im jeweils anderen Staat nicht für das zur Rechenschaft gezogen, werden sollen, was ihre Heimatredaktionen tun."
"315","1979-08-31","Zeitung","Die Zeit, 31.08.1979","Das Entscheidende ist, daß die Treuepflicht gebietet, den Staat und seine geltende Verfassungsordnung, auch soweit sie im Wege einer Verfassungsänderung veränderbar ist, zu bejahen und dies nicht bloß verbal, sondern insbesondere in der beruflichen Tätigkeit dadurch, daß der Beamte die bestehenden verfassungsrechtlichen und gesetzlichen Vorschriften beachtet und erfüllt und sein Amt aus dem Geist dieser Vorschriften heraus führt."
"316","1972-11-24","Zeitung","Die Zeit, 24.11.1972","Der Wunsch, bei der Diskussion über die Zukunft Gesamteuropas als souveräner Staat aufzutreten, erwies sich als stärker denn der Drang, gemeinsam das Gewicht der Gemeinschaft in die KSZE einzubringen."
"317","1987-02-13","Zeitung","Die Zeit, 13.02.1987","Folgerichtig mußte das System verfallen, nachdem die Vereinigten Staaten ihre hegemoniale Stellung eingebüßt hatten."
"318","1982-04-23","Zeitung","Die Zeit, 23.04.1982","Die hinter hohen Zollmauern träge gewordene Wirtschaft, auf Konkurrenz nicht mehr eingestellt, betrachtete es als ihr Gewohnheitsrecht, marode Unternehmen dem Staat anzudienen."
"319","1983-11-25","Zeitung","Die Zeit, 25.11.1983","Die Grünen können ein Lied davon singen, wenn sie - wie Otto Schily - noch vage über die Konturen einer künftigen Identität der deutschen Staaten philosophieren."
"320","1985-11-15","Zeitung","Die Zeit, 15.11.1985","Inzwischen ist Spanien ein föderalistischer Staat von siebzehn Regionen, deren Rechte und Aufgaben in Autonomiestatuten festgeschrieben sind."
"321","1977-06-03","Zeitung","Die Zeit, 03.06.1977","Selbstverwaltung wurde auch zum Organisationsmodell des Staates, in dem sechs Teilrepubliken - Slowenien, Kroatien, Serbien, Bosnien-Herzegowina, Mazedonien und Montenegro - sowie zwei autonome Provinzen - Kosovo und Woiwodina - ein selbständiges Dasein führen."
"322","1987-08-21","Zeitung","Die Zeit, 21.08.1987","Noch vor zwanzig Jahren meinte Bundeskanzler Kiesinger, den Staat drüben ein ""Phänomen"" nennen zu können."
"323","1987-04-03","Zeitung","Die Zeit, 03.04.1987","Darauf hat der Staat reagiert, indem er eine professionelle Arbeitsvermittlung geschaffen hat, die sogar monopolisiert ist bei der Bundesanstalt für Arbeit."
"324","1988-05-06","Zeitung","Die Zeit, 06.05.1988","Seit dem vergangenen Jahr folgt nun der Versuch, auch der Gen-Politik der Firmen und des Staates etwas entgegenzusetzen."
"325","1972-09-29","Zeitung","Die Zeit, 29.09.1972","Noch nie hat ein Staat in den Messehallen eine solche Sonderschau von Konsum- und Investitionsgütern veranstaltet."
"326","1988-03-18","Zeitung","Die Zeit, 18.03.1988","Und die beiden deutschen Staaten könnten Vorbild sein, könnten zeigen, wie zwei Staaten unterschiedlicher Weltanschauung friedlich miteinander leben."
"327","1980-03-28","Zeitung","Die Zeit, 28.03.1980","Es ""könnte dort einen großen jüdischen Staat geben, der Millionen zählen würde""?"
"328","1984-04-06","Zeitung","Die Zeit, 06.04.1984","Privatwirtschaftliche Initiativen, Wachstum zu wagen und Risiken der Zukunft selber zu tragen, wurden abgebaut und statt dessen eine Anspruchsinflation an den Staat aufgebaut."
"329","1976-03-26","Zeitung","Die Zeit, 26.03.1976","So unternahm sie im Falle Portugals nicht einmal den Versuch, die Entstehung eines von Kommunisten beherrschten Staates abzuwenden."
"330","1972-02-25","Zeitung","Die Zeit, 25.02.1972","Darüberhinaus strebt die Bundesregierung an, daß in einem Grundvertrag die besonderen Beziehungen der beiden deutschen Staaten fixiert werden."
"331","1986-01-24","Zeitung","Die Zeit, 24.01.1986","Nun, wo sich die Situation in Europa deutlich gebessert hat und die Vereinigten Staaten eher zu Sorgen Anlaß geben, paßt dieser Begriff nicht mehr so recht."
"332","1983-12-09","Zeitung","Die Zeit, 09.12.1983","Ordensschwestern übersteigen die Zahl der Priester immer noch im Verhältnis zwei zu eins im pastoralen Dienst der katholischen Kirche der Vereinigten Staaten."
"333","1989-11-03","Zeitung","Die Zeit, 03.11.1989","Ihre Fälle stammen allerdings alle aus den Vereinigten Staaten."
"334","1981-10-16","Zeitung","Die Zeit, 16.10.1981","""Und in der Zeitung ist gestanden von der großen Not für das Volk, und die Minister haben gesagt, daß der Staat ein Wohlfahrtsstaat ist und daß das anders werden muß, daß das die Moral untergräbt, und dergleichen mehr."
"335","1980-11-07","Zeitung","Die Zeit, 07.11.1980","An dem Grundsatz one man, one vote sei überhaupt nicht zu denken, sagt auch Regierungschef Botha all seinen schönen Reden zum Trotz, in denen von einer Konföderation oder Konstellation von Staaten im südlichen Afrika mit gemeinsamer südafrikanischer Staatsbürgerschaft für alle gesprochen wird."
"336","1982-06-04","Zeitung","Die Zeit, 04.06.1982","Der Zeitgeist der Vereinigten Staaten tanzt immer noch nach einer Melodie, die zuerst von den ""Gehirntieren"" der Ostküste gesummt wird:"
"337","1982-09-03","Zeitung","Die Zeit, 03.09.1982","Mag sein, daß der Austritt von Kunze, Zwerenz, Fuchs und Matthies die übergroße Empfindlichkeit von Leuten bezeugt, die, dem autoritären Staat entronnen, keinen Sinn für Kompromisse haben:"
"338","1976-09-17","Zeitung","Die Zeit, 17.09.1976","Wieder müssen sich die Palästinenser gegenüber einem arabischen Staat zwischen Anpassung oder Widerstand entscheiden."
"339","1989-09-15","Zeitung","Die Zeit, 15.09.1989","Und je mehr der Exodus via Ungarn die Bedrängnis der Landsleute aus dem anderen deutschen Staat ins allgemeine Bewußtsein gerückt hat, desto mehr ist auch die spontane Hilfsbereitschaft gewachsen."
"340","1988-06-17","Zeitung","Die Zeit, 17.06.1988","Das Gesetz, mit dem Parteien die Spenden für nahezu grenzenlos absetzbar erklärten, war mit hohen verfassungsrechtlichen Risiken behaftet; schließlich hatten die Richter früher einmal judiziert, große Spenden bedeuteten großen politischen Einfluß, den der Staat durch sein Steuerrecht nicht auch noch privilegieren dürfe."
"341","1980-11-14","Zeitung","Die Zeit, 14.11.1980","Die notwendigen Schritte zur Sicherung von Frieden und Entspannung sollten ""auf einer Konferenz über militärische Abrüstung beraten werden"" - für die Einberufung einer solchen Konferenz stellten ""die DDR und die Staaten der sozialistischen Gemeinschaft keinerlei Vorbedingungen"", die Sowjetunion würde weitere 20000 Soldaten aus Mitteleuropa nach Hause schicken, ""falls die USA zu einem Abzug von 13000 ihrer Soldaten"" bereit seien."
"342","1989-03-10","Zeitung","Die Zeit, 10.03.1989","Otto Engelbert charakterisiert den verhängnisvollen Umschwung im Verhältnis des sowjetischen Staates zu den deutschen Kriegsgefangenen nach 1945 mit der Parole:"
"343","1975-06-27","Zeitung","Die Zeit, 27.06.1975","Heißt es, daß die Bürger das Gemeinwesen Bundesrepublik in ihre Herzen aufnehmen, daß sie es lieben sollen wie ihren Nächsten - im deutlichen Gegensatz zu Heinemanns Devise, daß er seine Frau, aber nicht den Staat liebe?"
"344","1985-05-03","Zeitung","Die Zeit, 03.05.1985","Entweder durch den Staat direkt, wie beim Kindergeld, Wohngeld, bei der Sparförderung und vielem anderen; um diese sozialen Wohltaten finanzieren zu können, nützt der Staat beispielsweise die hohen Mehreinnahmen aus der Progression der Lohnsteuer - zu Lasten der Wirtschaft -, und er verschuldet sich hoch - zu Lasten späterer Generationen."
"345","1979-11-16","Zeitung","Die Zeit, 16.11.1979","Es mag sein, daß ""weniger Staat"" diesen Preis verlangt - aber ist es ein Preis, den diejenigen meinen, die weniger Staat verlangen?"
"346","1986-04-25","Zeitung","Die Zeit, 25.04.1986","Die Rechtssprechung habe die Auffassung vertreten, ""daß das... Erbgesundheitgesetz, das auch in ausländischen Staaten Vorbilder hatte und das nach Kriegsende von den Militärregierungen weder aufgehoben noch als aufgehoben behandelt wurde, weder gegen das Naturrecht noch gegen die rechtsstaatlichen Gesetze verstoße""."
"347","1971-07-16","Zeitung","Die Zeit, 16.07.1971","Das Blech, das unsere Straßen immer mehr verstopft, zwingt den Staat zu Milliardenausgaben für den Straßenbau."
"348","1987-11-13","Zeitung","Die Zeit, 13.11.1987","""Es kommen vielleicht noch andere mit auf die Tour"", hatte er mir gesagt, als ich den Ausflug in den Niah-Nationalpark buchte, jenen 3108 Hektar großen Urwald im malaysischen Staat Sarawak."
"349","1987-07-10","Zeitung","Die Zeit, 10.07.1987","Resultat der Vereinbarungen solle auch kein palästinensischer Staat auf dem Westjordanufer sein, sondern eine jordanisch-palästinensische Konföderation."
"350","1985-09-13","Zeitung","Die Zeit, 13.09.1985","Die Fähigkeit zum Abfangen taktischer ballistischer Flugkörper, das heißt der Kurz- und Mittelstreckenraketen, wie sie von den Vereinigten Staaten und der Sowjetunion in Europa aufgestellt worden sind, wird wachsen."
"351","1987-12-04","Zeitung","Die Zeit, 04.12.1987","Zu keinem Zeitpunkt der deutschen Geschichte lebten alle Deutschen in einem deutschen Staat, und noch für Schiller erschien im ausgehenden 18. Jahrhundert der Weg zu einem deutschen Nationalstaat aussichtslos, eben weil ""Deutschland"", ""Volk"" und ""Nation"" nicht identisch sein können."
"352","1984-02-03","Zeitung","Die Zeit, 03.02.1984","Der älteste Präsident der Vereinigten Staaten, der am kommenden Montag seinen 73. Geburtstag feiert, will noch einmal den ungeheuren Streß des Wahlkampfes auf sich nehmen, sich statt dem Urteil der Geschichte erneut dem Spruch der Wähler stellen."
"353","1978-06-09","Zeitung","Die Zeit, 09.06.1978","Jeder Staat, der mit unserer Revolutionsregierung politisch und wirtschaftlich zusammenarbeitet, wird unser Freund sein."
"354","1974-09-27","Zeitung","Die Zeit, 27.09.1974","Ihre Bürger neigten daher weniger dazu, ihre nationalen Einrichtungen für die Quelle aller Weisheit zu halten, und seien sich stärker als manche andere bewußt, ""daß Staaten unvollkommene Gebilde sind""."
"355","1986-05-02","Zeitung","Die Zeit, 02.05.1986","In den Beziehungen zwischen dem Staat und seiner unabhängigen Notenbank darf es keinen Ermessensspielraum geben, weder von Seiten des Staates noch von Seiten der Bank."
"356","1983-02-25","Zeitung","Die Zeit, 25.02.1983","Wenn ich im Bereich Entschwefelungsanlagen Arbeitsplätze schaffen will, kann ich damit dem Staat ungeheure Werte erhalten, die heute für Reparaturleistungen ausgegeben werden."
"357","1984-10-12","Zeitung","Die Zeit, 12.10.1984","Aus ""außenpolitischen Gründen"" hingegen eifern Italiens Sozialdemokraten und Liberale gegen den Minister - fast so heftig wie jüngst deutsche Christdemokraten, als er gegen zwei deutsche Staaten nichts, doch etwas gegen den ""Pangermanismus"" einzuwenden hatte."
"358","1982-01-22","Zeitung","Die Zeit, 22.01.1982","Obwohl, wie gesagt, nicht der wichtigste Widerspruch, ist er doch für den, der ihm ausgesetzt ist, der mit dem Geld des Staates arbeitet und den Staat angreift, der den subversiven Außenseiter zum Gegenstand seiner Arbeit macht und sich selbst zur gleichen Zeit zu einem Komplizen der Macht, ein entscheidender."
"359","1982-09-10","Zeitung","Die Zeit, 10.09.1982","Washington koppelt sich ab von der Politik Jerusalems - auch mit Rücksicht auf die gemäßigten arabischen Staaten wie Saudi-Arabien, Jordanien, Ägypten; sie machen da nicht mehr mit."
"360","1980-05-16","Zeitung","Die Zeit, 16.05.1980","Aber was soll man tun, wenn etwa ein großer Staat, der dann 80 Millionen haben wird, von einem Tag auf den anderen ein solches Papier ignoriert?"
"361","1983-01-07","Zeitung","Die Zeit, 07.01.1983","Noch fehlen die Dezember-Zahlen, aber wahrscheinlich war 1982 ein Rekordjahr im Handel zwischen den beiden deutschen Staaten."
"362","1974-09-06","Zeitung","Die Zeit, 06.09.1974","Auch bei den Genfer Abrüstungsverhandlungen der Vereinten Nationen sind die Rumänen viel aktiver als die meisten Delegationen kleiner Staaten in Erscheinung getreten."
"363","1972-10-13","Zeitung","Die Zeit, 13.10.1972","Ehe die Vereinten Nationen, mit Zustimmung Moskaus, im November 1947 als Ersatz für das britische Mandat die Teilung Palästinas in zwei Staaten beschlossen, hatte der Generalsekretär der Arabischen Liga, Azzam, dem israelischen UN-Vertreter Eban anvertraut: ""Der Nahe Osten muß wie Europa seine eigene Lösung finden - mit Gewalt."""
"364","1975-05-16","Zeitung","Die Zeit, 16.05.1975","Schließlich hat Moynihan gerade erst in der US-Monatsschrift Commentary einen Aufsatz veröffentlicht, in dem er die Tyrannei der ""neuen Mehrheit"" in den Vereinten Nationen beklagte und sein Land aufforderte, der ""Politik des Ressentiments und des Neides"", der die unterbedarfte Majorität der UN-Mitglieder anhänge, eine amerikanische Offensive entgegenzusetzen, dem Egalisierungsprinzip der jungen Staaten das Freiheitsprinzip der alten."
"365","1983-09-23","Zeitung","Die Zeit, 23.09.1983","Der Berliner Pfarrer Rainer Eppelmann, der 1981 den von Staat und Kirche, abgelehnten ""Berliner Appell"" verfaßte, war von Beruf Maurer, wurde 1966 Bausoldat, saß wegen Befehlsverweigerung im Gefängnis, studierte später Theologie und ist seit 1975 Geistlicher."
"366","1973-11-02","Zeitung","Die Zeit, 02.11.1973","Im übrigen scheint der Staat zu erwarten, daß die mittellosen Bürger zu Rechtsanwälten und Rechtsbeiständen gehen, wenn sie rechtlichen Rat benötigen, und daß diese altruistisch denken und Zeit genug haben, um den einkommensschwachen Bürgern auch außerhalb gerichtlicher Verfahren unentgeltlich Rat und Hilfe zu geben."
"367","1986-05-02","Zeitung","Die Zeit, 02.05.1986","Weil Einigkeit allzu stark macht, haben Berber und Araber stets darauf geachtet, daß es nie zu einem Staat im Staate kam."
"368","1984-11-23","Zeitung","Die Zeit, 23.11.1984","Fritz Erler, einer der großen Beweger in der SPD, sprach davon, daß die Sozialdemokraten nicht gegen den Staat kämpften, ""sondern um den Staat, und zwar nicht um einen Staat der fernen Zukunft, nicht erst um den Staat im wiedervereinigten Deutschland, sondern auch und gerade um den Staat in der Bundesrepublik, die wir regieren wollen und werden""."
"369","1976-10-29","Zeitung","Die Zeit, 29.10.1976","Was der Rat der Evangelisch-lutherischen Kirche im Hamburgischen Staate als ""Lehrzuchtverfahren"" bezeichnet, trägt für den 39jährigen Pastor Dr."
"370","1973-05-11","Zeitung","Die Zeit, 11.05.1973","Sie beurteilen deshalb ihren Staat weit kritischer als jüngere DDR-Bürger, die ihr Bild von der Bundesrepublik von den eigenen Zeitungen und aus den Magazinsendungen des Westfernsehens beziehen."
"371","1982-04-23","Zeitung","Die Zeit, 23.04.1982","Wie steht es um das Verhältnis zu den Vereinigten Staaten?"
"372","1974-02-08","Zeitung","Die Zeit, 08.02.1974","Schmidt: Die Sowjetunion ist da gegenüber Europa in der gleichen Position wie die Vereinigten Staaten."
"373","1976-05-07","Zeitung","Die Zeit, 07.05.1976","Heute muten beispielsweise die Wahlempfehlungen des vom Staat reichlich mit Dotationen versehenen Klerus (siehe auch Konkordat in Bayern) wie Relikte längst vergangener Zeiten an, in denen die christliche Kirche die Geschicke des Abendlandes bestimmte."
"374","1978-08-18","Zeitung","Die Zeit, 18.08.1978","Ungarn hat weniger wirtschaftliche Sorgen als die anderen kommunistischen Staaten."
"375","1982-04-30","Zeitung","Die Zeit, 30.04.1982","""Ich bin ohne Vorbedingungen bereit zu Gesprächen auf der Grundlage, die zwischen Kirche und Staat vereinbart wird."""
"376","1987-11-27","Zeitung","Die Zeit, 27.11.1987","Das Erdöl ist und bleibt vorerst aber die wichtigste Einnahmequelle für den Staat, der vierzig Prozent seines Haushalts damit finanziert."
"377","1974-09-06","Zeitung","Die Zeit, 06.09.1974","Es scheint jedoch, als würden beide Staaten dieser Frage weniger demonstrative Dringlichkeit beimessen als früher."
"378","1976-08-27","Zeitung","Die Zeit, 27.08.1976","Müßten nicht gerade die Professoren auf Grund ihrer Ausbildung, ihres Wissens und ihres geistigen Zuschnitts das allgemeine Interesse des Staates höher einordnen als ihre eigenen Belange"
"379","1989-04-07","Zeitung","Die Zeit, 07.04.1989","Dafür wurde er vom Spielkontrollausschuß des Staates Nevada mit einer Geldbuße in Höhe von rund drei Millionen Mark belegt."
"380","1985-12-20","Zeitung","Die Zeit, 20.12.1985","Die privaten Geldgeber sehen es dabei als selbstverständlich an, nicht nur einen ""Anstoß"" zu geben und es dann dem Staat zu überlassen, wie er mit den Folgekosten fertig wird, sondern ihre Stiftung so auszustatten, daß sie für die laufenden Betriebs- und Personalkosten selber aufkommen kann."
"381","1985-10-11","Zeitung","Die Zeit, 11.10.1985","Zum Studium leistete der verarmte Staat keine finanzielle Hilfe, von einer Ermäßigung der Gebühren abgesehen, welche nach erfolgreichen Semesterprüfungen gewährt wurde."
"382","1981-04-10","Zeitung","Die Zeit, 10.04.1981","""Es ist auch für das werktätige polnische Volk ein wahres Glück, daß zwischen der imperialistischen BRD und der Volksrepublik Polen die sozialistische DDR - dieser stabile sozialistische Staat auf deutschem Boden - liegt."""
"383","1977-03-18","Zeitung","Die Zeit, 18.03.1977","Aber in dem Maße, in dem die Menschen im Ostblock davon Gebrauch machen wollen, beginnen die Regierungen in den Staaten des Warschauer Pakts diese in ihrer Intensität unerwartete Folge zu konterkarieren und sich gegen westliche Einflüsse wieder abzuschotten."
"384","1979-11-30","Zeitung","Die Zeit, 30.11.1979","Befiehlt mir heute der Staat mit Strafandrohungen, den Gurt anzulegen, damit ich mich nicht tot- oder zum Krüppel fahre, zwingt er mir morgen ein wollenes Halstuch auf, damit ich mich nicht erkälte."
"385","1988-12-09","Zeitung","Die Zeit, 09.12.1988","In den Vereinigten Staaten machen sie mit Röntgengeräten, Computertomographen, Herzschrittmachern, Zahnarztstühlen oder Hörgeräten nicht nur Gewinn, sondern auch rund dreißig Prozent ihres Gesamtgeschäfts - mehr als auf dem deutschen Markt."
"386","1986-02-21","Zeitung","Die Zeit, 21.02.1986","Bis jetzt wurden in Kanada, den Vereinigten Staaten und Europa über 30 triazinresistente Unkräuter gefunden."
"387","1989-03-24","Zeitung","Die Zeit, 24.03.1989","Aufnahmen der US-Raumfähre Discovery, in der vergangenen Woche veröffentlicht, zeigen die Rauchwolke, die inzwischen so groß ist, daß sie alle Staaten der Europäischen Gemeinschaft verhüllen könnte."
"388","1989-03-24","Zeitung","Die Zeit, 24.03.1989","Industrialisierung, politische Kämpfe in Europa vor Ausbruch des Ersten Weltkriegs und die Macht des Staates - beschrieben am Beispiel Sowjetunion - enden im Nichts."
"389","1971-02-19","Zeitung","Die Zeit, 19.02.1971","Können zwei Staaten ihre Gegensätze nicht überwinden, so produziert die Diplomatie am Ende, um nicht alle Fäden abreißen zu lassen, ein Kulturabkommen."
"390","1971-03-05","Zeitung","Die Zeit, 05.03.1971","Die damalige SPD-Opposition beantragte im Bundestag, daß die Bundesrepublik in Zukunft völlig auf militärische Lieferungen an Staaten außerhalb der Nato verzichten sollte."
"391","1979-03-09","Zeitung","Die Zeit, 09.03.1979","Inzwischen war in Iran der Schah gestürzt, fand die palästinensische Befreiungsbewegung, die unter Auszehrung gelitten hatte, in dem Regime Chomeinis einen wichtigen Verbündeten und Geldgeber, fielen schwere Zweifel auf den Willen und das Vermögen der Vereinigten Staaten, im Nahen Osten eine stabilisierende und ordnende Rolle zu spielen."
"392","1985-09-13","Zeitung","Die Zeit, 13.09.1985","Die Sowjetunion würde nicht zu verminderter, sondern zu erhöhter Offensivrüstung veranlaßt (wie umgekehrt auch die Vereinigten Staaten)."
"393","1976-08-13","Zeitung","Die Zeit, 13.08.1976","Neuer Anlaß für die Verschärfung der dreijährigen Spannungen zwischen den beiden arabischen Staaten: ein Bombenanschlag gegen das Einwohnermelde- und Paßamt im Zentrum Kairos."
"394","1978-12-01","Zeitung","Die Zeit, 01.12.1978","Ausgemerzt sind alle Passagen, die die ""Pflichten"" und ""Verantwortungen"" der Staaten gegenüber den Medien kodifizieren sollten; übriggeblieben sind ebenso hehre wie vage Wünsche, die niemandem wehtun."
"395","1983-09-02","Zeitung","Die Zeit, 02.09.1983","""Als während des konfessionellen Bürgerkrieges im 17. Jahrhundert die widerstreitenden Konfliktparteien sich nicht einigen konnten, wurde der politische Friede dadurch wiederhergestellt, daß sich der Staat aus der Sphäre der religiösen Streitigkeiten herauszog."
"396","1989-02-10","Zeitung","Die Zeit, 10.02.1989","Nicht Sache des Staates"
"397","1975-03-14","Zeitung","Die Zeit, 14.03.1975","die Anerkennung einer ""Wirtschaftszone"" von 200 Seemeilen (einschließlich der Hoheitsgewässer), jedoch mit der Auflage an die Entwicklungsländer, diese Zone anderen (Industrie-) Staaten zu öffnen, sofern sie selber keine erschöpfende Nutzung der verfügbaren Meeres- und Bodenschätze garantieren können."
"398","1989-04-07","Zeitung","Die Zeit, 07.04.1989","""Gerade wenn wir langfristig mehr Markt und mehr Wettbewerb im Kassensystem wollen, muß der Staat zunächst ordnend eingreifen, um Chancengleichheit zu gewährleisten"", meint Ökonom Henke."
"399","1977-07-29","Zeitung","Die Zeit, 29.07.1977","Noch in der Schlußabstimmung fanden nicht einmal die Vertreter des bayerischen Staates zu einer einmütigen Meinung."
"400","1985-03-01","Zeitung","Die Zeit, 01.03.1985","Sind normale Beziehungen zwischen den beiden Staaten, ist ein friedliches Nebeneinander der antagonistischen Systeme überhaupt denkbar?"
"401","1988-06-24","Zeitung","Die Zeit, 24.06.1988","""Ich denke nicht daran, etwas aufzugeben, was der nationalsozialistische Staat auf Grund seiner Lebensgesetze für sich in Anspruch nehmen muß"", beschied er am 8. September den Kardinal."
"402","1977-11-18","Zeitung","Die Zeit, 18.11.1977","Jochimsen: Gerade der sehr große Nachholbedarf an Bildung hat die Probleme noch verstärkt, denn es war die Bildungsexpansion selbst, die den Staat zur Einstellung der Mehrzahl der Hochschulabsolventen veranlaßt hat."
"403","1978-08-25","Zeitung","Die Zeit, 25.08.1978","So selbstverständlich diese Bereitschaft für Jugoslawien ist und wie Rumänien sie zu haben behauptet - daß Moskaus Feind sie in diesen Staaten pries, war weder der rumänischen noch der jugoslawischen, Führung recht."
"404","1988-03-11","Zeitung","Die Zeit, 11.03.1988","Und die Möglichkeit des militärischen Eingreifens wird von den Vereinigten Staaten in der Hinterhand gehalten."
"405","1987-10-16","Zeitung","Die Zeit, 16.10.1987","Arias Sanchez darf es sich als persönliches Verdienst anrechnen, daß sich Anfang August die Präsidenten der fünf zentralamerikanischen Staaten Guatemala, Honduras, El Salvador, Nicaragua und Costa Rica in Guatemala-Stadt auf einen Friedensplan für ihre Region verständigt haben."
"406","1984-01-27","Zeitung","Die Zeit, 27.01.1984","In den Vereinigten Staaten spricht man von der underdass und kann es nicht fassen, daß sie, in der reichsten Gesellschaft der Welt, ständig wächst."
"407","1983-01-21","Zeitung","Die Zeit, 21.01.1983","Dort fordert die Gewerkschaft, daß ein Hersteller, der 100000 Autos in den Vereinigten Staaten verkauft, zehn Prozent davon im Lande bauen muß, bei 200000 Autos sollen es zwanzig Prozent sein, bei 300000 Autos dreißig Prozent und so weiter."
"408","1979-11-02","Zeitung","Die Zeit, 02.11.1979","Gerade für die jungen Staaten sei die Souveränität unantastbar."
"409","1987-08-07","Zeitung","Die Zeit, 07.08.1987","Hier wie im Rest der Welt entscheidet immer häufiger der Staat über den Erhalt von Arbeitsplätzen - und nicht nur das."
"410","1978-09-15","Zeitung","Die Zeit, 15.09.1978","Industrie, Gemeinden und Staat griffen tief in die Tasche - doch plötzlich kamen den Bauherren Zweifel an der Rentabilität des Projekts."
"411","1989-07-14","Zeitung","Die Zeit, 14.07.1989","Machtkonstellationen ändern sich - aufgrund von sozioökonomischen und ideellen oder ideologischen Veränderungen und infolge von Personenwechseln an den Steuerrädern der Staaten."
"412","1982-05-14","Zeitung","Die Zeit, 14.05.1982","Je weniger der Staat seinen ""Vertragsverpflichtungen"" nachkommen konnte, je mehr verließ er sich auf die Hilfe der Geheimpolizei."
"413","1985-08-02","Zeitung","Die Zeit, 02.08.1985","Haftrichter sind nicht dazu da, Versäumnisse des Staates auszubügeln."
"414","1982-01-29","Zeitung","Die Zeit, 29.01.1982","Ohne das Bündnis mit den Vereinigten Staaten hätten die Bundesdeutschen indessen kaum die Freiheit, an der Politik der Sowjetunion und der USA Kritik üben zu können."
"415","1987-04-03","Zeitung","Die Zeit, 03.04.1987","""Wir müssen auf der Hut sein vor Trends in den Vereinigten Staaten, die unserer Sicherheit schaden können - vielleicht nicht heute oder morgen, aber auf lange Sicht."""
"416","1970-01-30","Zeitung","Die Zeit, 30.01.1970","Um ein ""klareres Bild von dem Verhältnis der Bürger der DDR zu ihrem Staat zu gewinnen"", plant der Verlag Hoffmann und Campe eine umfangreiche Dokumentation von ""Briefen aus der DDR""."
"417","1976-09-03","Zeitung","Die Zeit, 03.09.1976","Doch. eine seiner geschäftlichen Interessen, die Verkaufsförderung von Flugzeugen, hat er in einer Art verfolgt, die mit seinen Pflichten gegenüber dem Staat nicht mehr in Einklang zu bringen war."
"418","1988-04-29","Zeitung","Die Zeit, 29.04.1988","Wie in den Vereinigten Staaten ist gleichzeitig mit intensiverem Anbau auf"
"419","1972-01-07","Zeitung","Die Zeit, 07.01.1972","Die Vereinigten Staaten haben beschlossen, 40 Phantom-Jagdbomber und 86 Skyhawks an Israel zu liefern."
"420","1982-06-11","Zeitung","Die Zeit, 11.06.1982","Bei der Subventionierung der Wohnungswirtschaft etwa, die den Staat gut zwanzig Milliarden Mark im Jahr kostet, ist jegliches Maß verlorengegangen: auf der einen Seite gibt es noch immer den überflüssigen ""Bauherren-Paragraphen"" 7 b, auf der anderen Seite aber wird der Bau von Einfamilienhäusern steuerlich erschwert."
"421","1972-10-20","Zeitung","Die Zeit, 20.10.1972","Durch die konsequente Umpolung des Nationalgedankens auf den Sozialismus, wie er in der Formel vom sozialistischen Nationalstaat DDR seinen aktuellen Ausdruck findet, glaubt die DDR eine Gegenposition gegen die Auffassung der Bundesrepublik aufgebaut zu haben, die deutsche Nation bestehe trotz der Teilung Deutschlands in zwei Staaten mit unterschiedlichen Gesellschaftssystemen weiter fort."
"422","1982-01-08","Zeitung","Die Zeit, 08.01.1982","Auch wenn das ""Gesetz 590"" des Staates Arkansas Gott nicht beim Namen nennt, argumentierte der als Zeuge der Bürgerrechtler geladene Chicagoer Theologe Langdon Gilkey, so sei doch das First Amendment, die bindende Trennung von Kirche und Staat, verletzt."
"423","1983-10-07","Zeitung","Die Zeit, 07.10.1983","Obwohl in Deutschland seit 1974, in den EG-Ländern und in den Vereinigten Staaten von Amerika seit 1978 die Verwendung von technischem Lindan für forstliche, landwirtschaftliche und tiermedizinische Zwecke verboten ist, enthält die Milch vieler junger Mütter immer noch HCH."
"424","1988-09-16","Zeitung","Die Zeit, 16.09.1988","Junge Menschen entscheiden sich nicht für Kinder, weil Vater Staat ihnen für Ungemach und Schlaflosigkeit, finanzielle Belastung und schulischen Ärger einen Ausgleich zahlt."
"425","1977-06-24","Zeitung","Die Zeit, 24.06.1977","Portugal kann sich rühmen, das Sorgenkind Nummer eins der westlichen Welt zu sein - kein Land erhält nämlich so viele Auslandskredite pro Kopf der Bevölkerung wie der iberische Staat."
"426","1976-09-24","Zeitung","Die Zeit, 24.09.1976","Sie liegt deutlich über 40 Prozent und damit etwa in gleicher Höhe wie in Holland und in anderen mittel- und westeuropäischen Staaten."
"427","1973-07-20","Zeitung","Die Zeit, 20.07.1973","Beide berufen sich dabei auf Lenin, der in ""Staat und Revolution"" schrieb, der Imperialismus führe in der Epoche des Hinüberwachsens vom Kapitalismus in den staatsmonopolistischen Kapitalismus zu einer ungewöhnlichen Stärkung der Staatsmaschinerie, zum unerhörten Anwachsen ihres Beamten- und Militärapparats."
"428","1977-09-09","Zeitung","Die Zeit, 09.09.1977","Papa Staat wird es schon richten."
"429","1986-12-05","Zeitung","Die Zeit, 05.12.1986","Die Mischung ethnischer Gruppierungen in den Vereinigten Staaten hat zu einer Bereicherung unserer Sprache, Küche, Künste und Möglichkeiten der Problemlösung geführt, die in der Welt einzigartig ist."
"430","1974-08-16","Zeitung","Die Zeit, 16.08.1974","Das sogenannte Parteienprivileg des Grundgesetzes soll nicht in ein Individualprivileg umgemünzt werden dürfen, das Links- oder Rechtsradikalen den Zugang zum Staatsdienst trotz erkennbarer Untreue gegenüber dem Staat eröffnet."
"431","1975-01-24","Zeitung","Die Zeit, 24.01.1975","Hinter dem Steuerrad saß ein junger Beduine mit einem Schriftstück, dessen Inhalt die bis dahin machtlose Gruppe reaktionärer, radikaler und untereinander heillos zerstrittener Regenten ölreicher Staaten so empörte, daß sie kurz darauf das mächtigste Kartell unserer Zeit zusammenschmiedeten: die Organisation erdölproduzierender Staaten (OPEC)."
"432","1985-12-27","Zeitung","Die Zeit, 27.12.1985","Und obwohl es vor allem die schwierige Wirtschaftslage war, die den irischen Wähler bedrückte, blieb für den Wirtschaftsfachmann Fitz-Gerald, den Universitätsdozenten der Nationalökonomie, die Umwandlung Irlands in einen modernen pluralistischen Staat, den auch nordirische Protestanten eines Tages als ""Heimat"" würden annehmen können, das höhere Ziel."
"433","1974-04-26","Zeitung","Die Zeit, 26.04.1974","Der stolze bayerische Löwe mußte in den vergangenen Jahren in den Vereinigten Staaten Haare lassen."
"434","1972-06-02","Zeitung","Die Zeit, 02.06.1972","Als erstes verlangt Cefis, daß der Staat Betriebe für die 14000 überflüssigen Arbeitskräfte errichtet, damit Montedison die alten Fabriken endlich schließen kann."
"435","1983-11-25","Zeitung","Die Zeit, 25.11.1983","Das war wohl auch die Absicht von James Lee Jenkins, als er die im Südwesten des Staates Minnesota gelegene Farm kaufte und sich dafür in hohe Schulden stürzte."
"436","1983-11-04","Zeitung","Die Zeit, 04.11.1983","Das aber wird in absehbarer Zeit nachteilige Folgen für diesen Staat und seine Bürger haben."
"437","1979-10-26","Zeitung","Die Zeit, 26.10.1979","Vereinigte Staaten"
"438","1987-08-28","Zeitung","Die Zeit, 28.08.1987","35 Medizinstudenten der Universität Maryland in den Vereinigten Staaten nahmen an der Studie teil."
"439","1985-10-18","Zeitung","Die Zeit, 18.10.1985","Wenn man sich daran erinnert, daß Thron und Altar Generationen lang eine enge Symbiose bildeten, und daß es gerade die protestantische Kirche war, die den hierarchischen Staat trug und stützte, während die katholische Kirche seit dem Kulturkampf sich ihm gegenüber skeptisch und ablehnend verhielt, dann ist es verblüffend, daß dies heute genau umgekehrt ist."
"440","1985-11-15","Zeitung","Die Zeit, 15.11.1985","Eureka hat - zumindest von der Erfindung her - einen gewissen Geburtsfehler, der darin liegt, daß die Idee nur vom Staat her initiiert wurde."
"441","1988-04-22","Zeitung","Die Zeit, 22.04.1988","Im bestehenden System wird der ganzen Bevölkerung suggeriert, daß selbst Spitzenverdiener des umfassenden Schutzes des Staates bedürfen, um im Alter hinlänglich gesichert zu sein."
"442","1971-02-12","Zeitung","Die Zeit, 12.02.1971","Es folgten Gabun, das über Uran und andere wertvolle Bodenschätze verfügt, und Kamerun, wo aus, französischem und englischem Mandat ein mehrsprachiger Staat zusammengewachsen ist, in dem der französische Einfluß heute überwiegt."
"443","1976-07-02","Zeitung","Die Zeit, 02.07.1976","Hans Friderichs schützt die Marktwirtschaft und möchte den Staat auf ein Minimum an dirigistischen Eingriffen beschränken."
"444","1988-09-23","Zeitung","Die Zeit, 23.09.1988","Ist Führung durch ein einzelnes politisches Land denkbar, wenn man dabei von den Vereinigten Staaten absieht?"
"445","1976-02-06","Zeitung","Die Zeit, 06.02.1976","Es ist selbstverständlich, daß der Staat auch beim Ausbau seiner Bildungsinstitutionen nicht über seine Verhältnisse leben kann."
"446","1974-01-04","Zeitung","Die Zeit, 04.01.1974","Einzelne Unternehmer erklärten sich öffentlich zur Übergabe ihres Betriebes an den Staat bereit, die anderen schwiegen bedrückt."
"447","1974-04-26","Zeitung","Die Zeit, 26.04.1974","Der Präsident warnte die Staaten der Alten Welt, sich gegen Amerika ""zusammenzurotten"", sonst würde der militärische Schutzschirm, den Washington noch immer über Europa aufgespannt hält, eben zusammengeklappt und weggestellt."
"448","1981-04-10","Zeitung","Die Zeit, 10.04.1981","Das Geld beschafft sich der Staat zu einem Teil durch Einfuhrzölle für importierte Nahrungsmittel."
"449","1987-03-06","Zeitung","Die Zeit, 06.03.1987","Helmut Schmidt war es, der zuerst die neue Rechtslage mit der Aufnahme beider deutscher Staaten zum Abschluß brachte, und später die westliche Welt gegen Breschnjews Versuch alarmierte, Westdeutschland und Westeuropa unter den Druck sowjetischer Mittelstreckenwaffen zu setzen."
"450","1984-04-06","Zeitung","Die Zeit, 06.04.1984","Existenzgründer werden vom Staat aus vielen Töpfen gefordert Bringen neue Betriebe frischen Schwung in alte Branchen?"
"451","1987-09-25","Zeitung","Die Zeit, 25.09.1987","Auch der Kriegszustand zwischen Israel und den meisten arabischen Staaten dauert nun schon bald vierzig Jahre."
"452","1975-11-14","Zeitung","Die Zeit, 14.11.1975","Er sah eine Chance, sein Lieblingsthema auf höchster Ebene zu besprechen: die Überwindung der weltweiten Wirtschaftskrise unter entschlossener Führung der Vereinigten Staaten."
"453","1989-09-29","Zeitung","Die Zeit, 29.09.1989","Das gekonnte Show-Management des jungen Politikers überzeugte den mächtigsten Mann im Staate - Roberto Marinho, den Hugenberg der brasilianischen Republik, den Medienzar des ""Globo""-Konzerns."
"454","1989-12-08","Zeitung","Die Zeit, 08.12.1989","In den letzten zehn Jahren hat New York 159000 Arbeitsplätze in der Leichtindustrie verloren - keine andere Stadt in den Vereinigten Staaten hat einen so abrupten Strukturwandel erlebt."
"455","1970-11-27","Zeitung","Die Zeit, 27.11.1970","Die Vielzahl dieser Berichte bestätigt die wachsende Bedeutung wie die zunehmende Gefährlichkeit der schwarzen Revolutionsbewegung in den Vereinigten Staaten."
"456","1985-12-27","Zeitung","Die Zeit, 27.12.1985","Keinem Staat, mit dem Bonn darüber verhandelt, kann daran gelegen sein, daß er so ins Gerede kommt."
"457","1975-03-21","Zeitung","Die Zeit, 21.03.1975","Vor einem Jahrtausend, als Staaten noch längst nicht das Bewußtseinsniveau von heute erreicht hatten, als sie noch naiv, kindlich und deshalb ""brutal"" handelten, wurden ""Geiseln"" gegeben, nicht: genommen; der Sinn war: Verträge zu festigen."
"458","1980-02-22","Zeitung","Die Zeit, 22.02.1980","Wenn sich der Staat trotzdem schwertut, qualifizierte Jung-Ingenieure, insbesondere Absolventen von Fachhochschulen, zu finden, so ist der Grund mit in der mangelhaften Besoldung der Beamten im Vorbereitungsdienst der Laufbahnen des gehobenen aber auch des höheren technischen Dienstes zu sehen."
"459","1989-12-29","Zeitung","Die Zeit, 29.12.1989","In den Vereinigten Staaten mehren sich zwar die Anzeichen für einen Konjunkturdampfer, weltweit gibt es jedoch kaum Anlaß für Pessimismus."
"460","1987-07-10","Zeitung","Die Zeit, 10.07.1987","ZEIT: Was bedeutet dies für unser Verhältnis mit den Vereinigten Staaten?"
"461","1980-10-10","Zeitung","Die Zeit, 10.10.1980","Staaten sollen sich jeglichen politischen, wirtschaftlichen und militärischen Drucks auf andere Staaten enthalten."
"462","1989-03-10","Zeitung","Die Zeit, 10.03.1989","Unser Staat hat ja leider geglaubt, der Herausforderung durch den Terrorismus dadurch begegnen zu müssen, daß er Rechte einschränkt, was ich für eine falsche Antwort halte."
"463","1978-05-05","Zeitung","Die Zeit, 05.05.1978","Der frühere SPD-Abgeordnete Frank Haenschke, dessen Hartnäckigkeit in einem eher gleichgültigen Parlament überhaupt erst das BDSG durchdrückte, brachte in einem Vortrag ein Beispiel aus den Vereinigten Staaten: ""So wurde 1958 in den USA aus je 280 Daten von 239 Neugeborenen - meist Gruppenmerkmalen wie Herkunft der Eltern, Familienverhältnissen - vorausgesagt, welches der 239 Babys später einmal mit dem Gesetz in Konflikt geraten mag."
"464","1980-11-21","Zeitung","Die Zeit, 21.11.1980","Und im Unterschied zu anderen von ihm besiegten Stadtstaaten behandelte er diesen Staat nicht großmütig, sondern demütigend."
"465","1985-04-19","Zeitung","Die Zeit, 19.04.1985","Die Hauptstadt des neutralen Staats ist denn auch Sitz von Präsidium und Generalsekretariat der Organisation, die Österreicher selber fuhren seit jeher deren Geschäfte, unterstützt von den touristischen Vertretern der anderen Mitgliedsstaaten in Wien."
"466","1974-09-13","Zeitung","Die Zeit, 13.09.1974","Seit 1967 gilt die alte Flüchtlingskonvention von 1951 zeitlich unbegrenzt für alle Menschen, die in ein anderes Land flüchten (bisher nur von 58 Staaten ratifiziert); aus demselben Jahr stammt eine von den Vereinten Nationen angenommene Asyl-Deklaration, die allerdings noch nicht rechtsverbindlich ist; 1957 wurde zum erstenmal auch ein Katastrophen-Fonds eingerichtet (mit 500000 Dollar); zudem darf der Hochkommissar inzwischen auch in dringenden Fällen selber aktiv werden."
"467","1984-10-05","Zeitung","Die Zeit, 05.10.1984","Aber er war nicht nur mitgegangen, mitgefangen in einem Staat, der aus dem Ruder lief, und nicht der Kriegstechnokrat, der sich, ähnlich wie die Besatzungen in den Booten, um das Geschehen hinter dem Horizont seines Kartentisches nicht scheren konnte."
"468","1982-11-26","Zeitung","Die Zeit, 26.11.1982","Ich glaube, daß die Erfahrung der siebziger Jahre dazu geführt hat, daß sich diese Philosophie des Mißtrauens gegenüber dem Staat so verstärkt und gerade auch in den Vereinigten Staaten mit zum Wahlerfolg von Reagan geführt hat."
"469","1973-08-17","Zeitung","Die Zeit, 17.08.1973","Kann es dem Staat zugemutet werden, Radikale, die sich offen als Feinde der Verfassung bekennen, beschäftigen zu müssen, nur weil ein Spruch des Bundesverfassungsgerichts fehlt?"
"470","1983-08-19","Zeitung","Die Zeit, 19.08.1983","Der ""neue Realismus"" im volkreichsten Staat Afrikas"
"471","1971-07-09","Zeitung","Die Zeit, 09.07.1971","""Ich glaube, daß Israel mit uns ein Interesse daran hat, daß die Beziehungen aller in den Nahost-Konflikt verwickelten Länder zu allen anderen Staaten so schnell und so umfassend wie möglich normalisiert werden."
"472","1983-05-13","Zeitung","Die Zeit, 13.05.1983","Denn der Straßenkampf gegen den Staat - siehe Brokdorf, Startbahn West, Kalkar, - sei auf Dauer zum Scheitern verurteilt; Anerkennung, wenn auch widerwillige, des Parlamentarismus tue schon allein aus diesem Grunde not."
"473","1974-04-26","Zeitung","Die Zeit, 26.04.1974","1973 haben wir gesehen, daß die Schocktherapie für die Vereinigten Staaten und für Europa eine schlechte Behandlung war."
"474","1981-04-03","Zeitung","Die Zeit, 03.04.1981","Einmal sind hier in Berlin die Allergien gen zuviel Staat besonders groß, zum anderen gibt es in Berlin besonders viel Staat."
"475","1984-10-12","Zeitung","Die Zeit, 12.10.1984","""Dem europäischen Gleichgewicht"", so hat Wilhelm von Humboldt dieses Problem schon 1816 in einer Denkschrift formuliert, ""würde durchaus entgegengearbeitet, wenn in die Reihe der europäischen Staaten, außer den größeren deutschen einzeln genommen, noch ein neuer collectiver in einer nicht durch gestörtes Gleichgewicht aufgeregten, sondern gleichsam willkürlichen Tätigkeit eingeführt würde, der bald für sich handelte, bald einer oder der anderen größeren Macht zur Hülfe oder zum Vorwande diente."
"476","1975-05-02","Zeitung","Die Zeit, 02.05.1975","Und es gehörte wenig Phantasie dazu vorauszusagen, daß noch viele Terrorangriffe folgen würden, sollte die Selbstliquidation des südvietnamesischen Staates sich hinauszögern."
"477","1985-01-18","Zeitung","Die Zeit, 18.01.1985","Der Verkehrsminister propagiert Verkehrserziehung anstelle von Verkehrsberuhigung und Tempolimit - und wenn dann irgendwann die Friedensbewegung wieder sichtbarer und für den Staat und dessen Repräsentanten bedrohlicher wird, gibt es auch wieder Zuschüsse für friedenspädagogische Seminare."
"478","1989-10-13","Zeitung","Die Zeit, 13.10.1989","Noch nie in der Geschichte ist ein Staat auf so lächerliche Weise in die Krise geraten wie die DDR."
"479","1989-05-12","Zeitung","Die Zeit, 12.05.1989","""Das bürgerliche Zeitalter ist dahin"", schrieb Kurt Tucholsky zu einer Zeit, als die meisten europäischen Staaten noch bürgerlich regiert wurden (1920), ""was jetzt kommt, weiß niemand."""
"480","1983-08-05","Zeitung","Die Zeit, 05.08.1983","Die Grundsätze der Außen- und Innenpolitik des Sowjetstaates, die Lebensverhältnisse, die wirklichen Möglichkeiten, Stimmungen, Träume, Wünsche all der sehr unterschiedlichen Menschengruppen, die von diesem Staat regiert werden, bleiben den meisten Menschen im Westen unbekannt oder werden mißverstanden und mißgedeutet."
"481","1985-04-19","Zeitung","Die Zeit, 19.04.1985","Er will mit dem Präsidenten der Vereinigten Staaten die Geste der Versöhnung zelebrieren, wie er es mit Präsident Mitterrand über den Gräbern von Verdun getan hat."
"482","1986-05-09","Zeitung","Die Zeit, 09.05.1986","Die Ausgaben mußten gekürzt und neue Einnahmequellen gefunden werden, denn der norwegische Staat hatte durch den rasanten Fall der Ölpreise binnen weniger Monate ein Fünftel seiner Einnahmen verloren."
"483","1981-01-09","Zeitung","Die Zeit, 09.01.1981","Vielleicht erlischt dann eines Tages wirklich das iranische Interesse an den Geiseln, und die Vernunft in der Beurteilung der Beziehungen zu den Vereinigten Staaten gewinnt an Boden."
"484","1989-05-12","Zeitung","Die Zeit, 12.05.1989","Anscheinend wurde das Selbstbewußtsein, das Ronald Reagans Amerika acht Jahre lang zur Schau stellte, von vielen Intellektuellen nicht geteilt: Ihnen gilt heute die innere Legitimität ihrer Kultur als ebenso bedroht wie die außenpolitische Vormachtstellung ihres Staates."
"485","1989-06-16","Zeitung","Die Zeit, 16.06.1989","Dafür komme in anderen Staaten den gewerkschaftlichen Vertretern in den Betrieben eine größere Bedeutung zu."
"486","1973-03-02","Zeitung","Die Zeit, 02.03.1973","Auch die Glaubwürdigkeit des Wirtschaftssystems wie der Demokratie gerät in Gefahr - dies sollte nicht übersehen werden -, wenn der Verdacht entsteht, daß multinationale Konzerne und multinationale Kartelle sich den Regeln des Wettbewerbs wie den Gesetzen der Staaten entziehen, weil sie in rechtsfreien Räumen operieren oder mangels ausreichender Überprüfbarkeit zumindest ungestraft manipulieren können."
"487","1983-06-10","Zeitung","Die Zeit, 10.06.1983","Schmidt hat zu einer Zeit geschrieben, als von Erholung noch keine Spur war; er befürwortete eine expansivere Politik in den Vereinigten Staaten als Teil einer ""konzertierten Aktion"" mehrerer führender Industrieländer."
"488","1974-06-14","Zeitung","Die Zeit, 14.06.1974","Wenn dem einen vom Staat fast für die gleichen Aufwendungen dreimal soviel Steuern erlassen werden wie dem anderen, dann ist das schon ein Wort."
"489","1980-10-31","Zeitung","Die Zeit, 31.10.1980","""Da ist ein richtiges Komplott im Gange: Staat, öffentlich-rechtliche Rundfunkanstalten, Gewerkschaften und Parteien möchten das gewaltige Ausmaß, in dem die Technik erlaubt, Meinungsvielfalt in Funk und Fernsehen tatsächlich durchzusetzen, vom öffentlichen."
"490","1980-10-17","Zeitung","Die Zeit, 17.10.1980","In dem Land, in dem die Phrasen der Marktwirtschaft fast schon zum Bestandteil der freiheitlich-demokratischen Grundordnung gemacht werden, bleibt der Staat dennoch fest und unverrückbar auf allen anderen Bereichen des gesellschaftlichen Lebens sitzen."
"491","1980-03-28","Zeitung","Die Zeit, 28.03.1980","Muß der Staat zum Benzinsparen zwingen?"
"492","1970-01-16","Zeitung","Die Zeit, 16.01.1970","Es kann ein Staat, eine Regierung, ein Außenamt ja nichts anderes tun, als sich für das Wünschbare offen zu halten und seinen Teil dafür zu leisten, mit gutem Willen, aber ohne Illusionen."
"493","1987-12-11","Zeitung","Die Zeit, 11.12.1987","Weimar war zuerst und zu Recht ""ihr Staat""."
"494","1982-08-20","Zeitung","Die Zeit, 20.08.1982","Weniger Verständnis können dagegen führende Gewerkschafter erwarten, die ebenfalls laut nach Vater Staat rufen und dazu auch noch eine Arbeitsplatzgarantie verlangen."
"495","1979-05-11","Zeitung","Die Zeit, 11.05.1979","""Wir können unser Land nicht entwickeln ohne die Hilfe befreundeter Staaten - und dazu zählen wir die Bundesrepublik"", erklärt Mansur al Turki, der stellvertretende Finanzminister."
"496","1986-12-05","Zeitung","Die Zeit, 05.12.1986","Die niederschmetternde Erfahrung des Nationalsozialismus, gekoppelt mit einer aufgeklärten amerikanischen Politik und der Großzügigkeit einzelner Amerikaner in den Nachkriegsjahren, führten dazu, daß viele Deutsche, besonders unter der jungen Generation, die Vereinigten Staaten als Modell ansahen."
"497","1985-03-08","Zeitung","Die Zeit, 08.03.1985","Aber ein neues Regime macht keinen neuen Staat."
"498","1983-08-05","Zeitung","Die Zeit, 05.08.1983","Sie wäre nicht nur für die Vereinigten Staaten unannehmbar, sondern auch für Paris, London und Bonn."
"499","1979-10-12","Zeitung","Die Zeit, 12.10.1979","Das Bild des ""Schlafenden Löwen"", der seine Pranken jederzeit gegen die zivile Gewalt erheben kann, hat deshalb in Spaniens Öffentlichkeit ebenso Eingang gefunden wie die immer wiederkehrende Erinnerung an den deutschen Reichswehr-General von Seeckt, der das Militär der Weimarer Republik einmal als ""Staat im Staate"" beschrieb."
"500","1972-03-03","Zeitung","Die Zeit, 03.03.1972","So wenig also die Armee Israels ein ""Staat im Staate"" ist oder dazu werden könnte, ist sie doch eine ""Schule der Nation"" - freilich in einem vorteilhaften Sinn dieses sonst so fragwürdigen Begriffs."
