"No.","Date","Genre","Bibl","Hit"
"1","1944-09-07","Zeitung","Archiv der Gegenwart, Bd. 14, 07.09.1944, S. 6514 [ff.]. Zit. n. CD-ROM-Ausgabe 2001.","Auf ihrer Reise nach Tschungking ( 6495 C ) trafen der Leiter des Kriegsproduktionsamtes der Vereinigten Staaten, Donald Nelson, und Generalmajor Patrick Hurley in Begleitung des chinesischen Generalleutnants Tschu am 31. August in Moskau ein."
"2","1933-05-05","Zeitung","Archiv der Gegenwart, Bd. 3, 05.05.1933, S. 823 [ff.]. Zit. n. CD-ROM-Ausgabe 2001.","Der italienische Sonderdelegierte, Minister Jung, erklärte bei seiner Ankunft in den Vereinigten Staaten, daß Italien die Revision der Verträge als notwendige Öffnung eines Sicherheitsventils betrachte, und daß man den Mut zu offener Aussprache finden müsse."
"3","1939-11-10","Zeitung","Archiv der Gegenwart, Bd. 9, 10.11.1939, S. 4311 [ff.]. Zit. n. CD-ROM-Ausgabe 2001.","Glücklicherweise gibt es noch viele neutrale Staaten."
"4","1939-12-31","Wissenschaft","Jahresberichte für deutsche Geschichte, 1939, S. 570","Mechelens overwegende rol in de stichting van den Burgondischen Staat."
"5","1945-11-30","Gebrauchsliteratur","o. A.: Neunter Tag. Freitag, 30. November 1945. In: Der Nürnberger Prozeß, Berlin: Directmedia Publ. 1999 [1945], S. 2069","Die Vereinigten Staaten dürfen jetzt den Zeugen aufrufen, den sie aufrufen wollen."
"6","1933-05-22","Zeitung","Archiv der Gegenwart, Bd. 3, 22.05.1933, S. 852 [ff.]. Zit. n. CD-ROM-Ausgabe 2001.","Ungarn sei an diesem Erfolg um so mehr interessiert, als dadurch die gegenwärtige Reihung der europäischen Staaten in verschiedene Rangklassen aufgehoben würde."
"7","1934-03-24","Zeitung","Archiv der Gegenwart, Bd. 4, 24.03.1934, S. 1349 [ff.]. Zit. n. CD-ROM-Ausgabe 2001.","Keiner beiden Staaten ist Mitglied des Völkerbundes. ( L. B. Hedschas 1272 C, Jemen 1279 B )"
"8","1945-11-20","Gebrauchsliteratur","o. A.: Erster Tag. Dienstag, 20. November 1945. In: Der Nürnberger Prozeß, Berlin: Directmedia Publ. 1999 [1945], S. 1221","4. daß die Führerschaft der Nazi-Partei als der einzige Träger der vorangehenden und anderer Lehrsätze der Nazi-Partei berechtigt sei, den inneren Aufbau, die Politik und Gebaren des deutschen Staates zu lenken, die Tätigkeiten aller Einzelpersonen innerhalb des Staates zu überwachen und alle Gegner zu vernichten."
"9","1934-01-16","Zeitung","Archiv der Gegenwart, Bd. 4, 16.01.1934, S. 1230 [ff.]. Zit. n. CD-ROM-Ausgabe 2001.","Der Goldvorrat des Staates werde zum Ausgleich der Spitzen im internationalen Zahlungsverkehr dienen oder aber für ein internationales Abkommen über die Neuverteilung des gesamten Münzgoldes der Welt herangezogen werden."
"10","1938-09-12","Zeitung","Archiv der Gegenwart, Bd. 8, 12.09.1938, S. 3718 [ff.]. Zit. n. CD-ROM-Ausgabe 2001.","Die Zustande in diesem Staat sind, wie allgemein bekannt, unerträglich."
"11","1935-08-31","Zeitung","Archiv der Gegenwart, Bd. 5, 31.08.1935, S. 2202 [ff.]. Zit. n. CD-ROM-Ausgabe 2001.","Nach übereinstimmenden Meldungen aus Addis Abeba, die zuerst vom "" Daily Telegraph "" gebracht wurden, hat der Negus von Abessinien einer amerikanischen Finanzgesellschaft, und zwar der im Staate Delaware ( USA. ) registrierten "" African Exploitation and Development Corp "", durch Vermittlung des englischen Finanziers F. W. Ricket eine Konzession zur Ausbeutung aller Vorkommen an Mineralien und Öl ( 2197 F/ II ) auf die Dauer von 75 Jahren übertragen, und zwar in einer Zone, die im Osten des Landes fast die Hälfte des Gesamtterritoriums umfaßt."
"12","1936-07-04","Zeitung","Archiv der Gegenwart, Bd. 6, 04.07.1936","Der sowjetrussische Volkskommissar Litwinow verwies darauf, daß die Sanktionen gegen Italien nutzlos geworden seien, da die dafür in Betracht kommenden Staaten zu einer militärischen Aktion nicht bereit waren."
"13","1934-08-28","Zeitung","Archiv der Gegenwart, Bd. 4, 28.08.1934","Staat und Kommunen können jedoch hiervon keinen Gebrauch machen."
"14","1945-03-25","Zeitung","Archiv der Gegenwart, Bd. 15, 25.03.1945, S. 6730 [ff.]. Zit. n. CD-ROM-Ausgabe 2001.","In der Erklärung wird auch ein militärisches Zusammenwirken der amerikanischen Staaten zur gemeinsamen Verteidigung der westlichen Hemisphäre gegen künftige Aggressionen angeregt."
"15","1937-07-02","Zeitung","Archiv der Gegenwart, Bd. 7, 02.07.1937, S. 3117 [ff.]. Zit. n. CD-ROM-Ausgabe 2001.","Die Aufrechterhaltung der Drei-Mächte-Währungsvereinbarung ( siehe 2742 C ) auch nach der Loslösung der Franc-Währung vom Gold ( siehe 3114 B ) wurde durch Erklärungen des britischen Schatzkanzlers Sir John Simon und des amerikanischen Schatzsekretärs Morgenthau an den französischen Finanzminister Bonnet ausgesprochen. ( L. B. Frankreich 3114 B, England 3104 F, Vereinigte Staaten 3079 B, Währungsfragen 3108 D. )"
"16","1939-12-31","Wissenschaft","Jahresberichte für deutsche Geschichte, 1939, S. 606","Wir haben unser Rheinland im 14. Jh. jenseits der Grenzen unseres neuen großen Staates belassen und sind im Ergebnis der durch Kleinpolen unternommenen Expansion nicht nur zu ihm zurückgekehrt, sondern haben darüber hinaus den Rest unserer Mutterlandschaften der Bedrohung ausgesetzt. « ( Rez. v. H. Bellée, Balt. Stud. N. F. 40 [ 1938 ], S. 264. ) -- Oskar Halecki untersucht » Die jagiellonische Idee « ( Idea jagiełłońska, Kw. Hist. 51 [ 1937 ], H. 1/2, S. 486--510 ), in ihrer dynastischen und staatlichen Bedeutung."
"17","1934-04-07","Zeitung","Archiv der Gegenwart, Bd. 4, 07.04.1934","Prinzip auf wirtschaftlichem Gebiet sei für die Regierung daß dem Staat im Wirtschaftsleben die Rolle der Leitung und der Kontrolle zufalle, daß er aber nicht selbst zu wirtschaften wünsche."
"18","1945-03-27","Zeitung","Archiv der Gegenwart, Bd. 15, 27.03.1945, S. 154 [ff.]. Zit. n. CD-ROM-Ausgabe 2001.","Laut Exchange forderte Präsident Roosevelt in einer Botschaft an den Kongreß, daß das Handelsvertragsgesetz ( Trade Agreements Act ) ( 16 E ) vom Jahre 1934, das bereits dreimal verlängert wurde und am 12. Juni 1945 abläuft, in einer Form verlängert werde, die es den amerikanischen Vertretern bei Handelsverhandlungen ermöglicht, die amerikanischen Zölle stärker als bisher herabzusetzen, da der Warenaustausch der Vereinigten Staaten mit seinen Vertragsländern durch erhöhte Zölle gehemmt werde."
"19","1943-07-19","Zeitung","Archiv der Gegenwart, Bd. 13, 19.07.1943","Am 5. Juli gab das DNB bekannt, daß seit dem Kriegseintritt der Vereinigten Staaten ( 8. Dezember 1941 ) durch See- und Luftstreitkräfte der Dreierpaktmächte 2754 britische und amerikanische Handelsschiffe mit fast 17 Mill."
"20","1939-12-31","Wissenschaft","Jahresberichte für deutsche Geschichte, 1939, S. 362","Seine dem jüdischen Geist eigene Fähigkeit, ein fertiges, in juristische Formeln gekleidetes System als scheinbare Lösung der Probleme darzubieten, mit denen der deutsche Staat rang, hat Stahl den ungeheuren Einfluß in der Politik und der Wissenschaft eingebracht."
"21","1938-04-16","Zeitung","Archiv der Gegenwart, Bd. 8, 16.04.1938, S. 3520 [ff.]. Zit. n. CD-ROM-Ausgabe 2001.","Nach einer Berechnung des Industrial Conference Board belief sich das Volkseinkommen der Vereinigten Staaten im Jahre 1937 auf 67,5 Milliarden Dollar gegen 64 Milliarden im Jahre 1936, 55 Milliarden im Jahre 1935, 51 Milliarden im Jahre 1934 und 46 Milliarden im Jahre 1933. ( L. B. 3515 A. )"
"22","1936-12-18","Zeitung","Archiv der Gegenwart, Bd. 6, 18.12.1936, S. 2856 [ff.]. Zit. n. CD-ROM-Ausgabe 2001.","Anläßlich der Debatte verwies Außenminister Beck darauf, daß Polen das Recht Litauens auf Ausbau seines eigenen Staates voll respektiere."
"23","1945-11-20","Gebrauchsliteratur","o. A.: Erster Tag. Dienstag, 20. November 1945. In: Der Nürnberger Prozeß, Berlin: Directmedia Publ. 1999 [1945], S. 1221","4. daß die Führerschaft der Nazi-Partei als der einzige Träger der vorangehenden und anderer Lehrsätze der Nazi-Partei berechtigt sei, den inneren Aufbau, die Politik und Gebaren des deutschen Staates zu lenken, die Tätigkeiten aller Einzelpersonen innerhalb des Staates zu überwachen und alle Gegner zu vernichten."
"24","1940-11-23","Zeitung","Archiv der Gegenwart, Bd. 10, 23.11.1940, S. 4786 [ff.]. Zit. n. CD-ROM-Ausgabe 2001.","Die Gläubiger des Staates werden nicht in bar, sondern in diskontierbaren Tratten bezahlt, um zu verhindern, daß die staatliche Finanzierung der Wirtschaft ein übertriebenes Anschwellen des Notenumlaufes zur Folge habe."
"25","1938-03-04","Zeitung","Völkischer Beobachter (Berliner Ausgabe), 04.03.1938","Eine bemerkenswerte Zahl, gemessen an den Beschäftigungsziffern anderer europäischer Staaten."
"26","1937-05-11","Zeitung","Archiv der Gegenwart, Bd. 7, 11.05.1937","Im Anschluß an die Zerstörung des Luftschiffes "" Hindenburg "" ( 3046 G ) gab die Regierung der Vereinigten Staaten bekannt, daß sie unter gewissen Voraussetzungen bereit sei, genügende Mengen von explosionssicherem Heliumgas, dessen Ausfuhr bisher gesperrt war, an Deutschland zu verkaufen."
"27","1935-11-06","Zeitung","Archiv der Gegenwart, Bd. 5, 06.11.1935, S. 2291 [ff.]. Zit. n. CD-ROM-Ausgabe 2001.","Bei den Wahlen zum Repräsentantenhaus im Staate New York erhielten die Republikaner 33 ( bisher 73 ) und die Demokraten 7 ( 77 ) Sitze."
"28","1945-08-25","Zeitung","Archiv der Gegenwart, Bd. 15, 25.08.1945, S. 396 [ff.]. Zit. n. CD-ROM-Ausgabe 2001.","Diese beiden Staaten äußerten ihre Meinung bezüglich der bevorstehenden Wahlen und deren Rückwirkung auf den Friedensvertrag."
"29","1933-07-28","Zeitung","Archiv der Gegenwart, Bd. 3, 28.07.1933, S. 956 [ff.]. Zit. n. CD-ROM-Ausgabe 2001.","-- Von der neuemittierten Schatzscheinanleihe nimmt der Staat zunächst nur 10 Mill."
"30","1934-03-12","Zeitung","Archiv der Gegenwart, Bd. 4, 12.03.1934, S. 1329 [ff.]. Zit. n. CD-ROM-Ausgabe 2001.","Der Anteil dieser Automobilsteuern an den gesamten Steuereinnahmen der Vereinigten Staaten ( Bundesstaat, Einzelstaaten und Gemein den ) wird mit 11 % angegeben."
"31","1934-09-19","Zeitung","Archiv der Gegenwart, Bd. 4, 19.09.1934, S. 1635 [ff.]. Zit. n. CD-ROM-Ausgabe 2001.","Diese Arbeit sei nunmehr auf eine andere Stelle übergegangen, da Staat und Partei inzwischen eins geworden seien. ( L. B. Katholizismus 1453 B, Parteiorganisation 1603 A. )"
"32","1939-12-31","Wissenschaft","Elias, Norbert: Über den Prozeß der Zivilisation - Soziogenetische und psychogenetische Untersuchungen Bd. 2, Frankfurt a. M.: Suhrkamp 1992 [1939], S. 122","Bleibt also noch die Aufgabe, die Grundzüge jenes Triebwerks von Prozessen aufzuzeigen, kraft deren einem der großen Feudal- oder Territorialherrn, dem König, ein Übergewicht über die anderen gegeben wurde und die Chance, eine stabilere Herrschaftsapparatur über ein Gebiet, das viele Territorien umfaßt, einen "" Staat "" zu lenken."
"33","1941-05-26","Zeitung","Archiv der Gegenwart, Bd. 11, 26.05.1941","Roosevelt hat seinen Standpunkt für diese neue Entwicklung der Politik von Vichy klar umschrieben ( 5026 B ), und die Regierung der Vereinigten Staaten hat bereits eine Reihe von Präventivmaßnahmen hinsichtlich der in den Hafen der USA liegenden französischen Handelsschiffe ergriffen ( 5027 A )."
"34","1944-04-01","Zeitung","Archiv der Gegenwart, Bd. 14, 01.04.1944, S. 6326 [ff.]. Zit. n. CD-ROM-Ausgabe 2001.","In dieser Erklärung heißt es u.a.., die Außenpolitik der Vereinigten Staaten gründe sich auf eine Politik der gutnachbarlichen Beziehungen unter den Nationen auf der Basis von Freiheit, Gleichheit, Gerechtigkeit und Sittlichkeit."
"35","1941-12-11","gesprochen","Hitler, Adolf, Unsere Gegner sollen sich nicht täuschen!, in: Philipp Bouhler (Hg.), Der großdeutsche Freiheitskampf - Band 3, München: Eher [1941], S. 113-148","In dem unerschütterlichen Entschluß, die Waffen nicht niederzulegen, bis der gemeinsame Krieg gegen die Vereinigten Staaten von Amerika und England zum erfolgreichen Ende geführt worden ist, haben sich die Deutsche Regierung, die Italienische Regierung und die Japanische Regierung über folgende Bestimmungen geeinigt:"
"36","1935-07-15","Zeitung","Archiv der Gegenwart, Bd. 5, 15.07.1935, S. 2139 [ff.]. Zit. n. CD-ROM-Ausgabe 2001.","Die deutschen Frontkämpfer würden ihr Bestes tun, um das Wort des Reichskanzlers vom 21. Mai 1935 zu verwirklichen, daß die deutsche Regierung aufrichtig die Absicht habe, alles zu tun, um zum britischen Volke und Staat ein Verhältnis zu finden, das eine Wiederholung des Kampfes zwischen den beiden Nationen für immer verhindern werde."
"37","1934-07-13","Zeitung","Archiv der Gegenwart, Bd. 4, 13.07.1934, S. 1526 [ff.]. Zit. n. CD-ROM-Ausgabe 2001.","4. Der Entwurf eines Mittelmeerpaktes, dem Rußland, die Türkei, Rumänien, Griechenland und Italien angehören sollen ( von anderen Staaten, wie Bulgarien, Jugoslawien, Albanien, Spanien, war bisher nicht die Rede ), wurde in Berlin und Warschau nicht überreicht, obwohl nach Pressemeldungen auch dieser Paktentwurf ein Gegenstand der Londoner Beratungen ( 1517 J ) war."
"38","1939-04-26","Zeitung","Archiv der Gegenwart, Bd. 9, 26.04.1939, S. 4038 [ff.]. Zit. n. CD-ROM-Ausgabe 2001.","Es sei auch der Plan der Regierung, im Kriegsfall einen Teil der Gewinne zugunsten des Staates zu beschlagnahmen. ( L. B. 4037 A )."
"39","1939-02-22","Zeitung","Archiv der Gegenwart, Bd. 9, 22.02.1939, S. 3950 [ff.]. Zit. n. CD-ROM-Ausgabe 2001.","Chamberlain zitierte sodann einen Abschnitt aus den Lebenserinnerungen Lord Greys, in dem es heißt, daß jede Regierung ihre eigenen Rüstungsmaßnahmen als Verteidigung ansieht und jene anderer als Angriffsvorbereitungen verdächtigt, und betonte, daß er es als Pflicht seiner Regierung ansehe, jede Gelegenheit zu ergreifen, andere Regierungen zu einer Beendigung einer Situation zu veranlassen, welche bei ihrer Fortdauer den Bankrott aller europäischen Staaten zur Folge haben müsse."
"40","1936-12-31","Wissenschaft","Jahresberichte für deutsche Geschichte, 1936, S. 597","Auf allen Gebieten des Staates, der Wirtschaft und der Kultur wurden erhebliche Anstrengungen gemacht, um die Kriegsschäden zu überwinden und gesunde Verhältnisse wieder herzustellen."
"41","1937-03-18","Zeitung","Archiv der Gegenwart, Bd. 7, 18.03.1937, S. 2977 [ff.]. Zit. n. CD-ROM-Ausgabe 2001.","Zwischen den beiden Staaten wurde ein neuer Handelsvertrag abgeschlossen. ( L. B. Italien 2976 J, Argentinien 2895 F. )"
"42","1944-05-03","Zeitung","Archiv der Gegenwart, Bd. 14, 03.05.1944, S. 6362 [ff.]. Zit. n. CD-ROM-Ausgabe 2001.","Am 3. Mai berichtete die Presse, daß zwischen den Vereinigten Staaten und Island ein neues Handelsabkommen unterzeichnet wurde."
"43","1939-05-26","Zeitung","Archiv der Gegenwart, Bd. 9, 26.05.1939, S. 4080 [ff.]. Zit. n. CD-ROM-Ausgabe 2001.","Der portugiesische Ministerpräsident Dr. Salazar betonte in einer Rede vor der Nationalversammlung am 22. Mai, daß Großbritannien die nunmehr erfolgte Befriedung der iberischen Halbinsel besonders schätzen müsse, da der eine der beiden Staaten auf dieser Halbinsel ( Portugal ) ein alter Verbündeter und der andere Staat stets ein Freund Großbritanniens war."
"44","1936-10-16","Zeitung","Archiv der Gegenwart, Bd. 6, 16.10.1936, S. 2768 [ff.]. Zit. n. CD-ROM-Ausgabe 2001.","Eine amtliche Erklärung des amerikanischen Schatzsekretärs Morgenthau besagt, daß die Vereinigten Staaten bereit seien, Gold zu einem bestimmten Preis ( und zwar 35 Doller je Unze Feingold + 1/4 % Unkostenersatz ) an die Stabilisierungsfonds bestimmter Länder abzugeben."
"45","1939-12-31","Wissenschaft","Elias, Norbert: Über den Prozeß der Zivilisation - Soziogenetische und psychogenetische Untersuchungen Bd. 2, Frankfurt a. M.: Suhrkamp 1992 [1939], S. 148","Das Privatmonopol Einzelner vergesellschaftet sich; es wird zu einem Monopol ganzer Gesellschaftsschichten, zu einem öffentlichen Monopol, zum Zentralorgan eines Staates."
"46","1943-01-15","Zeitung","Archiv der Gegenwart, Bd. 13, 15.01.1943","[...] Nach wochenlangen Debatten wobei Staatssekretär Hull ( 4857 A ), Kriegsminister Stimson ( 4859 A, 4879 A ), Marineminister Knox ( 4859 A ), der frühere Botschafter der Vereinigten Staaten in London Kennedy ( 4859 B, 4879 A ), Willkie ( 4861 B, 4891 D ) und Finanzminister Morgenthau ( 4869 A, 4876 G ) für die Gesetzesvorlage, die damals kurz als "" Englandhilfe-Gesetz "" bezeichnet wurde, und Senator Wheeler ( 4861 B ) und Oberst Lindbergh ( 4863 H ) sich gegen die Gesetzesvorlage aussprachen, wurde der Entwurf der Gesetzesvorlage am 9. Februar 1941 im Repräsentantenhaus ( 4886 D, 4929 D ) und in der Nacht vom 8. zum 9. März 1941 im Senat angenommen ( 4923 E ). [...]"
"47","1939-08-08","Zeitung","Archiv der Gegenwart, Bd. 9, 08.08.1939","Man habe aber trotzdem die Hoffnung nicht aufgegeben, daß England den sowjetrussischen Vorschlägen über die Einbeziehung Finnlands und der baltischen Staaten in die Paktpläne nicht zustimmen werde."
"48","1945-06-28","Zeitung","Archiv der Gegenwart, Bd. 15, 28.06.1945, S. 299 [ff.]. Zit. n. CD-ROM-Ausgabe 2001.","4. Annahme gewisser Grenzveränderungen auf dem Balkan zugunsten kleinerer Staaten."
"49","1939-03-13","Zeitung","Archiv der Gegenwart, Bd. 9, 13.03.1939, S. 3976 [ff.]. Zit. n. CD-ROM-Ausgabe 2001.","Führer übernimmt auf Übergang der vollzie- Ersuchen Schutz Slowa- henden Gewalt an deut- kischen Staates; deut- sche Wehrmacht."
"50","1933-01-13","Zeitung","Archiv der Gegenwart, Bd. 3, 13.01.1933, S. 652 [ff.]. Zit. n. CD-ROM-Ausgabe 2001.","Der Vorsitzende des Rates der Volkskommissare führte über den zweiten Fünfjahrplan, bezw. über dessen erstes Jahr 1933 aus, daß die Kapitalanlagen des Staates für Industrie und Landwirtschaft im Jahre 1933 auf 18 Milliarden Rubel ( 1932: 17,5 ), die Industrieproduktion auf 34,0 ( 29,5 ) Milliarden, die Zahl der täglich verladenen Waggons auf 58.000 ( 50.500 ) und die Staatseinnahmen auf 34,7 ( 30,0 ) Milliarden steigen sollen."
"51","1943-10-12","Zeitung","Archiv der Gegenwart, Bd. 13, 12.10.1943, S. 6133 [ff.]. Zit. n. CD-ROM-Ausgabe 2001.","Die einzelnen Luftverkehrslinien sollen von privaten Unternehmern und nicht vom Staate betrieben werden."
"52","1937-08-14","Zeitung","Archiv der Gegenwart, Bd. 7, 14.08.1937","Der Zionistenkongreß ( 3161 A ) nahm am 11. August mit 300 gegen 158 Stimmen bei sieben Stimmenthaltungen und in Abwesenheit von 20 Delegierten eine Resolution an, die den Teilungsvorschlag in der von der Royal Commission beantragten Form ( 3125 A ) ablehnt, die zionistische Exekutive jedoch ermächtigt, mit der englischen Regierung zwecks Klärung der für die Gründung eines jüdischen Staates vorgeschlagenen Bedingungen in Unterhandlungen zu treten."
"53","1943-01-01","Zeitung","Völkischer Beobachter (Berliner Ausgabe), 01.01.1943","Deshalb brauchen wir auch die starken schöpferischen Spannungen im Volke, die der Führerschaft des Staates die Waage halten und zusammen mit ihr die grobe schöpferische Spannung bilden, die den Sozialismus und die Volksgemeinschaft und eine nicht trotz, sondern wegen der Führerschaft des Staates "" freie "" Wirtschaft schaffen."
"54","1939-12-31","Wissenschaft","Elias, Norbert: Über den Prozeß der Zivilisation - Soziogenetische und psychogenetische Untersuchungen Bd. 2, Frankfurt a. M.: Suhrkamp 1992 [1939], S. 132","3. Der Mechanismus der Staatenbildung - im neueren Sinn des Wortes "" Staat "" - ist, wie gesagt, im europäischen Raum, wo die Gesellschaft aus einer vorwiegend naturalwirtschaftlichen Phase kontinuierlich in eine geldwirtschaftliche gelangt, in großen Zügen immer der gleiche."
"55","1941-12-31","Gebrauchsliteratur","Wiehle, Hermann u. Harm, Marie: Lebenskunde für Mittelschulen - Klasse 3, Halle u. a.: Schroedel u. a. 1941, S. 138","Der Bienenstaat ist ein vollkommener Staat."
"56","1940-12-31","Wissenschaft","Jahresberichte für deutsche Geschichte, 1940, S. 465","1. die Universität der Reichsstadt in den Jahren 1621--1681, eine im gesamten volksdeutschen Raume wurzelnde Hochschule von einzigartiger Bedeutung weit über die Grenzen des Reiches, 2. die deutsche Hochschule im französischen Staat 1681--1793 im Wettbewerb gegen die bischöfliche Universität und gegen die langsame Verwelschung der juristischen Fakultät bis zum Zerfall in der Revolutionszeit."
"57","1945-12-04","Gebrauchsliteratur","o. A.: Zwölfter Tag. Dienstag, 4. Dezember 1945. In: Der Nürnberger Prozeß, Berlin: Directmedia Publ. 1999 [1945], S. 2408","Darin erklärten die vertragschließenden Parteien feierlich, daß » sie in ihren gegenseitigen Beziehungen oder in den Beziehungen anderer Staaten zueinander Angriffskriege verurteilten «."
"58","1941-02-13","Zeitung","Archiv der Gegenwart, Bd. 11, 13.02.1941, S. 4891 [ff.]. Zit. n. CD-ROM-Ausgabe 2001.","Wenn die Vereinigten Staaten keine wirksame Hilfe leisteten, könnte England untergehen."
"59","1933-09-02","Zeitung","Archiv der Gegenwart, Bd. 3, 02.09.1933, S. 1012 [ff.]. Zit. n. CD-ROM-Ausgabe 2001.","[...], daß sich beide Staaten gegenseitig nicht in ihre innerpolitischen Angelegenheiten einmischen werden, daß keiner der beiden Vertragspartner, sei es allein, sei es mit Dritten zu den Waffen gegen den anderen Staat greifen wird und irgend etwas gegen den anderen Staat unternehmen oder dessen Isolierung herbeiführen wird, daß im Falle der eine Partner mit einer dritten Macht in Konflikt gerät, der andere Partner Neutralität bewahrt, daß eine gegenseitige wirtschaftliche oder Kreditblockade und ein Abschluß von wirtschaftlichen und politischen Verträgen zum wirtschaftlichen Nachteil des anderen Vertragsteils ausgeschlossen erscheint, daß jedoch die von den beiden Staaten bereits abgeschlossenen Abkommen mit anderen Staaten im Interesse des allgemeinen Friedens hievon nicht berührt werden. [...]"
"60","1941-05-20","Zeitung","Archiv der Gegenwart, Bd. 11, 20.05.1941, S. 5029 [ff.]. Zit. n. CD-ROM-Ausgabe 2001.","Grenzvertrag: In dem Wunsche, die Grenzen zwischen dem Königreich Italien und dem Königreich Kroatien zu bestimmen, und entschlossen, eine territoriale Regelung zu treffen, welche die sichere Grundlage einer engen Zusammenarbeit zwischen den beiden Staaten bilden wird, haben die italienische und die kroatische Regierung folgendes vereinbart:"
"61","1945-04-27","Zeitung","Archiv der Gegenwart, Bd. 15, 27.04.1945, S. 195 [ff.]. Zit. n. CD-ROM-Ausgabe 2001.","[...] "" Die Regierungen der Südafrikanischen Union, der Vereinigten Staaten von Amerika, Australiens, Belgiens, Canadas, Chinas, der Tschechoslowakei, des Vereinigten Königreiches Großbritannien und Nordirland, Griechenlands, Indiens, Luxemburgs, Niederlands, Neuseelands, Norwegens, Polens, der Sowjetunion und Jugoslawiens und das Französische Nationalkomitee richten hiermit an alle, die daran interessiert sind und besonders an die betreffenden Personen in den neutralen Ländern die Warnung, daß sie die Absicht haben alles in ihrer Macht stehende zu tun, um die Enteignungsmethoden der Regierungen, mit denen sie im Kriege stehen, gegenüber Ländern und Völkern, die angegriffen und ausgeplündert wurden, zunichte zu machen. [...]"
"62","1941-02-02","Zeitung","Archiv der Gegenwart, Bd. 11, 02.02.1941","-- Staatssekretär Hull erklärte zu diesen Ausführungen, daß die Exporte der Vereinigten Staaten nach der Sowjetunion viel zu gering seien, als daß sie militärischen Wert für Deutschland haben könnten. ( L. B. England, Außenpolitik 4868 D; Vereinigte Staaten: Außenpolitik 4876 G, Außenhandelspolitik 4852 A. )"
"63","1941-11-20","Zeitung","Archiv der Gegenwart, Bd. 11, 20.11.1941, S. 5276 [ff.]. Zit. n. CD-ROM-Ausgabe 2001.","Artikel 2: Sämtliche deutschen Schlüsselindustrien und Werke der Schwerindustrie werden unter strenge Bewachung gestellt, und deutsche Arbeiter werden durch Arbeiter aus den alliierten Staaten ersetzt."
"64","1936-05-28","Zeitung","Archiv der Gegenwart, Bd. 6, 28.05.1936","-- In der Presse wird darauf verwiesen, daß die beiden Staaten, die durch Pakte mit Frankreich verbunden sind und gute Beziehungen zu Deutschland erstreben, den gleichen Wunsch haben, nicht in die politischen Spannungen zwischen den Großmächten verwickelt zu werden."
"65","1933-08-23","Zeitung","Archiv der Gegenwart, Bd. 3, 23.08.1933, S. 994 [ff.]. Zit. n. CD-ROM-Ausgabe 2001.","Präsident Roosevelt erklärte in einem Interview, er sei davon überzeugt, daß der Kongreß sich bereit erklären werde, die Neutralität der Vereinigten Staaten gegenüber einer Angreifernation in wirtschaftlicher Hinsicht aufzugeben."
"66","1941-03-03","Zeitung","Archiv der Gegenwart, Bd. 11, 03.03.1941","Der neue japanische Botschafter in den Vereinigten Staaten Nomura, erklärte auf einer Pressekonferenz in Washington am 20. Februar, daß ein Krieg zwischen den Vereinigten Staaten und Japan zu vermeiden sei."
"67","1935-12-31","Belletristik","Langhoff, Wolfgang: Die Moorsoldaten, Stuttgart: Verl. Neuer Weg 1978 [1935], S. 46","Zum Schutz von Volk und Staat."
"68","1940-10-15","Zeitung","Archiv der Gegenwart, Bd. 10, 15.10.1940","Erst vor kurzem hat der britische Staat für die Fortentwicklung der Kolonien und ihrer Völker 55 Mill."
"69","1941-12-31","gesprochen","Hitler, Adolf, Und von jetzt ab wird Bombe mit Bombe vergolten!, in: Philipp Bouhler (Hg.), Der großdeutsche Freiheitskampf - Band 1, München 1941 [1939], S. 19-27","Die neutralen Staaten, sie haben uns ihre Neutralität an sich versichert, genau so wie wir sie ihnen schon vorher garantierten."
"70","1941-11-14","Zeitung","Archiv der Gegenwart, Bd. 11, 14.11.1941","( L. B. Vereinigte Staaten: Wehrmacht 5270 B, Außenpolitik 5270 B; Ostasien: Allgemeines 5262 F. )"
"71","1944-02-15","Zeitung","Archiv der Gegenwart, Bd. 14, 15.02.1944","Die Vorlage, die eine einheitliche Handhabung der Wahlen für alle Soldaten der Vereinigten Staaten vorsieht, wurde vom Präsidenten Roosevelt in einer Botschaft vor dem Kongreß besonders befürwortet."
"72","1945-12-17","Gebrauchsliteratur","o. A.: Einundzwanzigster Tag. Montag, den 17. Dezember 1945. In: Der Nürnberger Prozeß, Berlin: Directmedia Publ. 1999 [1945], S. 223","[...] Sapieha, Monsignore Erzbischof in Krakau: Saratov bulgar. Außenminister Sarraut franz. Delegierter für Seekriegsfragen Sass Sasse Landesbischof in Thüringen SAUCKEL, Fritz Angeklagter Saucken von Sauer Kompaniechef Saulas franz. Vernehmungskommissar Saur, Karl Friedrich Beamter im Ministerium Speer Savigny, von Mitarbeiter Papens Saxen finnischer Professor Saydel Matfey Fedorowitsch Scapini Botschafter der Vichy-Regierung Schachmatowa Tossja Schaeder Oberstleutnant Schäfer, Werner August Max, Regierungsdirektor im Strafvollzug, SA-Oberführer Kommandant des KZ Oranienburg Schaffgotsch, Friedrich Graf Schaffner, Bertram Major im Sanitätskorps der Vereinigten Staaten Schalburg, von SS-Hauptsturmführer Schall, Hermann Arzt Schallermeier Adjutant Himmlers Schallock Oberst Schanzer, Senator ital. Delegierter für Seekriegsfragen Scharizer stellvertr. [...]"
"73","1940-06-20","Zeitung","Archiv der Gegenwart, Bd. 10, 20.06.1940","Der Einmarsch weiterer sowjetrussischer Truppen in Estland, Lettland und Litauen auf Grund der sowjetrussischen Noten an die drei baltischen Staaten ( 4580 B ) vollzog sich reibungslos."
"74","1945-11-30","Zeitung","Süddeutsche Zeitung, 1995 [1945]","Es ist nicht ein gelassener, zu Zweifeln fähiger Respekt, sondern eine geradezu religiöse Scheu vor allen Kundgebungen des Staates."
"75","1943-08-08","Zeitung","Archiv der Gegenwart, Bd. 13, 08.08.1943, S. 6041 [ff.]. Zit. n. CD-ROM-Ausgabe 2001.","Der britische Schatzkanzler, Sir Kingsley Wood, teilte am 22. Juli im Unterhaus mit, daß im Einverständnis mit den Vereinigten Staaten und in Berücksichtigung aller Wirtschaftsfaktoren der Kurs der Lira in dem von den Alliierten besetzten Gebiet mit 400 Lire für ein Pfund und 100 Lire für einen Dollar festgesetzt worden sei."
"76","1941-10-07","Zeitung","Archiv der Gegenwart, Bd. 11, 07.10.1941, S. 5223 [ff.]. Zit. n. CD-ROM-Ausgabe 2001.",""" Amerika kann nicht nur beiseite stehen und uns mit Beifall anfeuern, die Vereinigten Staaten müssen mit uns marschieren."
"77","1939-04-28","Zeitung","Archiv der Gegenwart, Bd. 9, 28.04.1939, S. 4040 [ff.]. Zit. n. CD-ROM-Ausgabe 2001.","Bei aller Einsicht Roosevelts in die Note und Sorgen anderer Staaten, ist immerhin trotzdem anzunehmen, daß der irische Präsident die Gefahren, die sein Land bedrohen, doch wohl noch besser kennen wird als der Präsident der amerikanischen Union."
"78","1934-05-04","Zeitung","Archiv der Gegenwart, Bd. 4, 04.05.1934, S. 1412 [ff.]. Zit. n. CD-ROM-Ausgabe 2001.","Zloty ermächtigt --Hiezu kommt noch das Erfordernis für den Ausbau und die Befestigung wichtiger Strecken der Provinzial- und Kreisstraßen, zu deren Baukosten vom Staat ein 50 % iger ( Provinzialstraßen ), bezw. 25 % iger ( Kreisstraßen )"
"79","1938-09-12","Zeitung","Archiv der Gegenwart, Bd. 8, 12.09.1938, S. 3718 [ff.]. Zit. n. CD-ROM-Ausgabe 2001.","Kein europäischer Staat hat für den Frieden mehr getan als Deutschland."
"80","1943-10-19","Zeitung","Archiv der Gegenwart, Bd. 13, 19.10.1943, S. 6141 [ff.]. Zit. n. CD-ROM-Ausgabe 2001.","Zum Abschluß einer vom Chef des Oberkommandos der Wehrmacht veranstalteten Tagung, bei der von führenden Persönlichkeiten des Staates und der Partei Vorträge weltanschaulichen und innerpolitischen Inhalts gehalten wurden, empfing der Führer die Tagungsteilnehmer und sprach zu ihnen über die politische und militärische Lage."
"81","1942-05-19","Zeitung","Archiv der Gegenwart, Bd. 12, 19.05.1942, S. 5501 [ff.]. Zit. n. CD-ROM-Ausgabe 2001.","Danach stellt Panama den Vereinigten Staaten die für die Anlage militärischer Stützpunkte henötigten Gebiete zur Verfügung."
"82","1933-02-10","Zeitung","Archiv der Gegenwart, Bd. 3, 10.02.1933, S. 692 [ff.]. Zit. n. CD-ROM-Ausgabe 2001.","Projektanten, deren Plan vom Treuhänderausschuß gebilligt wird, soll für jeden zum Zweck der Herstellung der Objekte neu aufgenommenen Arbeitslosen vom Staat ein Zuschuß in der Höhe der doppelten Arbeitslosenunterstützung gegeben werden."
"83","1945-12-07","Zeitung","Süddeutsche Zeitung, 1995 [1945]",""" Es besteht kein Zweifel, daß zur Zeit, als der nationalsozialistische Staat mit den Vorbereitungen zum Angriffskrieg gegen die zivilisierte Welt begonnen hatte, und zur Zeit, als er sein Ziel erreichte, der Angriffskrieg durch den Kellogg-Briand-Pakt und durch andere Verträge als ungesetzlich erklärt worden war."
"84","1940-06-15","Zeitung","Archiv der Gegenwart, Bd. 10, 15.06.1940","In dem darüber ausgegebenen Communiqué wurde erklärt, daß der Ministerrat auf der Grundlage der in seinem Besitz befindlichen Nachrichten die diplomatische und militärische Lage prüfen werde, bis zu welchem Grad die Antwort der amerikanischen Regierung geeignet sei Frankreich eine Fortsetzung des Kampfes auf eigenem Gebiete unter der Bedingung zu ermöglichen, daß er der gemeinsamen Sache der Demokratien nutzbringend dienen könne. ( L. B. Außenpolitik: Frankreich 4572 A, England 4572 A Vereinigte Staaten 4575 A; Wehrmacht: Frankreich 4574 F, England 4573 C, Vereinigte Staaten 4570 D. )"
"85","1945-08-13","Zeitung","Archiv der Gegenwart, Bd. 15, 13.08.1945","Das eigentliche Produktionsverfahren mit seinen Details sei jedoch bisher nur den Vereinigten Staaten bekannt."
"86","1943-12-14","Zeitung","Archiv der Gegenwart, Bd. 13, 14.12.1943, S. 6204 [ff.]. Zit. n. CD-ROM-Ausgabe 2001.","Die Regierungen der Vereinigten Staaten, der Sowjetunion und Großbritanniens gehen mit dem Wunsch der iranischen Regierung nach Aufrechterhaltung der Unabhängigkeit, Souveränität und territorialen Integrität Irans einig."
"87","1940-08-17","Zeitung","Archiv der Gegenwart, Bd. 10, 17.08.1940, S. 4661 [ff.]. Zit. n. CD-ROM-Ausgabe 2001.","Während einige Länder wie die Vereinigten Staaten von Amerika und Argentinien, bereits seit langem die Meere um England als Kampfgebiet erklärt und den Schiffen, Flugzeugen und Bürgern ihrer Staaten verboten haben, sich in diese Gefahrenzone zu begeben, ist eine solche Maßnahme bei anderen neutralen Staaten bisher nicht erfolgt."
"88","1941-01-22","Zeitung","Archiv der Gegenwart, Bd. 11, 22.01.1941","Auf eine Frage des Demokraten Johnson, ob die Bestimmung des Englandhilfegesetzes über die Reparatur von Schiffen kriegführender Staaten in amerikanischen Häfen nicht einen Bruch des internationalen Rechts darstelle, erwiderte Hull, daß nur "" eine realistische Wertung eine gesunde Ansicht sei ""."
"89","1941-08-03","Zeitung","Archiv der Gegenwart, Bd. 11, 03.08.1941","In den Communiqués der beiden Staaten wirft ein Nachbarstaat dem anderen "" unprovozierte Übergriffe auf sein Hoheitsgebiet "" vor."
"90","1935-04-30","Zeitung","Archiv der Gegenwart, Bd. 5, 30.04.1935, S. 2016 [ff.]. Zit. n. CD-ROM-Ausgabe 2001.","Der Staat bedürfe eines Parlaments der freien Kritik durch die Presse und voller Ministerverantwortlichkeit."
"91","1938-03-04","Zeitung","Völkischer Beobachter (Berliner Ausgabe), 04.03.1938","Es gäbe keinen Haß gegen ein Volk, die Regierung könne aber die Bildung von Organisationen nicht dulden, deren Ziel gegen die Lebensaufgaben des jugoslawischen Staates gerichtet wäre."
"92","1936-06-28","Zeitung","Archiv der Gegenwart, Bd. 6, 28.06.1936","Inzwischen hat Polen mitgeteilt, daß es die Sanktionen von sich aus aufhebt, da deren Einführung ein souveräner Akt jedes einzelnen Staates gewesen sei und sie somit auch von jedem einzelnen Staat aufzuheben seien."
"93","1933-12-20","Zeitung","Archiv der Gegenwart, Bd. 3, 20.12.1933, S. 1195 [ff.]. Zit. n. CD-ROM-Ausgabe 2001.","Die Anordnung betrifft tschechische Forderungen in Bulgarien, Estland Jugoslawien, Lettland, Ungarn, Deutschland, Österreich, Rumänien, Griechenland und den Staaten Mittel- und Südamerikas."
"94","1933-02-15","Zeitung","Archiv der Gegenwart, Bd. 3, 15.02.1933, S. 697 [ff.]. Zit. n. CD-ROM-Ausgabe 2001.","Der Gouverneur des Staates Michigan veranlaßte die Schließung sämtlicher Banken des Staates ( etwa 550 mit einem Einlagenstand von 1,2 Milliarden Dollar ) auf vorläufig acht Tage."
"95","1936-06-26","Zeitung","Archiv der Gegenwart, Bd. 6, 26.06.1936, S. 2614 [ff.]. Zit. n. CD-ROM-Ausgabe 2001.","Für das Verhältnis zu einem Staat könne nicht dessen inneres Regime entscheidend sein; auch dürften nicht außenpolitische Beziehungen die tschechoslowakische Innenpolitik bestimmen."
"96","1943-04-16","Zeitung","Archiv der Gegenwart, Bd. 13, 16.04.1943, S. 5905 [ff.]. Zit. n. CD-ROM-Ausgabe 2001.","Wir haben auch die Zustände in den übrigen Teilen Europas, nämlich in den feindlichen Staaten und in den vom Feind besetzten Gebieten geprüft."
"97","1939-03-19","gesprochen","o.A., Ansprache auf der Reichsarbeitstagung der Reichsrundfunkkammer in Marienbad, 19.03.1939","Soviel, dass wir dem Ausland gegenüber die Berechtigung unseres Standpunktes und unserer Forderungen vertreten können, aber auch nicht soviel, um den Tschechen den Gefallen zu tun, dass sie ihrerseits dem Ausland gegenüber erklären: das, was die sudetendeutsche Partei fordert, ist eben zuviel, das kann kein anständiger Staat gestatten."
"98","1935-01-01","Zeitung","Archiv der Gegenwart, Bd. 5, 01.01.1935, S. 1791 [ff.]. Zit. n. CD-ROM-Ausgabe 2001.","[...] 85; Österreich E 130, A 105; Polen-Danzig E 94, A 114; Portugal E 59, A 24; Rumänien E 79, A 85; Rußland E 132, A 262; Schweden E 208, A 227; Schweiz E 276 A 162; Spanien E 144, A 89; Tschechoslowakei E 162, A 205; Ungarn E 43, A 49; Argentinien E 226, A 321; Britisch-Indien E 293, A 347; Canada E 331, A 432; Japan E 391, A 406; Vereinigte Staaten E 928, A 1 293; Der gesamte statistisch erfaßte Welthandel von 52 Ländern ( je 26 in und außer Europas ) stellte sich 1933 ( 1932 ) in der Einfuhr auf 48,6 ( 544 ) Milliarden RM. in der Ausfuhr auf 43,4 ( 47,8 ) Milliarden. [...]"
"99","1944-11-28","Zeitung","Archiv der Gegenwart, Bd. 14, 28.11.1944, S. 6608 [ff.]. Zit. n. CD-ROM-Ausgabe 2001.","Unter den verlorengegangenen Handelsschiffen figurieren 753 der Vereinigten Staaten."
"100","1939-07-04","Zeitung","Archiv der Gegenwart, Bd. 9, 04.07.1939","England, das dem Bündnissystem Frankreichs zunächst ablehnend gegenüberstand, habe sich durch die Tatsachen eines Besseren belehren lassen; es gebe nunmehr keine getrennte Politik der beiden Staaten, sondern nur mehr eine gemeinsame."
"101","1939-03-12","Zeitung","Archiv der Gegenwart, Bd. 9, 12.03.1939, S. 3974 [ff.]. Zit. n. CD-ROM-Ausgabe 2001.","Der Hochschuldozent sei vom Staat von Anfang an ausreichend besoldet, der "" Privatdozent "" verschwinde und an seine Stelle trete der Staatsdozent mit der Möglichkeit der Versorgung seines Alters und der Hinterbliebenen."
"102","1934-12-31","Wissenschaft","Heller, Hermann: Staatslehre, Leiden: Sijthoff 1934, S. 125","Wohin die retrospektiven Projektionen des Staatsbegriffs schliesslich führen, zeigen die spekulativen Ausführungen über den Ursprung des Staates, die manche unsrer Historiker so sehr lieben ( vgl. etwa Rachfahl, Staat, Gesellschaft, Kultur u. Geschichte 1924, S. 31 f., Keutgen, S. 3 ff. )."
"103","1934-03-26","Zeitung","Archiv der Gegenwart, Bd. 4, 26.03.1934, S. 1351 [ff.]. Zit. n. CD-ROM-Ausgabe 2001.","Obwohl diese Vorlage noch nicht Gesetzeskraft erlangte, hat die amerikanische Regierung den amerikanischen Banken gleichwohl schon untersagt, eine Tranche der in Holland aufgelegten französischen Anleihe zu übernehmen. ( L. B. Vereinigte Staaten 1343 B, Kriegsschulden 1322 A. )"
"104","1942-10-08","Zeitung","Archiv der Gegenwart, Bd. 12, 08.10.1942, S. 5671 [ff.]. Zit. n. CD-ROM-Ausgabe 2001.","Alle die Verbesserungen, die mitten im größten Krieg aller Zeiten geschaffen worden sind, beweisen eindeutig, wie sehr dem nationalsozialistischen Staat die Sorge für die Kriegsopfer am Herzen liegt."
"105","1945-10-17","Zeitung","Archiv der Gegenwart, Bd. 15, 17.10.1945, S. 481 [ff.]. Zit. n. CD-ROM-Ausgabe 2001.","Die in den Vereinigten Staaten blockierten Guthaben neutraler Staaten betragen für die Schweiz 1484 Mill."
"106","1935-03-20","Zeitung","Archiv der Gegenwart, Bd. 5, 20.03.1935","Es würde aber den Beziehungen der beiden Staaten nützlich sein, eine begrenzte Zurückziehung eines Teiles der bewaffneten Kräfte, einschließlich der Luftstreitkräfte zu prüfen."
"107","1936-07-15","Zeitung","Archiv der Gegenwart, Bd. 6, 15.07.1936, S. 2644 [ff.]. Zit. n. CD-ROM-Ausgabe 2001.","Entsprechend dem Willen des Staatspräsidenten wird angeordnet, daß General Rydz-Smigli, der von Marschall Pilsudski als erster Verteidiger des Vaterlandes und erster Mitarbeiter des Staates bestimmt wurde, als erste Person in Polen nach dem Staatspräsidenten betrachtet und geachtet werden muß."
"108","1933-02-14","Zeitung","Archiv der Gegenwart, Bd. 3, 14.02.1933, S. 696 [ff.]. Zit. n. CD-ROM-Ausgabe 2001.","( In der Mitteilung MacDonalds ist eine Annäherung an den Standpunkt der Vereinigten Staaten zu erblicken, wo eine Neuregelung der Kriegsschuldenfrage nur im Zusammenhang mit Gegenleistungen der Schuldnerländer -- z.B. auf dem Gebiete der Währungs- und Zollpolitik -- für möglich erachtet wird. ) ( L. B. 678 L. )"
"109","1944-05-22","Zeitung","Archiv der Gegenwart, Bd. 14, 22.05.1944","Nach einer Meldung der Agentur Reuter vom 21. Mai beschloß die Kommunistische Partei der vereinigten Staaten auf einem Landeskongreß in New York, für die kommenden Präsidentschaftswahlen keinen eigenen Präsidentschaftskandidaten aufzustellen."
"110","1938-11-24","Zeitung","Archiv der Gegenwart, Bd. 8, 24.11.1938, S. 3820 [ff.]. Zit. n. CD-ROM-Ausgabe 2001.","Es wurde ein noch engerer Kontakt zwischen den militärischen Sachverständigen der beiden Staaten und eine wesentliche Verstärkung der Flugwaffe beschlossen."
"111","1934-06-26","Zeitung","Archiv der Gegenwart, Bd. 4, 26.06.1934, S. 1495 [ff.]. Zit. n. CD-ROM-Ausgabe 2001.","Japan sei dagegen, daß bei der Flottenbesprechung die mandschurische Frage und die Frage der Karolineninseln behandelt werde, Japan verzichte darauf, die Karolineninseln zu befestigen, wenn die Vereinigten Staaten die Aleuteninseln nicht befestigen würden; Japan sei aus politischen und anderen Gründen gezwungen, seine Flotte zu vergrößern."
"112","1934-03-16","Zeitung","Archiv der Gegenwart, Bd. 4, 16.03.1934, S. 1336 [ff.]. Zit. n. CD-ROM-Ausgabe 2001.","Von den hochgerüsteten Staaten, insbesondere von Frankreich, seien jedoch bis jetzt keinerlei Abrüstungsmaßnahmen in Aussicht gestellt, wodurch der künftige deutsche Rüstungsstand im Sinne der Fünf-Mächte-Erklärung vom 11. Dezember 1932 ( 604 B ) als erledigt angesehen werden könnte."
"113","1937-12-08","Zeitung","Archiv der Gegenwart, Bd. 7, 08.12.1937, S. 3329 [ff.]. Zit. n. CD-ROM-Ausgabe 2001.","Dies sei besonders deshalb notwendig, weil ein Feind, der Hawaiii im Besitz habe, von dort mit Leichtigkeit Luftangrifffe auf die Westküste der Vereinigten Staaten durchführen könnte. ( L. B. Ver. Staaten 3283 E, Ostasien 3229 G. )"
"114","1945-02-05","Zeitung","Archiv der Gegenwart, Bd. 15, 05.02.1945, S. 79 [ff.]. Zit. n. CD-ROM-Ausgabe 2001.","Die Vereinigten Staaten haben rund 20 französische Kriegsschiffe modernisiert und Frankreich mehr als 200 Schiffe übergeben, die auf amerikanischen Werften gebaut wurden."
"115","1937-12-25","Zeitung","Archiv der Gegenwart, Bd. 7, 25.12.1937, S. 3356 [ff.]. Zit. n. CD-ROM-Ausgabe 2001.","[...] 1937 ( 1936 ) wie folgt- Danzig 138,5 ( 132,3 ), Deutschland 125,1 ( 124,4 ), England 158 ( 148 ), Frankreich 630 ( 504 ), Holland 136,5 ( 132 ), Japan ( Gold ) 61,2 ( 56,2 ), Norwegen 170 ( 155 ), Österreich 104,6 ( 105 ), Schweden 165 ( 157 ), Schweiz 137 ( 130 ) und in den Vereinigten Staaten 147,8 ( 142,0 ). ( "" Statistisches Reichsamt. "" ) ( L. B. Lebenskosten: Danzig, Japan Norwegen, Österreich, Schweden, Vereinigte Staaten 3228 G, Deutschland 3295 A, England 3336 E, Frankreich 3268 G, Holland 3245 B, Schweiz 3236 B. ) [...]"
"116","1938-09-04","Zeitung","Archiv der Gegenwart, Bd. 8, 04.09.1938, S. 3702 [ff.]. Zit. n. CD-ROM-Ausgabe 2001.","[...] der Freundschaft mit Italien und mit Deutschland, die durch seinen und des ungarischen Außenministers Besuch in Rom ( 3645 B ) und den in seiner des Außenministers und des Honvedministers Begleitung erfolgten überaus glanzvollen Besuch des Reichsverwesers und dessen Gemahlin in Deutschland ( 3685 B, 3695 C ) in sinnfälliger Weise bewiesen worden sei über das Problem der Normalisierung im Donaubecken äußerte sich Ministerpräsident im Sinne seiner Berliner Pressevertretern kürzlich gemachten Mitteilungen ( 3691 H ), wonach nunmehr die Rüstungsgleichheit Ungarns auch von den drei Staaten der Kleinen Entente anerkannt worden, eine weitere Einigung mit diesen Staaten mangels eines Einverständnisses über das Schicksal des auf ihrem Gebiete lebenden Ungartums jedoch noch nicht zustande gekommen sei. -- Im weiteren Verlaufe seiner Rede kündigte der Ministerpräsident insbesondere folgende Reformen und Neuerungen an: Vorlage eines neuen Wehrgesetzes, das die allgemeine Dienstpflicht deklarieren, die militärische Dienstzeit feststellen, ein militärisches Vorbildungssystem, Kriegslieferungspflicht der Zivilbevölkerung und Zusammenfassung der ausgedienten und in die Reserve versetzten Männer zu einer Schützenorganisation vorsehen werde. [...]"
"117","1940-06-17","Zeitung","Archiv der Gegenwart, Bd. 10, 17.06.1940","Der Führer wird den königlich italienischen Ministerpräsidenten Benito Mussolini zu einer Aussprache treffen, in der die Haltung der beiden Staaten überprüft werden soll. ( L. B. Wehrmacht: Deutschland 4573 B, Frankreich 4579 C, Italien 4578 C; Außenpolitik: Deutschland 4576 A, Frankreich 4579 C, Italien 4579 B. )"
"118","1934-12-22","Zeitung","Archiv der Gegenwart, Bd. 4, 22.12.1934, S. 1786 [ff.]. Zit. n. CD-ROM-Ausgabe 2001.","Ihre Aufgabe sei, das Recht wieder volksnah und wirklichkeitsentsprechend zu gestalten und aus der Zusammenarbeit von Bewegung, Staat und allen vom Recht berührten Volksschichten eine Rechtsreform zu schaffen, die auf der nationalsozialistischen Weltanschauung beruhe."
"119","1938-07-19","Zeitung","Archiv der Gegenwart, Bd. 8, 19.07.1938, S. 3642 [ff.]. Zit. n. CD-ROM-Ausgabe 2001.","Den bürgerlichen Rechten und Freiheiten müssen auch Rechte und Freiheiten der Volkspersönlichkeit an sich, untereinander und gegenüber dem Staate als dem gemeinsamen Rechtsbewahrer entsprechen."
"120","1938-01-26","Zeitung","Archiv der Gegenwart, Bd. 8, 26.01.1938","Zunächst einmal solle so schnell als möglich eine Fühlungnahme zwischen den Vertretern der fünf Großmächte hergestellt werden, und zwar zwischen den Vertretern Frankreichs, Großbritanniens, der Vereinigten Staaten, Deutschlands und Italiens, um eine vorläufige Generaldiskussion über den Inhalt des Berichtes einzuleiten."
"121","1944-05-01","Zeitung","Archiv der Gegenwart, Bd. 14, 01.05.1944","Im heutigen Deutschland soll kein Talent unentdeckt bleiben, und Partei, Staat und Wirtschaft bemühen sich, schon in der Jugend die Besten und Fähigsten auszulesen."
"122","1935-10-03","Zeitung","Archiv der Gegenwart, Bd. 5, 03.10.1935, S. 2245 [ff.]. Zit. n. CD-ROM-Ausgabe 2001.","Diese Entschlossenheit könne allerdings die Vereinigten Staaten nicht hindern, Anteilnahme zu empfinden, wenn die Ideale und Grundsätze, die in den Vereinigten Staaten gepflegt werden, anderswo verletzt würden. ( L. B. 2235 F. )"
"123","1937-12-05","Zeitung","Archiv der Gegenwart, Bd. 7, 05.12.1937, S. 3325 [ff.]. Zit. n. CD-ROM-Ausgabe 2001.","Die detaillierten Bestimmungen über die Einrichtung des tschechoslowakischen Staates werden den Tschechen und Slowaken und deren rechtsgültigen Vertretern anheimgestellt. ( L. B. 2739 A. )"
"124","1937-09-08","Zeitung","Archiv der Gegenwart, Bd. 7, 08.09.1937, S. 3204 [ff.]. Zit. n. CD-ROM-Ausgabe 2001.","Es müsse daher erklärt werden, daß jene Vertreter von Religion und Kultur in anderen Staaten, die an dem Kampf gegen den Bolschewismus nicht teilgenommen und sich sogar gegen den Nationalsozialismus als Erhalter der europäischen Tradition gewandt hätten, an den Bedingungen und Ursachen mitwirken, die den Untergang der Völker vorbereiten."
"125","1935-10-05","Zeitung","Archiv der Gegenwart, Bd. 5, 05.10.1935, S. 2247 [ff.]. Zit. n. CD-ROM-Ausgabe 2001.","Der Staatspräsident hat ein Propagandaamt errichtet, das die Aufgabe hat, in der Kunst, Presse, Rundfunk und Sport die nationalen Interessen zur Geltung zu bringen und für Einigkeit Sorge zu tragen sowie im Ausland für entsprechende Propaganda des Staates zu sorgen."
"126","1934-12-31","Wissenschaft","Heller, Hermann: Staatslehre, Leiden: Sijthoff 1934, S. 200","Wohl aber kann die Staatslehre, ja sie muss sogar, nach dem in der gesellschaftlichen Funktion, in der objektiven gesellschaftlichen Wirkung des Staates zum Ausdruck kommenden Sinn des Staates fragen."
"127","1937-11-24","Zeitung","Archiv der Gegenwart, Bd. 7, 24.11.1937, S. 3208 [ff.]. Zit. n. CD-ROM-Ausgabe 2001.","Trotz des gehässigen Kirchenkampfes der Kirchen untereinander seien den Kirchen die Körperschaftsrechte, die der Staat ihnen verliehen habe, belassen worden."
"128","1938-02-24","Zeitung","Archiv der Gegenwart, Bd. 8, 24.02.1938, S. 3439 [ff.]. Zit. n. CD-ROM-Ausgabe 2001.","Wir sind ein christlicher Staat, wir sind ein deutscher Staat, wir sind ein freier Staat und jeder in diesem Land ist gleichberechtigt vor dem Gesetz."
"129","1938-02-24","Zeitung","Archiv der Gegenwart, Bd. 8, 24.02.1938, S. 3439 [ff.]. Zit. n. CD-ROM-Ausgabe 2001.","Ich lege Gewicht darauf, zu betonen, daß es in unserer Linie liegt, auf allen Gebieten der Weltwirtschaft und Kultur mit unseren Nachbarn, aber auch mit anderen Staaten Verträge anzustreben."
"130","1945-12-04","Gebrauchsliteratur","o. A.: Zwölfter Tag. Dienstag, 4. Dezember 1945. In: Der Nürnberger Prozeß, Berlin: Directmedia Publ. 1999 [1945], S. 2422","Es kann daher kein Zweifel darüber bestehen, daß zu der Zeit, als der nationalsozialistische deutsche Staat die Vorbereitungen zu dem Angriffskrieg gegen die zivilisierte Welt begonnen und zu der Zeit, als er diesen Plan ausgeführt hatte, der Angriffskrieg auf Grund des Paktes von Paris und der anderen von mir erwähnten Verträge und Erklärungen, mit absoluter Gewißheit und ohne jeden Zweifel zu einer rechtswidrigen Handlung, ja zu einem Verbrechen geworden war."
"131","1943-01-17","Zeitung","Archiv der Gegenwart, Bd. 13, 17.01.1943, S. 5795 [ff.]. Zit. n. CD-ROM-Ausgabe 2001.","Heute stünden die Vereinigten Staaten und ihre Verbündeten für die Festlegung dieser Grundsätze im Kampf."
"132","1934-03-21","gesprochen","o.A., Eröffnung der ""Frühjahrsarbeitsschlacht"" an der Baustelle Unterhaching der Reichsautobahn München - Salzburg, 21.03.1934","Entscheidend ist, dass man die Mittel, die der Staat mobil zu machen vermag, nicht als Geschenk verteilt, sondern als praktische Befruchtung für die Produktion einsetzt und damit nützlich anlegt."
"133","1944-10-27","Zeitung","Archiv der Gegenwart, Bd. 14, 27.10.1944, S. 6572 [ff.]. Zit. n. CD-ROM-Ausgabe 2001.","Das Zusammensinken einer Reihe von Staaten unseres Kontinents allein schon vor den Drohungen des Bolschewismus ist ein klassischer Beweis für die Unzulänglichkeit ihrer Führungsschichten, die so schwach und lebensmüde sind daß sie aus Angst vor dem Tod Selbstmord begehen."
"134","1935-03-02","Zeitung","Völkischer Beobachter (Berliner Ausgabe), 02.03.1935","Belgien räumt den Vereinigten Staaten für sämtliche Automobilunterteile Zollermäßigungen von 64 - 80 Prozent ein."
"135","1940-12-10","gesprochen","o.A., Ansprache Alfred Rosenbergs in Breslau, 10.12.1940","Wir haben zwar das Bewusstsein gehabt, dass Demokratie und Marxismus in diesen Staaten, die solange ein ungehindertes Dasein führen konnten, noch weiter politisch herrschen würden."
"136","1945-03-11","Zeitung","Archiv der Gegenwart, Bd. 15, 11.03.1945, S. 137 [ff.]. Zit. n. CD-ROM-Ausgabe 2001.","Östlich der Weichsel nahmen sowjetische Truppen die Staat Tiegenhof an der Schwante ( 20 km westlich Elbing )."
"137","1940-01-31","Zeitung","Archiv der Gegenwart, Bd. 10, 31.01.1940, S. 4406 [ff.]. Zit. n. CD-ROM-Ausgabe 2001.","Zwischen den beiden Staaten wurde ein Handels- und Zahlungsabkommen abgeschlossen."
"138","1938-05-24","Zeitung","Archiv der Gegenwart, Bd. 8, 24.05.1938, S. 3572 [ff.]. Zit. n. CD-ROM-Ausgabe 2001.","Gleichzeitig erklären jedoch die zuständigen politischen Kreise, daß Polen es nicht gestatten kann, in einen Konflikt hineingezogen zu werden, in welchen Frankreich infolge seiner Bündnisse mit anderen Staaten hineingezogen wird, und besonders dann, wenn die Politik dieser Staaten auch die Belange Polens berührt."
"139","1943-11-06","Zeitung","Archiv der Gegenwart, Bd. 13, 06.11.1943, S. 6161 [ff.]. Zit. n. CD-ROM-Ausgabe 2001.","Die Vereinigten Staaten von Amerika und das englische Reich haben, in dem sie nur ihren eigenen Wohlstand zu fördern suchten, andere Nationen und Völker unterdrückt."
"140","1934-11-05","Zeitung","Archiv der Gegenwart, Bd. 4, 05.11.1934","Hierbei wurden nach dem amtlichen Communiqué die allgemeine politische Lage und die die beiden Staaten besonders berührenden wirtschaftlichen Fragen eingehend erörtert."
"141","1945-07-27","Zeitung","Archiv der Gegenwart, Bd. 15, 27.07.1945","Im Frühjahr 1943 habe die Regierung der Vereinigten Staaten in sehr freundschaftlicher Weise ein neues Angebot gemacht."
"142","1938-07-19","Zeitung","Archiv der Gegenwart, Bd. 8, 19.07.1938","In der zentralen Verwaltung oder den Einrichtungen des Staates, in denen keine national getrennten Abteilungen errichtet werden, gilt die Proportionalität unter Berücksichtigung der besonderen Verhältnisse."
"143","1941-06-22","Zeitung","Archiv der Gegenwart, Bd. 11, 22.06.1941, S. 5079 [ff.]. Zit. n. CD-ROM-Ausgabe 2001.","Der unabhängige Staat Kroatien, mit den beiden Reichen durch den Dreimächtepakt verbündet und als Glied der europäischen Gemeinschaft, ist entschlossen, solche Machenschaften nicht zu dulden."
"144","1937-04-02","Zeitung","Archiv der Gegenwart, Bd. 7, 02.04.1937, S. 2996 [ff.]. Zit. n. CD-ROM-Ausgabe 2001.","Erst anläßlich des bevorstehenden Besuches des Präsidenten Benes in Belgrad werde man Klarheit darüber erhalten, ob die jüngsten Ereignisse und die gefaßten Entschließungen tatsächlich zur Festigung der Kleinen Entente dienen oder aber die Voraussetzungen einer gemeinsamen Außenpolitik der drei Staaten mehr oder weniger abändern. ( L. B. Kleine Entente, Ständiger Rat 2725 D, Außenpolitik 2990 G, Sicherheitsfrage 2969 C, Westpakt 2982 G Frankreich 2994 B. )"
"145","1935-02-27","Zeitung","Archiv der Gegenwart, Bd. 5, 27.02.1935, S. 1899 [ff.]. Zit. n. CD-ROM-Ausgabe 2001.","Nach Prüfung der Ergebnisse der seit der letzten Session in den drei Staaten auf dem Gebiet der Kooperation und Unifikation geleisteten Tätigkeit beschäftigte sich der Wirtschaftsrat mit dem Projekt einer ständigen Wirtschaftsausstellung der Kleinen Entente und der Balkanenten e."
"146","1935-08-08","Zeitung","Archiv der Gegenwart, Bd. 5, 08.08.1935, S. 2172 [ff.]. Zit. n. CD-ROM-Ausgabe 2001.","Das amerikanische Institute of Pacific Relations, das sich mit dem Studium der politischen Fragen der Staaten am Stillen Ozean befaßt berichtet über strategische Eisenbahnbauten der Sowjetunion im Fernen Osten."
"147","1937-10-01","Zeitung","Archiv der Gegenwart, Bd. 7, 01.10.1937, S. 3238 [ff.]. Zit. n. CD-ROM-Ausgabe 2001.","Die Kommission sei zum Schluß gekommen, daß das Rohstoffproblem im wesentlichen kein Kolonialproblem bilde, da die meisten Rohstoffe ausschließlich oder zum größten Teil von souveränen Staaten stammen."
"148","1937-12-11","Zeitung","Archiv der Gegenwart, Bd. 7, 11.12.1937","Hiebei berief sich der Bundesrat auf das ungeschriebene Recht, welches den Leitern des Gemeinwesens nicht nur die Befugnis erteilt, sondern es geradezu zur Pflicht macht, den Staat nicht über der Erfüllung von starren Formen zugrunde gehen zu lassen."
"149","1941-12-11","Zeitung","Archiv der Gegenwart, Bd. 11, 11.12.1941, S. 5304 [ff.]. Zit. n. CD-ROM-Ausgabe 2001.","Er wurde darin bestärkt durch den Kreis der ihn umgebenden Juden, die aus alttestamentarischer Rachsucht in den Vereinigten Staaten das Instrument zu sehen glaubten, um mit ihm den europäischen, immer antisemitischer werdenden Nationen ein zweites Purim bereiten zu können."
"150","1936-12-24","Zeitung","Archiv der Gegenwart, Bd. 6, 24.12.1936","Später sollen auch andere, durch Devisenbeschränkungen gehemmte europäische Staaten einbezogen werden."
"151","1934-12-31","Wissenschaft","Heller, Hermann: Staatslehre, Leiden: Sijthoff 1934, S. 42","Diltheys und seiner Nachfolger Fehler besteht nicht eigentlich darin, dass sie Sinngebilde und Willensverbände, "" äussere Organisation der Gesellschaft "" und "" System der Kultur "" ( Dilthey I, S. 42 ff. ), Staat und Recht gegenständlich nicht auseinandergehalten hätten."
"152","1942-06-15","Zeitung","Archiv der Gegenwart, Bd. 12, 15.06.1942, S. 5531 [ff.]. Zit. n. CD-ROM-Ausgabe 2001.","Doch sei es sehr aufschlußreich, die Reden des britischen Produktionsministers Lyttleton, die dieser bei verschiedenen Gelegenheiten anläßlich seines Aufenthaltes in den Vereinigten Staaten hielt, etwas genauer anzusehen."
"153","1942-09-10","Zeitung","Archiv der Gegenwart, Bd. 12, 10.09.1942, S. 5624 [ff.]. Zit. n. CD-ROM-Ausgabe 2001.","Staatssekretär Hull gab am 8. September bekannt, daß die Vereinigten Staaten im Einvernehmen mit der Regierung von Ecuador militärische Stützpunkte auf den Galapagoinseln errichtet hätten."
"154","1933-12-02","Zeitung","Archiv der Gegenwart, Bd. 3, 02.12.1933, S. 1166 [ff.]. Zit. n. CD-ROM-Ausgabe 2001.","Die dadurch entstehenden Kosten werden zu 25 % den Gemein den aufgebürdet, während die restlichen 75 % zu gleichen Teilen vom Arbeitslosenversicherungsfonds und vom Staat getragen werden."
"155","1938-09-07","gesprochen","o.A., Ansprachen von Alfred Rosenberg, Erich Hilgenfeldt und Gerhard Wagner auf dem Reichsparteitag der NSDAP, 07.09.1938","Das, was Washington einmal als großmütig zu betrachtende Konstitution der Vereinigten Staaten schuf, war schon in den sogenannten Menschenrechten der Französischen Revolution ins Phrasenhafte entstellt worden."
"156","1938-01-18","Zeitung","Archiv der Gegenwart, Bd. 8, 18.01.1938, S. 3387 [ff.]. Zit. n. CD-ROM-Ausgabe 2001.","Die Frage einer politischen Neuorientierung Estlands durch Austritt aus der Baltischen Entente und Annäherung an die skandinavischen Staaten bildete den Gegenstand einer Diskussion in der estnischen Presse."
"157","1940-03-14","Zeitung","Archiv der Gegenwart, Bd. 10, 14.03.1940",""" Am 15. März dieses Jahres jährt sich zum ersten Male der Tag, an dem Präsident Hacha die Geschicke des tschechischen Volkes und Staates in die Hände des Führers des deutschen Volkes legte."
"158","1937-12-20","Zeitung","Archiv der Gegenwart, Bd. 7, 20.12.1937, S. 3347 [ff.]. Zit. n. CD-ROM-Ausgabe 2001.","Schließlich ist die betonte Stellungnahme Roosevelts für die Demokratie und gegen die autoritären Staaten zu erwähnen ( 3215 D )."
"159","1939-07-20","Zeitung","Archiv der Gegenwart, Bd. 9, 20.07.1939, S. 4143 [ff.]. Zit. n. CD-ROM-Ausgabe 2001.","Der französische Konsul in Preßburg gab am 14. Juli bekannt, daß Frankreich den slowakischen Staat de facto anerkenne."
"160","1938-09-23","Zeitung","Archiv der Gegenwart, Bd. 8, 23.09.1938, S. 3732 [ff.]. Zit. n. CD-ROM-Ausgabe 2001.","Nach Abessinien, China, Spanien und Österreich sei die Tschechoslowakei bereits der fünfte Staat, der von dem Angriff eines Nachbarstaates bedroht werde."
"161","1945-06-26","Zeitung","Archiv der Gegenwart, Bd. 15, 26.06.1945, S. 289 [ff.]. Zit. n. CD-ROM-Ausgabe 2001.","3. Der Sicherheitsrat soll die Entwicklung friedlicher Beilegung lokaler Streitfragen durch solche regionale Abkommen oder solche regionale Organe fördern, sei es auf Antrag der betroffenen Staaten hin oder auf Grund einer Zuweisung durch den Sicherheitsrat."
"162","1935-09-28","Zeitung","Archiv der Gegenwart, Bd. 5, 28.09.1935","Österreich hege den Wunsch, mit allen Staaten Europas Beziehungen ehrlicher Freundschaft zu pflegen, die die selbstverständliche Voraussetzung seiner ungeschmälerten Souveränität und Unabhängigkeit anerkennen."
"163","1939-12-18","Zeitung","Archiv der Gegenwart, Bd. 9, 18.12.1939, S. 4350 [ff.]. Zit. n. CD-ROM-Ausgabe 2001.","[...] konnte, ermächtigt den Generalsekretär, die Unterstützung seiner technischen Dienste zur Organisation der obenerwähnten Hilfeleistung an Finnland zu gewähren, und ermächtigt ebenso den Generalsekretär, kraft der Resolution der Versammlung vom 4. Oktober 1937 die Nichtmitgliedstaaten im Hinblick auf eine eventuelle Zusammenarbeit zu Rate zu ziehen, in Erwägung, daß die UdSSR. trotz der ihr zweimal zugegangenen Aufforderung sich geweigert hat, vor dem Rate und der Versammlung des Völkerbundes bei der Prüfung ihres Streitfalles mit Finnland mitzuwirken, daß sie damit einer der wesentlichsten Verpflichtungen des Völkerbundes zur Sicherung des Friedens und der Sicherheit der Staaten zuwidergehandelt hat, daß sie vergeblich versucht hat, ihre Weigerung damit zu rechtfertigen, daß sie sich auf die Beziehungen, die sie mit einer angeblichen Regierung hergestellt hat, die nach Recht und tatsächlich in keiner Weise die vom finnischen Volke in freiem Willen anerkannte Regierung darstellt, daß sich die UdSSR. nicht nur der Verletzung einer ihrer aus dem Pakt hervorgegangenen Verpflichtungen schuldig gemacht hat, sondern sich damit tatsächlich auch außerhalb des Paktes stellt, daß der Rat nach den Bestimmungen des Artikels 16 des Paktes zuständig ist, um die Folgerungen zu ziehen, [...]"
"164","1934-12-31","Wissenschaft","Heller, Hermann: Staatslehre, Leiden: Sijthoff 1934, S. 148","Eine sehr populäre Richtung der politischen Anthropologie will den Staat auf die Rasse relativieren und das politische Verhalten auf das verhältnismässig unveränderliche Bluterbe, d. h. auf den vererbten körperlichen Habitus zurückführen."
"165","1943-07-27","Zeitung","Archiv der Gegenwart, Bd. 13, 27.07.1943, S. 6029 [ff.]. Zit. n. CD-ROM-Ausgabe 2001.","Die Regierung der Vereinigten Staaten habe die Ernennung des Mitgliedes der französischen Militärmission, Henri Hoppenot ( 6011 D ), anerkannt."
"166","1944-12-13","Zeitung","Archiv der Gegenwart, Bd. 14, 13.12.1944, S. 6626 [ff.]. Zit. n. CD-ROM-Ausgabe 2001.","Am 3. Dezember wurden gleichzeitig in London und Washington Mitteilungen über die künftige Gestaltung der Leih- und Pachtbeziehungen zwischen den Vereinigten Staaten und Großbritannien ausgegeben als das Ergebnis der Verhandlungen Lord Keynes in den Vereinigten Staaten ( 6612 F )."
"167","1934-12-31","Wissenschaft","Heller, Hermann: Staatslehre, Leiden: Sijthoff 1934, S. 219","Das Bedürfnis nach einer Sanktionierung des Staates durch eine allgemeinmenschliche Bestimmung und damit durch eine universale Rechtsidee geht erst im Laufe des 19. Jahrhunderts verloren."
"168","1940-09-06","Zeitung","Archiv der Gegenwart, Bd. 10, 06.09.1940, S. 4687 [ff.]. Zit. n. CD-ROM-Ausgabe 2001.","Der Gedanke der ungarischen Revision ist durch die Kräftigung der Achsenmächte und ihre Politik der Verwirklichung immer näher gekommen, und als die Gebäude der rund um uns künstlich aufgebauten Staaten zu wanken begannen, setzte auch der eigentliche natürliche Prozeß ein."
"169","1934-12-31","Wissenschaft","Heller, Hermann: Staatslehre, Leiden: Sijthoff 1934, S. 163","Savigny nannte den Staat "" die organische Erscheinung des Volkes "" ( System d. heut. röm. Rechts I, S. 22 )."
"170","1936-09-11","Zeitung","Archiv der Gegenwart, Bd. 6, 11.09.1936","Bundeskanzler Dr. v. Schuschnigg erklärte bei einer Ansprache an die in Wien versammelte Paneuropäische Wirtschaftskonferenz, die österreichische Staatsführung sei entschlossen, auf dem eingeschlagenen Weg zur Neuordnung von Staat und Gesellschaft fortzuschreiten, weil sie glaube, damit ( Österreich am besten zu dienen."
"171","1941-12-15","Zeitung","Archiv der Gegenwart, Bd. 11, 15.12.1941, S. 5317 [ff.]. Zit. n. CD-ROM-Ausgabe 2001.","Während Japan niemals das Geringste getan habe, um sich in die Angelegenheiten der westlichen Hemisphäre zu mischen, hätten die Vereinigten Staaten, die erst durch den Krieg mit Spanien, mit dem Raub der Philippinen Eingang in den ostasiatischen Raum gefunden hätten, sich namentlich seit Roosevelts Präsidentschaft dort geradezu als Schiedsrichter aufgespielt."
"172","1940-03-13","Zeitung","Völkischer Beobachter (Berliner Ausgabe), 13.03.1940","Die China-Studiengesellschaft veranstaltete in Gegenwart des chinesischen Botschafters in Berlin, Exz. Chen Chieh, von Reichsminister Dr. Dorpmüller, Staatssekretär Koenigs und weiteren namhaften Vertretern des Staates, der Partei und der Wehrmacht, sowie bekannter Wirtschaftsführer eine Vortragsveranstaltung, bei der Legationsrat Dr. Kempe vom Auswärtigen Amt über die wirtschaftliche Neubildung Westchinas und ihre Bedeutung für die deutsche Industrie sowie Reichsbahnrat v. Lochow über verkehrspolitische Fragen des riesigen Reiches im Fernen Osten sprachen."
"173","1945-03-07","Zeitung","Archiv der Gegenwart, Bd. 15, 07.03.1945","2. Die Abgeordnetenkammer setzt sich zusammen aus den Abgeordneten der verschiedenen Staaten im Verhältnis zu ihrer Bevölkerungszahl."
"174","1937-11-19","Zeitung","Archiv der Gegenwart, Bd. 7, 19.11.1937, S. 3303 [ff.]. Zit. n. CD-ROM-Ausgabe 2001.","Entscheidend sei das Verhältnis zum Staate. ( L. B. Innenpolitik 3296 A, Minderheiten 3276 A. )"
"175","1941-12-09","Zeitung","Archiv der Gegenwart, Bd. 11, 09.12.1941, S. 5303 [ff.]. Zit. n. CD-ROM-Ausgabe 2001.","Die Vereinigten Staaten erklärten am 8. Dezember um 13 Uhr 10 Japan offiziell den Krieg."
"176","1934-01-01","gesprochen","Hitler, Adolf, Was soll das Ende sein?, in: Ernst Boepple (Hg.), Adolf Hitlers Reden, München: 1934 [12. April 1922]","Auf der linken Seite Lüge und Betrug seitens der Führung und blinder Glaube der Geführten, alles nur im Dienste eines einzigen Gedankens: Vernichtung dieses Staates, Raub der Freiheit dieses Volkes, Versklavung seiner Arbeitskraft."
"177","1935-01-26","Zeitung","Archiv der Gegenwart, Bd. 5, 26.01.1935, S. 1836 [ff.]. Zit. n. CD-ROM-Ausgabe 2001.","-- Der Weltverbrauch belief sich in der gleichen Zeit auf 1 320 ( 1100 ); hievon entfielen auf die wichtigsten Verbraucherländer: Vereinigte Staaten 370 ( 345 ), England 215 ( 145 ), Deutschland 230 ( 170 ), Japan 115 ( 80 ), Frankreich 90 ( 105 ) ( Brandeis & Goldschmidt ). ( L. B. 1448 H. )"
"178","1933-05-16","Zeitung","Archiv der Gegenwart, Bd. 3, 16.05.1933, S. 842 [ff.]. Zit. n. CD-ROM-Ausgabe 2001.","Dies treffe nur bei einer kleinen Minderheit von Staaten zu, aber die große Mehrheit der Völker habe Furcht vor einer Invasion."
"179","1933-07-24","Zeitung","Archiv der Gegenwart, Bd. 3, 24.07.1933, S. 947 [ff.]. Zit. n. CD-ROM-Ausgabe 2001.","Eine zwischen Rumänien und Jugoslawien geschlossene Konvention über die Ordnung der Minderheitenvolksschulen im Banat, die kürzlich von den beiden jugoslawischen Kammern verabschiedet wurde, bestimmt, daß die vertragschließenden Staaten, falls in einer Ortschaft des fraglichen Gebietes mindestens 20 Kinder vorhanden sind, die der Muttersprache nach zum Volk des andern Vertragsteiles gehören, staatliche Minderheitsvolksschulen zu errichten haben, deren Unterrichtssprache bis zum Ende des zweiten Schuljahres ausschließlich die Muttersprache der Kinder ist, die zugleich auch die Muttersprache des Lehrers sein muß."
"180","1936-12-24","Zeitung","Archiv der Gegenwart, Bd. 6, 24.12.1936, S. 2861 [ff.]. Zit. n. CD-ROM-Ausgabe 2001.","Später sollen auch andere, durch Devisenbeschränkungen gehemmte europäische Staaten einbezogen werden."
"181","1937-10-02","Zeitung","Archiv der Gegenwart, Bd. 7, 02.10.1937, S. 3239 [ff.]. Zit. n. CD-ROM-Ausgabe 2001.","Es sei nicht ihre Aufgabe, den Bürgern fremder Staaten nationalsozialistische Ideengänge zu vermitteln."
"182","1937-12-20","Zeitung","Archiv der Gegenwart, Bd. 7, 20.12.1937","Schließlich ist die betonte Stellungnahme Roosevelts für die Demokratie und gegen die autoritären Staaten zu erwähnen ( 3215 D )."
"183","1934-12-31","Wissenschaft","Heller, Hermann: Staatslehre, Leiden: Sijthoff 1934, S. 50","Sie vergisst zwar keinen Augenblick den Werdecharakter des Staates, sie vergisst aber ebensowenig die staatliche Geformtheit dieses politischen Werdens; sie vergisst nicht, dass gerade sie das zu leisten hat, was die Geschichtswissenschaft mit ihren Mitteln nicht zu leisten im Stande ist: den Staat als geschichtliche Struktur und zwar als Funktion innerhalb der Totalität des konkreten geschichtlich-gesellschaftlichen Gefüges zu erkennen."
"184","1943-03-15","Zeitung","Archiv der Gegenwart, Bd. 13, 15.03.1943, S. 5868 [ff.]. Zit. n. CD-ROM-Ausgabe 2001.","Am 10. Dezember 1941 erklärte das "" Freie Frankreich "" im Anschluß an die Kriegserklärungen Englands und der Vereinigten Staaten ( 5303 C ) den Krieg an Japan ( 5304 C )."
"185","1940-08-01","Zeitung","Archiv der Gegenwart, Bd. 10, 01.08.1940, S. 4644 [ff.]. Zit. n. CD-ROM-Ausgabe 2001.","Wir haben erfahren, daß manchen Leuten in den Vereinigten Staaten die Erfolge der sowjetischen Außenpolitik in den baltischen Ländern nicht gefallen ( siehe 4635 D )."
"186","1945-05-15","Zeitung","Tägliche Rundschau, 15.05.1945","Wir haben gesiegt, weil unser Staat, unsere Ideologie und unsere Wirtschaft in allem dem Staat, der Ideologie und der Wirtschaft des faschististischen Deutschlands überlegen waren."
"187","1935-03-13","Zeitung","Archiv der Gegenwart, Bd. 5, 13.03.1935","Dieser Fünfjahrplan sieht im Gegensatz zum russischen oder türkischen Plan von der Einflußnahme des Staates auf die Industrie ab, beschränkt sich ausschließlich auf agrarische und bodentechnische Maßnahmen und umschreibt nicht die Erfolge, die nach Ablauf seiner Geltungsdauer erreicht sein müssen."
"188","1942-03-07","Zeitung","Archiv der Gegenwart, Bd. 12, 07.03.1942, S. 5421 [ff.]. Zit. n. CD-ROM-Ausgabe 2001.","Die mexikanische Garnison der Halbinsel Kalifornien wurde unter das Kommando der Vereinigten Staaten gestellt."
"189","1937-03-02","Zeitung","Archiv der Gegenwart, Bd. 7, 02.03.1937, S. 2954 [ff.]. Zit. n. CD-ROM-Ausgabe 2001.","Zwischen den beiden Staaten wurde ein Kompensationsabkommen abgeschlossen, das im Verein mit einem bereits im November 1936 abgeschlossenen Clearinggvertrag folgende Regelung trifft: Einzahlungen der polnischen Schuldner, die bis zum 30. November 1936 bei der polnischen Verrechnungsstelle in Warschau erfolgten, werden in der chronologischen Reihenfolge der Einzahlungen aus dem Bestand des für Rechnung Polens bei der Schweizerischen Nationalbank geführten Sammelkontos ausbezahlt, und zwar zum alten vor der Abwertung des Schweizer Frankens geltenden Umrechnungskurs, soweit die Einzahlungen bereits vor dem 27. September 1936 stattfanden, sonst zum neuen Umrechnungskurs."
"190","1939-12-07","Zeitung","Archiv der Gegenwart, Bd. 9, 07.12.1939, S. 4340 [ff.]. Zit. n. CD-ROM-Ausgabe 2001.","Weiter ist bezeichnend, daß alle diese Länder bis zum heutigen Tage noch jenem Genfer Völkerbunde angehören, dessen Artikel 16 noch nicht abgeschafft ist, jener berüchtigte Sanktionsartikel, durch den die kleinen Staaten für die Interessen Großbritanniens eingespannt werden."
"191","1943-05-25","Zeitung","Archiv der Gegenwart, Bd. 13, 25.05.1943, S. 5949 [ff.]. Zit. n. CD-ROM-Ausgabe 2001.","Der Sowjetbotschafter in den Vereinigten Staaten, Litwinow, traf am 22. Mai in Moskau "" zur Berichterstattung "" ein."
"192","1934-08-17","Zeitung","Archiv der Gegenwart, Bd. 4, 17.08.1934","Diese Konstruktion gebe dem deutschen Staate nach innen und außen unzerstörbare Festigkeit, gewähre der Staatsführung Stabilität und ermögliche eine Politik auf lange Sicht."
"193","1933-06-17","Zeitung","Archiv der Gegenwart, Bd. 3, 17.06.1933, S. 888 [ff.]. Zit. n. CD-ROM-Ausgabe 2001.","Bisher haben sich 41 Staaten, die rund 80 % des Welthandels repräsentieren, darunter alle europäischen außer Jugoslawien, mit einem Zollwaffenstillstand einverstanden erklärt."
"194","1945-06-28","Zeitung","Archiv der Gegenwart, Bd. 15, 28.06.1945, S. 299 [ff.]. Zit. n. CD-ROM-Ausgabe 2001.","Präsident Truman gab laut Exchange den Rücktritt des bisherigen Staatssekretärs Stettinius bekannt, der zum Hauptvertreter der Vereinigten Staaten im Rat der Vereinten Nationen ernannt wurde."
"195","1941-05-02","Zeitung","Archiv der Gegenwart, Bd. 11, 02.05.1941","Aber da Sie als Präsident der Vereinigten Staaten und als Oberbefehlshaber der Armee eindeutig feststellten daß ich als Reserveoffizier meinem Lande nicht mehr nützlich bin, und in Anbetracht weiterer Bemerkungen, die Sie, mein Präsident und militärischer Chef, über meine Loyalität meinem Lande gegenüber, über meinen Charakter und meine Motive machten, sehe ich keinen anderen ehrenvollen Ausweg als den, meinen Posten als Oberst in der Luftwaffenreserve niederzulegen."
"196","1934-12-31","Wissenschaft","Heller, Hermann: Staatslehre, Leiden: Sijthoff 1934, S. 163","Ein Stahl und ein Gierke haben den Dualismus Volk und Staat grundsätzlich ebenso preisgegeben wie ein Preuss ( vgl. Liermann, S. 67, 75 )."
"197","1937-12-31","Zeitung","Archiv der Gegenwart, Bd. 7, 31.12.1937, S. 3361 [ff.]. Zit. n. CD-ROM-Ausgabe 2001.","[...] Ein Vergleich der Arbeitslosenzahl vom Herbst ( September ) 1937 mit dem Durchschnitt im jeweiligen Krisentief zeigt Rückgänge der Arbeitslosigkeit in folgenden Ländern: Deutschland um 92 %, Tschechoslowakei um 69 %, Australien um 66 %, Vereinigte Staaten ( August 1937 gegen 1934 ) um 60 %, Schweden um 58 %, Belgien um 515 %, England um 50 %, Österreich um 36 %, Holland um 32 %, Polen ( August 1937 gegen 1935 ) um 32 %, Frankreich ( September 1937 gegen 1936 ) um 28 %. -- Die Entwicklung auf dem Kapitalmarkt wird durch den Verlauf der Kurven der Aktienkurse und der Kurse der festverzinslichen Werte veranschaulicht ( siehe Seite 3364 ). [...]"
"198","1945-10-15","Zeitung","Archiv der Gegenwart, Bd. 15, 15.10.1945, S. 478 [ff.]. Zit. n. CD-ROM-Ausgabe 2001.","Am 21. Mai 1945 war in London eine Europäische Kohlenkommission ( siehe auch 366 H ) mit Belgien, Dänemark, Frankreich, Griechenland, Großbritannien, Jugoslawien, Luxemburg, den Niederlanden, Norwegen, der Türkei und den Vereinigten Staaten als Mitgliedern gegründet worden."
"199","1933-01-12","Zeitung","Archiv der Gegenwart, Bd. 3, 12.01.1933, S. 650 [ff.]. Zit. n. CD-ROM-Ausgabe 2001.","Insgesamt sind 34 Staaten durch Delegierte der Regierungen, der Arbeitgeber und Arbeitnehmer vertreten."
"200","1941-08-04","Zeitung","Archiv der Gegenwart, Bd. 11, 04.08.1941, S. 5140 [ff.]. Zit. n. CD-ROM-Ausgabe 2001.","Es sollte in aller Öffentlichkeit von dem Willen Roosevelts Kenntnis gegeben werden, alles in seinen Kräften Stehende zu tun. ( L. B. Außenpolitik: Vereinigte Staaten 5137 C, England 5139 B, Sowjetunion 5137 C; Wehrmacht: Vereinigte Staaten 5137 C, England 5139 B, Sowjetunion 5137 C. )"
"201","1945-09-19","Zeitung","Archiv der Gegenwart, Bd. 15, 19.09.1945, S. 441 [ff.]. Zit. n. CD-ROM-Ausgabe 2001.","Er fügte hinzu, die Vereinigten Staaten sollten etwa sechzehn größere Stützpunkte im Atlantik und Pazifik erhalten ( 381 K, 418 E )."
"202","1937-02-10","Zeitung","Archiv der Gegenwart, Bd. 7, 10.02.1937, S. 2926 [ff.]. Zit. n. CD-ROM-Ausgabe 2001.","Polen habe daher den Litauen gewährten Vertrauenskredit rückgängig gemacht und seine Einstellung zu Litauen den Methoden angepaßt, die dieser Staat gegenüber Polen anwendet."
"203","1935-03-16","Zeitung","Archiv der Gegenwart, Bd. 5, 16.03.1935, S. 1936 [ff.]. Zit. n. CD-ROM-Ausgabe 2001.","Allein auch nach dem Verlassen Genfs war die deutsche Regierung dennoch bereit, nicht nur Vorschläge anderer Staaten zu überprüfen, sondern auch eigene praktische Vorschläge zu machen."
"204","1944-08-09","Zeitung","Archiv der Gegenwart, Bd. 14, 09.08.1944, S. 6484 [ff.]. Zit. n. CD-ROM-Ausgabe 2001.","Im übrigen handle es sich bloß um Pläne, da die einzelnen Staaten durch die Zustimmung ihrer Delegierten zu den Beschlüssen der Konferenz keineswegs gebunden sind."
"205","1941-11-15","Zeitung","Archiv der Gegenwart, Bd. 11, 15.11.1941","( L. B. Vereinigte Staaten, Außenpolitik 5270 C, Nicaragua 3415 D, Amerika ( Erdteil ) 5237 D. )"
"206","1936-05-12","Zeitung","Archiv der Gegenwart, Bd. 6, 12.05.1936","In Fortsetzung der Debatte verlangte der Vorsitzende der tschechoslowakischen Nationalsozialisten, Senator Klofac, die Organisierung des Grenzgebietes, die Vorlegung eines Entbürgerungsgesetzes für Personen, die den Staat schädigen sowie eines Namensgesetzes, durch das germanisierte und magyarisierte Namen kostenlos wieder in die tschechische Ursprungsform umgewandelt werden können."
"207","1944-09-06","Zeitung","Archiv der Gegenwart, Bd. 14, 06.09.1944","Die grundsätzlich wichtigste Aufgabe sei die rascheste Erneuerung der militärischen, politischen und wirtschaftlichen Ordnung im Staat und in der Exekutive."
"208","1937-02-14","Zeitung","Archiv der Gegenwart, Bd. 7, 14.02.1937, S. 2931 [ff.]. Zit. n. CD-ROM-Ausgabe 2001.","Der Staat verlange von allen Vereinen, daß sie in ihren Grenzen bleiben und der Tatsache der österreichischen Neugestaltung Rechnung tragen."
"209","1936-11-29","Zeitung","Archiv der Gegenwart, Bd. 6, 29.11.1936, S. 2827 [ff.]. Zit. n. CD-ROM-Ausgabe 2001.","Bundespräsident Miklas erwähnte in seinem Trinkspruch das gemeinsame Ringen der beiden Völker um den wahren Frieden Europas, der letzten Endes nur auf gerechten Grundlagen und durch eine die natürlichen Lebensbedingungen beachtende wirtschaftliche und soziale Gestaltung des Lebensraums der beiden Staaten gesichert werden könne."
"210","1941-02-14","Zeitung","Archiv der Gegenwart, Bd. 11, 14.02.1941, S. 4893 [ff.]. Zit. n. CD-ROM-Ausgabe 2001.","Churchill versicherte, daß man in den Vereinigten Staaten volles Verständnis dafür habe, wofür Großbritannien kämpfe und wogegen es sich verteidige."
"211","1943-09-20","Zeitung","Archiv der Gegenwart, Bd. 13, 20.09.1943, S. 6098 [ff.]. Zit. n. CD-ROM-Ausgabe 2001.","Am 24. August gab das Marineministerium der Vereinigten Staaten bekannt, daß kanadische und amerikanische Truppen auf der etwa 20 Meilen ostwärts von Kiska liegenden Aleuteninsel Segula gelandet seien und keine japanischen Streitkräfte vorgefunden hätten."
"212","1934-12-31","Wissenschaft","Heller, Hermann: Staatslehre, Leiden: Sijthoff 1934, S. 135","Erst die autonome Machteinheit des modernen Staates konnte sinnvoll als ein besonderes herrschaftliches Rechtssubjekt angesprochen werden."
"213","1945-02-28","Zeitung","Archiv der Gegenwart, Bd. 15, 28.02.1945, S. 120 [ff.]. Zit. n. CD-ROM-Ausgabe 2001.","Sehr bald wird dem Senat der Vereinigten Staaten und dem amerikanischen Volke ein wichtiger Beschluß unterbreitet werden, der das Schicksal der Vereinigten Staaten und der ganzen Welt für kommende Generationen bestimmen wird."
"214","1941-11-20","Zeitung","Archiv der Gegenwart, Bd. 11, 20.11.1941, S. 5276 [ff.]. Zit. n. CD-ROM-Ausgabe 2001.","Die deutsche Bevölkerung wird gezwungen, die Sprache des Staates, dem sie zugewiesen ist, zu lernen."
"215","1936-12-31","Wissenschaft","Jahresberichte für deutsche Geschichte, 1936, S. 584","Reichenbach war seit 1487 ein Lehen der Familie Metzsch und blieb es bis zur Städteordnung von 1832; die letzten Reste ihrer Lehnsherrlichkeit verschwanden 1856 mit dem Übergang der Gerichtshoheit an den Staat, mit dem Aufhören des Schutzpatronats durch das Volksschulgesetz von 1873 und endlich mit dem Verkauf des Patronatsrechtes über die Kirche zu Peter-Paul 1894 an den Rat."
"216","1933-08-14","Zeitung","Archiv der Gegenwart, Bd. 3, 14.08.1933, S. 980 [ff.]. Zit. n. CD-ROM-Ausgabe 2001.","Der infolge der Lockerung der Prohibition in den Vereinigten Staaten wieder einsetzende Export nach den Vereinigten Staaten betrug im Mai 2032, im Juni 6.808 hl, hat sich aber seitdem infolge der Dollarentwertung verringert."
"217","1935-09-13","Zeitung","Archiv der Gegenwart, Bd. 5, 13.09.1935, S. 2222 [ff.]. Zit. n. CD-ROM-Ausgabe 2001.","Die italienischen Blätter wiederholen, daß Italien in keiner Form auf den guten Willen Abessiniens angewiesen sein wolle. ( L. B. Frankreich, Außenpolitik 2109 C, Beziehungen zu England 2133 L, zu Italien 2193 H, Vereinigte Staaten, Außenpolitik 2212 E, Abessinien-Italien-Konflikt 2221 A, Völkerbund 2213 B. )"
"218","1939-08-31","Zeitung","Archiv der Gegenwart, Bd. 9, 31.08.1939, S. 4199 [ff.]. Zit. n. CD-ROM-Ausgabe 2001.","In der Konferenz wurden außerdem die mit der wirtschaftlichen Zusammenarbeit der nordischen Staaten zusammenhängenden Fragen erörtert."
"219","1945-12-06","Zeitung","Archiv der Gegenwart, Bd. 15, 06.12.1945, S. 554 [ff.]. Zit. n. CD-ROM-Ausgabe 2001.","Dieses Übereinkommen präjudiziert keinerlei, auf die Leih-Pachtund gegenseitige Hilfe bezügliche Regelung, über die zwischen der Regierung der Vereinigten Staaten und den Regierungen von Australien, Neuseeland, Südafrika und Indien verhandelt werden könnte."
"220","1933-02-28","Zeitung","Archiv der Gegenwart, Bd. 3, 28.02.1933, S. 717 [ff.]. Zit. n. CD-ROM-Ausgabe 2001.","Die Staaten der Kleinen Entente seien von der Notwendigkeit überzeugt, diese Stabilität durch vollkommene Vereinheitlichung ihrer allgemeinen Politik und durch Konstituierung eines Organs für die Leitung dieser gemeinsamen Politik zu verwirklichen, wodurch die Kleine Entente eine höhere internationale Einheit schaffe, die anderen Staaten unter Bedingungen zugänglich sei, über welche in jedem besonderen Falle ein Abkommen nötig wäre."
"221","1938-06-17","Zeitung","Archiv der Gegenwart, Bd. 8, 17.06.1938, S. 3605 [ff.]. Zit. n. CD-ROM-Ausgabe 2001.","Am 1. Juni fand ein schwerer Grenzzwischenfall zwischen den beiden Staaten statt."
"222","1939-08-19","Zeitung","Archiv der Gegenwart, Bd. 9, 19.08.1939, S. 4178 [ff.]. Zit. n. CD-ROM-Ausgabe 2001.","Im Verkehr der Protektoratsbehörden mit Behörden fremder Staaten wird die deutsche Sprache der tschechischen gleichgesetzt."
"223","1938-07-08","Zeitung","Archiv der Gegenwart, Bd. 8, 08.07.1938","In der Begründung des Gesetzes wird u. a. darauf hingewiesen, daß es für den nationalsozialistischen Staat unerträglich gewesen sei, wenn in einem Teil des großdeutschen Reiches ( Österreich ) auch weiterhin die Mehrzahl der Ehen ohne jede Mitwirkung des Staates als des Repräsentanten völkischen Wollens geschlossen werden können."
"224","1938-02-21","Zeitung","Archiv der Gegenwart, Bd. 8, 21.02.1938","Ihnen und den Parlamentsmitgliedern ist die Teilnahme an Unternehmungen untersagt, welche mit dem Staate in geschäftlicher Verbindung stehen."
"225","1935-03-13","Zeitung","Archiv der Gegenwart, Bd. 5, 13.03.1935, S. 1932 [ff.]. Zit. n. CD-ROM-Ausgabe 2001.","Dieser Fünfjahrplan sieht im Gegensatz zum russischen oder türkischen Plan von der Einflußnahme des Staates auf die Industrie ab, beschränkt sich ausschließlich auf agrarische und bodentechnische Maßnahmen und umschreibt nicht die Erfolge, die nach Ablauf seiner Geltungsdauer erreicht sein müssen."
"226","1934-12-31","Wissenschaft","Heller, Hermann: Staatslehre, Leiden: Sijthoff 1934, S. 44","Die Totalität, aus der heraus allein der Sinn des Staates wirklichkeitswissenschaftlich verstanden werden kann, ist das wirkliche menschliche Zusammenleben, "" die Produktion und Reproduktion des wirklichen Lebens "" ( Engels, Dokumente d. Sozial."
"227","1945-02-23","Zeitung","Archiv der Gegenwart, Bd. 15, 23.02.1945, S. 108 [ff.]. Zit. n. CD-ROM-Ausgabe 2001.","In einem Bericht, betitelt "" China als Markt der Nachkriegszeit "", machte K. Rosinger, der Sachverständige für fernöstliche Angelegenheiten, der "" Foreign Policy Association "" die Voraussage, daß es den Vereinigten Staaten nicht schwerfallen sollte, der scharfen Konkurrenz anderer Länder in China zu begegnen, denn es sei anzunehmen, daß China die für die Finanzierung seiner Industrialisierung benötigten Geldmittel zum größten Teil in den Vereinigten Staaten aufnehmen werde."
"228","1945-02-13","Zeitung","Archiv der Gegenwart, Bd. 15, 13.02.1945, S. 6690 [ff.]. Zit. n. CD-ROM-Ausgabe 2001.","Es wird ferner ausgeführt, daß die Vereinigten Staaten die Sowjetunion und England anerkennen, daß Polen im Norden und Westen wesentlichen Gebietsgewinn erhalten soll."
"229","1940-08-01","Zeitung","Archiv der Gegenwart, Bd. 10, 01.08.1940, S. 4644 [ff.]. Zit. n. CD-ROM-Ausgabe 2001.","Molotow schilderte sodann Einzelheiten der Verhandlungen über die Abtretung Bessarabiens und der Nordbukowina ( 4599 C, 4620 F ) und die Vorgeschichte des Beschlusses der drei baltischen Staaten, in die Sowjetunion einzutreten ( 4580 B, 4584 E, F, 4587 A, 4622 H, 4632 A ) und fuhr wörtlich fort:"
"230","1936-03-03","Zeitung","Völkischer Beobachter (Berliner Ausgabe), 03.03.1936","Da die Abgeordneten Gehälter beziehen, so entsteht die groteske Lage, daß der griechische Staat nun Leute zu entlohnen hat, die z.T. vor kurzem noch in Gefängnissen saßen, und zwar nicht etwa nur wegen politischer Vergehen."
"231","1934-11-12","Zeitung","Archiv der Gegenwart, Bd. 4, 12.11.1934, S. 1721 [ff.]. Zit. n. CD-ROM-Ausgabe 2001.","[...] 97,17; Japan 34,74; Jugoslawien 77,86, Mexico ( Goldpeso ) 99,27, ( Silberpeso ) 33,8; Nicaragua 47,5, Norwegen 55,80; Österreich 80.73; Ostafrika ( Brit. ) 60,5; Palästina 62; Panama 59,5; Paraguay 32,0; Persien 81,0; Peru 48,84; Philippinen 59,5; Portugal 60,94; Salvador 67,0; Schweden 57,27; Siam 62,5; Spanien ( praktisch stabil ) 42,03; Straits Settlements ( Brit. ) 61,0; Südafrika 60,4; Türkei ( praktisch stabil ) 10,75; Ungarn 66,08 Uruguay ( Freiverkehr ) 43,11; Venezuela 80.0; Vereinigte Staaten 100,66 % ( seit der neuen Parität: 1258 D ); Westafrika ( Brit. ) 60.9. [...]"
"232","1935-03-01","Zeitung","Völkischer Beobachter (Berliner Ausgabe), 01.03.1935","Die Justizverwaltung war die erste Verwaltung, die dafür eintrat, daß jeder Referendar durch den Arbeitsdienst gehen muß, und sie legt nach wie vor höchstes Gewicht darauf, daß der Referendar innerhalb der Staat und Volksleben tragenden Bewegung seine Pflicht voll und ganz erfüllt hat."
"233","1942-05-11","Zeitung","Archiv der Gegenwart, Bd. 12, 11.05.1942, S. 5491 [ff.]. Zit. n. CD-ROM-Ausgabe 2001.","In bezug auf die Vereinigten Staaten führte Togo aus, daß diese sich auf die Philippinen als politischen, wirtschaftlichen und militärischen Stützpunkt stützten, als sie sich in die Angelegenheiten Ostasiens einmischten."
"234","1945-10-26","Zeitung","Süddeutsche Zeitung, 1995 [1945]","Zwar damals, in den Anfängen moderner Staatenbildung, waren die großen Feudalherren auch in anderen Staaten sehr mächtig; aber nur in Deutschland gingen sie aus dem Kampf mit der Zentralgewalt als regierende Fürsten hervor und gründeten Dynastien, die bis 1918 regiert haben."
"235","1936-09-03","Zeitung","Archiv der Gegenwart, Bd. 6, 03.09.1936, S. 2710 [ff.]. Zit. n. CD-ROM-Ausgabe 2001.","Nach den amtlichen Mitteilungen wird hierdurch eine zweckmäßigere Aufteilung der Einfuhr dieser Waren und Rohstoffe angestrebt, um so die Einkaufsmöglichkeiten in Staaten auszunützen, wo die Tschechoslowakei Exportforderungen besitzt und um Kompensationsmöglichkeiten für tschechoslowakische Waren namentlich in einigen Überseestaaten zu schaffen. ( L.B. 2707 F. )"
"236","1937-09-10","Zeitung","Archiv der Gegenwart, Bd. 7, 10.09.1937, S. 3206 [ff.]. Zit. n. CD-ROM-Ausgabe 2001.","Der Organismus des polnischen Staates vertrage eine Verstärkung der Autorität und der Rechte des Parlaments, und zu diesem Zwecke werde das Lager der nationalen Einheit eine Reform der Wahlordnung vorbereiten."
"237","1943-12-26","Zeitung","Archiv der Gegenwart, Bd. 13, 26.12.1943, S. 6220 [ff.]. Zit. n. CD-ROM-Ausgabe 2001.","Man könne sich noch auf eine ganze Reihe von Teilgeständnissen dieser Art gefaßt machen, die alle eine Bestätigung der deutschen Beurteilung bildeten, daß das vielgepriesene Einvernehmen von Teheran in Wahrheit ein Diktat Stalins und ein Verrat Englands und der Vereinigten Staaten an Europa war."
"238","1943-09-27","Zeitung","Archiv der Gegenwart, Bd. 13, 27.09.1943, S. 6108 [ff.]. Zit. n. CD-ROM-Ausgabe 2001.","Im Herbst 1940 habe Marschall Antonescu dann das Schicksal des rumänischen Volkes auf eine einzige Macht gestützt, die in der Lage war, das Dasein des rumänischen Staates für die Zukunft zu gewährleisten."
"239","1939-06-06","Zeitung","Archiv der Gegenwart, Bd. 9, 06.06.1939, S. 4093 [ff.]. Zit. n. CD-ROM-Ausgabe 2001.","Zum Unterschied von früher fühlten sich Staat und Partei als Treuhänder des Volkes und als die großen Mäzene der Kunst."
"240","1934-03-10","Zeitung","Archiv der Gegenwart, Bd. 4, 10.03.1934, S. 1325 [ff.]. Zit. n. CD-ROM-Ausgabe 2001.","Sie fordern von der Regierung, daß die Menschen- und Arbeiterrechte der Besiegten auch im zukünftigen Staat gesichert bleiben."
"241","1938-12-13","Zeitung","Archiv der Gegenwart, Bd. 8, 13.12.1938, S. 3845 [ff.]. Zit. n. CD-ROM-Ausgabe 2001.","Das Interventionsrecht der Vereinigten Staaten blieb jedoch weiterhin in Kraft."
"242","1943-11-04","Zeitung","Archiv der Gegenwart, Bd. 13, 04.11.1943, S. 6158 [ff.]. Zit. n. CD-ROM-Ausgabe 2001.",""" Es handelt sich hierbei zweifellos nur um Besprechungen zwischen den Mitgliedern der Empirefamilie, deren Zweck es nicht ist, die Interessen der Vereinigten Staaten zu benachteiligen."
"243","1945-01-30","Zeitung","Archiv der Gegenwart, Bd. 15, 30.01.1945","Es war also nicht anders wie heute im großen, da ebenfalls die bürgerlichen Staaten der Vernichtung geweiht sind und nur klar ausgerichtete, weltanschaulich gefestigte Volksgemeinschaften die seit vielen Jahrhunderten schwerste Krise Europas zu überdauern vermögen."
"244","1945-12-18","Zeitung","Archiv der Gegenwart, Bd. 15, 18.12.1945","Lord Keynes erklärte laut Korrespondentenbericht der NZZ im Oberhaus zum Finanzabkommen mit den Vereinigten Staaten ( 554 H ), daß es zwar bedauerlich sei, wenn es nicht gelungen ist, einen zinsfreien Kredit von den Vereinigten Staaten zu erhalten, daß aber die Zinsbedingungen sehr schonend und allen temporären Zahlungsschwierigkeiten Rechnung tragend festgelegt seien."
"245","1942-03-25","Zeitung","Archiv der Gegenwart, Bd. 12, 25.03.1942","Man habe gehofft, daß die Vereinigten Staaten immer stärker in den Krieg eingreifen könnten, Japan aber zugleich alle Herausforderungen widerspruchslos hinnehmen würde."
"246","1944-12-23","Zeitung","Archiv der Gegenwart, Bd. 14, 23.12.1944, S. 6636 [ff.]. Zit. n. CD-ROM-Ausgabe 2001.","Wie die Agentur Reuter am 18. Dezember meldete, gab der Staatssekretär im Staatsdepartement der Vereinigten Staaten, Stettinius, zur polnischen Frage eine Erklärung ab, in der er sagte, die Regierung der Vereinigten Staaten sei immer der Meinung gewesen, Grenzregelungen bis zur Beendigung der Feindseligkeiten in Schwebe zu lassen."
"247","1945-05-02","Zeitung","Archiv der Gegenwart, Bd. 15, 02.05.1945, S. 207 [ff.]. Zit. n. CD-ROM-Ausgabe 2001.","Dann gab es brasilianische Truppen, eine Negerdivision bei den Truppen der Vereinigten Staaten, die sich ebenfalls ausgezeichnet hat, eine jüdische Brigade, die vor ungefähr einem Jahr gebildet wurde und in der Frontlinie mit Mut focht, dann Japaner, die in Amerika geboren wurden und die in Turin eindrangen, und schließlich freie Italiener die ihre Rolle bei der Befreiung ihres Landes vom deutsch-faschistischen Joch spielten."
"248","1942-07-16","Zeitung","Archiv der Gegenwart, Bd. 12, 16.07.1942, S. 5565 [ff.]. Zit. n. CD-ROM-Ausgabe 2001.","Am 9. Juli sei eine weitere Note der Vereinigten Staaten der Regierung in Vichy überreicht worden, in der vorgeschlagen worden sei, daß die französischen Kriegsschiffe durch den Suezkanal mit einem durch England und die Vereinigten Staaten garantierten Passierschein zurückgezogen und nach der Insel Martinique geführt würden, wo sie für die Dauer des Krieges in der gleichen Weise immobilisiert würden wie die bereits dort befindlichen französischen Schiffe."
"249","1935-09-10","gesprochen","o.A., Empfang der Presse im Festsaal des Kulturvereinshauses, 10.09.1935","Ihr im Kampf erprobtes eigenes Entwicklungsgesetz ist das Grundgesetz und die Verfassung des nationalsozialistischen Staates."
"250","1940-12-26","Zeitung","Archiv der Gegenwart, Bd. 10, 26.12.1940, S. 4824 [ff.]. Zit. n. CD-ROM-Ausgabe 2001.","Zwischen den beiden Staaten wurde ein Handelsvertrag unterzeichnet, der eine Verlängerung des bisher bestehenden Handelsverträges zu unveränderten Bedingungen bis Ende 1941 vorsieht. ( L.B. Deutschland 4803 A, Chile 4739 D. )"
"251","1943-06-19","Zeitung","Archiv der Gegenwart, Bd. 13, 19.06.1943","Am 10. Juni wurde die argentinische Regierung durch die Regierungen des Deutschen Reiches, Italiens und Spaniens anerkannt; am 11. Juni wurde die Anerkennung der argentinischen Regierung durch die Vereinigten Staaten, Großbritannien, Japan, sämtliche südamerikanische Staaten sowie der meisten anderen Staaten ausgesprochen."
"252","1941-03-13","Zeitung","Archiv der Gegenwart, Bd. 11, 13.03.1941, S. 4929 [ff.]. Zit. n. CD-ROM-Ausgabe 2001.","6. Die Bestimmung daß der Präsident dem Kongreß über die unter dem Gesetz ergriffenen Maßnahmen Bericht erstatten müsse, soweit größere Interessen der Vereinigten Staaten davon berührt werden."
"253","1944-11-26","Zeitung","Archiv der Gegenwart, Bd. 14, 26.11.1944, S. 6605 [ff.]. Zit. n. CD-ROM-Ausgabe 2001.","Der Mythos von der Stärke der Marine der Vereinigten Staaten sei zerstört."
"254","1938-03-27","Zeitung","Archiv der Gegenwart, Bd. 8, 27.03.1938, S. 3489 [ff.]. Zit. n. CD-ROM-Ausgabe 2001.","Mexico müsse alle seine Verpflichtungen in korrekter Weise erfüllen, wenn es seine wirtschaftliche Unabhängigkeit und sein Ansehen im Auslande erhalten wolle. -- Pressemeldungen zufolge haben die Vereinigten Staaten im Zusammenhänge mit den durchgeführten Enteignungen die monatlichen Käufe von mexikanischem Silber eingestellt."
"255","1945-12-20","Zeitung","Archiv der Gegenwart, Bd. 15, 20.12.1945, S. 579 [ff.]. Zit. n. CD-ROM-Ausgabe 2001.","II. Wiedererstandene Staaten, die seit 1939 verschwunden waren: 1. Abessinien: Eingliederung in das italienische Imperium: 198 E, Wiederentstehen: 389 F, 2. Österreich:"
"256","1939-04-06","Zeitung","Archiv der Gegenwart, Bd. 9, 06.04.1939, S. 4016 [ff.]. Zit. n. CD-ROM-Ausgabe 2001.","Es herrschte Einverständnis darüber, daß die obenerwähnten Vereinbarungen keine der beiden Regierungen daran hindern sollen, mit anderen Staaten Abkommen im allgemeinen Interesse der Konsolidierung des Friedens zu treffen. ( L. B. England 4015 L, Polen 4015 D. )"
"257","1934-09-08","Zeitung","Archiv der Gegenwart, Bd. 4, 08.09.1934, S. 1610 [ff.]. Zit. n. CD-ROM-Ausgabe 2001.","Davon entfielen unter den Bezugsländern auf Deutschland rund 10 Mill., auf die Vereinigten Staaten 5,26, auf die Tschechoslowakei 2,57, auf Italien 1,92, auf Belgien 1,72, auf Ägypten 1,21, auf Österreich 1,09 Mill. türk. Pfund. ( L. B. 1593 H. )"
"258","1933-03-04","Zeitung","Völkischer Beobachter (Berliner Ausgabe), 04.03.1933","Tief bedauerlich ist es vor allen Dingen, daß es noch Männer gibt, die als Beamte vom Staat, von den Steuergroschen der Allgemeinheit leben, und es noch wagen, gegen das neue Deutschland der nationalen Erhebung zu kämpfen und zu hetzen."
"259","1936-06-02","Zeitung","Archiv der Gegenwart, Bd. 6, 02.06.1936, S. 2579 [ff.]. Zit. n. CD-ROM-Ausgabe 2001.","Die Vereinigten Staaten haben gegenwärtig eine Friedensarmee von etwa 462.000 Mann, und zwar 147.000 Mann sowie 12.862 Offiziere reguläre Armee und 172.000 Mann sowie 135.710 Offiziere Nationalgarde ( Miliztruppen der einzelnen Bundesstaaten )."
"260","1933-03-04","Zeitung","Völkischer Beobachter, 04.03.1933","Der 4. März ist seither der große Trauertag der auslandsdeutschen Stammesbrüder geworden, in einem Staate, der ihnen den Kampf und die Erhaltung ihres Volkstums besonders schwer machte und nicht abließ, deutschen Geist zu verfolgen."
"261","1933-06-21","Zeitung","Archiv der Gegenwart, Bd. 3, 21.06.1933, S. 893 [ff.]. Zit. n. CD-ROM-Ausgabe 2001.","Der neue autoritäre Staat erhebe im Gegensatz zum bisherigen liberaldemokratischen auch gegenüber der Wirtschaft unbedingten Führungsanspruch."
"262","1944-08-12","Zeitung","Archiv der Gegenwart, Bd. 14, 12.08.1944, S. 6487 [ff.]. Zit. n. CD-ROM-Ausgabe 2001.","Die Haltung der slowakischen Bevölkerung sei ausgezeichnet und die Innenverhältnisse des Staates befriedigend."
"263","1941-11-13","Zeitung","Archiv der Gegenwart, Bd. 11, 13.11.1941, S. 5268 [ff.]. Zit. n. CD-ROM-Ausgabe 2001.","Auch dieser Gesichtspunkt spreche dafür, daß die betreffenden Gebiete mit gutem Grund von Finnland besetzt gehalten werden müssen, damit dieser Bevölkerung Freiheit und Sicherheit garantiert werden können, die im Hinblick auf den nationalen Charakter der Bewohner dieser Gebiete denjenigen Grundsätzen entsprechen, die der Präsident der Vereinigten Staaten und der Premierminister Großbritanniens in ihrer Deklaration auf dem Atlantik am 14. August 1941 öffentlich bekanntgegeben haben."
"264","1943-01-01","Zeitung","Archiv der Gegenwart, Bd. 13, 01.01.1943, S. 5777 [ff.]. Zit. n. CD-ROM-Ausgabe 2001.","Einst hatte das feudale Frankreich das Deutsche Reich bekämpft unter der Führung des Hauses Habsburg, das bürgerliche Frankreich führte seine Kriege gegen das Deutschland unter der Führung Preußens, das Frankreich von 1939 hat wieder dem Reich den Krieg erklärt und dieses Mal nicht mehr dem kaiserlichen, sondern dem nationalsozialistischen Staat."
"265","1934-07-25","Zeitung","Archiv der Gegenwart, Bd. 4, 25.07.1934","Durch die Handelsabkommen mit verschiedenen Staaten und mit den Dominien sei die Regierung auf diesen Gebieten in ihrem Handeln beschränkt, für Hilfsmaßnahmen wurden neuerlich 3 Mill."
"266","1933-12-07","Zeitung","Archiv der Gegenwart, Bd. 3, 07.12.1933, S. 1174 [ff.]. Zit. n. CD-ROM-Ausgabe 2001.","Für den Ankauf von Zuckerrüben und für den Verkauf des Zuckers bestimmt der Staat die Preise."
"267","1935-10-07","Zeitung","Archiv der Gegenwart, Bd. 5, 07.10.1935, S. 2250 [ff.]. Zit. n. CD-ROM-Ausgabe 2001.","Da der Staat nicht selbst Wirtschaft treiben wolle, sei es Aufgabe eines anderen Organs, das Gesetz durchzuführen."
"268","1933-03-02","Zeitung","Vossische Zeitung (Morgen-Ausgabe), 02.03.1933","Früher war die Bindung zwischen den Staaten der Kleinen Entente moralisch und politisch, jetzt ist es eine international-rechtliche Bindung."
"269","1938-09-02","Zeitung","Archiv der Gegenwart, Bd. 8, 02.09.1938, S. 3701 [ff.]. Zit. n. CD-ROM-Ausgabe 2001.","Der Präsident kündigte ferner ein Gesetz an, das den Konzessionen für eine Ölausbeute ein Ende bereiten werde, um Auseinandersetzungen wie sie mit Großbritannien und den Vereinigten Staaten stattfanden ( siehe 3617 A ), in Hinkunft zu vermeiden."
"270","1945-09-11","Zeitung","Archiv der Gegenwart, Bd. 15, 11.09.1945, S. 427 [ff.]. Zit. n. CD-ROM-Ausgabe 2001.","Dem Landesting von Aaland kann es natürlicherweise nicht bekannt sein, was die Regierungen von Finnland, der übrigen Ostseestaaten, vor allem der Sowjetunion und Schwedens ferner die Regierungen von Großbritannien, den Vereinigten Staaten von Nordamerika und Frankreich über das aaländische Problem denken, aber das Landesting will jetzt vorbehaltlos, aufrichtig und öffentlich seine Wünsche der Staatsregierung vorlegen."
"271","1945-12-04","Gebrauchsliteratur","o. A.: Zwölfter Tag. Dienstag, 4. Dezember 1945. In: Der Nürnberger Prozeß, Berlin: Directmedia Publ. 1999 [1945], S. 2471","Bis dahin hatte er Forderungen an seinen Vertragspartner gerichtet, die Polen als souveräner Staat abzulehnen durchaus berechtigt war."
"272","1943-06-07","Zeitung","Archiv der Gegenwart, Bd. 13, 07.06.1943, S. 5968 [ff.]. Zit. n. CD-ROM-Ausgabe 2001.","Die Lehre die ich daraus ziehe, ist die Respektierung und die Aufrechterhaltung der Unabhängigkeit der kleinen europäischen Staaten welche jetzt und in der Zukunft für den Frieden Europas und der Welt von lebenswichtigem Interesse ist."
"273","1938-04-05","Zeitung","Archiv der Gegenwart, Bd. 8, 05.04.1938, S. 3502 [ff.]. Zit. n. CD-ROM-Ausgabe 2001.","Als Begründung wurde angeführt, daß nach dem Washingtoner Flottenabkommen eine Flottenparität zwischen England, den Vereinigten Staaten und Japan von 5: 5: 3 festgelegt worden sei."
"274","1945-10-23","Zeitung","Süddeutsche Zeitung, 1995 [1945]","Im Anklagepunkt 2 führt die Anklageschrift aus, daß alle Angeklagten durch Entfesselung der Kriege gegen Polen, Großbritannien und Frankreich, Dänemark und Norwegen, Belgien, die Niederlande und Luxemburg, Jugoslawien und Griechenland gegen Sowjetrußland und gegen die Vereinigten Staaten von Amerika, internationale Verträge, Abkommen und Zusicherungen verletzten."
"275","1943-01-17","Zeitung","Archiv der Gegenwart, Bd. 13, 17.01.1943, S. 5795 [ff.]. Zit. n. CD-ROM-Ausgabe 2001.","Die Politik der "" guten Nachbarschaft "", wie sie angeblich die Vereinigten Staaten vertreten, bewiesen besonders die nordamerikanischen Eroberungszüge nach Südamerika, kreuz und quer durch das britische Weltreich und der Raubüberfall auf Französisch-Nordafrika."
"276","1937-06-01","Zeitung","Archiv der Gegenwart, Bd. 7, 01.06.1937","( Siehe 2762 A und Vorschlag der nordischen Staaten: 3024 C )."
"277","1934-10-05","Zeitung","Archiv der Gegenwart, Bd. 4, 05.10.1934","Außenminister Jeftic, der die Reise in Begleitung des Königs auf dem Seeweg über Marseille auf dem Kreuzer "" Dubrovnik "" zurücklegen wird während die Königin zu Land über die Schweiz reist bezeichnete vor der Abreise diesen Besuch als eine glänzende Kundgebung der Liebe und Ergebenheit Jugoslawiens für Frankreich und der unerschütterlichen Freundschaft der beiden Staaten sowie als einen unbestreitbaren Beweis der Gemeinsamkeit der politischen Interessen und des gegenseitigen Vertrauens."
"278","1942-06-12","Zeitung","Archiv der Gegenwart, Bd. 12, 12.06.1942, S. 5528 [ff.]. Zit. n. CD-ROM-Ausgabe 2001.","Beide Verschwörer geben nicht nur vor nach Beendigung des Krieges sich "" zur Errichtung der Sicherheit und des wirtschaftlichen Wohlstandes in Europa "" verbinden zu wollen; sie erklären es darüber hinaus als ihre Absicht, "" keine territorialen Vergrößerungen für sich selbst zu suchen und nicht in die Angelegenheiten anderer Staaten einzugreifen ""."
"279","1945-12-04","Zeitung","Archiv der Gegenwart, Bd. 15, 04.12.1945","Hinsichtlich der deutschen Invasion Dänemarks und Norwegens hob Shawcross hervor, wie Hitler versuchte, diese Staaten in Sicherheit zu wiegen, während er gleichzeitig eine militärische Unternehmung gegen sie plante."
"280","1934-02-28","Zeitung","Archiv der Gegenwart, Bd. 4, 28.02.1934, S. 1308 [ff.]. Zit. n. CD-ROM-Ausgabe 2001.","Die englische Regierung gab im Unterhaus folgende Zahlen für die Kriegsluftflotten erster Linie ( also ohne Reserven ) bekannt: Frankreich 1.650, Rußland 1.300 bis 1.500, Vereinigte Staaten 1.000 bis 1100, England 850. ( L. B. Kriegswesen 1278 A, Wehrmacht: Frankreich, Vereinigte Staaten, England 1278 A, Rußland 1278 B. )"
"281","1942-11-08","Zeitung","Archiv der Gegenwart, Bd. 12, 08.11.1942, S. 5703 [ff.]. Zit. n. CD-ROM-Ausgabe 2001.","Denn in 300 Jahren hat dieses Volk da drüben Staat um Staat, Volk um Volk, Stamm um Stamm unterdrückt, unterjocht und sich untertan gemacht."
"282","1940-11-08","Zeitung","Archiv der Gegenwart, Bd. 10, 08.11.1940, S. 4765 [ff.]. Zit. n. CD-ROM-Ausgabe 2001.","Wenn wir als sogenannter autoritärer Staat -- der sich von den Demokratien dadurch unterscheidet, daß er die Massen des Volkes hinter sich hat -- wenn wir also als autoritärer Staat all das erfüllt hätten, was die internationalen Plutokratien uns an Opfern aufbürdeten, wenn ich im Jahre 1933 erklärt hätte: "" Hohe Herren in Genf!"
"283","1933-12-07","Zeitung","Archiv der Gegenwart, Bd. 3, 07.12.1933, S. 1174 [ff.]. Zit. n. CD-ROM-Ausgabe 2001.","In einem am 6. Dezember in Bratislava gehaltenen Vortrag erklärte Dr. Benes, daß die Errichtung des Völkerbundes für die neuen Staaten und für die kleinen Staaten überhaupt eine Garantie gewesen sei."
"284","1945-11-21","Zeitung","Archiv der Gegenwart, Bd. 15, 21.11.1945, S. 533 [ff.]. Zit. n. CD-ROM-Ausgabe 2001.","Zwei furchtbare Weltkriege und die gewaltsamen Zusammenstöße, durch die der Frieden und die Staaten in der Zeit zwischen diesen großen, erdumspannenden Konflikten verletzt worden ist, haben in den gepeinigten Völkern diese Erkenntnis reifen lassen:"
"285","1941-07-28","Zeitung","Archiv der Gegenwart, Bd. 11, 28.07.1941, S. 5132 [ff.]. Zit. n. CD-ROM-Ausgabe 2001.","Sie stellen auch eine Beeinträchtigung der amerikanischen Bedürfnisse dar, in den pazifischen Gebieten Rohmaterialien, wie Zinn, Gummi usw. zu beschaffen, die notwendig sind für die normale Wirtschaft der Vereinigten Staaten und zur Durchführung des Verteidigungsprogramms."
"286","1938-08-23","Zeitung","Archiv der Gegenwart, Bd. 8, 23.08.1938, S. 3687 [ff.]. Zit. n. CD-ROM-Ausgabe 2001.","Was die verschiedenen Fragen betrifft, die auf der Tagesordnung der kommenden Versammlung stehen, haben die drei Minister beschlossen, die Delegationen ihrer Staaten, wie bisher, untereinander eine ständige und enge Fühlung halten zu lassen, um ständig ihre gemeinsame Haltung bestimmen und bei jeder Gelegenheit den einzunehmenden gemeinsamen Standpunkt festlegen zu können."
"287","1945-01-04","Zeitung","Archiv der Gegenwart, Bd. 15, 04.01.1945, S. 16 [ff.]. Zit. n. CD-ROM-Ausgabe 2001.","Der Leiter des amerikanischen Kriegsproduktionsamtes, J. A. Krug, gab laut United Press bekannt, daß die Vereinigten Staaten im Jahre 1944 insgesamt 96369 Flugzeuge hergestellt haben."
"288","1941-02-14","Zeitung","Archiv der Gegenwart, Bd. 11, 14.02.1941, S. 4893 [ff.]. Zit. n. CD-ROM-Ausgabe 2001.","Durch eine Verordnung wurden die Bestimmungen des Staatsgrundgesetzes vom 14. September 1940 ( 4698 D ), wodurch Rumänien zum nationallegionären Staat erklärt und die Legionärsbewegung als einzige politische Bewegung im neuen Staate anerkannt wurde, außer Kraft gesetzt."
"289","1935-03-01","Zeitung","Völkischer Beobachter (Berliner Ausgabe), 01.03.1935","Wenn heute unter dem Jubel der ganzen Nation der nationalsozialistische Staat an der Saar seine Hoheitsrechte übernimmt, wenn heute zum erstenmal die deutsche Polizei - unter ihnen die Polizeibeamten, die an der Saar ihr Deutschtum unter schwierigsten und entwürdigsten Verhältnissen 15 Jahre lang unter dem Befehl Fremder vertreten mußten und haben - ihre Pflicht nunmehr nach dem Befehl und Willen unseres Führers und Reichskanzlers Adolf Hitler an der Saar erfüllt, so ist sich jeder einzelne Polizeibeamte der historischen Größe dieses Tages bewußt."
"290","1934-12-31","Belletristik","Knittel, John: Via Mala, Berlin: Deutsche Buch-Gemeinschaft 1957 [1934], S. 233","Obgleich die Richenaus eine glänzende Vergangenheit hatten und ihr Vermögen groß genug war, um bei den weniger wohlhabenden Bürgern Respekt und Neid zu erwecken, hatten die Lanzberger den jungen Doctor juris nur auf Grund seines inneren Wertes zum Richter gemacht, denn es schmeichelte ihrem snobistischen Bürgerstolz, in ihrer Mitte als Diener des Staates einen jungen Mann zu haben, bei dem die Eigenschaften eines Aristokraten sich mit den Tugenden eines schlichten Bürgers zu vermählen schienen."
"291","1943-05-31","Zeitung","Archiv der Gegenwart, Bd. 13, 31.05.1943, S. 5954 [ff.]. Zit. n. CD-ROM-Ausgabe 2001.","Niemand soll behaupten, daß wir Briten nicht ein ebenso großes Interesse wie die Vereinigten Staaten daran haben, diesen Krieg gegen Japan ohne Unterbrechung und ohne Erschlaffung zu führen, und ich bin sicher, Euch sagen zu können, daß wir diesen Krieg Seite an Seite mit Euch führen werden, unter bester strategischer Verwendung unserer Streitkräfte, solange das Blut in unseren Adern kreist und solange wir noch Atem schöpfen können."
"292","1943-10-27","Zeitung","Archiv der Gegenwart, Bd. 13, 27.10.1943, S. 6151 [ff.]. Zit. n. CD-ROM-Ausgabe 2001.","England gehe es in diesem Krieg um die Erhaltung seines Weltreiches, den Vereinigten Staaten um die Begründung eines Weltreiches."
"293","1935-12-31","Wissenschaft","Plessner, Helmuth: Die verspätete Nation, Stuttgart: Kohlhammer 1962 [1935], S. 56","Entweder weil die Staaten zu neu waren und aus dem späteren 19. Jahrhundert stammten, das keine metaphysische Rechtfertigung mehr kannte, sondern nur noch eine empirische im Tatbestande der Nation ( wie Italien und Deutschland ), oder weil der Staat kein eigentlicher, d. h. am römischen Vorbild und im römischen Traditionszusammenhang gebildeter Staat war ( wie Rußland mit seiner griechischen Orthodoxie und der byzantinischen Kaiseridee )."
"294","1945-04-07","Zeitung","Archiv der Gegenwart, Bd. 15, 07.04.1945, S. 166 [ff.]. Zit. n. CD-ROM-Ausgabe 2001.","Unsere neue Außenpolitik wird nicht nur durch die geographische Lage unseres Staates, nicht nur durch die bekannten Wünsche unseres Volkes und unseren jetzigen gemeinsamen Kampf mit der Sowjetunion bestimmt, sondern ebenso durch das sowjetischtschechoslowakische Freundschafts- und Beistandsabkommen vom 12. Dezember 1943, das auch eine Zusammenarbeit nach dem Kriege vorsieht ( siehe im folgenden )."
"295","1941-08-04","Zeitung","Archiv der Gegenwart, Bd. 11, 04.08.1941","Schatzkanzler Sir Kingsley Wood gab am 22. Juli im englischen Unterhaus bekannt, daß die Vereinigten Staaten England eine Anleihe in der Höhe von 425 Mill."
"296","1937-08-03","Zeitung","Archiv der Gegenwart, Bd. 7, 03.08.1937, S. 3159 [ff.]. Zit. n. CD-ROM-Ausgabe 2001.","Über die Verwendung der ausgemerzten und dem Staate gehörenden Gegenstände werde der Ministerpräsident entscheiden."
"297","1945-06-09","Zeitung","Archiv der Gegenwart, Bd. 15, 09.06.1945, S. 263 [ff.]. Zit. n. CD-ROM-Ausgabe 2001.","Die jugoslawische Regierung hatte laut Tanjug anläßlich der Unterzeichnung des Abkommens den Botschaftern von Großbritannien und der Vereinigten Staaten folgende Note überreicht:"
"298","1945-07-04","Zeitung","Archiv der Gegenwart, Bd. 15, 04.07.1945","Die Organisation der Arbeiterklasse ist im höchsten Maße geeignet, die Aufgaben zu erfüllen, die der Staat von ihr fordert."
"299","1934-09-10","Zeitung","Archiv der Gegenwart, Bd. 4, 10.09.1934, S. 1614 [ff.]. Zit. n. CD-ROM-Ausgabe 2001.","[...] Staaten, Japan, Norwegen, Frankreich, Italien, Holland Schweden; Zinszuschüsse von: Vereinigte Staaten, Japan, Frankreich, Italien; Bauprämien von: Italien, Spanien; Schnelligkeitsprämien von: Italien; Zollfreies Schiffsbaumaterial von: Japan Norwegen, Frankreich, Italien, Holland, Schweden Dänemark; Versicherungsbeihilfe von: England, Frankreich, Italien; Abwrackprämien von: Deutschland, Italien; Sanierungsbeihilfen oder Darlehen von: Japan, Frankreich, Holland, Dänemark; Steuerbefreiungen von: Italien; Soziale Beihilfe von: Frankreich; Sonstige Unterstützungen von: England, Vereinigte Staaten. [...]"
"300","1934-03-11","Zeitung","Archiv der Gegenwart, Bd. 4, 11.03.1934, S. 1326 [ff.]. Zit. n. CD-ROM-Ausgabe 2001.","1. Deutschland erhält volle rechtliche Gleichberechtigung; 2. die hoch gerüsteten Staaten verpflichten sich, das gegenwärtige Rüstungsniveau nicht zu erhöhen; 3. Deutschland macht von seiner Gleichberechtigung nur in so bescheidenem Maße Gebrauch, daß daraus keine Bedrohung anderer konstruiert werden kann; 4. alle Staaten anerkennen gewisse Verpflichtungen für eine humane Kriegführung und Nichtgebrauch gewisser Waffen gegen die Zivilbevölkerung; 5. alle Staaten nehmen eine gleichmäßige und allgemeine Kontrolle an; 6. die europäischen Staaten schließen einen zehnjährigen Nichtangriffsvertrag."
"301","1938-03-26","Zeitung","Archiv der Gegenwart, Bd. 8, 26.03.1938, S. 3487 [ff.]. Zit. n. CD-ROM-Ausgabe 2001.","Die Kirche habe ihre bestimmten wichtigen und notwendigen Aufgaben und der Staat und die Bewegung habe andere ebenso wichtige und entscheidende Aufgaben."
"302","1935-01-29","Zeitung","Archiv der Gegenwart, Bd. 5, 29.01.1935, S. 1839 [ff.]. Zit. n. CD-ROM-Ausgabe 2001.","Ein neues Gesetz über die bonifica integrale bestimmt daher, daß der Staat für die notwendigen Kredite zur Vollurbarmachung die Garantie übernimmt, wobei als Träger der Aktion die umgestalteten Konsortien auftreten."
"303","1940-09-03","Zeitung","Archiv der Gegenwart, Bd. 10, 03.09.1940","Zwischen den beiden Staaten wurde ein Abkommen über den Waren- und Zahlungsverkehr unterzeichnet, das einen gegenseitigen Warenaustausch im Werte von insgesamt 7 Mill."
"304","1941-06-09","Zeitung","Archiv der Gegenwart, Bd. 11, 09.06.1941, S. 5054 [ff.]. Zit. n. CD-ROM-Ausgabe 2001.","Der französischen Regierung ließ Staatssekretär Hull mitteilen, daß die französisch-deutsche Zusammenarbeit als feindlich gegenüber den Rechten der Vereinigten Staaten und anderen amerikanischen Nationen zu betrachten sei."
"305","1938-12-31","Zeitung","Archiv der Gegenwart, Bd. 8, 31.12.1938, S. 3872 [ff.]. Zit. n. CD-ROM-Ausgabe 2001.","Es sei daher festzustellen, daß, solange ein solches, offenbar jüdischen Interessen dienendes, die wirklichen deutsch-amerikanischen Interessen aber außer acht lassendes Verfahren in den Beziehungen der Vereinigten Staaten von Nordamerika zu Deutschland anhält, die von dem amerikanischen Außenamt dem deutschen Geschäftsträger ausgedrückte Hoffnung auf eine Besserung des wechselseitigen Verhältnisses jeder Grundlage entbehre. ( L. B. Deutschland 3871 A, Vereinigte Staaten 3860 B. )"
"306","1941-12-11","Zeitung","Archiv der Gegenwart, Bd. 11, 11.12.1941, S. 5304 [ff.]. Zit. n. CD-ROM-Ausgabe 2001.","3. Das Deutsche Reich hat sich an keinem Krieg gegen die Vereinigten Staaten selbst beteiligt, wohl aber wurde es von den Vereinigten Staaten im Jahre 1917 mit Krieg überzogen, und zwar aus Gründen, die durch einen Ausschuß restlos aufgeklärt worden sind, den der jetzige Präsident Roosevelt zur Prüfung dieser Frage selbst eingesetzt hatte."
"307","1945-01-27","Zeitung","Archiv der Gegenwart, Bd. 15, 27.01.1945, S. 6673 [ff.]. Zit. n. CD-ROM-Ausgabe 2001.","Dort stünden seit Mitte Januar größere Truppeneinheiten der Vereinigten Staaten an der Seite tschungking-chinesischer Truppen aus Yünnan im Kampf und übten einen starken Druck gegen die Stadt Wanting an der Burmastraße aus."
"308","1943-12-08","Zeitung","Archiv der Gegenwart, Bd. 13, 08.12.1943","Er führte u.a.. aus, daß auf dem Gebiet der Frage der inneren Sicherheit des Reiches sich in weitgreifender Weise die Maßnahmen auswirkten, die der nationalsozialistische Staat zur Bekämpfung des Berufsverbrechertums und zur Ausschaltung der asozialen Elemente seit 1933 planmäßig durchgeführt habe."
"309","1945-12-18","Gebrauchsliteratur","o. A.: Zweiundzwanzigster Tag. Dienstag, 18. Dezember 1945. In: Der Nürnberger Prozeß, Berlin: Directmedia Publ. 1999 [1945], S. 3618","Die Dienststellen von Partei und Staat sind gehalten, ihm in dieser Arbeit jede Unterstützung angedeihen zu lassen. «"
"310","1940-03-13","Zeitung","Völkischer Beobachter (Berliner Ausgabe), 13.03.1940","In den schärfsten Tönen verurteilte die britische Regierung die Haltung der skandinavischen Staaten, und die englische Presse hallte wider von den niederträchtigsten Verleumdungen wegen des Friedenswillens Schwedens, Norwegens und Finnlands."
"311","1945-11-13","Zeitung","Süddeutsche Zeitung, 1995 [1945]","Die Frage der moralischen und rechtlichen Grundlagen der Kriegsverbrechen-Prozesse wurde in erschöpfender Weise beantwortet, als der Hauptankläger der Vereinigten Staaten für die Prozesse gegen die Hauptkriegsverbrecher, Oberrichter Jackson, von einer nach seiner Ernennung zu diesem Amt unternommenen Reise durch Europa nach Washington zurückkehrte und einen umfassenden Bericht an Präsident Truman und das amerikanische Volk erstattete."
"312","1945-06-20","Zeitung","Archiv der Gegenwart, Bd. 15, 20.06.1945","Belgiens, der Weißrussischen und der Ukrainischen Sowjetrepubliken, Chiles, Frankreichs, Guatemalas, der Vereinigten Staaten und Uruguays unterstützt wurde:"
"313","1940-02-23","Zeitung","Archiv der Gegenwart, Bd. 10, 23.02.1940, S. 4430 [ff.]. Zit. n. CD-ROM-Ausgabe 2001.","Damit habe sich die belgische Regierung einer bedenklichen Verletzung ihrer Neutralitätspflicht schuldig gemacht. ( L. B. Vereinigte Staaten: Schiffahrt 4141 C, Außenpolitik 4428 C; Außenpolitik: Deutschland 4429 A, Belgien 4413 D. )"
"314","1945-03-07","Zeitung","Archiv der Gegenwart, Bd. 15, 07.03.1945, S. 129 [ff.]. Zit. n. CD-ROM-Ausgabe 2001.","In London bestanden anfangs 1945 Vertretungen der gleichen Staaten, wie sie bei den USA erwähnt sind ( siehe 125 K ), mit dem Unterschied, daß die Vertretungen der Dominien ( Australien, Canada, Irland, Neuseeland, Südafrika ) nicht als Gesandtschaften rechnen, sondern durch Hochkommissare geleitet werden, und daß ferner Monaco und Nepal Gesandtschaften in London Unterhalten, aber in Washington nicht vertreten sind."
"315","1945-02-14","Zeitung","Archiv der Gegenwart, Bd. 15, 14.02.1945, S. 96 [ff.]. Zit. n. CD-ROM-Ausgabe 2001.","Der amerikanische Finanzminister Morgenthau gab laut AFP bekannt, daß die Vereinigten Staaten dem Wunsch Frankreichs entsprechen würden, bei der Untersuchung über die Geschäftsbeziehungen von französischen Kolaborationisten zu Banken und Firmen der Vereinigten Staaten mitzuarbeiten."
"316","1935-01-20","Zeitung","Archiv der Gegenwart, Bd. 5, 20.01.1935","In Österreich denke niemand daran, daß es einen Vorrang des Standes oder der Geburt geben könnte sondern in Österreich geschehe nur was in anderen Staaten, besonders im Deutschen Reich seit jeher auch in Zeiten sozialistischer Herrschaft als keineswegs staatsgefährlich empfunden wurde, d. h. jedem werde erlaubt, daß er seinen Namen trage."
"317","1943-03-15","Zeitung","Archiv der Gegenwart, Bd. 13, 15.03.1943, S. 5868 [ff.]. Zit. n. CD-ROM-Ausgabe 2001.","Im Oktober 1941 traf in Brazzaville in Französisch-Äquatorial-Afrika eine Militärmission der Vereinigten Staaten ein, um wirtschaftliche und militärische Fragen zu studieren, welche die Vereinigten Staaten und die mit General de Gaulle zusammenarbeitenden französischen Gebiete gemeinsam berührten ( 5219 A )."
"318","1940-12-31","Wissenschaft","Jahresberichte für deutsche Geschichte, 1940, S. 347","Vor 900 beherrscht den fränkischen Staat das römische Amtsrecht, seitdem folgt ein Neubau aus rein germanischer Wurzel, aber nicht mehr aus germanischem Volksrecht, sondern einem privaten Herrschaftsrecht des Königs, der Munt."
"319","1935-10-27","Zeitung","Archiv der Gegenwart, Bd. 5, 27.10.1935, S. 2278 [ff.]. Zit. n. CD-ROM-Ausgabe 2001.","Die Mitteilung über die Sanktionsbeschlüsse an die Nichtmitglieder des Völkerbundes ( 2265 D letzter Absatz ) ist an insgesamt elf Staaten abgegangen, und zwar: Afghanistan, Ägypten, Brasilien, Costa-Rica, Deutschland, Hedschas, Island, Japan, Monaco, Vereinigte Staaten, Jemen. ( Nicht an: Mandschukuo, Mongolei, Nepal, Vatikan, Andorra, Danzig, Liechtenstein, San Marino: 1632/104. ) ( L. B. Konflikt, Sanktionen 2272 A Militärische Lage 2268 E. )"
"320","1937-12-31","Wissenschaft","Jahresberichte für deutsche Geschichte, 1937, S. 371","in der kirchlichen und weltlichen Grundherrschaft, im Bauerntum, im lehenrechtlich organisierten Rittertum, in Staat und Territorien und in der Stadt."
"321","1935-04-22","Zeitung","Archiv der Gegenwart, Bd. 5, 22.04.1935, S. 2000 [ff.]. Zit. n. CD-ROM-Ausgabe 2001.","Den Staaten bleibt die Art der Sozialeinrichtungen im einzelnen freigestellt, doch kann der Bund die Überweisungen von Geldern an die Staaten sperren, wenn sie ihren Aufgaben nicht gerecht werden."
"322","1933-07-25","Zeitung","Archiv der Gegenwart, Bd. 3, 25.07.1933, S. 949 [ff.]. Zit. n. CD-ROM-Ausgabe 2001.","Franken Frankreich 66,8 ( 60,2 ), Italien 42,1 ( 39,2 ), England 42,d ( 45,7 ) Vereinigte Staaten 29,4 ( 29,5 ), Holland 12,9 ( 14,9 ), Belgien 12,6 ( 13,3 ) ( L. B. 925 L. )"
"323","1936-12-31","Gebrauchsliteratur","Schickling, Willi: Schöpferisches Werbedenken, Reutlingen: Storch 1936, S. 22","Schlagzeile: "" Der Staat läßt Ihnen die Wahl! "" Kurze Erläuterung - Schluß."
"324","1936-10-17","Zeitung","Archiv der Gegenwart, Bd. 6, 17.10.1936","Das Kapital dieser Gesellschaften wird zu zwei Dritteln vom Staat und zu einem Drittel von jenen Industrien übernommen, die in die betreffenden neuen Unternehmen überführt wurden."
"325","1941-04-29","Zeitung","Archiv der Gegenwart, Bd. 11, 29.04.1941, S. 4998 [ff.]. Zit. n. CD-ROM-Ausgabe 2001.","Churchill nannte sodann eine ganze Reihe von Gebieten, die vielleicht noch in den Krieg mit hineingezogen werden könnten, und klärte, daß Deutschland den Krieg nur gewinnen könne, wenn es die britische Insel erobere und alle Verbindungen zwischen England und den Vereinigten Staaten abschneide."
"326","1934-12-31","Wissenschaft","Heller, Hermann: Staatslehre, Leiden: Sijthoff 1934, S. 251","Deshalb nennen wir den Staat eine organisierte Lebensform, für deren Verfassung nicht nur das normierte und rechtlich organisierte, sondern auch das nichtnormierte, gleichwohl aber normalisierte Verhalten der Beteiligten kennzeichnend ist."
"327","1936-08-20","Zeitung","Archiv der Gegenwart, Bd. 6, 20.08.1936","-- Der dänische Staatsminister Stauning betonte in einer Ansprache u a., daß die nordischen Länder in bezug auf ihre Außenpolitik zusammengehörten und daß nicht beabsichtigt sei, an Streitigkeiten dritter Staaten teilzunehmen."
"328","1937-04-14","Zeitung","Archiv der Gegenwart, Bd. 7, 14.04.1937","Bundeskanzler Dr. v. Schuschnigg verwies anläßlich eines Landesappells der V. F. in Eisenstadt darauf, daß Österreich, seit der neue Staat begonnen habe, in seiner politischen Grundhaltung keine Schwankungen gekannt habe."
"329","1935-06-18","Zeitung","Archiv der Gegenwart, Bd. 5, 18.06.1935, S. 2096 [ff.]. Zit. n. CD-ROM-Ausgabe 2001.","Die Privatwirtschaft sei zur Initiative berufen, und die Banken, denen das Glück zuteil werde, daß ihr Bestand vom Staat geschützt werde, hätten dabei voranzugehen."
"330","1934-12-31","Wissenschaft","Heller, Hermann: Staatslehre, Leiden: Sijthoff 1934, S. 36","Die Immanenzauffassung des Staates darf also weder eine übermenschliche noch eine untermenschliche, sondern sie muss eben eine menschliche Deutung des Staates sein."
"331","1937-12-31","Wissenschaft","Jahresberichte für deutsche Geschichte, 1937, S. 637","1. Nordosten bis Wisconsin und nördlich von Virginien, 2. Südosten, 3. Nordwestzentralstaaten, 4. Südwestzentralstaaten ( Arkansas, Louisiana, Oklahoma, Texas ), 5. Felsengebirgsstaaten, 6. Pazifische Staaten ( Washington, Oregon, Kalifornien )."
"332","1942-09-07","Zeitung","Archiv der Gegenwart, Bd. 12, 07.09.1942, S. 5619 [ff.]. Zit. n. CD-ROM-Ausgabe 2001.","Bei der endgültigen Festlegung der Vorteile, die den Vereinigten Staaten von der Sowjetregierung als Gegenleistung für die gemäß der Kongreßakte vom 11. März 1941 geleistete Unterstützung gewährt werden, müssen die Bedingungen dieser Vergünstigungen so sein, daß sie nicht nur keine Hindernisse für den Handel zwischen diesen beiden Ländern schaffen, sondern im Gegenteil zur Herstellung vorteilhafter gegenseitiger Wirtschaftsbeziehungen zwischen ihnen und zur Verbesserung der Weltwirtschaftsbeziehungen beitragen."
"333","1941-03-17","Zeitung","Archiv der Gegenwart, Bd. 11, 17.03.1941","Die Entschlossenheit der Vereinigten Staaten soll durch Streiks, Sabotage oder übertriebene Gewinne nicht beeinträchtigt werden. """
"334","1936-05-21","Zeitung","Archiv der Gegenwart, Bd. 6, 21.05.1936, S. 2563 [ff.]. Zit. n. CD-ROM-Ausgabe 2001.","In den Ländern dieses Staates haben Deutsche mit Tschechen und Slowaken jahrhundertelang gelebt und seien daher mit dem Boden verwachsen."
"335","1933-12-31","Belletristik","Werfel, Franz: Die Vierzig Tage des Musa Dagh II, Stockholm: Bermann - Fischer 1947 [1933], S. 133","Der Haß gegen die Türken und den Staat?"
"336","1934-03-16","Zeitung","Archiv der Gegenwart, Bd. 4, 16.03.1934, S. 1336 [ff.]. Zit. n. CD-ROM-Ausgabe 2001.","Es wurde empfohlen, in Handelsverträgen zwischen den Staaten Südamerikas und Staaten anderer Kontinente die sogenannte Südamerikaklausel aufzunehmen, d. h., daß den lateinamerikanischen Staaten auch dann besondere Zugeständnisse gemacht werden können, wenn eine Meistbegünstigungsklausel abgemacht wurde. -- Es wurde beschlossen, eine Vereinigung der lateinamerikanischen Handelskammern in Valparaiso zu gründen. ( L. B. 127 O. )"
"337","1936-01-24","Zeitung","Archiv der Gegenwart, Bd. 6, 24.01.1936","Der Völkerbundrat nahm nach einer Debatte, in welcher die Vertreter der anderen südamerkanischen Staaten Uruguay sekundierten, folgende Resolution an, die vom Berichterstatter Titulescu im Einvernehmen mit den Streitparteien ausgearbeitet worden war:"
"338","1939-10-20","Zeitung","Archiv der Gegenwart, Bd. 9, 20.10.1939, S. 4284 [ff.]. Zit. n. CD-ROM-Ausgabe 2001.","Nach einer Erklärung des Unterstaatssekretärs Hull erstreckt sich die Ausdehnung der amerikanischen Territorialgewässer nach Entscheidung des Obersten Gerichtshofes der Vereinigten Staaten auf drei Meilen von der Küste. ( L. B. 4283 C. )"
"339","1945-04-02","Zeitung","Archiv der Gegenwart, Bd. 15, 02.04.1945","In einem Abkommen wurde festgelegt, daß die Delegationen Großbritanniens und der Vereinigten Staaten an der bevorstehenden Konferenz von San Franzisco den Vorschlag unterstützen, die Ukraine und Weißrußland zur Teilnahme an der internationalen Sicherheitsorganisation als Gründermitglieder einzuladen."
"340","1938-05-10","Zeitung","Archiv der Gegenwart, Bd. 8, 10.05.1938, S. 3551 [ff.]. Zit. n. CD-ROM-Ausgabe 2001.","Großbritannien habe enge Beziehungen zu vielen anderen Staaten, insbesondere zu Frankreich, betrachte diese Beziehungen aber keineswegs als exklusiv."
"341","1934-08-24","Zeitung","Archiv der Gegenwart, Bd. 4, 24.08.1934","-- Eine weitere Etappe der Eisenbahnsanierung sollen die Zinssenkung der Eisenbahnanleihen, die Abschaffung der unentgeltlichen Leistungen der Eisenbahnen zugunsten des Staates u. a. Maßnahmen bilden. ( L. B. 1516 G. )"
"342","1942-05-17","Zeitung","Archiv der Gegenwart, Bd. 12, 17.05.1942, S. 5499 [ff.]. Zit. n. CD-ROM-Ausgabe 2001.","Nach einer Meldung der Agentur Reuter vom 7. Mai wurden zwischen der britischen Regierung und der Regierung der Vereinigten Staaten verschiedene Abkommen über die Rolle der in Großbritannien stationierten Verbände der amerikanischen Luftwaffe abgeschlossen."
"343","1945-09-18","Zeitung","Archiv der Gegenwart, Bd. 15, 18.09.1945, S. 439 [ff.]. Zit. n. CD-ROM-Ausgabe 2001.","Finanzminister Pleven gab laut Korrespondentenbericht der NZZ in einer Rundfunkansprache bekannt, daß die Subventionierung der landwirtschaftlichen Preise ( 438 E ) den französischen Staat über 22 Mrd. Fr. kosten dürfte, und zwar die Subventionierung für Fleisch 7,5 Mrd., für Brot 7,7 Mrd., für Milch und Butter 4,6 Mrd. und für Zucker 2,2 Mrd."
"344","1938-02-20","Zeitung","Archiv der Gegenwart, Bd. 8, 20.02.1938, S. 3430 [ff.]. Zit. n. CD-ROM-Ausgabe 2001.","Wir sind glücklich, mit den meisten Staaten, die an Deutschland angrenzen, normale und zum Teil auch freundschaftliche Beziehungen unterhalten zu können."
"345","1944-09-22","Zeitung","Archiv der Gegenwart, Bd. 14, 22.09.1944","3. Die künftige Weltstruktur beruhe völlig auf der Zusammenarbeit zwischen der Sowjetunion und den Vereinigten Staaten die durch einen entsprechenden Warenaustausch unterbaut werden könne."
"346","1939-11-06","Zeitung","Archiv der Gegenwart, Bd. 9, 06.11.1939, S. 4303 [ff.]. Zit. n. CD-ROM-Ausgabe 2001.","Wir sind unter den übrigen neutralen Staaten keine Ausnahme."
"347","1945-07-27","Zeitung","Archiv der Gegenwart, Bd. 15, 27.07.1945, S. 338 [ff.]. Zit. n. CD-ROM-Ausgabe 2001.","Dies habe einen Vertrauensbruch gegenüber den Vereinigten Staaten dargestellt."
"348","1936-07-07","Zeitung","Archiv der Gegenwart, Bd. 6, 07.07.1936, S. 2631 [ff.]. Zit. n. CD-ROM-Ausgabe 2001.","Eine Berufungsinstanz für Flüchtlinge soll in den Staaten, welche der Konvention beitreten, geschaffen werden."
"349","1936-03-07","gesprochen","Hitler, Adolf, Für eine Verständigung der Völker Europas ..., in: Rede des Führers und Reichskanzlers Adolf Hitlers vor dem Reichstag am 7. März 1936","Ich habe dabei nie einen Zweifel darüber gelassen, daß zu den Voraussetzungen dieser Verständigung die absolute Gleichberechtigung und damit die gleiche Rechtswertung des deutschen Volkes und Staates gehört."
"350","1935-10-23","Zeitung","Archiv der Gegenwart, Bd. 5, 23.10.1935, S. 2273 [ff.]. Zit. n. CD-ROM-Ausgabe 2001.","Der Staat hat bei aller Rücksichtnahme auf die Landwirtschaft die Industrie handelspolitisch weitgehend gefördert."
"351","1937-08-31","Zeitung","Archiv der Gegenwart, Bd. 7, 31.08.1937, S. 3193 [ff.]. Zit. n. CD-ROM-Ausgabe 2001.","Wenn die Staaten der Kleinen Entente in Verbindung mit der Rüstungsgleichberechtigung Ungarns eine gewisse Garantie verlangten, so sei Ungarn bereit, diese Garantie zu gewähren, verlange aber auch für sich eine Garantie hinsichtlich der Regelung der Lage der ungarischen Minderheiten."
"352","1933-12-11","Zeitung","Archiv der Gegenwart, Bd. 3, 11.12.1933, S. 1181 [ff.]. Zit. n. CD-ROM-Ausgabe 2001.","Am 5. Dezember wurde in Lausanne die Sitzung des Verwaltungsrates für die Fürsorge zugunsten deutscher Flüchtlinge bei Anwesenheit der Vertreter von 15 Staaten eröffnet."
"353","1935-12-07","Zeitung","Archiv der Gegenwart, Bd. 5, 07.12.1935, S. 2332 [ff.]. Zit. n. CD-ROM-Ausgabe 2001.","Es zeige sich immer klarer, aß die Ansicht der Zentralisten, daß der Staat ohne die autonomistische slowakische Volkspartei geführt werden könne, eine Fiktion sei."
"354","1937-09-08","Zeitung","Archiv der Gegenwart, Bd. 7, 08.09.1937, S. 3204 [ff.]. Zit. n. CD-ROM-Ausgabe 2001.","Pfund vom Staat hergestellt werden sollen."
"355","1936-05-05","Zeitung","Archiv der Gegenwart, Bd. 6, 05.05.1936, S. 2540 [ff.]. Zit. n. CD-ROM-Ausgabe 2001.","Die gemeinsame Pflicht aller Mitbürger zur Verteidigung des Staates sei eine Voraussetzung für die Erstarkung des Vaterlandsgefühls und des Willens des Volkes zur Verteidigung der Unabhängigkeit des Staates."
"356","1944-02-24","Zeitung","Archiv der Gegenwart, Bd. 14, 24.02.1944, S. 6287 [ff.]. Zit. n. CD-ROM-Ausgabe 2001.","Wie "" Exchange "" am 6. Februar meldete, wurde amtlich mitgeteilt, daß Argentinien sämtlichen amerikanischen Staaten die Rechte nichtkriegführender Länder einräumt ( 5464 H )."
"357","1943-02-20","Zeitung","Archiv der Gegenwart, Bd. 13, 20.02.1943, S. 5842 [ff.]. Zit. n. CD-ROM-Ausgabe 2001.","Vorausgesetzt, daß die gegenwärtige intensive Arbeit hier und in den Vereinigten Staaten weitergeführt werden kann, und, daß gleichzeitig die Unterseebootsbekämpfung weiterhin den ersten Platz in unserem Denken und unseren Bemühungen einnimmt, übernehme ich die Verantwortung, dem Unterhaus zu versichern, daß ich bisher keine Irreführung beging, wenn ich sagte, daß wir in bezug auf die Schiffsversorgung Ende 1943 weit besser dastehen werden als jetzt."
"358","1945-01-29","Zeitung","Archiv der Gegenwart, Bd. 15, 29.01.1945, S. 67 [ff.]. Zit. n. CD-ROM-Ausgabe 2001.","Um die Unterstützung der Bevölkerung zu erlangen, proklamierte General Catroux im Namen General de Gaulles, er sei gekommen, um dem französischen Mandat ein Ende zu setzen, und die beiden Staaten würden von nun an souverän und unabhängig sein ( 66 A )."
"359","1937-08-31","Zeitung","Archiv der Gegenwart, Bd. 7, 31.08.1937, S. 3193 [ff.]. Zit. n. CD-ROM-Ausgabe 2001.","Die Beteiligungen der privaten Eisenbahngesellschaften ( Compagnie du Nord de l' Est, de Paris et Orleans, de Paris a Lyon et a la Mediterranee du Midig an der neuen Gesellschaft beträgt 695,512.000, die des Staates 723,900.000 Francs."
"360","1943-08-12","Zeitung","Archiv der Gegenwart, Bd. 13, 12.08.1943",""" Als wir Ende Dezember 1941 und in den ersten Tagen des Jahres 1942 nach dem Eintritt der Vereinigten Staaten in den Krieg ( 5312 B ) Besprechungen führten ( 5359 D ), wurden verschiedene Übereinkommen über die Teilung der Verantwortlichkeiten zwischen Großbritannien und den Vereinigten Staaten abgeschlossen."
"361","1941-07-14","Zeitung","Archiv der Gegenwart, Bd. 11, 14.07.1941, S. 5114 [ff.]. Zit. n. CD-ROM-Ausgabe 2001.","Die Sicherung, daß strategische, für die Verteidigung der Vereinigten Staaten wichtige Außenposten in Freundeshand bleiben, sei die wahre Grundlage der nationalen Sicherheit der USA und auch aller unabhängigen Staaten der Neuen Welt."
"362","1933-11-30","Zeitung","Archiv der Gegenwart, Bd. 3, 30.11.1933, S. 1162 [ff.]. Zit. n. CD-ROM-Ausgabe 2001.","Einvernehmlich mit dem Außenminister Griechenlands wurde in einem gemeinsamen Communiqué mitgeteilt, daß nach Feststellung der außerordentlich herzlichen Beziehungen zwischen den beiden Staaten die Beratung der beiden Staatsmänner vor allem der Konsolidierung des Friedens auf dem Balkan gewidmet gewesen sei. ( L. B. Türkei 1155 M, Griechenland 1096 J. )"
"363","1933-12-14","Zeitung","Archiv der Gegenwart, Bd. 3, 14.12.1933, S. 1187 [ff.]. Zit. n. CD-ROM-Ausgabe 2001.","Auf diesem Wege könnten sich auch für das Jugendproblem, das zu den dringendsten Aufgaben des Staates gehöre, Teillösungsmöglichkeiten ergeben."
"364","1938-06-19","gesprochen","o.A., Kundgebung auf dem Gautag der NSDAP Ostpreußen in Königsberg, 19.06.1938","Diese beiden Staaten, sie stehen zusammen im Bewusstsein der gemeinsamen Gegner innerlich verbunden durch gemeinsame große Ideen und getragen vom Vertrauen und von der Freundschaft ihrer Führer untereinander."
"365","1939-09-11","Zeitung","Archiv der Gegenwart, Bd. 9, 11.09.1939","Nach der Kriegserklärung Canadas an Deutschland ( 4224 A ) wurde von der Regierung der Vereinigten Staaten am 11. September die Anwendung des Neutralitätsgesetzes und des Waffenembargos ( 4210 C ) auch auf Canada ausgedehnt. ( L. B. Vereinigte Staaten 4210 C, Canada 4224 A. )"
"366","1934-03-11","Zeitung","Archiv der Gegenwart, Bd. 4, 11.03.1934, S. 1326 [ff.]. Zit. n. CD-ROM-Ausgabe 2001.","1. Deutschland erhält volle rechtliche Gleichberechtigung; 2. die hoch gerüsteten Staaten verpflichten sich, das gegenwärtige Rüstungsniveau nicht zu erhöhen; 3. Deutschland macht von seiner Gleichberechtigung nur in so bescheidenem Maße Gebrauch, daß daraus keine Bedrohung anderer konstruiert werden kann; 4. alle Staaten anerkennen gewisse Verpflichtungen für eine humane Kriegführung und Nichtgebrauch gewisser Waffen gegen die Zivilbevölkerung; 5. alle Staaten nehmen eine gleichmäßige und allgemeine Kontrolle an; 6. die europäischen Staaten schließen einen zehnjährigen Nichtangriffsvertrag."
"367","1939-05-31","Zeitung","Archiv der Gegenwart, Bd. 9, 31.05.1939, S. 4086 [ff.]. Zit. n. CD-ROM-Ausgabe 2001.","Er erklärte zunächst, daß sich die Angreiferstaaten der Erfolge, die sie durch ihre Angriffspolitik erzielten, brüsteten, während sich die demokratischen Staaten, die sich von der Politik der kollektiven Sicherheit abgewandt und einer Politik der Widerstandslosigkeit gegen die Angreifer zugewandt hätten, die Bedeutung herabzumindern bemühten, welche die dadurch hervorgerufene Verschlimmerung der internationalen Lage habe."
"368","1935-11-05","Zeitung","Archiv der Gegenwart, Bd. 5, 05.11.1935","Koordinationsausschuß beschließt den Boykott italienischer Waren die Sperre der Ausfuhr kriegswichtiger Rohstoffe nach Italien und die gegenseitige Unterstützung der sanktionstreuen Staaten."
"369","1941-07-26","Zeitung","Archiv der Gegenwart, Bd. 11, 26.07.1941, S. 5129 [ff.]. Zit. n. CD-ROM-Ausgabe 2001.","Am 26. Juli wurde bekanntgegeben, daß alle japanischen Guthaben in den Vereinigten Staaten, England, Canada, Südafrika und Indien mit sofortiger Wirksamkeit blockiert werden.-- Von dieser Maßnahme werden über besonderen Wunsch der Regierung Chiang-kai-Schek auch die Guthaben Chinas in den von den Japanern besetzten Gebieten getroffen."
"370","1936-03-01","Zeitung","Völkischer Beobachter (Berliner Ausgabe), 01.03.1936","Die schrankenlose Rechtsstaatsauffassung des liberalen Staates, die so weit gegangen ist, daß der Staat sich auch dort der richterlichen Kontrolle zu beugen hatte, wo Lebensnotwendigkeiten des Staates auf dem Spiele standen, hat im heutigen Staat keinen Platz mehr."
"371","1945-10-23","Zeitung","Süddeutsche Zeitung, 1995 [1945]","Die Vereinigten Staaten können pro Tag ungefähr sieben Pfund Uranium herstellen, erklärte der Nobelpreisträger Prof."
"372","1944-08-03","Zeitung","Archiv der Gegenwart, Bd. 14, 03.08.1944","Am 25. Juli meldete die Presse, die Vereinigten Staaten hätten das Wolframlieferungsabkommen mit Argentinien fünf Monate vor dem festgesetzten Termin gekündigt."
"373","1940-02-28","Zeitung","Archiv der Gegenwart, Bd. 10, 28.02.1940, S. 4436 [ff.]. Zit. n. CD-ROM-Ausgabe 2001.","Ein in die Augen springender Gegensatz zwischen der Neutralität eines Staates und der Neutralität seiner öffentlichen Meinung dürfe nicht bestehen, und so genüge es keineswegs, daß etwa die Regierung eines neutralen Staates ihre neutrale Haltung in diesem Krieg bekannt mache, während die öffentliche Meinung Schimpffreiheit habe."
"374","1945-04-28","Zeitung","Archiv der Gegenwart, Bd. 15, 28.04.1945, S. 197 [ff.]. Zit. n. CD-ROM-Ausgabe 2001.","Reuter berichtet ferner, daß Großbritannien und die Vereinigten Staaten in ihrer Antwort dieses Angebot Himmlers ablehnten; die beiden Mächte werden es nur annehmen, wenn es an alle Alliierten, einschließlich der Sowjetunion, gerichtet wird."
"375","1933-05-21","Zeitung","Archiv der Gegenwart, Bd. 3, 21.05.1933, S. 850 [ff.]. Zit. n. CD-ROM-Ausgabe 2001.","Der Schweizer Bundesrat Motta erklärte, daß nach der Erklärung Roosevelts und der Rede Hitlers die hochgerüsteten Staaten nunmehr ihre Abrüstungspläne und Amerika seine genaue Stellung zum Konsultativpakt bekanntgeben müßten, um den Fortgang der Konferenz zu gewährleisten."
"376","1941-07-29","Zeitung","Archiv der Gegenwart, Bd. 11, 29.07.1941, S. 5135 [ff.]. Zit. n. CD-ROM-Ausgabe 2001.","Die Vertreter des Reiches in den südamerikanischen Staaten brachten im Auftrag der Reichsregierung mit folgender Note den Regierungen der südamerikanischen Staaten die Note zur Kenntnis, die der deutsche Geschäftsträger in La Paz an die bolivianische Regierung wegen ihres Vorgehens gegen den dortigen deutschen Gesandten ( 5130 A ) gerichtet hat:"
"377","1938-12-13","Zeitung","Archiv der Gegenwart, Bd. 8, 13.12.1938, S. 3846 [ff.]. Zit. n. CD-ROM-Ausgabe 2001.","Sämtliche Staaten der Balkanhalbinsel gingen miteinander vollkommen einig."
"378","1939-03-03","Zeitung","Völkischer Beobachter (Berliner Ausgabe), 03.03.1939","Der nationalsozialistische Staat, der allen Schädlingen am Volkskörper den Kampf ansagte, hat insbesondere mit der gnadenlosen Ausrottung der Autofallensteller, der Straßenräuber und der Wegelagerer begonnen."
"379","1933-10-11","Zeitung","Archiv der Gegenwart, Bd. 3, 11.10.1933, S. 1078 [ff.]. Zit. n. CD-ROM-Ausgabe 2001.","Ein Unterschied bestehe nur darin, daß in Deutschland in Durchführung des Führerprinzips der ständische Aufbau, "" den Staat an sich in seiner neuen Form "" darstelle, während die Enzyklika die Stände nur als gesellschaftliche Einrichtungen ansehe."
"380","1939-06-29","Zeitung","Archiv der Gegenwart, Bd. 9, 29.06.1939","Man sagt uns, daß wir die Absicht haben, Deutschland durch einen Ring feindlicher Staaten zu isolieren, seine natürlichen Ausgänge zu versperren und seinen Bestand als große Nation zu lahmen und zu ersticken."
"381","1939-11-18","Zeitung","Archiv der Gegenwart, Bd. 9, 18.11.1939","Die für einzelne Betriebe entstehenden Kriegsschäden werden von der alsbald nach Ausbruch des Krieges gebildeten Notgemeinschaft der Wirtschaft getragen, die für diese Wirtschaftsschulden eine Solidarhaft übernahm und den Staat für diese Zahlungen entlastete."
"382","1945-06-20","Zeitung","Archiv der Gegenwart, Bd. 15, 20.06.1945, S. 279 [ff.]. Zit. n. CD-ROM-Ausgabe 2001.","Eine Reihe vor allem kleinerer und mittlerer Staaten stellte Anträge zu einer Beschränkung des Vetos, und zwar: Abessinien, Ägypten, Australien, Brasilien, Canada, Kuba, Ecuador, El Salvador, Frankreich, Griechenland, Guatemala, Iran, Niederlande Norwegen, Philippinen, Uruguay und Venezuela, jedoch ohne Erfolg."
"383","1941-12-11","Zeitung","Archiv der Gegenwart, Bd. 11, 11.12.1941, S. 5304 [ff.]. Zit. n. CD-ROM-Ausgabe 2001.",""" Seine Majestät der König und Kaiser erklärt, daß sich Italien von heute an als im Kriegszustand mit den Vereinigten Staaten von Amerika befindlich betrachtet. """
"384","1939-04-15","Zeitung","Archiv der Gegenwart, Bd. 9, 15.04.1939, S. 4027 [ff.]. Zit. n. CD-ROM-Ausgabe 2001.","Die Entwicklung der internationalen Verhältnisse der letzten Zeit zeige, wie notwendig es sei, daß der Staat im Falle von Überraschungen auf seinem Posten sei."
"385","1937-11-06","Zeitung","Archiv der Gegenwart, Bd. 7, 06.11.1937, S. 3283 [ff.]. Zit. n. CD-ROM-Ausgabe 2001.","[...] In der Erwägung, daß die Kommunistische Internationale ständig die zivilisierte Welt im Westen und im Osten weiter gefährdet, ihren Frieden und ihre Ordnung stört und vernichtet, überzeugt, daß nur eine enge Zusammenarbeit aller an der Aufrechterhaltung des Friedens und der Ordnung interessierten Staaten diese Gefahr vermindern und beseitigen kann, in der Erwägung, daß Italien, das seit Beginn der Faschistischen Regierung diese Gefahr mit unbeugsamer Entschlossenheit bekämpfte und die Kommunistische Internationale in seinem Gebiet ausmärzte, entschieden hat, sich Seite an Seite mit Deutschland und Japan, die ihrerseits von dem gleichen Abwehrwillen gegen die Kommunistische Internationale beseelt sind, gegen den gemeinsamen Feind zu stellen, sind, in Übereinstimmung mit Artikel II des Abkommens gegen die Kommunistische Internationale, das am 25. November 1936 ( siehe 2821 J ) zu Berlin zwischen Deutschland und Japan abgeschlossen wurde, wie folgt übereingekommen: [...]"
"386","1945-11-26","Gebrauchsliteratur","o. A.: Fünfter Tag. Montag, 26. November 1945. In: Der Nürnberger Prozeß, Berlin: Directmedia Publ. 1999 [1945], S. 1706","AnklagebehördeVereinigte Staaten von Amerika"
"387","1942-09-22","Zeitung","Archiv der Gegenwart, Bd. 12, 22.09.1942, S. 5643 [ff.]. Zit. n. CD-ROM-Ausgabe 2001.","Das trifft noch mehr auf Amerika zu Amerika steht den Interessen der europäischen Staaten noch fremder gegenüber, und auch aus diesem Grunde ist der Gedanke der Befreiung der europäischen Staaten von der angelsächsischen Vormundschaft einer der Leitgedanken und eines der Kriegsziele des gegenwärtigen Krieges."
"388","1945-08-22","Zeitung","Archiv der Gegenwart, Bd. 15, 22.08.1945, S. 388 [ff.]. Zit. n. CD-ROM-Ausgabe 2001.","Lordpräsident Herbert Morrison verwies laut Exchange in einer Rede im Unterhaus darauf, daß die Frage der Verstaatlichung nicht mit der Hilfsbereitschaft der Vereinigten Staaten in Zusammenhang gebracht werden könne."
"389","1937-07-06","Zeitung","Archiv der Gegenwart, Bd. 7, 06.07.1937, S. 3125 [ff.]. Zit. n. CD-ROM-Ausgabe 2001.","Seit Übernahme des Palästinamandats seien alle englischen Regierungen von der Annahme ausgegangen, daß die Verpflichtungen, die sie sowohl den Arabern als auch den Juden gegenüber übernommen haben, unter der Voraussetzung miteinander vereinbar seien, daß beide Völker durch wechselseitige Anpassung ihrer nationalen Bestrebungen die Errichtung eines Staates unter einheitlicher Regierung möglich machen würden."
"390","1941-06-22","Zeitung","Archiv der Gegenwart, Bd. 11, 22.06.1941, S. 5079 [ff.]. Zit. n. CD-ROM-Ausgabe 2001.","Ich bitte des weiteren, daß die Beamten und Angestellten dieser amerikanischen Behörde, soweit sie die amerikanische Staatsangehörigkeit besitzen, das Gebiet des unabhängigen Staates Kroatien bis zum 15. Juli 1941 verlassen."
"391","1939-04-16","Zeitung","Archiv der Gegenwart, Bd. 9, 16.04.1939, S. 4028 [ff.]. Zit. n. CD-ROM-Ausgabe 2001.","$ durch die Vereinigten Staaten für die neue brasilianische Zentralbank; 4. die Entsendung landwirtschaftlicher Techniker aus den Vereinigten Staaten, um den Anbau jener Bodenprodukte in Brasilien zu fördern, welche für die Einfuhr nach den Vereinigten Staaten in Frage kommen; 5. die Förderung langfristiger nordamerikanischer Investitionen in Brasilien durch Schaffung besonderer Schutzbestimmungen für dieses Kapital. ( L. B. Vereinigte Staaten 4010 E, Brasilien 3967 A. )"
"392","1938-12-13","Zeitung","Archiv der Gegenwart, Bd. 8, 13.12.1938, S. 3845 [ff.]. Zit. n. CD-ROM-Ausgabe 2001.","Am 3. Mai 1923 wurde sodann in Santiago de Chile der "" Vertrag zur friedlichen Regelung der Streitigkeiten zwischen amerikanischen Staaten, kurzweg, Gondra-Vertrag "" genannt, unterzeichnet."
"393","1935-10-01","Zeitung","Archiv der Gegenwart, Bd. 5, 01.10.1935, S. 2243 [ff.]. Zit. n. CD-ROM-Ausgabe 2001.","( in t ) 1934 1933 1929 Deutschland 76.000 66.000 75.000 Vereinigte Staaten 39 600 45.900 51.000 Großbritannien 24.100 24.100 25.400 Rußland 20.000 15.900 15.000 Japan 18.400 16.000 8.000 Frankreich 11.300 12.200 12.800 Schweiz 10.000 10.000 12.000 Italien 7.000 6.200 7.400"
"394","1935-12-31","Wissenschaft","Plessner, Helmuth: Die verspätete Nation, Stuttgart: Kohlhammer 1962 [1935], S. 52","Und Calvin ist Franzose, hat in Paris studiert; seine Wirkung auf England, die Niederlande und die Vereinigten Staaten bringt sie dem katholischen Frankreich näher, und zwar in dem Maße, als die Aufklärung die konfessionellen Widersprüche neutralisiert."
"395","1937-12-26","Zeitung","Archiv der Gegenwart, Bd. 7, 26.12.1937","Belgien-Luxemb 545534 Polen-Danzig 158134 Bulgarien 4430 Portugal 5935 Dänemark 229220 Rumänien 84151 Deutschland 1444 1365 Schweden 347363 England 2988 1664 Schweiz 238193 Estland 2022 Tschechoslow 229270 Finnland 139176 Ungarn 6269 Frankreich 906535 Sowjetunion 159274 Griechenland 9537 Ägypten 11870 Holland 548431 Argentinien 349381 Irland 13775 Australien 334284 Italien 432321 Brit.-Indien 374451 Jugoslawien 7899 Canada 521658 Lettland 3137 China 155151 Litauen 2623 Japan 658585 Norwegen 192125 Ver. Staaten 1830 2075 Österreich 163149 Neuseeland 161 131"
"396","1943-06-12","Zeitung","Archiv der Gegenwart, Bd. 13, 12.06.1943, S. 5972 [ff.]. Zit. n. CD-ROM-Ausgabe 2001.","Die Artillerieproduktion erreichte im Monat Mai eine Höhe wie jene der Vereinigten Staaten im ganzen letzten Weltkrieg."
"397","1938-11-28","Zeitung","Archiv der Gegenwart, Bd. 8, 28.11.1938, S. 3826 [ff.]. Zit. n. CD-ROM-Ausgabe 2001.","Motorisierte Einheiten der tschechoslowakischen Armee unternahmen eine Demonstrationsfahrt durch das Land, um den Schutz des Staates zu betonen."
"398","1941-08-04","Zeitung","Archiv der Gegenwart, Bd. 11, 04.08.1941, S. 5142 [ff.]. Zit. n. CD-ROM-Ausgabe 2001.","Außer den erwähnten Werten sollen der Reconstruction Finance Corporation die Gewinne der Zweigstellen übergeben werden, die die 41 britischen Versicherungsgesellschaften in den Vereinigten Staaten unterhalten."
"399","1935-02-11","Zeitung","Archiv der Gegenwart, Bd. 5, 11.02.1935, S. 1868 [ff.]. Zit. n. CD-ROM-Ausgabe 2001.","Auf Grund des amerikanischen Beschlusses, die Deckung des Geldumlaufes zu einem Viertel aus Silber zu bilden ( 1441 D ), wurden bis Ende 1934 von den Vereinigten Staaten 316 Mill."
"400","1933-03-23","Zeitung","Archiv der Gegenwart, Bd. 3, 23.03.1933, S. 757 [ff.]. Zit. n. CD-ROM-Ausgabe 2001.","Die völlig gegensätzliche Einstellung der Einzelnen zu den Begriffen Staat, Gesellschaft, Religion, Moral, Familie, Wirtschaft, Eigentum reiße Differenzen auf, die zum Kriege aller gegen alle führen müßten, Ausgehend vom Liberalismus als dem Schrittmacher der Sozialdemokratie ende diese Entwicklung naturgesetzlich im kommunistischen Chaos."
"401","1933-09-23","gesprochen","o.A., Beginn des Baus der ersten Reichsautobahn Frankfurt am Main - Heidelberg, Baustelle Frankfurt-Schwanheim, 23.09.1933","[...] Ich bitte Euch aber zu bedenken, dass wir ja in einer Zeit leben, die ganz bewusst darauf ausgeht, das Wesentliche nicht in der Arbeit zu sehen, die vielleicht schön ist, sondern in der Arbeit an sich, dass wir einen Staat aufbauen wollen, der die Arbeit schätzt um ihrer selbst wegen und der den Arbeiter achtet, weil er eine Pflicht an der Nation erfüllt, einen Staat, der durch seinen Arbeitsdienst jeden erziehen will, jedes Söhnchen auch hochgeborener Eltern zur Achtung der Arbeit, zum Respekt vor der körperlichen Tätigkeit im Dienste der Volksgemeinschaft. [...]"
"402","1934-12-23","Zeitung","Archiv der Gegenwart, Bd. 4, 23.12.1934, S. 1787 [ff.]. Zit. n. CD-ROM-Ausgabe 2001.","Der im April 1933 vom außerordentlichen Gericht zum Schutze des Staates zu dreijähriger Gefängnisstrafe verurteilte ehemalige Führer der kroatischen Bauernpartei Dr. Wladimir Macek wurde vom Regentschaftsrat amnestiert."
"403","1935-03-06","Zeitung","Archiv der Gegenwart, Bd. 5, 06.03.1935, S. 1918 [ff.]. Zit. n. CD-ROM-Ausgabe 2001.","Die Chefs der zentralen Verwaltungsressorts, die in anderen Staaten als Minister bezeichnet werden, führen in England größtenteils Titel, die nur historisch erklärbar sind oder die Amtsbezeichnung "" Staatssekretär."
"404","1934-09-17","Zeitung","Archiv der Gegenwart, Bd. 4, 17.09.1934, S. 1624 [ff.]. Zit. n. CD-ROM-Ausgabe 2001.","Auf französische Initiative richteten 30 Staaten ein Einladungsschreiben an Rußland, seinen Eintritt in den Völkerbund anzumelden."
"405","1941-09-25","Zeitung","Archiv der Gegenwart, Bd. 11, 25.09.1941, S. 5204 [ff.]. Zit. n. CD-ROM-Ausgabe 2001.","Schließlich wurde von der Konferenz eine Entschließung zur Versorgung Europas mit Nahrungsmitteln und Rohstoffen nach dem Kriege angenommen, wobei die Vereinigten Staaten ihre Mithilfe zusicherten ( 5209 A )."
"406","1943-09-22","Zeitung","Archiv der Gegenwart, Bd. 13, 22.09.1943, S. 6102 [ff.]. Zit. n. CD-ROM-Ausgabe 2001.","Wallace führte über die Monopole u.a.. aus, sie hätten vor dem Kriege systematisch die Erzeugung von Kunstgummi eingeschränkt und den Deutschen viele Handels-Geheimnisse zugänglich gemacht, die gleichzeitig der Regierung der Vereinigten Staaten verheimlicht wurden."
"407","1939-06-15","Zeitung","Archiv der Gegenwart, Bd. 9, 15.06.1939","Auch zu allen übrigen Staaten wolle die Slowakei gute Beziehungen aufrechterhalten."
"408","1938-07-21","Zeitung","Archiv der Gegenwart, Bd. 8, 21.07.1938, S. 3645 [ff.]. Zit. n. CD-ROM-Ausgabe 2001.","Eine Politik der guten Nachbarschaft könne nur auf der gegenseitigen Achtung der Rechte der Regierungen und ihrer Staatsbürger beruhen. ( L. B. Mexico 3617 A, Vereinigte Staaten 3638 B. )"
"409","1935-01-29","Zeitung","Archiv der Gegenwart, Bd. 5, 29.01.1935, S. 1839 [ff.]. Zit. n. CD-ROM-Ausgabe 2001.","Der Leiter der Abteilung Inland des Reichswehrministeriums, Major Foertsch, hat eine Schrift "" Die Wehrmacht im nationalsozialistischen Staat "" verfaßt."
"410","1933-12-17","Zeitung","Archiv der Gegenwart, Bd. 3, 17.12.1933, S. 1191 [ff.]. Zit. n. CD-ROM-Ausgabe 2001.","Über die Wirtschaftsbeziehungen mit den beiden anderen Staaten der Kleinen Entente bemerkte Dr. Matousek, daß die Tschechoslowakei niemals imstande sein werde, ihren ganzen industriellen Ausfuhrüberschuß in den genannten Ländern unterzubringen."
"411","1938-07-26","Zeitung","Archiv der Gegenwart, Bd. 8, 26.07.1938, S. 3651 [ff.]. Zit. n. CD-ROM-Ausgabe 2001.","Die britische Regierung hat bereits die Möglichkeit einer Übereinkunft zwischen einem demokratischen und einem totalitären Staat vor Augen geführt."
"412","1945-11-20","Gebrauchsliteratur","o. A.: Erster Tag. Dienstag, 20. November 1945. In: Der Nürnberger Prozeß, Berlin: Directmedia Publ. 1999 [1945], S. 1245","Hoher Gerichtshof, dies ist das Ende von Anklagepunkt Eins, für den die Vereinigten Staaten von Amerika verantwortlich sind."
"413","1933-01-06","Zeitung","Archiv der Gegenwart, Bd. 3, 06.01.1933","Nach amtlicher Mitteilung werden der künftige Präsident Roosevelt und Staatssekretär Stimson auf Anregung des ersteren die Kriegsschulden-, Abrüstungs- und Weltwirtschaftskonferenzfragen einer gemeinsamen Beratung unterziehen. ( L. B. Kriegsschulden, Vereinigte Staaten 641 A, Weltwirtschaftskonferenz 625 D. )"
"414","1940-12-10","Zeitung","Archiv der Gegenwart, Bd. 10, 10.12.1940, S. 4805 [ff.]. Zit. n. CD-ROM-Ausgabe 2001.","Das Volk bestimmt in diesem Staat die Richtlinien seiner Führung."
"415","1937-04-01","Zeitung","Archiv der Gegenwart, Bd. 7, 01.04.1937, S. 2996 [ff.]. Zit. n. CD-ROM-Ausgabe 2001.","Nach diesem kann ein Feldgerichtsgebiet auch außerhalb des Feldes statuiert werden, und zwar durch den Nationalverteidigungsminister bei Eintreten des Staates in die Wehrbereitschaft und ferner durch Regierungsverordnung, wenn im Innern des Staates oder an seinen Grenzen Ereignisse eintreten die den Bestand des Staates bedrohen."
"416","1934-11-07","Zeitung","Archiv der Gegenwart, Bd. 4, 07.11.1934, S. 1713 [ff.]. Zit. n. CD-ROM-Ausgabe 2001.","Belgien 65,9 72,8 70,2 - 3,6 Deutschland 60,7 69,5 88,1 + 27,3 England 89,4 91,7 104,0 + 13,4 Finnland 101,5 117,5 130,0 + 10,6 Frankreich 73,2 87,4 78,0 - 10,8 Holland 58,6 68,7 70,0 + 1,9 Italien 62,7 79,1 85,7 + 8,3 Japan 108,9 126,0 143,5 + 17,5 Norwegen -- 111,6 114,9 + 3,1 Österreich 63,2 65,6 68,1 + 3,8 Polen 54,4 57,8 62,1 + 7,4 Rumänien 81,5 93,9 116,8 + 24,3 Schweden 76,9 81,7 107,7 + 31,8 Ungarn 68,0 81,2 90,9 + 12,0 Ver. Staaten 53,2 82,9 77,5 - 8,3"
"417","1945-02-27","Zeitung","Archiv der Gegenwart, Bd. 15, 27.02.1945, S. 6704 [ff.]. Zit. n. CD-ROM-Ausgabe 2001.","Der Staatssekretär im Staatsdepartement der Vereinigten Staaten, Stettinius, hielt sich auf seiner Reise von der Krim-Konferenz ( 6690 C ) zur panamerikanischen Konferenz in Mexico City ( 6698 F ) in Brasilien auf, wo er am 16. Februar mit Staatspräsidenten Vargas Besprechungen hatte."
"418","1938-05-23","Zeitung","Archiv der Gegenwart, Bd. 8, 23.05.1938, S. 3570 [ff.]. Zit. n. CD-ROM-Ausgabe 2001.","Der türkische Staatspräsident Kamal Atatürk, hat nunmehr die gesetzlichen Förmlichkeiten vollzogen, wodurch sein gesamter Besitz an Liegenschaften im Werte von mehreren Millionen Mark in den Besitz des Staates übereignet wird ( 3093 E ). ( L. B. 3093 E. )"
"419","1943-05-02","Zeitung","Archiv der Gegenwart, Bd. 13, 02.05.1943, S. 5922 [ff.]. Zit. n. CD-ROM-Ausgabe 2001.","Von deutscher Seite wurde dazu bemerkt, daß die beiden Währungspläne die tiefgreifenden und kaum zu überbrückenden wirtschaftspolitischen Interessengegensätze zwischen England und den Vereinigten Staaten erkennen ließen."
"420","1940-07-23","Zeitung","Archiv der Gegenwart, Bd. 10, 23.07.1940, S. 4636 [ff.]. Zit. n. CD-ROM-Ausgabe 2001.","Unterstaatssekretär Sumner Welles gab am 19. Juli ( ähnlich wie Churchill für England: 4624 B ) die Erklärung ab, daß die Vereinigten Staaten bereit seien, wenn die Notwendigkeit dazu eintreten sollte, mit China in Verhandlungen über die Aufgabe der den USA. von China eingeräumten Sonderrechte zu treten. ( L. B. Außenpolitik: Vereinigte Staaten 4635 D, China 4624 B; Ostasien, Allgemeines 4024 B. )"
"421","1934-09-17","Zeitung","Archiv der Gegenwart, Bd. 4, 17.09.1934, S. 1625 [ff.]. Zit. n. CD-ROM-Ausgabe 2001.","Vatikan ( 634 A ), Vereinigte Staaten, Jemen."
"422","1944-04-09","Zeitung","Archiv der Gegenwart, Bd. 14, 09.04.1944, S. 6334 [ff.]. Zit. n. CD-ROM-Ausgabe 2001.","Während der Handelsverkehr mit England wegen dessen Lieferunfähigkeit stark zurückgegangen ist, hat sich der Handel Südafrikas mit den Vereinigten Staaten zwischen den Jahren 1939 und 1941 verdreifacht."
"423","1934-12-31","Wissenschaft","Heller, Hermann: Staatslehre, Leiden: Sijthoff 1934, S. 244","Das gilt aber für den Staat wie für jede andere Organisation."
"424","1945-11-20","Gebrauchsliteratur","o. A.: Erster Tag. Dienstag, 20. November 1945. In: Der Nürnberger Prozeß, Berlin: Directmedia Publ. 1999 [1945], S. 1210","AnklagebehördeVereinigte Staaten von Amerika"
"425","1935-11-27","Zeitung","Archiv der Gegenwart, Bd. 5, 27.11.1935","Die berufsständische Gruppierung müsse mit dem berufsständischen Aufbau des Staates Schritt halten und sei daher noch unvollkommen."
"426","1937-10-20","Zeitung","Archiv der Gegenwart, Bd. 7, 20.10.1937, S. 3266 [ff.]. Zit. n. CD-ROM-Ausgabe 2001.","Es sei selbstverständlich, daß solche Besprechungen nicht ohne Schwierigkeiten vor sich gingen, zumal Ungarn mit der Kleinen Entente nicht wie mit einem kollektiven Faktor verhandeln könne, sondern separat Besprechungen mit den drei Staaten der Kleinen Entente zu pflegen habe, und es für diese nicht immer leicht sei, ihre Auffassungen gerade in der Minderheitenfrage auf einen gemeinsamen Nenner zu bringen."
"427","1942-01-03","Zeitung","Archiv der Gegenwart, Bd. 12, 03.01.1942, S. 5340 [ff.]. Zit. n. CD-ROM-Ausgabe 2001.",""" Die unterzeichnenden Regierungen verpflichten sich mit dieser Erklärung auf ein gemeinsames Programm mit Zielen und Grundsätzen, wie sie in der Proklamation des Präsidenten der Vereinigten Staaten und des britischen Premierministers vom 14. August enthalten und unter der Bezeichnung,Atlantik-Charta ' ( 5156 A ) bekannt sind."
"428","1935-08-21","Zeitung","Archiv der Gegenwart, Bd. 5, 21.08.1935, S. 2189 [ff.]. Zit. n. CD-ROM-Ausgabe 2001.","Zwischen den Vereinigten Staaten und Panama wurde das Abkommen über die Wiederherstellung der vollen Souveränität Panamas ( 1815 A ) paraphiert."
"429","1937-11-27","Zeitung","Archiv der Gegenwart, Bd. 7, 27.11.1937, S. 3315 [ff.]. Zit. n. CD-ROM-Ausgabe 2001.","So wie aber das Deutsche Reich das späte Ergebnis eines wechselvollen Ringens verschiedener deutscher Stämme und Staaten nach einer staatlichpolitischen Einheit sei, so fehle dieser nunmehr erreichten Staatsgründung die machtpolitische Zentrale."
"430","1936-03-02","Zeitung","Archiv der Gegenwart, Bd. 6, 02.03.1936, S. 2448 [ff.]. Zit. n. CD-ROM-Ausgabe 2001.","-- In dem Syndikat werden von 20 Direktionsstellen 12 den Vertretern des Staates vorbehalten sein, der Rest entfällt auf die Vertreter der Geldinstitute. ( L. B. Schuldenregelung 2257 C, Finanzen 2404 E. )"
"431","1939-12-11","Zeitung","Archiv der Gegenwart, Bd. 9, 11.12.1939","-- Unterstaatssekretär des Äußeren, Summer-Wels, erklärte Pressevertretern gegenüber, daß die Regierung der Vereinigten Staaten bereit sei, an einem gemeinsamen Protest der 21 amerikanischen Staaten wegen des russischen Vorgehens gegenüber Finnland teilzunehmen."
"432","1941-08-28","Zeitung","Archiv der Gegenwart, Bd. 11, 28.08.1941","Die Regelung der Schiffahrtsfragen und die bestehenden Probleme rechtfertigen nicht, daß es zu kriegerischen Handlungen zwischen den beiden Staaten kommt."
"433","1937-11-19","Zeitung","Archiv der Gegenwart, Bd. 7, 19.11.1937, S. 3302 [ff.]. Zit. n. CD-ROM-Ausgabe 2001.","Die Vereinigung der Presse der baltischen Staaten beschloß in Riga, in allen Fragen, welche die gegenseitigen Beziehungen der baltischen Staaten berühren, alles zu vermeiden, was die Beziehungen stören könnte und alles zu tun, was zur Beseitigung von Mißverständnissen beitragen könnte. ( L. B. 3237 A. )"
"434","1941-12-11","Zeitung","Archiv der Gegenwart, Bd. 11, 11.12.1941","Die Herren, die in den sozial rückständigsten Staaten leben, hatten, statt für Kriege zu hetzen, sich um ihre Erwerbslosen kümmern sollen."
"435","1940-09-01","Zeitung","Archiv der Gegenwart, Bd. 10, 01.09.1940, S. 4678 [ff.]. Zit. n. CD-ROM-Ausgabe 2001.","Deutschland hat ein Interesse daran, daß diese Probleme, vor allem das der landwirtschaftlichen Überbevölkerung, gelöst wird, damit eine sozial ausgeglichene innere Lage eine ruhige innerpolitische Entwicklung und Festigung garantiert und die Produktionsfähigkeit dieser Staaten verbürgt wird."
"436","1934-12-31","Wissenschaft","Heller, Hermann: Staatslehre, Leiden: Sijthoff 1934, S. 204","Man spricht von einer Kirchen-, Militär-, Wirtschafts-, Vereins- und sonstigen Politik und denkt dabei nicht nur an den Staat und andre politische Einrichtungen, sondern auch an Private als Träger dieser Politik."
"437","1934-02-17","Zeitung","Archiv der Gegenwart, Bd. 4, 17.02.1934, S. 1286 [ff.]. Zit. n. CD-ROM-Ausgabe 2001.","Die Auslegung des Memelstatuts und seiner Autonomiebestimmungen wird den litauischen Behörden, bezw. Gerichten übertragen; Gefängnis droht ferner für jeden Bürger, der sich mit ausländischen Organisationen in Verbindung setzt, deren Tätigkeit oder Ziele mit den Interessen des Staates oder Volkes nicht in Einklang stehen, ferner, wer seine wirtschaftliche Stellung zur politischen Beeinflussung Dritter benutzt."
"438","1943-03-26","Zeitung","Archiv der Gegenwart, Bd. 13, 26.03.1943",""" Mein Land und unser Volk erwarten, daß alle unsere Verbündeten, insbesondere Großbritannien und die Vereinigten Staaten, in nächster Zeit die höchsten Anstrengungen machen, um diesen schrecklichen Krieg in der kürzest möglichen Zeit zu beenden."
"439","1939-11-01","Zeitung","Archiv der Gegenwart, Bd. 9, 01.11.1939, S. 4299 [ff.]. Zit. n. CD-ROM-Ausgabe 2001.","Der Pakt könne keinesfalls die guten Beziehungen der Türkei zu andern Staaten stören."
"440","1938-12-31","Gebrauchsliteratur","Harmjanz, Heinrich: Ostpreußische Bauern, Königsberg: Reichsnährstand Verl. Ges. 1939 [1938], S. 139","Damit ist Ostpreußen endlich seitens des Staates in nationalpolitischer Hinsicht gesichert; kein Land kann mehr an Volksfremde übergehen, ein starker Wall deutscher, ihrer sich selbst bewußter Bauern entsteht langsam und sicher an Deutschlands Ostgrenze."
"441","1939-03-28","Zeitung","Archiv der Gegenwart, Bd. 9, 28.03.1939, S. 4001 [ff.]. Zit. n. CD-ROM-Ausgabe 2001.","-- Gleichzeitig fanden auch Verhandlungen über den Zahlungsverkehr zwischen den beiden Staaten statt, die mit einer Einigung über die Aufrechterhaltung der wichtigsten Bestimmungen des alten Zahlungsabkommens endeten. ( L. B. Frankreich, Außenhandelspolitik 3974 C, Clearinggverträge 3954 C, Polen, Außenhandelspolitik 3994 D Clearinggverträge 3974 D. )"
"442","1941-12-08","Zeitung","Archiv der Gegenwart, Bd. 11, 08.12.1941, S. 5301 [ff.]. Zit. n. CD-ROM-Ausgabe 2001.","Nach siegreicher Beendigung des Krieges wird es Sache der alliierten Staaten sein, einen gerechten und dauernden Frieden zu schaffen, der nur durch eine zwischenstaatliche Organisation die auf dem Zusammenschluß aller demokratischen Staaten beruht, garantiert werden kann."
"443","1935-09-10","Zeitung","Archiv der Gegenwart, Bd. 5, 10.09.1935","[...] ), Japan 1. 008,6 ( 953,1 ), Jugoslawien 99,5 ( 131,7 ), Norwegen 185,7 ( 151,6 ), Österreich 112,4 ( 112,0 ), Polen 240,4 ( 230,8 ), Portugal 168,7 ( 165,8 ), Rumänien 265,2 ( 253,5 ), Rußland 1. 854,0 ( 1. 775,8 ), Schweden 400,3 ( 416,3 ), Schweiz 1. 014,1 ( 1. 371,6 ), Spanien 1. 838,3 ( 1. 833,4 ), Südafrika 546,2 ( 401,3 ), Tschechoslowakei 278,9 ( 276,0 ), Uruguay 203,6 ( 206,0 ), Venezuela 115,0 ( 83,9 ), Vereinigte Staaten 22. 601,1 ( 19. 478,1 ), Europa ohne Rußland 24. 945,2 ( 27. 445,8 ), Übersee ohne USA. und Rußland 4. 981,5 ( 4.836 1 ) [...]"
"444","1934-12-31","Wissenschaft","Heller, Hermann: Staatslehre, Leiden: Sijthoff 1934, S. 130","Die organisatorische Entwicklung zum modernen Staat ist gekennzeichnet durch die Überführung der sachlichen Herrschafts- und Verwaltungsmittel aus Privatbesitz in öffentliches Eigentum, durch Enteignung der als subjekte Rechte geübten Herrschaftsgewalt zugunsten des absoluten Fürsten und sodann des Staates ( vgl."
"445","1940-04-02","Zeitung","Archiv der Gegenwart, Bd. 10, 02.04.1940, S. 4475 [ff.]. Zit. n. CD-ROM-Ausgabe 2001.","Auf meine Frage, ob die Vereinigten Staaten an einem solchen Kriege teilnehmen wurden, antwortete er:"
"446","1945-12-06","Zeitung","Archiv der Gegenwart, Bd. 15, 06.12.1945","Diese Beschränkung hat, wie The World Today ausführt, dem diese Ausführungen entnommen sind, Nachteile für jene Staaten zur Folge, die all ihre Ansprüche nicht innerhalb des Sterlinggebietes befriedigen können, und Vorwürfe jener Staaten, die dadurch -- wie die Vereinigten Staaten - vom Zahlungsverkehr ausgeschlossen werden."
"447","1942-04-13","Zeitung","Archiv der Gegenwart, Bd. 12, 13.04.1942, S. 5459 [ff.]. Zit. n. CD-ROM-Ausgabe 2001.","Cripps versicherte, England werde mit der Hilfe der Vereinigten Staaten alles tun, um Indien zu verteidigen."
"448","1934-10-16","Zeitung","Archiv der Gegenwart, Bd. 4, 16.10.1934, S. 1671 [ff.]. Zit. n. CD-ROM-Ausgabe 2001.","Alles hänge davon ab, daß die Massen der Arbeiter für die Idee des neuen Staates gewonnen werden."
"449","1941-02-06","Zeitung","Archiv der Gegenwart, Bd. 11, 06.02.1941, S. 4884 [ff.]. Zit. n. CD-ROM-Ausgabe 2001.","Damit geht ein vierzigjähriger Streit zwischen Kirche und Staat in Frankreich zu Ende."
"450","1935-01-25","Zeitung","Archiv der Gegenwart, Bd. 5, 25.01.1935","Der französische Staat erstand bei einer Auktion über 300 zum größten Teil unveröffentlichte Briefe Napoleons 1. -"
"451","1937-10-01","Zeitung","Archiv der Gegenwart, Bd. 7, 01.10.1937, S. 3237 [ff.]. Zit. n. CD-ROM-Ausgabe 2001.","Die französische Regierung verfügte, daß die nach Frankreich geflüchteten Spanier, für deren Unterhalt der französische Staat aufkommen muß, sich innerhalb kürzester Frist nach Spanien zurückzubegeben haben, wobei ihnen die Wahl der Grenze für ihre Rückkehr freigestellt bleibt."
"452","1941-08-20","Zeitung","Archiv der Gegenwart, Bd. 11, 20.08.1941, S. 5160 [ff.]. Zit. n. CD-ROM-Ausgabe 2001.","Die bolivianische Regierung gab am 9. August bekannt, daß sie einen Wirtschaftsplan der Vereinigten Staaten angenommen habe, der sich zum Teil auch auf politische Zusammenarbeit, namentlich in militärischen Fragen erstreckt."
"453","1940-03-19","Zeitung","Archiv der Gegenwart, Bd. 10, 19.03.1940","Wieder einmal mußten wir sehen, wie ein kleiner Staat das Opfer der Angriffspolitik geworden ist, gegen die wir zu den Waffen gegriffen haben."
"454","1937-12-31","Wissenschaft","Jahresberichte für deutsche Geschichte, 1937, S. 410","Dadurch, daß der Staat andererseits den natürlichen organischen Wachstumsprozeß des Volkes zu gewährleisten die Aufgabe hat, findet eine wechselseitige Kräftespendung von Volk und Staat statt. -- Fichtes Macchiavelli- Aufsatz im ersten Heft der » Vesta « ( 1807 ) rückt Freyer < 2485 > in den Zusammenhang von Fichtes Denken und Wirken ein."
"455","1945-12-04","Gebrauchsliteratur","o. A.: Zwölfter Tag. Dienstag, 4. Dezember 1945. In: Der Nürnberger Prozeß, Berlin: Directmedia Publ. 1999 [1945], S. 2398","Obgleich es bisher herkömmlich gewesen ist, Staaten und nicht Einzelpersonen zu bestrafen, so ist es doch logisch und richtig, daß, wenn das Führen eines Krieges selbst eine Verletzung des Völkerrechts bildet, jene Individuen, die an der Entfesselung solcher Kriege mitverantwortlich gewesen sind, auch persönlich für die von ihnen veranlaßte Handlungsweise ihrer Staaten zur Verantwortung zu ziehen sind."
"456","1941-04-07","Zeitung","Archiv der Gegenwart, Bd. 11, 07.04.1941, S. 4965 [ff.]. Zit. n. CD-ROM-Ausgabe 2001.","Die Interessen des Staates und des Volkes gebieten daß jedermann sein Heim habe und -- wenn dies notwendig sein sollte, bzw. wenn es das Schicksal fordern würde -- auf der Schwelle seines Heimes für das Wohl des Vaterlandes, des Königs und des Volkes sein Leben opfere."
"457","1937-12-20","Zeitung","Archiv der Gegenwart, Bd. 7, 20.12.1937","Dem Staatsstreich Vargas in Brasilien wurde besonders in den Vereinigten Staaten deshalb außergewöhnliche Bedeutung beigemessen, da man ein Übergreifen der ideologischen Gegensätze in Europa auf den amerikanischen Kontinent hierdurch für möglich hielt ( 3293 C, 3296 F, 3324 A )."
"458","1934-03-17","Zeitung","Archiv der Gegenwart, Bd. 4, 17.03.1934, S. 1336 [ff.]. Zit. n. CD-ROM-Ausgabe 2001.","[...] In dem Bestreben, die Erhaltung des Friedens und den wirtschaftlichen Wiederaufbau Europas auf der Grundlage der Achtung der Selbständigkeit und der Rechte jedes einzelnen Staates zu fördern und in der Überzeugung daß die Zusammenarbeit der drei Regierungen in diesem Sinne die Vorbedingungen einer weiteren Kooperation mit anderen Staaten zu schaffen vermag, verpflichten sich die drei Regierungschefs zwecks Erreichung der in der Preambel angegebenen Ziele über jene Fragen, welche sie im besonderen angehen, sowie über die Fragen allgemeinen Charakters zu dem Zweck das Einvernehmen zu pflegen, um im Sinne der bestehenden Freundschaftsverträge zwischen Italien und Österreich, Italien und Ungarn, Österreich und Ungarn ihre auf die Förderung einer wirklichen Zusammenarbeit zwischen den Staaten Europas und insbesondere zwischen Italien, Österreich und Ungarn gerichtete Politik aufeinander abzustimmen. [...]"
"459","1940-04-02","Zeitung","Archiv der Gegenwart, Bd. 10, 02.04.1940, S. 4479 [ff.]. Zit. n. CD-ROM-Ausgabe 2001.","Die chinesische Regierung ist überzeugt, daß alle Staaten die etwas auf sich halten, in ihren internationalen Beziehungen das Recht und die Gerechtigkeit unterstützen und die von Japan in China geschaffene Scheinregierung weder de jure noch de facto anerkennen werden."
"460","1941-10-04","Zeitung","Archiv der Gegenwart, Bd. 11, 04.10.1941, S. 5219 [ff.]. Zit. n. CD-ROM-Ausgabe 2001.","( L. B. Vereinigte Staaten 5218 A; Frankreich: Außenpolitik 5207 B, Kolonien 5208 D. )"
"461","1935-03-21","Zeitung","Archiv der Gegenwart, Bd. 5, 21.03.1935","-- Der Autobestand betrug in den Vereinigten Staaten Ende 1934 24,952.000 gegenüber 23,720.000 Ende 1933 und 26,545.000 Ende 1930."
"462","1933-12-23","Zeitung","Pariser Tageblatt, 23.12.1933","Deutschland will also seine Ausfuhr künstlich durch Dumping mittels der Scrips fördern, will aber andererseits von den Staaten, die es mit billigen Ausfuhrofferten bedrängt, nicht entsprechend mehr an Waren abnehmen."
"463","1941-04-08","Zeitung","Archiv der Gegenwart, Bd. 11, 08.04.1941, S. 4967 [ff.]. Zit. n. CD-ROM-Ausgabe 2001.","Regierung und Bevölkerung der Vereinigten Staaten beobachten mit Bewunderung die mutige Selbstverteidigung des jugoslawischen Volkes, das wieder einmal ein glänzendes Beispiel für seine traditionelle Bravour abgibt."
"464","1945-03-06","Zeitung","Archiv der Gegenwart, Bd. 15, 06.03.1945","Die Provisorische Regierung der Französischen Republik habe sich glücklich geschätzt, gemeinsam mit den Regierungen der Vereinigten Staaten, Großbritanniens, der Sowjetunion und Chinas sich unter den einladenden Mächten zur Teilnahme an der Konferenz von San Franzisco zu befinden."
"465","1940-02-29","Zeitung","Wiener Zeitung, 29.02.1940","In allen Schicksalsstunden des Reiches erfüllte die "" Wiener Zeitung "" was am 3. August 1703, das das erste "" Blättl "" die Offizin des Johann Baptist Schönwetter in der Rauhensteingasse verließ, ihr als Sinn dieser Stunde auf den Lebensweg mitgegeben wurde: ein Instrument des Staates zu sein, eng verbunden mit den Geschicken des Staates."
"466","1933-12-31","Belletristik","Werfel, Franz: Die Vierzig Tage des Musa Dagh I, Stockholm: Bermann - Fischer 1947 [1933], S. 147","« Während sich ein Staat im Kriege befindet, sind alle seine Gouvernements Kriegsgebiet, mehr oder weniger."
"467","1945-11-06","Zeitung","Süddeutsche Zeitung, 1995 [1945]","10 bis 12 Millionen Tonnen Lebensmittel müssen in die befreiten Länder Europas - das sind jene Staaten, die während des Krieges von deutschen Truppen besetzt waren -, eingeführt werden, wenn im kommenden Jahr 100 Millionen Menschen, die in diesen Gebieten leben, vor Hungersnot und Unterernährung geschützt werden sollen."
"468","1933-09-03","Zeitung","Archiv der Gegenwart, Bd. 3, 03.09.1933, S. 1014 [ff.]. Zit. n. CD-ROM-Ausgabe 2001.","Maßgebend sei, daß jener Rassekern im deutschen Volke, dem der deutsche Staat seine Existenz verdanke und durch den das deutsche Volk seine jetzige Gestaltung erhalten habe, die politische Führung inne habe."
"469","1944-10-04","Zeitung","Archiv der Gegenwart, Bd. 14, 04.10.1944, S. 6546 [ff.]. Zit. n. CD-ROM-Ausgabe 2001.","Nach einer Meldung der Agentur Reuter vom 1. Oktober trat Donald Nelson von seinem Posten als Leiter des Kriegsproduktionsamtes der Vereinigten Staaten ( 5357 C ) zurück."
"470","1945-06-27","Zeitung","Archiv der Gegenwart, Bd. 15, 27.06.1945","Es ist vielmehr die Pflicht dieser mächtigen Staaten, die verantwortliche Führung auf dem Wege zum Weltfrieden zu übernehmen."
"471","1944-05-12","Zeitung","Archiv der Gegenwart, Bd. 14, 12.05.1944, S. 6373 [ff.]. Zit. n. CD-ROM-Ausgabe 2001.","Heute, wo er seinen eigenen, unabhängigen Staat wieder aufgerichtet hat, ist er besonders fest entschlossen, mit dem Großdeutschen Reich, dessen verständnisvoller Mithilfe er die Wiederaufrichtung seines Staates in erster Linie verdankt, gemeinsam auch die größten Opfer zu ertragen, um dadurch seine Zukunft zu sichern."
"472","1938-06-04","Zeitung","Archiv der Gegenwart, Bd. 8, 04.06.1938","Wir fordern die Regierung des tschechoslowakischen Staates auf, eine gerechte Politik jeder Nationalität und der ganzen Einwohnerschaft gegenüber und eines freundschaftlichen Verhältnisses zu allen Nachbarstaaten zu betreiben."
"473","1936-01-31","Zeitung","Archiv der Gegenwart, Bd. 6, 31.01.1936, S. 2406 [ff.]. Zit. n. CD-ROM-Ausgabe 2001.","Für die Minderheiten im Staate könne es keinen anderen Weg als den demokratischen geben."
"474","1933-11-01","Zeitung","Archiv der Gegenwart, Bd. 3, 01.11.1933, S. 1114 [ff.]. Zit. n. CD-ROM-Ausgabe 2001.","Mit Erlaß des Finanzministers vom 31. Oktober 1933 wurden die Zoll-ämter ermächtigt, zur Sicherung der Zollgebühren an Stelle von Bargeld auch Staatspapiere und vom Staate garantierte andere Wertpapiere zu dem vom Finanzministerium jeweilig festgesetzten Kurse anzunehmen. ( L. B. 1022 H. )"
"475","1933-03-28","Zeitung","Archiv der Gegenwart, Bd. 3, 28.03.1933, S. 763 [ff.]. Zit. n. CD-ROM-Ausgabe 2001.","Japan hoffe, daß durch seinen Austritt die Frage der Anerkennung der Mandschurei durch die übrigen Staaten erleichtert werde ( L. B. Konflikt 752 C, Völkerbund 743 J. )"
"476","1941-09-01","Zeitung","Archiv der Gegenwart, Bd. 11, 01.09.1941, S. 5173 [ff.]. Zit. n. CD-ROM-Ausgabe 2001.","Das ist der größte Abgrund, in den die ehrwürdigsten Staaten und Rassen Europas geschleudert werden und aus dem sie ohne Hilfe niemals herausklettern können."
"477","1945-11-30","Zeitung","Archiv der Gegenwart, Bd. 15, 30.11.1945, S. 546 [ff.]. Zit. n. CD-ROM-Ausgabe 2001.","Die Regierung messe auch einer Festigung der Beziehungen zu den Vereinigten Staaten und England eine große Bedeutung bei und ebenso einer Zusammenarbeit mit den benachbarten Staaten."
"478","1936-05-28","Zeitung","Archiv der Gegenwart, Bd. 6, 28.05.1936","Die beiden Staaten seien ebenso wie Belgien ( siehe 2450 B und 2530 B ) und die baltischen Staaten ( siehe 2518 A ) Anhänger einer reservierten Außenpolitik."
"479","1939-02-09","Zeitung","Archiv der Gegenwart, Bd. 9, 09.02.1939, S. 3935 [ff.]. Zit. n. CD-ROM-Ausgabe 2001.","Präsident Roberto Ortitz betonte in einem Interview, daß für Argentinien keine Gefahr einer mittelbaren oder unmittelbaren Invasion oder auch nur Durchdringung mit den Lehren der autoritären Staaten Europas bestünde."
"480","1944-10-06","Zeitung","Archiv der Gegenwart, Bd. 14, 06.10.1944, S. 6548 [ff.]. Zit. n. CD-ROM-Ausgabe 2001.","Ein Senator in den Vereinigten Staaten habe vor einiger Zeit die Feststellung getroffen, die amerikanische Öffentlichkeit würde erschreckt sein zu hören, daß die Vereinigten Staaten 80 % der Invasionskräfte zu stellen hätten."
"481","1933-02-18","Zeitung","Archiv der Gegenwart, Bd. 3, 18.02.1933, S. 705 [ff.]. Zit. n. CD-ROM-Ausgabe 2001.","Dieses Übereinkommen sollte bei Ratifizierung durch mindestens fünf Staaten am 90. Tage nach Hinterlegung der Ratifizierungsurkunde durch den fünften Staat für diese fünf Staaten und für die einzelnen, später ratifizierenden Staaten analog jeweils am 90. Tage nach der Hinterlegung in Kraft treten."
"482","1937-10-30","Zeitung","Archiv der Gegenwart, Bd. 7, 30.10.1937, S. 3274 [ff.]. Zit. n. CD-ROM-Ausgabe 2001.","Ein wirksamer organisatorischer Zusammenschluß von Staaten könne nur zur Erreichung von Zielen erfolgen, an welchen alle diese Staaten das gleiche Interesse haben."
"483","1942-07-06","Zeitung","Archiv der Gegenwart, Bd. 12, 06.07.1942, S. 5555 [ff.]. Zit. n. CD-ROM-Ausgabe 2001.","Die Vereinigten Staaten bauten dieses Jahr einen viermal größeren Schiffsraum als England und im Jahre 1943 würden sie das Achtbis Zehnfache der von England hergestellten Schiffstonnage erreichen."
"484","1939-10-03","Zeitung","Archiv der Gegenwart, Bd. 9, 03.10.1939, S. 4259 [ff.]. Zit. n. CD-ROM-Ausgabe 2001.","2. Die deutsche und sowjetrussische Regierung geben bekannt, daß ihr Abkommen die durch den Zerfall des polnischen Staates aufgerollte Frage endgültig regle und eine solide Grundlage für einen dauerhalten Frieden in Osteuropa schaffe."
"485","1945-02-01","Zeitung","Archiv der Gegenwart, Bd. 15, 01.02.1945, S. 72 [ff.]. Zit. n. CD-ROM-Ausgabe 2001.","Nach einem Korrespondentenbericht der NZZ trat der im August 1944 von den Vereinigten Staaten und Großbritannien gegründete Gummistudienausschuß in der letzten Januarwoche in Washington erstmals zu einer Vollversammlung zusammen."
"486","1939-10-24","Zeitung","Archiv der Gegenwart, Bd. 9, 24.10.1939, S. 4287 [ff.]. Zit. n. CD-ROM-Ausgabe 2001.","Es bedarf schon einer geradezu krankhaften Phantasie, um überhaupt zwischen den Vereinigten Staaten von Amerika und Deutschland irgendeinen Streitpunkt oder eine Frage zu konstruieren die jemals zu einem Gegensatz zwischen diesen beiden Völkern führen konnte."
"487","1940-03-17","Zeitung","Völkischer Beobachter (Berliner Ausgabe), 17.03.1940","Andererseits stiegen aber die Guthaben der Kunden von Jahr zu Jahr und ermöglichten es so den Banken, den Staat bei der Durchführung seiner finanziellen Aufgaben in wachsendem Maße zu unterstützen."
"488","1941-09-01","Zeitung","Archiv der Gegenwart, Bd. 11, 01.09.1941, S. 5173 [ff.]. Zit. n. CD-ROM-Ausgabe 2001.","Wenn Hitler den Vereinigten Staaten noch nicht den Krieg erklärt hat, dann sicherlich nicht aus seiner Liebe für die amerikanischen Einrichtungen heraus."
"489","1942-01-03","Zeitung","Archiv der Gegenwart, Bd. 12, 03.01.1942, S. 5340 [ff.]. Zit. n. CD-ROM-Ausgabe 2001.","Unterzeichnet haben Großbritannien, die Vereinigten Staaten, die Sowjetunion, China, Australien, Belgien, Canada, Costa Rica, Kuba, die Dominikanische Republik, die Tschechoslowakische Republik, Salvador, Griechenland, Guatemala, Haiti, Honduras, Indien, Luxemburg, Holland, Neuseeland Nicaragua, Norwegen, Panama Polen, die Südafrikanische Union und Jugoslawien."
"490","1941-11-07","Zeitung","Archiv der Gegenwart, Bd. 11, 07.11.1941, S. 5256 [ff.]. Zit. n. CD-ROM-Ausgabe 2001.","6. soll die Einfrierung der japanischen und chinesischen Guthaben in den Vereinigten Staaten bedingungslos aufhören;"
"491","1943-03-16","Zeitung","Archiv der Gegenwart, Bd. 13, 16.03.1943","Vielleicht darf man Sie -- zur Steuer der Wahrheit -- bei dieser Gelegenheit daran erinnern, daß in Ihrem Staat, den Sie eine christliche Demokratie zu nehmen belieben, Staat und Kirche streng voneinander getrennt sind, ja, daß sogar die nordamerikanische Bundesverfassung in ihrem Zusatzartikel eines ausdrücklich untersagt, irgendein Gesetz zu erlassen bezüglich Errichtung einer Staatsreligion, während in dem so angeblich unchristlichen Nazideutschland die christlichen Kirchen jährlich rund 600 Mill."
"492","1934-12-11","Zeitung","Archiv der Gegenwart, Bd. 4, 11.12.1934","Wem das Soldatentum nichts bedeute, weil er es aus eigenem Erlebnis nicht kennt und weil er es nicht der Mühe wert fand, in der Notzeit dem Vaterland zur Verfügung zu stehen, obwohl er dazu imstande gewesen wäre, der habe den Anspruch verwirkt, mitgestaltend und mitverantwortend am Neubau des Staates mitzuarbeiten."
"493","1936-03-24","Zeitung","Archiv der Gegenwart, Bd. 6, 24.03.1936, S. 2481 [ff.]. Zit. n. CD-ROM-Ausgabe 2001.","Nach wie vor bestehe die Möglichkeit, daß jeder der drei Staaten mit einem außenstehenden Staat Verträge abschließe, ohne natürlich hiebei gegen die politischen und wirtschaftlichen Interessen eines seiner Vertragspartner zu verstoßen."
"494","1934-12-31","Wissenschaft","Heller, Hermann: Staatslehre, Leiden: Sijthoff 1934, S. 225","Voraussetzung für die Gewährleistung eines so hohen Grades von Rechtssicherheit ist die Souveränität des Staates."
"495","1934-10-30","Zeitung","Archiv der Gegenwart, Bd. 4, 30.10.1934","Im gleichen Maße habe aber die österreichische Regierung auch darauf Wert zu legen daß das Asylrecht eines freien, unabhängigen Staates für die Aufnahme ehrenhafter Ausländer nicht angetastet werden könne."
"496","1943-05-03","Zeitung","Archiv der Gegenwart, Bd. 13, 03.05.1943, S. 5923 [ff.]. Zit. n. CD-ROM-Ausgabe 2001.","Damit rollte die erste antibolschewistische Kundgebung der europäischen Arbeiterschaft ab. Außer 6000 Gefolgschaftsmitgliedern des Werkes waren über 1000 Vertreter von 19 Staaten anwesend, um die Kampfparole gegen den bolschewistischen Weltfeind entgegenzunehmen."
"497","1935-02-18","Zeitung","Archiv der Gegenwart, Bd. 5, 18.02.1935","Schweden 82() Belgien 555, Deutschland 535, Frankreich 375, Österreich 370, England 355, Italien 235, Japan 180, Holland 180, Spanien 132, Tschechoslowakei 111, Dänemark 86, Ungarn 85 kWh. ( L B. Japan 1460 D, Österreich 1217 C, Schweden 960 B, Spanien 877 H, Tschechoslowakei 1735 H. Ungarn 1871 A, Ver. Staaten 1857 J Übersicht und alle übrigen Staaten 1566 C. )"
"498","1937-09-17","Zeitung","Archiv der Gegenwart, Bd. 7, 17.09.1937, S. 3216 [ff.]. Zit. n. CD-ROM-Ausgabe 2001.","Der Bund müsse seine politische Betätigung intensiver gestalten, sonst werde es dazu kommen, daß alle Staaten die Lösung ihrer Probleme außerhalb seines Rahmens erstreben, was zum völligen Zerfall des Völkerbundes führen werde."
"499","1939-07-16","Zeitung","Archiv der Gegenwart, Bd. 9, 16.07.1939","Statt die Meinungen der Massen zu zerteilen und damit jede geschlossene Ansicht und Haltung anzuschließen, wurde dem nationalsozialistischen Staat auch die Presse, und darüber hinaus die ganze Publizistik, ein Hilfsmittel der Volksführung, um nicht nur auf politischem, sondern auch auf kulturellem Gebiet die einheitliche Ausrichtung zu ermöglichen."
"500","1934-04-10","Zeitung","Archiv der Gegenwart, Bd. 4, 10.04.1934, S. 1371 [ff.]. Zit. n. CD-ROM-Ausgabe 2001.","1204 1478 1518 1507 Canada 1198 1643 1584 1815 Japan 1604 1643 1545 1618 Holländisch-Indien 54 671 832 982 Vereinigte Staaten."
